correlation,k1,k2,top_X_percent,probability
-0.1,50,3,0.01,0.001
-0.1,50,3,0.02,0.0074
-0.1,50,3,0.03,0.0288
-0.1,50,3,0.04,0.0709
-0.1,50,3,0.05,0.1243
-0.1,50,3,0.060000000000000005,0.2012
-0.1,50,3,0.06999999999999999,0.2891
-0.1,50,3,0.08,0.38
-0.1,50,3,0.09,0.4687
-0.1,50,3,0.09999999999999999,0.5535
-0.1,50,3,0.11,0.6398
-0.1,50,3,0.12,0.7098
-0.1,50,3,0.13,0.7715
-0.1,50,3,0.14,0.8288
-0.1,50,4,0.01,0.0
-0.1,50,4,0.02,0.0005
-0.1,50,4,0.03,0.0045
-0.1,50,4,0.04,0.0156
-0.1,50,4,0.05,0.0337
-0.1,50,4,0.060000000000000005,0.0681
-0.1,50,4,0.06999999999999999,0.1153
-0.1,50,4,0.08,0.175
-0.1,50,4,0.09,0.2462
-0.1,50,4,0.09999999999999999,0.3212
-0.1,50,4,0.11,0.4115
-0.1,50,4,0.12,0.4896
-0.1,50,4,0.13,0.5711
-0.1,50,4,0.14,0.6528
-0.1,50,5,0.01,0.0
-0.1,50,5,0.02,0.0
-0.1,50,5,0.03,0.0004
-0.1,50,5,0.04,0.0021
-0.1,50,5,0.05,0.008
-0.1,50,5,0.060000000000000005,0.0203
-0.1,50,5,0.06999999999999999,0.04
-0.1,50,5,0.08,0.0675
-0.1,50,5,0.09,0.108
-0.1,50,5,0.09999999999999999,0.1562
-0.1,50,5,0.11,0.2189
-0.1,50,5,0.12,0.2894
-0.1,50,5,0.13,0.3723
-0.1,50,5,0.14,0.4529
-0.1,50,6,0.01,0.0
-0.1,50,6,0.02,0.0
-0.1,50,6,0.03,0.0
-0.1,50,6,0.04,0.0002
-0.1,50,6,0.05,0.0013
-0.1,50,6,0.060000000000000005,0.0043
-0.1,50,6,0.06999999999999999,0.0099
-0.1,50,6,0.08,0.0212
-0.1,50,6,0.09,0.041
-0.1,50,6,0.09999999999999999,0.0668
-0.1,50,6,0.11,0.1032
-0.1,50,6,0.12,0.1472
-0.1,50,6,0.13,0.2064
-0.1,50,6,0.14,0.2766
-0.1,50,7,0.01,0.0
-0.1,50,7,0.02,0.0
-0.1,50,7,0.03,0.0
-0.1,50,7,0.04,0.0
-0.1,50,7,0.05,0.0003
-0.1,50,7,0.060000000000000005,0.0008
-0.1,50,7,0.06999999999999999,0.002
-0.1,50,7,0.08,0.0051
-0.1,50,7,0.09,0.013
-0.1,50,7,0.09999999999999999,0.0233
-0.1,50,7,0.11,0.0403
-0.1,50,7,0.12,0.0643
-0.1,50,7,0.13,0.1035
-0.1,50,7,0.14,0.149
-0.1,50,8,0.01,0.0
-0.1,50,8,0.02,0.0
-0.1,50,8,0.03,0.0
-0.1,50,8,0.04,0.0
-0.1,50,8,0.05,0.0
-0.1,50,8,0.060000000000000005,0.0004
-0.1,50,8,0.06999999999999999,0.0004
-0.1,50,8,0.08,0.0012
-0.1,50,8,0.09,0.0035
-0.1,50,8,0.09999999999999999,0.0068
-0.1,50,8,0.11,0.0142
-0.1,50,8,0.12,0.0249
-0.1,50,8,0.13,0.042
-0.1,50,8,0.14,0.0677
-0.1,100,3,0.01,0.0056
-0.1,100,3,0.02,0.0564
-0.1,100,3,0.03,0.1707
-0.1,100,3,0.04,0.3314
-0.1,100,3,0.05,0.4904
-0.1,100,3,0.060000000000000005,0.6478
-0.1,100,3,0.06999999999999999,0.7679
-0.1,100,3,0.08,0.8494
-0.1,100,3,0.09,0.9054
-0.1,100,3,0.09999999999999999,0.9467
-0.1,100,3,0.11,0.9699
-0.1,100,3,0.12,0.9819
-0.1,100,3,0.13,0.9911
-0.1,100,3,0.14,0.9968
-0.1,100,4,0.01,0.0006
-0.1,100,4,0.02,0.0102
-0.1,100,4,0.03,0.0511
-0.1,100,4,0.04,0.1405
-0.1,100,4,0.05,0.2681
-0.1,100,4,0.060000000000000005,0.4174
-0.1,100,4,0.06999999999999999,0.5659
-0.1,100,4,0.08,0.6879
-0.1,100,4,0.09,0.7927
-0.1,100,4,0.09999999999999999,0.8612
-0.1,100,4,0.11,0.9194
-0.1,100,4,0.12,0.9499
-0.1,100,4,0.13,0.9703
-0.1,100,4,0.14,0.9844
-0.1,100,5,0.01,0.0
-0.1,100,5,0.02,0.0016
-0.1,100,5,0.03,0.0134
-0.1,100,5,0.04,0.0493
-0.1,100,5,0.05,0.1203
-0.1,100,5,0.060000000000000005,0.2304
-0.1,100,5,0.06999999999999999,0.3658
-0.1,100,5,0.08,0.5006
-0.1,100,5,0.09,0.6308
-0.1,100,5,0.09999999999999999,0.7314
-0.1,100,5,0.11,0.8213
-0.1,100,5,0.12,0.885
-0.1,100,5,0.13,0.9291
-0.1,100,5,0.14,0.9599
-0.1,100,6,0.01,0.0
-0.1,100,6,0.02,0.0
-0.1,100,6,0.03,0.0026
-0.1,100,6,0.04,0.0155
-0.1,100,6,0.05,0.0452
-0.1,100,6,0.060000000000000005,0.1027
-0.1,100,6,0.06999999999999999,0.2041
-0.1,100,6,0.08,0.3152
-0.1,100,6,0.09,0.4501
-0.1,100,6,0.09999999999999999,0.5771
-0.1,100,6,0.11,0.6879
-0.1,100,6,0.12,0.7811
-0.1,100,6,0.13,0.8556
-0.1,100,6,0.14,0.9102
-0.1,100,7,0.01,0.0
-0.1,100,7,0.02,0.0
-0.1,100,7,0.03,0.0003
-0.1,100,7,0.04,0.0033
-0.1,100,7,0.05,0.0134
-0.1,100,7,0.060000000000000005,0.0436
-0.1,100,7,0.06999999999999999,0.0982
-0.1,100,7,0.08,0.1813
-0.1,100,7,0.09,0.2877
-0.1,100,7,0.09999999999999999,0.4022
-0.1,100,7,0.11,0.5387
-0.1,100,7,0.12,0.648
-0.1,100,7,0.13,0.7469
-0.1,100,7,0.14,0.8323
-0.1,100,8,0.01,0.0
-0.1,100,8,0.02,0.0
-0.1,100,8,0.03,0.0
-0.1,100,8,0.04,0.0005
-0.1,100,8,0.05,0.0039
-0.1,100,8,0.060000000000000005,0.0142
-0.1,100,8,0.06999999999999999,0.0391
-0.1,100,8,0.08,0.0863
-0.1,100,8,0.09,0.1597
-0.1,100,8,0.09999999999999999,0.2535
-0.1,100,8,0.11,0.3741
-0.1,100,8,0.12,0.4939
-0.1,100,8,0.13,0.6108
-0.1,100,8,0.14,0.7181
-0.1,150,3,0.01,0.0205
-0.1,150,3,0.02,0.1625
-0.1,150,3,0.03,0.3906
-0.1,150,3,0.04,0.6186
-0.1,150,3,0.05,0.7863
-0.1,150,3,0.060000000000000005,0.8943
-0.1,150,3,0.06999999999999999,0.9515
-0.1,150,3,0.08,0.9776
-0.1,150,3,0.09,0.9907
-0.1,150,3,0.09999999999999999,0.9954
-0.1,150,3,0.11,0.998
-0.1,150,3,0.12,0.9989
-0.1,150,3,0.13,0.9997
-0.1,150,3,0.14,0.9998
-0.1,150,4,0.01,0.0028
-0.1,150,4,0.02,0.0472
-0.1,150,4,0.03,0.1799
-0.1,150,4,0.04,0.3927
-0.1,150,4,0.05,0.5916
-0.1,150,4,0.060000000000000005,0.762
-0.1,150,4,0.06999999999999999,0.8725
-0.1,150,4,0.08,0.9352
-0.1,150,4,0.09,0.9707
-0.1,150,4,0.09999999999999999,0.9873
-0.1,150,4,0.11,0.9943
-0.1,150,4,0.12,0.9979
-0.1,150,4,0.13,0.9988
-0.1,150,4,0.14,0.9995
-0.1,150,5,0.01,0.0001
-0.1,150,5,0.02,0.0114
-0.1,150,5,0.03,0.0709
-0.1,150,5,0.04,0.2094
-0.1,150,5,0.05,0.3884
-0.1,150,5,0.060000000000000005,0.5871
-0.1,150,5,0.06999999999999999,0.7452
-0.1,150,5,0.08,0.8537
-0.1,150,5,0.09,0.9263
-0.1,150,5,0.09999999999999999,0.9644
-0.1,150,5,0.11,0.9833
-0.1,150,5,0.12,0.9919
-0.1,150,5,0.13,0.9971
-0.1,150,5,0.14,0.9989
-0.1,150,6,0.01,0.0
-0.1,150,6,0.02,0.0017
-0.1,150,6,0.03,0.0224
-0.1,150,6,0.04,0.0918
-0.1,150,6,0.05,0.2244
-0.1,150,6,0.060000000000000005,0.4059
-0.1,150,6,0.06999999999999999,0.5903
-0.1,150,6,0.08,0.7347
-0.1,150,6,0.09,0.8428
-0.1,150,6,0.09999999999999999,0.9152
-0.1,150,6,0.11,0.9586
-0.1,150,6,0.12,0.9807
-0.1,150,6,0.13,0.9907
-0.1,150,6,0.14,0.9964
-0.1,150,7,0.01,0.0
-0.1,150,7,0.02,0.0003
-0.1,150,7,0.03,0.0058
-0.1,150,7,0.04,0.0349
-0.1,150,7,0.05,0.109
-0.1,150,7,0.060000000000000005,0.247
-0.1,150,7,0.06999999999999999,0.4227
-0.1,150,7,0.08,0.5851
-0.1,150,7,0.09,0.7296
-0.1,150,7,0.09999999999999999,0.8369
-0.1,150,7,0.11,0.9106
-0.1,150,7,0.12,0.9534
-0.1,150,7,0.13,0.9783
-0.1,150,7,0.14,0.9908
-0.1,150,8,0.01,0.0
-0.1,150,8,0.02,0.0
-0.1,150,8,0.03,0.0009
-0.1,150,8,0.04,0.0107
-0.1,150,8,0.05,0.0467
-0.1,150,8,0.060000000000000005,0.1325
-0.1,150,8,0.06999999999999999,0.2722
-0.1,150,8,0.08,0.4322
-0.1,150,8,0.09,0.5985
-0.1,150,8,0.09999999999999999,0.7298
-0.1,150,8,0.11,0.8406
-0.1,150,8,0.12,0.9085
-0.1,150,8,0.13,0.9522
-0.1,150,8,0.14,0.9781
-0.1,200,3,0.01,0.0517
-0.1,200,3,0.02,0.3088
-0.1,200,3,0.03,0.605
-0.1,200,3,0.04,0.8218
-0.1,200,3,0.05,0.9268
-0.1,200,3,0.060000000000000005,0.9749
-0.1,200,3,0.06999999999999999,0.9942
-0.1,200,3,0.08,0.9978
-0.1,200,3,0.09,0.9991
-0.1,200,3,0.09999999999999999,0.9998
-0.1,200,3,0.11,1.0
-0.1,200,3,0.12,1.0
-0.1,200,3,0.13,1.0
-0.1,200,3,0.14,1.0
-0.1,200,4,0.01,0.009
-0.1,200,4,0.02,0.1253
-0.1,200,4,0.03,0.3739
-0.1,200,4,0.04,0.6475
-0.1,200,4,0.05,0.8258
-0.1,200,4,0.060000000000000005,0.9305
-0.1,200,4,0.06999999999999999,0.9757
-0.1,200,4,0.08,0.9923
-0.1,200,4,0.09,0.9976
-0.1,200,4,0.09999999999999999,0.9991
-0.1,200,4,0.11,0.9998
-0.1,200,4,0.12,1.0
-0.1,200,4,0.13,1.0
-0.1,200,4,0.14,1.0
-0.1,200,5,0.01,0.0008
-0.1,200,5,0.02,0.0424
-0.1,200,5,0.03,0.1961
-0.1,200,5,0.04,0.4449
-0.1,200,5,0.05,0.674
-0.1,200,5,0.060000000000000005,0.8424
-0.1,200,5,0.06999999999999999,0.9359
-0.1,200,5,0.08,0.9739
-0.1,200,5,0.09,0.9909
-0.1,200,5,0.09999999999999999,0.9971
-0.1,200,5,0.11,0.9989
-0.1,200,5,0.12,0.9999
-0.1,200,5,0.13,1.0
-0.1,200,5,0.14,1.0
-0.1,200,6,0.01,0.0
-0.1,200,6,0.02,0.0097
-0.1,200,6,0.03,0.0867
-0.1,200,6,0.04,0.2707
-0.1,200,6,0.05,0.493
-0.1,200,6,0.060000000000000005,0.7133
-0.1,200,6,0.06999999999999999,0.8592
-0.1,200,6,0.08,0.9383
-0.1,200,6,0.09,0.9767
-0.1,200,6,0.09999999999999999,0.992
-0.1,200,6,0.11,0.9969
-0.1,200,6,0.12,0.9985
-0.1,200,6,0.13,0.9999
-0.1,200,6,0.14,1.0
-0.1,200,7,0.01,0.0
-0.1,200,7,0.02,0.0017
-0.1,200,7,0.03,0.0334
-0.1,200,7,0.04,0.143
-0.1,200,7,0.05,0.3331
-0.1,200,7,0.060000000000000005,0.5615
-0.1,200,7,0.06999999999999999,0.75
-0.1,200,7,0.08,0.8767
-0.1,200,7,0.09,0.9459
-0.1,200,7,0.09999999999999999,0.9777
-0.1,200,7,0.11,0.9929
-0.1,200,7,0.12,0.9969
-0.1,200,7,0.13,0.9992
-0.1,200,7,0.14,0.9999
-0.1,200,8,0.01,0.0
-0.1,200,8,0.02,0.0002
-0.1,200,8,0.03,0.0108
-0.1,200,8,0.04,0.0666
-0.1,200,8,0.05,0.1997
-0.1,200,8,0.060000000000000005,0.4022
-0.1,200,8,0.06999999999999999,0.6189
-0.1,200,8,0.08,0.7834
-0.1,200,8,0.09,0.8961
-0.1,200,8,0.09999999999999999,0.9535
-0.1,200,8,0.11,0.9816
-0.1,200,8,0.12,0.9934
-0.1,200,8,0.13,0.9977
-0.1,200,8,0.14,0.9992
-0.1,250,3,0.01,0.0941
-0.1,250,3,0.02,0.4654
-0.1,250,3,0.03,0.7718
-0.1,250,3,0.04,0.928
-0.1,250,3,0.05,0.9791
-0.1,250,3,0.060000000000000005,0.996
-0.1,250,3,0.06999999999999999,0.9994
-0.1,250,3,0.08,0.9998
-0.1,250,3,0.09,1.0
-0.1,250,3,0.09999999999999999,1.0
-0.1,250,3,0.11,1.0
-0.1,250,3,0.12,1.0
-0.1,250,3,0.13,1.0
-0.1,250,3,0.14,1.0
-0.1,250,4,0.01,0.022
-0.1,250,4,0.02,0.2344
-0.1,250,4,0.03,0.5665
-0.1,250,4,0.04,0.8228
-0.1,250,4,0.05,0.9377
-0.1,250,4,0.060000000000000005,0.9821
-0.1,250,4,0.06999999999999999,0.9966
-0.1,250,4,0.08,0.9991
-0.1,250,4,0.09,0.9998
-0.1,250,4,0.09999999999999999,0.9999
-0.1,250,4,0.11,1.0
-0.1,250,4,0.12,1.0
-0.1,250,4,0.13,1.0
-0.1,250,4,0.14,1.0
-0.1,250,5,0.01,0.0032
-0.1,250,5,0.02,0.101
-0.1,250,5,0.03,0.3659
-0.1,250,5,0.04,0.6698
-0.1,250,5,0.05,0.86
-0.1,250,5,0.060000000000000005,0.9523
-0.1,250,5,0.06999999999999999,0.9874
-0.1,250,5,0.08,0.9967
-0.1,250,5,0.09,0.9988
-0.1,250,5,0.09999999999999999,0.9999
-0.1,250,5,0.11,0.9999
-0.1,250,5,0.12,1.0
-0.1,250,5,0.13,1.0
-0.1,250,5,0.14,1.0
-0.1,250,6,0.01,0.0003
-0.1,250,6,0.02,0.0325
-0.1,250,6,0.03,0.2033
-0.1,250,6,0.04,0.4975
-0.1,250,6,0.05,0.7381
-0.1,250,6,0.060000000000000005,0.8974
-0.1,250,6,0.06999999999999999,0.9677
-0.1,250,6,0.08,0.9901
-0.1,250,6,0.09,0.9973
-0.1,250,6,0.09999999999999999,0.999
-0.1,250,6,0.11,0.9998
-0.1,250,6,0.12,1.0
-0.1,250,6,0.13,1.0
-0.1,250,6,0.14,1.0
-0.1,250,7,0.01,0.0
-0.1,250,7,0.02,0.0087
-0.1,250,7,0.03,0.0967
-0.1,250,7,0.04,0.3212
-0.1,250,7,0.05,0.5894
-0.1,250,7,0.060000000000000005,0.8107
-0.1,250,7,0.06999999999999999,0.9253
-0.1,250,7,0.08,0.9742
-0.1,250,7,0.09,0.993
-0.1,250,7,0.09999999999999999,0.9978
-0.1,250,7,0.11,0.9994
-0.1,250,7,0.12,0.9998
-0.1,250,7,0.13,1.0
-0.1,250,7,0.14,1.0
-0.1,250,8,0.01,0.0
-0.1,250,8,0.02,0.0023
-0.1,250,8,0.03,0.0408
-0.1,250,8,0.04,0.1929
-0.1,250,8,0.05,0.4311
-0.1,250,8,0.060000000000000005,0.6863
-0.1,250,8,0.06999999999999999,0.8599
-0.1,250,8,0.08,0.9457
-0.1,250,8,0.09,0.9824
-0.1,250,8,0.09999999999999999,0.9948
-0.1,250,8,0.11,0.9985
-0.1,250,8,0.12,0.9994
-0.1,250,8,0.13,0.9998
-0.1,250,8,0.14,1.0
-0.1,300,3,0.01,0.1559
-0.1,300,3,0.02,0.6118
-0.1,300,3,0.03,0.8787
-0.1,300,3,0.04,0.9741
-0.1,300,3,0.05,0.9949
-0.1,300,3,0.060000000000000005,0.9993
-0.1,300,3,0.06999999999999999,0.9999
-0.1,300,3,0.08,0.9999
-0.1,300,3,0.09,1.0
-0.1,300,3,0.09999999999999999,1.0
-0.1,300,3,0.11,1.0
-0.1,300,3,0.12,1.0
-0.1,300,3,0.13,1.0
-0.1,300,3,0.14,1.0
-0.1,300,4,0.01,0.0455
-0.1,300,4,0.02,0.3764
-0.1,300,4,0.03,0.7337
-0.1,300,4,0.04,0.9218
-0.1,300,4,0.05,0.9815
-0.1,300,4,0.060000000000000005,0.9964
-0.1,300,4,0.06999999999999999,0.9994
-0.1,300,4,0.08,0.9999
-0.1,300,4,0.09,0.9999
-0.1,300,4,0.09999999999999999,1.0
-0.1,300,4,0.11,1.0
-0.1,300,4,0.12,1.0
-0.1,300,4,0.13,1.0
-0.1,300,4,0.14,1.0
-0.1,300,5,0.01,0.01
-0.1,300,5,0.02,0.1934
-0.1,300,5,0.03,0.5516
-0.1,300,5,0.04,0.8356
-0.1,300,5,0.05,0.9516
-0.1,300,5,0.060000000000000005,0.9888
-0.1,300,5,0.06999999999999999,0.9979
-0.1,300,5,0.08,0.9996
-0.1,300,5,0.09,0.9999
-0.1,300,5,0.09999999999999999,1.0
-0.1,300,5,0.11,1.0
-0.1,300,5,0.12,1.0
-0.1,300,5,0.13,1.0
-0.1,300,5,0.14,1.0
-0.1,300,6,0.01,0.0015
-0.1,300,6,0.02,0.0857
-0.1,300,6,0.03,0.3685
-0.1,300,6,0.04,0.7032
-0.1,300,6,0.05,0.8909
-0.1,300,6,0.060000000000000005,0.9739
-0.1,300,6,0.06999999999999999,0.995
-0.1,300,6,0.08,0.9987
-0.1,300,6,0.09,0.9998
-0.1,300,6,0.09999999999999999,1.0
-0.1,300,6,0.11,1.0
-0.1,300,6,0.12,1.0
-0.1,300,6,0.13,1.0
-0.1,300,6,0.14,1.0
-0.1,300,7,0.01,0.0
-0.1,300,7,0.02,0.0303
-0.1,300,7,0.03,0.2152
-0.1,300,7,0.04,0.5422
-0.1,300,7,0.05,0.797
-0.1,300,7,0.060000000000000005,0.94
-0.1,300,7,0.06999999999999999,0.9846
-0.1,300,7,0.08,0.9966
-0.1,300,7,0.09,0.9996
-0.1,300,7,0.09999999999999999,0.9999
-0.1,300,7,0.11,1.0
-0.1,300,7,0.12,1.0
-0.1,300,7,0.13,1.0
-0.1,300,7,0.14,1.0
-0.1,300,8,0.01,0.0
-0.1,300,8,0.02,0.0086
-0.1,300,8,0.03,0.1147
-0.1,300,8,0.04,0.3854
-0.1,300,8,0.05,0.6731
-0.1,300,8,0.060000000000000005,0.8784
-0.1,300,8,0.06999999999999999,0.9651
-0.1,300,8,0.08,0.9908
-0.1,300,8,0.09,0.9986
-0.1,300,8,0.09999999999999999,0.9996
-0.1,300,8,0.11,0.9998
-0.1,300,8,0.12,1.0
-0.1,300,8,0.13,1.0
-0.1,300,8,0.14,1.0
-0.1,350,3,0.01,0.2287
-0.1,350,3,0.02,0.7384
-0.1,350,3,0.03,0.9405
-0.1,350,3,0.04,0.9908
-0.1,350,3,0.05,0.9985
-0.1,350,3,0.060000000000000005,0.9997
-0.1,350,3,0.06999999999999999,1.0
-0.1,350,3,0.08,1.0
-0.1,350,3,0.09,1.0
-0.1,350,3,0.09999999999999999,1.0
-0.1,350,3,0.11,1.0
-0.1,350,3,0.12,1.0
-0.1,350,3,0.13,1.0
-0.1,350,3,0.14,1.0
-0.1,350,4,0.01,0.08
-0.1,350,4,0.02,0.5255
-0.1,350,4,0.03,0.8493
-0.1,350,4,0.04,0.9702
-0.1,350,4,0.05,0.9951
-0.1,350,4,0.060000000000000005,0.9995
-0.1,350,4,0.06999999999999999,0.9999
-0.1,350,4,0.08,1.0
-0.1,350,4,0.09,1.0
-0.1,350,4,0.09999999999999999,1.0
-0.1,350,4,0.11,1.0
-0.1,350,4,0.12,1.0
-0.1,350,4,0.13,1.0
-0.1,350,4,0.14,1.0
-0.1,350,5,0.01,0.0204
-0.1,350,5,0.02,0.3129
-0.1,350,5,0.03,0.7117
-0.1,350,5,0.04,0.9241
-0.1,350,5,0.05,0.9851
-0.1,350,5,0.060000000000000005,0.9979
-0.1,350,5,0.06999999999999999,0.9998
-0.1,350,5,0.08,1.0
-0.1,350,5,0.09,1.0
-0.1,350,5,0.09999999999999999,1.0
-0.1,350,5,0.11,1.0
-0.1,350,5,0.12,1.0
-0.1,350,5,0.13,1.0
-0.1,350,5,0.14,1.0
-0.1,350,6,0.01,0.0041
-0.1,350,6,0.02,0.1614
-0.1,350,6,0.03,0.5484
-0.1,350,6,0.04,0.848
-0.1,350,6,0.05,0.9616
-0.1,350,6,0.060000000000000005,0.9935
-0.1,350,6,0.06999999999999999,0.9992
-0.1,350,6,0.08,1.0
-0.1,350,6,0.09,1.0
-0.1,350,6,0.09999999999999999,1.0
-0.1,350,6,0.11,1.0
-0.1,350,6,0.12,1.0
-0.1,350,6,0.13,1.0
-0.1,350,6,0.14,1.0
-0.1,350,7,0.01,0.001
-0.1,350,7,0.02,0.0698
-0.1,350,7,0.03,0.3771
-0.1,350,7,0.04,0.7371
-0.1,350,7,0.05,0.9192
-0.1,350,7,0.060000000000000005,0.9852
-0.1,350,7,0.06999999999999999,0.9979
-0.1,350,7,0.08,0.9996
-0.1,350,7,0.09,1.0
-0.1,350,7,0.09999999999999999,1.0
-0.1,350,7,0.11,1.0
-0.1,350,7,0.12,1.0
-0.1,350,7,0.13,1.0
-0.1,350,7,0.14,1.0
-0.1,350,8,0.01,0.0
-0.1,350,8,0.02,0.0277
-0.1,350,8,0.03,0.2301
-0.1,350,8,0.04,0.5943
-0.1,350,8,0.05,0.8466
-0.1,350,8,0.060000000000000005,0.9641
-0.1,350,8,0.06999999999999999,0.9942
-0.1,350,8,0.08,0.9989
-0.1,350,8,0.09,1.0
-0.1,350,8,0.09999999999999999,1.0
-0.1,350,8,0.11,1.0
-0.1,350,8,0.12,1.0
-0.1,350,8,0.13,1.0
-0.1,350,8,0.14,1.0
-0.1,400,3,0.01,0.31
-0.1,400,3,0.02,0.8301
-0.1,400,3,0.03,0.9736
-0.1,400,3,0.04,0.9974
-0.1,400,3,0.05,0.9998
-0.1,400,3,0.060000000000000005,1.0
-0.1,400,3,0.06999999999999999,1.0
-0.1,400,3,0.08,1.0
-0.1,400,3,0.09,1.0
-0.1,400,3,0.09999999999999999,1.0
-0.1,400,3,0.11,1.0
-0.1,400,3,0.12,1.0
-0.1,400,3,0.13,1.0
-0.1,400,3,0.14,1.0
-0.1,400,4,0.01,0.1231
-0.1,400,4,0.02,0.6539
-0.1,400,4,0.03,0.9232
-0.1,400,4,0.04,0.9899
-0.1,400,4,0.05,0.9992
-0.1,400,4,0.060000000000000005,1.0
-0.1,400,4,0.06999999999999999,1.0
-0.1,400,4,0.08,1.0
-0.1,400,4,0.09,1.0
-0.1,400,4,0.09999999999999999,1.0
-0.1,400,4,0.11,1.0
-0.1,400,4,0.12,1.0
-0.1,400,4,0.13,1.0
-0.1,400,4,0.14,1.0
-0.1,400,5,0.01,0.0365
-0.1,400,5,0.02,0.4429
-0.1,400,5,0.03,0.8278
-0.1,400,5,0.04,0.9711
-0.1,400,5,0.05,0.9958
-0.1,400,5,0.060000000000000005,0.9997
-0.1,400,5,0.06999999999999999,1.0
-0.1,400,5,0.08,1.0
-0.1,400,5,0.09,1.0
-0.1,400,5,0.09999999999999999,1.0
-0.1,400,5,0.11,1.0
-0.1,400,5,0.12,1.0
-0.1,400,5,0.13,1.0
-0.1,400,5,0.14,1.0
-0.1,400,6,0.01,0.0084
-0.1,400,6,0.02,0.2654
-0.1,400,6,0.03,0.7013
-0.1,400,6,0.04,0.9291
-0.1,400,6,0.05,0.9883
-0.1,400,6,0.060000000000000005,0.9986
-0.1,400,6,0.06999999999999999,0.9999
-0.1,400,6,0.08,1.0
-0.1,400,6,0.09,1.0
-0.1,400,6,0.09999999999999999,1.0
-0.1,400,6,0.11,1.0
-0.1,400,6,0.12,1.0
-0.1,400,6,0.13,1.0
-0.1,400,6,0.14,1.0
-0.1,400,7,0.01,0.0023
-0.1,400,7,0.02,0.1383
-0.1,400,7,0.03,0.5427
-0.1,400,7,0.04,0.8613
-0.1,400,7,0.05,0.972
-0.1,400,7,0.060000000000000005,0.9961
-0.1,400,7,0.06999999999999999,0.9998
-0.1,400,7,0.08,1.0
-0.1,400,7,0.09,1.0
-0.1,400,7,0.09999999999999999,1.0
-0.1,400,7,0.11,1.0
-0.1,400,7,0.12,1.0
-0.1,400,7,0.13,1.0
-0.1,400,7,0.14,1.0
-0.1,400,8,0.01,0.0004
-0.1,400,8,0.02,0.0601
-0.1,400,8,0.03,0.3831
-0.1,400,8,0.04,0.7627
-0.1,400,8,0.05,0.9411
-0.1,400,8,0.060000000000000005,0.9921
-0.1,400,8,0.06999999999999999,0.9994
-0.1,400,8,0.08,1.0
-0.1,400,8,0.09,1.0
-0.1,400,8,0.09999999999999999,1.0
-0.1,400,8,0.11,1.0
-0.1,400,8,0.12,1.0
-0.1,400,8,0.13,1.0
-0.1,400,8,0.14,1.0
-0.1,450,3,0.01,0.3955
-0.1,450,3,0.02,0.9025
-0.1,450,3,0.03,0.9908
-0.1,450,3,0.04,0.9996
-0.1,450,3,0.05,1.0
-0.1,450,3,0.060000000000000005,1.0
-0.1,450,3,0.06999999999999999,1.0
-0.1,450,3,0.08,1.0
-0.1,450,3,0.09,1.0
-0.1,450,3,0.09999999999999999,1.0
-0.1,450,3,0.11,1.0
-0.1,450,3,0.12,1.0
-0.1,450,3,0.13,1.0
-0.1,450,3,0.14,1.0
-0.1,450,4,0.01,0.18
-0.1,450,4,0.02,0.7635
-0.1,450,4,0.03,0.9664
-0.1,450,4,0.04,0.9974
-0.1,450,4,0.05,0.9997
-0.1,450,4,0.060000000000000005,1.0
-0.1,450,4,0.06999999999999999,1.0
-0.1,450,4,0.08,1.0
-0.1,450,4,0.09,1.0
-0.1,450,4,0.09999999999999999,1.0
-0.1,450,4,0.11,1.0
-0.1,450,4,0.12,1.0
-0.1,450,4,0.13,1.0
-0.1,450,4,0.14,1.0
-0.1,450,5,0.01,0.065
-0.1,450,5,0.02,0.5805
-0.1,450,5,0.03,0.9107
-0.1,450,5,0.04,0.9902
-0.1,450,5,0.05,0.9995
-0.1,450,5,0.060000000000000005,0.9999
-0.1,450,5,0.06999999999999999,1.0
-0.1,450,5,0.08,1.0
-0.1,450,5,0.09,1.0
-0.1,450,5,0.09999999999999999,1.0
-0.1,450,5,0.11,1.0
-0.1,450,5,0.12,1.0
-0.1,450,5,0.13,1.0
-0.1,450,5,0.14,1.0
-0.1,450,6,0.01,0.0175
-0.1,450,6,0.02,0.3861
-0.1,450,6,0.03,0.8196
-0.1,450,6,0.04,0.9717
-0.1,450,6,0.05,0.9975
-0.1,450,6,0.060000000000000005,0.9997
-0.1,450,6,0.06999999999999999,1.0
-0.1,450,6,0.08,1.0
-0.1,450,6,0.09,1.0
-0.1,450,6,0.09999999999999999,1.0
-0.1,450,6,0.11,1.0
-0.1,450,6,0.12,1.0
-0.1,450,6,0.13,1.0
-0.1,450,6,0.14,1.0
-0.1,450,7,0.01,0.0048
-0.1,450,7,0.02,0.2278
-0.1,450,7,0.03,0.6914
-0.1,450,7,0.04,0.9387
-0.1,450,7,0.05,0.9923
-0.1,450,7,0.060000000000000005,0.9994
-0.1,450,7,0.06999999999999999,1.0
-0.1,450,7,0.08,1.0
-0.1,450,7,0.09,1.0
-0.1,450,7,0.09999999999999999,1.0
-0.1,450,7,0.11,1.0
-0.1,450,7,0.12,1.0
-0.1,450,7,0.13,1.0
-0.1,450,7,0.14,1.0
-0.1,450,8,0.01,0.001
-0.1,450,8,0.02,0.1186
-0.1,450,8,0.03,0.5438
-0.1,450,8,0.04,0.8766
-0.1,450,8,0.05,0.9804
-0.1,450,8,0.060000000000000005,0.9984
-0.1,450,8,0.06999999999999999,1.0
-0.1,450,8,0.08,1.0
-0.1,450,8,0.09,1.0
-0.1,450,8,0.09999999999999999,1.0
-0.1,450,8,0.11,1.0
-0.1,450,8,0.12,1.0
-0.1,450,8,0.13,1.0
-0.1,450,8,0.14,1.0
-0.1,500,3,0.01,0.4873
-0.1,500,3,0.02,0.9459
-0.1,500,3,0.03,0.9966
-0.1,500,3,0.04,0.9999
-0.1,500,3,0.05,1.0
-0.1,500,3,0.060000000000000005,1.0
-0.1,500,3,0.06999999999999999,1.0
-0.1,500,3,0.08,1.0
-0.1,500,3,0.09,1.0
-0.1,500,3,0.09999999999999999,1.0
-0.1,500,3,0.11,1.0
-0.1,500,3,0.12,1.0
-0.1,500,3,0.13,1.0
-0.1,500,3,0.14,1.0
-0.1,500,4,0.01,0.2524
-0.1,500,4,0.02,0.8542
-0.1,500,4,0.03,0.9868
-0.1,500,4,0.04,0.9995
-0.1,500,4,0.05,1.0
-0.1,500,4,0.060000000000000005,1.0
-0.1,500,4,0.06999999999999999,1.0
-0.1,500,4,0.08,1.0
-0.1,500,4,0.09,1.0
-0.1,500,4,0.09999999999999999,1.0
-0.1,500,4,0.11,1.0
-0.1,500,4,0.12,1.0
-0.1,500,4,0.13,1.0
-0.1,500,4,0.14,1.0
-0.1,500,5,0.01,0.1017
-0.1,500,5,0.02,0.7027
-0.1,500,5,0.03,0.9609
-0.1,500,5,0.04,0.9974
-0.1,500,5,0.05,0.9999
-0.1,500,5,0.060000000000000005,1.0
-0.1,500,5,0.06999999999999999,1.0
-0.1,500,5,0.08,1.0
-0.1,500,5,0.09,1.0
-0.1,500,5,0.09999999999999999,1.0
-0.1,500,5,0.11,1.0
-0.1,500,5,0.12,1.0
-0.1,500,5,0.13,1.0
-0.1,500,5,0.14,1.0
-0.1,500,6,0.01,0.033
-0.1,500,6,0.02,0.52
-0.1,500,6,0.03,0.9033
-0.1,500,6,0.04,0.9904
-0.1,500,6,0.05,0.9995
-0.1,500,6,0.060000000000000005,0.9999
-0.1,500,6,0.06999999999999999,1.0
-0.1,500,6,0.08,1.0
-0.1,500,6,0.09,1.0
-0.1,500,6,0.09999999999999999,1.0
-0.1,500,6,0.11,1.0
-0.1,500,6,0.12,1.0
-0.1,500,6,0.13,1.0
-0.1,500,6,0.14,1.0
-0.1,500,7,0.01,0.0087
-0.1,500,7,0.02,0.3413
-0.1,500,7,0.03,0.8122
-0.1,500,7,0.04,0.9763
-0.1,500,7,0.05,0.9981
-0.1,500,7,0.060000000000000005,0.9998
-0.1,500,7,0.06999999999999999,1.0
-0.1,500,7,0.08,1.0
-0.1,500,7,0.09,1.0
-0.1,500,7,0.09999999999999999,1.0
-0.1,500,7,0.11,1.0
-0.1,500,7,0.12,1.0
-0.1,500,7,0.13,1.0
-0.1,500,7,0.14,1.0
-0.1,500,8,0.01,0.0015
-0.1,500,8,0.02,0.202
-0.1,500,8,0.03,0.6924
-0.1,500,8,0.04,0.9486
-0.1,500,8,0.05,0.995
-0.1,500,8,0.060000000000000005,0.9996
-0.1,500,8,0.06999999999999999,1.0
-0.1,500,8,0.08,1.0
-0.1,500,8,0.09,1.0
-0.1,500,8,0.09999999999999999,1.0
-0.1,500,8,0.11,1.0
-0.1,500,8,0.12,1.0
-0.1,500,8,0.13,1.0
-0.1,500,8,0.14,1.0
-0.1,550,3,0.01,0.5802
-0.1,550,3,0.02,0.9693
-0.1,550,3,0.03,0.999
-0.1,550,3,0.04,1.0
-0.1,550,3,0.05,1.0
-0.1,550,3,0.060000000000000005,1.0
-0.1,550,3,0.06999999999999999,1.0
-0.1,550,3,0.08,1.0
-0.1,550,3,0.09,1.0
-0.1,550,3,0.09999999999999999,1.0
-0.1,550,3,0.11,1.0
-0.1,550,3,0.12,1.0
-0.1,550,3,0.13,1.0
-0.1,550,3,0.14,1.0
-0.1,550,4,0.01,0.3301
-0.1,550,4,0.02,0.9141
-0.1,550,4,0.03,0.994
-0.1,550,4,0.04,0.9999
-0.1,550,4,0.05,1.0
-0.1,550,4,0.060000000000000005,1.0
-0.1,550,4,0.06999999999999999,1.0
-0.1,550,4,0.08,1.0
-0.1,550,4,0.09,1.0
-0.1,550,4,0.09999999999999999,1.0
-0.1,550,4,0.11,1.0
-0.1,550,4,0.12,1.0
-0.1,550,4,0.13,1.0
-0.1,550,4,0.14,1.0
-0.1,550,5,0.01,0.1505
-0.1,550,5,0.02,0.8059
-0.1,550,5,0.03,0.9826
-0.1,550,5,0.04,0.9988
-0.1,550,5,0.05,1.0
-0.1,550,5,0.060000000000000005,1.0
-0.1,550,5,0.06999999999999999,1.0
-0.1,550,5,0.08,1.0
-0.1,550,5,0.09,1.0
-0.1,550,5,0.09999999999999999,1.0
-0.1,550,5,0.11,1.0
-0.1,550,5,0.12,1.0
-0.1,550,5,0.13,1.0
-0.1,550,5,0.14,1.0
-0.1,550,6,0.01,0.0557
-0.1,550,6,0.02,0.6487
-0.1,550,6,0.03,0.9537
-0.1,550,6,0.04,0.9971
-0.1,550,6,0.05,1.0
-0.1,550,6,0.060000000000000005,1.0
-0.1,550,6,0.06999999999999999,1.0
-0.1,550,6,0.08,1.0
-0.1,550,6,0.09,1.0
-0.1,550,6,0.09999999999999999,1.0
-0.1,550,6,0.11,1.0
-0.1,550,6,0.12,1.0
-0.1,550,6,0.13,1.0
-0.1,550,6,0.14,1.0
-0.1,550,7,0.01,0.0169
-0.1,550,7,0.02,0.4737
-0.1,550,7,0.03,0.8993
-0.1,550,7,0.04,0.991
-0.1,550,7,0.05,0.9997
-0.1,550,7,0.060000000000000005,1.0
-0.1,550,7,0.06999999999999999,1.0
-0.1,550,7,0.08,1.0
-0.1,550,7,0.09,1.0
-0.1,550,7,0.09999999999999999,1.0
-0.1,550,7,0.11,1.0
-0.1,550,7,0.12,1.0
-0.1,550,7,0.13,1.0
-0.1,550,7,0.14,1.0
-0.1,550,8,0.01,0.0035
-0.1,550,8,0.02,0.3101
-0.1,550,8,0.03,0.8169
-0.1,550,8,0.04,0.9783
-0.1,550,8,0.05,0.9983
-0.1,550,8,0.060000000000000005,1.0
-0.1,550,8,0.06999999999999999,1.0
-0.1,550,8,0.08,1.0
-0.1,550,8,0.09,1.0
-0.1,550,8,0.09999999999999999,1.0
-0.1,550,8,0.11,1.0
-0.1,550,8,0.12,1.0
-0.1,550,8,0.13,1.0
-0.1,550,8,0.14,1.0
-0.1,600,3,0.01,0.6627
-0.1,600,3,0.02,0.9852
-0.1,600,3,0.03,0.9998
-0.1,600,3,0.04,1.0
-0.1,600,3,0.05,1.0
-0.1,600,3,0.060000000000000005,1.0
-0.1,600,3,0.06999999999999999,1.0
-0.1,600,3,0.08,1.0
-0.1,600,3,0.09,1.0
-0.1,600,3,0.09999999999999999,1.0
-0.1,600,3,0.11,1.0
-0.1,600,3,0.12,1.0
-0.1,600,3,0.13,1.0
-0.1,600,3,0.14,1.0
-0.1,600,4,0.01,0.4148
-0.1,600,4,0.02,0.9511
-0.1,600,4,0.03,0.9984
-0.1,600,4,0.04,1.0
-0.1,600,4,0.05,1.0
-0.1,600,4,0.060000000000000005,1.0
-0.1,600,4,0.06999999999999999,1.0
-0.1,600,4,0.08,1.0
-0.1,600,4,0.09,1.0
-0.1,600,4,0.09999999999999999,1.0
-0.1,600,4,0.11,1.0
-0.1,600,4,0.12,1.0
-0.1,600,4,0.13,1.0
-0.1,600,4,0.14,1.0
-0.1,600,5,0.01,0.2101
-0.1,600,5,0.02,0.8821
-0.1,600,5,0.03,0.9935
-0.1,600,5,0.04,0.9997
-0.1,600,5,0.05,1.0
-0.1,600,5,0.060000000000000005,1.0
-0.1,600,5,0.06999999999999999,1.0
-0.1,600,5,0.08,1.0
-0.1,600,5,0.09,1.0
-0.1,600,5,0.09999999999999999,1.0
-0.1,600,5,0.11,1.0
-0.1,600,5,0.12,1.0
-0.1,600,5,0.13,1.0
-0.1,600,5,0.14,1.0
-0.1,600,6,0.01,0.0878
-0.1,600,6,0.02,0.7581
-0.1,600,6,0.03,0.9792
-0.1,600,6,0.04,0.9993
-0.1,600,6,0.05,1.0
-0.1,600,6,0.060000000000000005,1.0
-0.1,600,6,0.06999999999999999,1.0
-0.1,600,6,0.08,1.0
-0.1,600,6,0.09,1.0
-0.1,600,6,0.09999999999999999,1.0
-0.1,600,6,0.11,1.0
-0.1,600,6,0.12,1.0
-0.1,600,6,0.13,1.0
-0.1,600,6,0.14,1.0
-0.1,600,7,0.01,0.0318
-0.1,600,7,0.02,0.6014
-0.1,600,7,0.03,0.952
-0.1,600,7,0.04,0.998
-0.1,600,7,0.05,1.0
-0.1,600,7,0.060000000000000005,1.0
-0.1,600,7,0.06999999999999999,1.0
-0.1,600,7,0.08,1.0
-0.1,600,7,0.09,1.0
-0.1,600,7,0.09999999999999999,1.0
-0.1,600,7,0.11,1.0
-0.1,600,7,0.12,1.0
-0.1,600,7,0.13,1.0
-0.1,600,7,0.14,1.0
-0.1,600,8,0.01,0.0085
-0.1,600,8,0.02,0.4352
-0.1,600,8,0.03,0.9009
-0.1,600,8,0.04,0.9935
-0.1,600,8,0.05,0.9998
-0.1,600,8,0.060000000000000005,1.0
-0.1,600,8,0.06999999999999999,1.0
-0.1,600,8,0.08,1.0
-0.1,600,8,0.09,1.0
-0.1,600,8,0.09999999999999999,1.0
-0.1,600,8,0.11,1.0
-0.1,600,8,0.12,1.0
-0.1,600,8,0.13,1.0
-0.1,600,8,0.14,1.0
-0.1,650,3,0.01,0.7418
-0.1,650,3,0.02,0.9932
-0.1,650,3,0.03,1.0
-0.1,650,3,0.04,1.0
-0.1,650,3,0.05,1.0
-0.1,650,3,0.060000000000000005,1.0
-0.1,650,3,0.06999999999999999,1.0
-0.1,650,3,0.08,1.0
-0.1,650,3,0.09,1.0
-0.1,650,3,0.09999999999999999,1.0
-0.1,650,3,0.11,1.0
-0.1,650,3,0.12,1.0
-0.1,650,3,0.13,1.0
-0.1,650,3,0.14,1.0
-0.1,650,4,0.01,0.5091
-0.1,650,4,0.02,0.9738
-0.1,650,4,0.03,0.9994
-0.1,650,4,0.04,1.0
-0.1,650,4,0.05,1.0
-0.1,650,4,0.060000000000000005,1.0
-0.1,650,4,0.06999999999999999,1.0
-0.1,650,4,0.08,1.0
-0.1,650,4,0.09,1.0
-0.1,650,4,0.09999999999999999,1.0
-0.1,650,4,0.11,1.0
-0.1,650,4,0.12,1.0
-0.1,650,4,0.13,1.0
-0.1,650,4,0.14,1.0
-0.1,650,5,0.01,0.288
-0.1,650,5,0.02,0.9313
-0.1,650,5,0.03,0.9979
-0.1,650,5,0.04,0.9999
-0.1,650,5,0.05,1.0
-0.1,650,5,0.060000000000000005,1.0
-0.1,650,5,0.06999999999999999,1.0
-0.1,650,5,0.08,1.0
-0.1,650,5,0.09,1.0
-0.1,650,5,0.09999999999999999,1.0
-0.1,650,5,0.11,1.0
-0.1,650,5,0.12,1.0
-0.1,650,5,0.13,1.0
-0.1,650,5,0.14,1.0
-0.1,650,6,0.01,0.136
-0.1,650,6,0.02,0.8522
-0.1,650,6,0.03,0.9938
-0.1,650,6,0.04,0.9998
-0.1,650,6,0.05,1.0
-0.1,650,6,0.060000000000000005,1.0
-0.1,650,6,0.06999999999999999,1.0
-0.1,650,6,0.08,1.0
-0.1,650,6,0.09,1.0
-0.1,650,6,0.09999999999999999,1.0
-0.1,650,6,0.11,1.0
-0.1,650,6,0.12,1.0
-0.1,650,6,0.13,1.0
-0.1,650,6,0.14,1.0
-0.1,650,7,0.01,0.0545
-0.1,650,7,0.02,0.7254
-0.1,650,7,0.03,0.9787
-0.1,650,7,0.04,0.9996
-0.1,650,7,0.05,1.0
-0.1,650,7,0.060000000000000005,1.0
-0.1,650,7,0.06999999999999999,1.0
-0.1,650,7,0.08,1.0
-0.1,650,7,0.09,1.0
-0.1,650,7,0.09999999999999999,1.0
-0.1,650,7,0.11,1.0
-0.1,650,7,0.12,1.0
-0.1,650,7,0.13,1.0
-0.1,650,7,0.14,1.0
-0.1,650,8,0.01,0.0171
-0.1,650,8,0.02,0.5717
-0.1,650,8,0.03,0.9522
-0.1,650,8,0.04,0.9982
-0.1,650,8,0.05,1.0
-0.1,650,8,0.060000000000000005,1.0
-0.1,650,8,0.06999999999999999,1.0
-0.1,650,8,0.08,1.0
-0.1,650,8,0.09,1.0
-0.1,650,8,0.09999999999999999,1.0
-0.1,650,8,0.11,1.0
-0.1,650,8,0.12,1.0
-0.1,650,8,0.13,1.0
-0.1,650,8,0.14,1.0
0.0,50,3,0.01,0.0123
0.0,50,3,0.02,0.0798
0.0,50,3,0.03,0.1869
0.0,50,3,0.04,0.3267
0.0,50,3,0.05,0.459
0.0,50,3,0.060000000000000005,0.5846
0.0,50,3,0.06999999999999999,0.6888
0.0,50,3,0.08,0.7691
0.0,50,3,0.09,0.8398
0.0,50,3,0.09999999999999999,0.8885
0.0,50,3,0.11,0.9228
0.0,50,3,0.12,0.9491
0.0,50,3,0.13,0.968
0.0,50,3,0.14,0.9793
0.0,50,4,0.01,0.0011
0.0,50,4,0.02,0.0165
0.0,50,4,0.03,0.0606
0.0,50,4,0.04,0.1386
0.0,50,4,0.05,0.2356
0.0,50,4,0.060000000000000005,0.3493
0.0,50,4,0.06999999999999999,0.4696
0.0,50,4,0.08,0.5682
0.0,50,4,0.09,0.6681
0.0,50,4,0.09999999999999999,0.7499
0.0,50,4,0.11,0.8188
0.0,50,4,0.12,0.8672
0.0,50,4,0.13,0.9062
0.0,50,4,0.14,0.9365
0.0,50,5,0.01,0.0
0.0,50,5,0.02,0.0025
0.0,50,5,0.03,0.0157
0.0,50,5,0.04,0.049
0.0,50,5,0.05,0.0996
0.0,50,5,0.060000000000000005,0.1731
0.0,50,5,0.06999999999999999,0.268
0.0,50,5,0.08,0.3663
0.0,50,5,0.09,0.4667
0.0,50,5,0.09999999999999999,0.5634
0.0,50,5,0.11,0.6548
0.0,50,5,0.12,0.7311
0.0,50,5,0.13,0.7944
0.0,50,5,0.14,0.8503
0.0,50,6,0.01,0.0
0.0,50,6,0.02,0.0007
0.0,50,6,0.03,0.0027
0.0,50,6,0.04,0.0139
0.0,50,6,0.05,0.0355
0.0,50,6,0.060000000000000005,0.075
0.0,50,6,0.06999999999999999,0.1308
0.0,50,6,0.08,0.2026
0.0,50,6,0.09,0.2914
0.0,50,6,0.09999999999999999,0.3787
0.0,50,6,0.11,0.4744
0.0,50,6,0.12,0.566
0.0,50,6,0.13,0.6472
0.0,50,6,0.14,0.7232
0.0,50,7,0.01,0.0
0.0,50,7,0.02,0.0
0.0,50,7,0.03,0.0006
0.0,50,7,0.04,0.0028
0.0,50,7,0.05,0.0105
0.0,50,7,0.060000000000000005,0.0263
0.0,50,7,0.06999999999999999,0.0599
0.0,50,7,0.08,0.0989
0.0,50,7,0.09,0.1581
0.0,50,7,0.09999999999999999,0.2264
0.0,50,7,0.11,0.3042
0.0,50,7,0.12,0.3862
0.0,50,7,0.13,0.4788
0.0,50,7,0.14,0.5635
0.0,50,8,0.01,0.0
0.0,50,8,0.02,0.0
0.0,50,8,0.03,0.0002
0.0,50,8,0.04,0.0005
0.0,50,8,0.05,0.0024
0.0,50,8,0.060000000000000005,0.0079
0.0,50,8,0.06999999999999999,0.0208
0.0,50,8,0.08,0.0396
0.0,50,8,0.09,0.0726
0.0,50,8,0.09999999999999999,0.1166
0.0,50,8,0.11,0.1735
0.0,50,8,0.12,0.2394
0.0,50,8,0.13,0.3203
0.0,50,8,0.14,0.4013
0.0,100,3,0.01,0.0674
0.0,100,3,0.02,0.3271
0.0,100,3,0.03,0.583
0.0,100,3,0.04,0.7756
0.0,100,3,0.05,0.8844
0.0,100,3,0.060000000000000005,0.9445
0.0,100,3,0.06999999999999999,0.9753
0.0,100,3,0.08,0.9891
0.0,100,3,0.09,0.9957
0.0,100,3,0.09999999999999999,0.9981
0.0,100,3,0.11,0.9994
0.0,100,3,0.12,0.9999
0.0,100,3,0.13,1.0
0.0,100,3,0.14,1.0
0.0,100,4,0.01,0.0134
0.0,100,4,0.02,0.1346
0.0,100,4,0.03,0.3475
0.0,100,4,0.04,0.575
0.0,100,4,0.05,0.7452
0.0,100,4,0.060000000000000005,0.8601
0.0,100,4,0.06999999999999999,0.9293
0.0,100,4,0.08,0.962
0.0,100,4,0.09,0.9809
0.0,100,4,0.09999999999999999,0.9923
0.0,100,4,0.11,0.9964
0.0,100,4,0.12,0.9991
0.0,100,4,0.13,0.9995
0.0,100,4,0.14,0.9999
0.0,100,5,0.01,0.0018
0.0,100,5,0.02,0.046
0.0,100,5,0.03,0.1731
0.0,100,5,0.04,0.3764
0.0,100,5,0.05,0.5636
0.0,100,5,0.060000000000000005,0.729
0.0,100,5,0.06999999999999999,0.8412
0.0,100,5,0.08,0.912
0.0,100,5,0.09,0.9534
0.0,100,5,0.09999999999999999,0.9766
0.0,100,5,0.11,0.9896
0.0,100,5,0.12,0.9947
0.0,100,5,0.13,0.9982
0.0,100,5,0.14,0.9994
0.0,100,6,0.01,0.0001
0.0,100,6,0.02,0.0125
0.0,100,6,0.03,0.0727
0.0,100,6,0.04,0.2079
0.0,100,6,0.05,0.3781
0.0,100,6,0.060000000000000005,0.5621
0.0,100,6,0.06999999999999999,0.7127
0.0,100,6,0.08,0.8223
0.0,100,6,0.09,0.8995
0.0,100,6,0.09999999999999999,0.9422
0.0,100,6,0.11,0.9704
0.0,100,6,0.12,0.985
0.0,100,6,0.13,0.9942
0.0,100,6,0.14,0.9977
0.0,100,7,0.01,0.0
0.0,100,7,0.02,0.0027
0.0,100,7,0.03,0.0246
0.0,100,7,0.04,0.0993
0.0,100,7,0.05,0.2227
0.0,100,7,0.060000000000000005,0.3891
0.0,100,7,0.06999999999999999,0.5653
0.0,100,7,0.08,0.6981
0.0,100,7,0.09,0.8126
0.0,100,7,0.09999999999999999,0.8869
0.0,100,7,0.11,0.9359
0.0,100,7,0.12,0.9634
0.0,100,7,0.13,0.982
0.0,100,7,0.14,0.9914
0.0,100,8,0.01,0.0
0.0,100,8,0.02,0.0006
0.0,100,8,0.03,0.0073
0.0,100,8,0.04,0.0394
0.0,100,8,0.05,0.1153
0.0,100,8,0.060000000000000005,0.2421
0.0,100,8,0.06999999999999999,0.399
0.0,100,8,0.08,0.5505
0.0,100,8,0.09,0.6884
0.0,100,8,0.09999999999999999,0.7969
0.0,100,8,0.11,0.8752
0.0,100,8,0.12,0.9266
0.0,100,8,0.13,0.9579
0.0,100,8,0.14,0.9778
0.0,150,3,0.01,0.1703
0.0,150,3,0.02,0.5897
0.0,150,3,0.03,0.8361
0.0,150,3,0.04,0.947
0.0,150,3,0.05,0.9842
0.0,150,3,0.060000000000000005,0.9946
0.0,150,3,0.06999999999999999,0.9985
0.0,150,3,0.08,0.9993
0.0,150,3,0.09,0.9997
0.0,150,3,0.09999999999999999,1.0
0.0,150,3,0.11,1.0
0.0,150,3,0.12,1.0
0.0,150,3,0.13,1.0
0.0,150,3,0.14,1.0
0.0,150,4,0.01,0.0489
0.0,150,4,0.02,0.3537
0.0,150,4,0.03,0.6628
0.0,150,4,0.04,0.8617
0.0,150,4,0.05,0.949
0.0,150,4,0.060000000000000005,0.9835
0.0,150,4,0.06999999999999999,0.9947
0.0,150,4,0.08,0.9981
0.0,150,4,0.09,0.9994
0.0,150,4,0.09999999999999999,0.9996
0.0,150,4,0.11,0.9997
0.0,150,4,0.12,1.0
0.0,150,4,0.13,1.0
0.0,150,4,0.14,1.0
0.0,150,5,0.01,0.0109
0.0,150,5,0.02,0.1731
0.0,150,5,0.03,0.4675
0.0,150,5,0.04,0.7256
0.0,150,5,0.05,0.8775
0.0,150,5,0.060000000000000005,0.9537
0.0,150,5,0.06999999999999999,0.9844
0.0,150,5,0.08,0.9939
0.0,150,5,0.09,0.998
0.0,150,5,0.09999999999999999,0.9994
0.0,150,5,0.11,0.9995
0.0,150,5,0.12,1.0
0.0,150,5,0.13,1.0
0.0,150,5,0.14,1.0
0.0,150,6,0.01,0.002
0.0,150,6,0.02,0.0681
0.0,150,6,0.03,0.2866
0.0,150,6,0.04,0.562
0.0,150,6,0.05,0.7648
0.0,150,6,0.060000000000000005,0.8945
0.0,150,6,0.06999999999999999,0.9576
0.0,150,6,0.08,0.9834
0.0,150,6,0.09,0.994
0.0,150,6,0.09999999999999999,0.9981
0.0,150,6,0.11,0.9993
0.0,150,6,0.12,0.9996
0.0,150,6,0.13,1.0
0.0,150,6,0.14,1.0
0.0,150,7,0.01,0.0005
0.0,150,7,0.02,0.0224
0.0,150,7,0.03,0.149
0.0,150,7,0.04,0.3935
0.0,150,7,0.05,0.6219
0.0,150,7,0.060000000000000005,0.8056
0.0,150,7,0.06999999999999999,0.9099
0.0,150,7,0.08,0.9616
0.0,150,7,0.09,0.9859
0.0,150,7,0.09999999999999999,0.995
0.0,150,7,0.11,0.9982
0.0,150,7,0.12,0.9992
0.0,150,7,0.13,0.9999
0.0,150,7,0.14,1.0
0.0,150,8,0.01,0.0
0.0,150,8,0.02,0.0067
0.0,150,8,0.03,0.0672
0.0,150,8,0.04,0.2472
0.0,150,8,0.05,0.4681
0.0,150,8,0.060000000000000005,0.6848
0.0,150,8,0.06999999999999999,0.8356
0.0,150,8,0.08,0.9217
0.0,150,8,0.09,0.9672
0.0,150,8,0.09999999999999999,0.9859
0.0,150,8,0.11,0.9943
0.0,150,8,0.12,0.998
0.0,150,8,0.13,0.9996
0.0,150,8,0.14,0.9998
0.0,200,3,0.01,0.3053
0.0,200,3,0.02,0.7832
0.0,200,3,0.03,0.9473
0.0,200,3,0.04,0.9907
0.0,200,3,0.05,0.9985
0.0,200,3,0.060000000000000005,0.9998
0.0,200,3,0.06999999999999999,1.0
0.0,200,3,0.08,1.0
0.0,200,3,0.09,1.0
0.0,200,3,0.09999999999999999,1.0
0.0,200,3,0.11,1.0
0.0,200,3,0.12,1.0
0.0,200,3,0.13,1.0
0.0,200,3,0.14,1.0
0.0,200,4,0.01,0.1153
0.0,200,4,0.02,0.5859
0.0,200,4,0.03,0.8624
0.0,200,4,0.04,0.9679
0.0,200,4,0.05,0.9936
0.0,200,4,0.060000000000000005,0.9983
0.0,200,4,0.06999999999999999,0.9996
0.0,200,4,0.08,1.0
0.0,200,4,0.09,1.0
0.0,200,4,0.09999999999999999,1.0
0.0,200,4,0.11,1.0
0.0,200,4,0.12,1.0
0.0,200,4,0.13,1.0
0.0,200,4,0.14,1.0
0.0,200,5,0.01,0.0361
0.0,200,5,0.02,0.37
0.0,200,5,0.03,0.7233
0.0,200,5,0.04,0.9172
0.0,200,5,0.05,0.9778
0.0,200,5,0.060000000000000005,0.9945
0.0,200,5,0.06999999999999999,0.9989
0.0,200,5,0.08,0.9998
0.0,200,5,0.09,1.0
0.0,200,5,0.09999999999999999,1.0
0.0,200,5,0.11,1.0
0.0,200,5,0.12,1.0
0.0,200,5,0.13,1.0
0.0,200,5,0.14,1.0
0.0,200,6,0.01,0.0081
0.0,200,6,0.02,0.1978
0.0,200,6,0.03,0.5496
0.0,200,6,0.04,0.8241
0.0,200,6,0.05,0.9453
0.0,200,6,0.060000000000000005,0.9851
0.0,200,6,0.06999999999999999,0.9968
0.0,200,6,0.08,0.9992
0.0,200,6,0.09,0.9998
0.0,200,6,0.09999999999999999,1.0
0.0,200,6,0.11,1.0
0.0,200,6,0.12,1.0
0.0,200,6,0.13,1.0
0.0,200,6,0.14,1.0
0.0,200,7,0.01,0.0014
0.0,200,7,0.02,0.0935
0.0,200,7,0.03,0.3811
0.0,200,7,0.04,0.7012
0.0,200,7,0.05,0.8833
0.0,200,7,0.060000000000000005,0.965
0.0,200,7,0.06999999999999999,0.9906
0.0,200,7,0.08,0.9976
0.0,200,7,0.09,0.9993
0.0,200,7,0.09999999999999999,1.0
0.0,200,7,0.11,1.0
0.0,200,7,0.12,1.0
0.0,200,7,0.13,1.0
0.0,200,7,0.14,1.0
0.0,200,8,0.01,0.0002
0.0,200,8,0.02,0.0361
0.0,200,8,0.03,0.2379
0.0,200,8,0.04,0.5526
0.0,200,8,0.05,0.7903
0.0,200,8,0.060000000000000005,0.9287
0.0,200,8,0.06999999999999999,0.9777
0.0,200,8,0.08,0.9936
0.0,200,8,0.09,0.9984
0.0,200,8,0.09999999999999999,0.9997
0.0,200,8,0.11,0.9999
0.0,200,8,0.12,1.0
0.0,200,8,0.13,1.0
0.0,200,8,0.14,1.0
0.0,250,3,0.01,0.4416
0.0,250,3,0.02,0.8964
0.0,250,3,0.03,0.984
0.0,250,3,0.04,0.999
0.0,250,3,0.05,0.9999
0.0,250,3,0.060000000000000005,1.0
0.0,250,3,0.06999999999999999,1.0
0.0,250,3,0.08,1.0
0.0,250,3,0.09,1.0
0.0,250,3,0.09999999999999999,1.0
0.0,250,3,0.11,1.0
0.0,250,3,0.12,1.0
0.0,250,3,0.13,1.0
0.0,250,3,0.14,1.0
0.0,250,4,0.01,0.2077
0.0,250,4,0.02,0.7605
0.0,250,4,0.03,0.9505
0.0,250,4,0.04,0.9932
0.0,250,4,0.05,0.9992
0.0,250,4,0.060000000000000005,0.9998
0.0,250,4,0.06999999999999999,0.9999
0.0,250,4,0.08,1.0
0.0,250,4,0.09,1.0
0.0,250,4,0.09999999999999999,1.0
0.0,250,4,0.11,1.0
0.0,250,4,0.12,1.0
0.0,250,4,0.13,1.0
0.0,250,4,0.14,1.0
0.0,250,5,0.01,0.0771
0.0,250,5,0.02,0.5709
0.0,250,5,0.03,0.8834
0.0,250,5,0.04,0.9799
0.0,250,5,0.05,0.9968
0.0,250,5,0.060000000000000005,0.9997
0.0,250,5,0.06999999999999999,0.9999
0.0,250,5,0.08,1.0
0.0,250,5,0.09,1.0
0.0,250,5,0.09999999999999999,1.0
0.0,250,5,0.11,1.0
0.0,250,5,0.12,1.0
0.0,250,5,0.13,1.0
0.0,250,5,0.14,1.0
0.0,250,6,0.01,0.0234
0.0,250,6,0.02,0.3771
0.0,250,6,0.03,0.7681
0.0,250,6,0.04,0.9492
0.0,250,6,0.05,0.9911
0.0,250,6,0.060000000000000005,0.9983
0.0,250,6,0.06999999999999999,0.9997
0.0,250,6,0.08,0.9999
0.0,250,6,0.09,1.0
0.0,250,6,0.09999999999999999,1.0
0.0,250,6,0.11,1.0
0.0,250,6,0.12,1.0
0.0,250,6,0.13,1.0
0.0,250,6,0.14,1.0
0.0,250,7,0.01,0.0056
0.0,250,7,0.02,0.2148
0.0,250,7,0.03,0.6226
0.0,250,7,0.04,0.8893
0.0,250,7,0.05,0.9741
0.0,250,7,0.060000000000000005,0.9944
0.0,250,7,0.06999999999999999,0.9993
0.0,250,7,0.08,0.9998
0.0,250,7,0.09,1.0
0.0,250,7,0.09999999999999999,1.0
0.0,250,7,0.11,1.0
0.0,250,7,0.12,1.0
0.0,250,7,0.13,1.0
0.0,250,7,0.14,1.0
0.0,250,8,0.01,0.0009
0.0,250,8,0.02,0.1088
0.0,250,8,0.03,0.4627
0.0,250,8,0.04,0.7988
0.0,250,8,0.05,0.9418
0.0,250,8,0.060000000000000005,0.9882
0.0,250,8,0.06999999999999999,0.9984
0.0,250,8,0.08,0.9996
0.0,250,8,0.09,0.9999
0.0,250,8,0.09999999999999999,1.0
0.0,250,8,0.11,1.0
0.0,250,8,0.12,1.0
0.0,250,8,0.13,1.0
0.0,250,8,0.14,1.0
0.0,300,3,0.01,0.5736
0.0,300,3,0.02,0.9538
0.0,300,3,0.03,0.9969
0.0,300,3,0.04,0.9998
0.0,300,3,0.05,0.9999
0.0,300,3,0.060000000000000005,1.0
0.0,300,3,0.06999999999999999,1.0
0.0,300,3,0.08,1.0
0.0,300,3,0.09,1.0
0.0,300,3,0.09999999999999999,1.0
0.0,300,3,0.11,1.0
0.0,300,3,0.12,1.0
0.0,300,3,0.13,1.0
0.0,300,3,0.14,1.0
0.0,300,4,0.01,0.3227
0.0,300,4,0.02,0.8704
0.0,300,4,0.03,0.9853
0.0,300,4,0.04,0.9988
0.0,300,4,0.05,0.9999
0.0,300,4,0.060000000000000005,0.9999
0.0,300,4,0.06999999999999999,1.0
0.0,300,4,0.08,1.0
0.0,300,4,0.09,1.0
0.0,300,4,0.09999999999999999,1.0
0.0,300,4,0.11,1.0
0.0,300,4,0.12,1.0
0.0,300,4,0.13,1.0
0.0,300,4,0.14,1.0
0.0,300,5,0.01,0.1453
0.0,300,5,0.02,0.7434
0.0,300,5,0.03,0.9602
0.0,300,5,0.04,0.9958
0.0,300,5,0.05,0.9996
0.0,300,5,0.060000000000000005,0.9999
0.0,300,5,0.06999999999999999,1.0
0.0,300,5,0.08,1.0
0.0,300,5,0.09,1.0
0.0,300,5,0.09999999999999999,1.0
0.0,300,5,0.11,1.0
0.0,300,5,0.12,1.0
0.0,300,5,0.13,1.0
0.0,300,5,0.14,1.0
0.0,300,6,0.01,0.0567
0.0,300,6,0.02,0.5683
0.0,300,6,0.03,0.9013
0.0,300,6,0.04,0.9882
0.0,300,6,0.05,0.9986
0.0,300,6,0.060000000000000005,0.9998
0.0,300,6,0.06999999999999999,0.9999
0.0,300,6,0.08,1.0
0.0,300,6,0.09,1.0
0.0,300,6,0.09999999999999999,1.0
0.0,300,6,0.11,1.0
0.0,300,6,0.12,1.0
0.0,300,6,0.13,1.0
0.0,300,6,0.14,1.0
0.0,300,7,0.01,0.016
0.0,300,7,0.02,0.3854
0.0,300,7,0.03,0.8051
0.0,300,7,0.04,0.9696
0.0,300,7,0.05,0.9955
0.0,300,7,0.060000000000000005,0.9997
0.0,300,7,0.06999999999999999,0.9999
0.0,300,7,0.08,1.0
0.0,300,7,0.09,1.0
0.0,300,7,0.09999999999999999,1.0
0.0,300,7,0.11,1.0
0.0,300,7,0.12,1.0
0.0,300,7,0.13,1.0
0.0,300,7,0.14,1.0
0.0,300,8,0.01,0.0034
0.0,300,8,0.02,0.234
0.0,300,8,0.03,0.6793
0.0,300,8,0.04,0.9334
0.0,300,8,0.05,0.988
0.0,300,8,0.060000000000000005,0.9986
0.0,300,8,0.06999999999999999,0.9998
0.0,300,8,0.08,1.0
0.0,300,8,0.09,1.0
0.0,300,8,0.09999999999999999,1.0
0.0,300,8,0.11,1.0
0.0,300,8,0.12,1.0
0.0,300,8,0.13,1.0
0.0,300,8,0.14,1.0
0.0,350,3,0.01,0.6875
0.0,350,3,0.02,0.9808
0.0,350,3,0.03,0.9988
0.0,350,3,0.04,0.9999
0.0,350,3,0.05,1.0
0.0,350,3,0.060000000000000005,1.0
0.0,350,3,0.06999999999999999,1.0
0.0,350,3,0.08,1.0
0.0,350,3,0.09,1.0
0.0,350,3,0.09999999999999999,1.0
0.0,350,3,0.11,1.0
0.0,350,3,0.12,1.0
0.0,350,3,0.13,1.0
0.0,350,3,0.14,1.0
0.0,350,4,0.01,0.4447
0.0,350,4,0.02,0.9382
0.0,350,4,0.03,0.9956
0.0,350,4,0.04,0.9996
0.0,350,4,0.05,1.0
0.0,350,4,0.060000000000000005,1.0
0.0,350,4,0.06999999999999999,1.0
0.0,350,4,0.08,1.0
0.0,350,4,0.09,1.0
0.0,350,4,0.09999999999999999,1.0
0.0,350,4,0.11,1.0
0.0,350,4,0.12,1.0
0.0,350,4,0.13,1.0
0.0,350,4,0.14,1.0
0.0,350,5,0.01,0.2364
0.0,350,5,0.02,0.8543
0.0,350,5,0.03,0.9875
0.0,350,5,0.04,0.9993
0.0,350,5,0.05,1.0
0.0,350,5,0.060000000000000005,1.0
0.0,350,5,0.06999999999999999,1.0
0.0,350,5,0.08,1.0
0.0,350,5,0.09,1.0
0.0,350,5,0.09999999999999999,1.0
0.0,350,5,0.11,1.0
0.0,350,5,0.12,1.0
0.0,350,5,0.13,1.0
0.0,350,5,0.14,1.0
0.0,350,6,0.01,0.1039
0.0,350,6,0.02,0.7309
0.0,350,6,0.03,0.9644
0.0,350,6,0.04,0.9972
0.0,350,6,0.05,0.9999
0.0,350,6,0.060000000000000005,1.0
0.0,350,6,0.06999999999999999,1.0
0.0,350,6,0.08,1.0
0.0,350,6,0.09,1.0
0.0,350,6,0.09999999999999999,1.0
0.0,350,6,0.11,1.0
0.0,350,6,0.12,1.0
0.0,350,6,0.13,1.0
0.0,350,6,0.14,1.0
0.0,350,7,0.01,0.0358
0.0,350,7,0.02,0.5684
0.0,350,7,0.03,0.9171
0.0,350,7,0.04,0.9927
0.0,350,7,0.05,0.9991
0.0,350,7,0.060000000000000005,1.0
0.0,350,7,0.06999999999999999,1.0
0.0,350,7,0.08,1.0
0.0,350,7,0.09,1.0
0.0,350,7,0.09999999999999999,1.0
0.0,350,7,0.11,1.0
0.0,350,7,0.12,1.0
0.0,350,7,0.13,1.0
0.0,350,7,0.14,1.0
0.0,350,8,0.01,0.0099
0.0,350,8,0.02,0.3953
0.0,350,8,0.03,0.8391
0.0,350,8,0.04,0.9834
0.0,350,8,0.05,0.9979
0.0,350,8,0.060000000000000005,1.0
0.0,350,8,0.06999999999999999,1.0
0.0,350,8,0.08,1.0
0.0,350,8,0.09,1.0
0.0,350,8,0.09999999999999999,1.0
0.0,350,8,0.11,1.0
0.0,350,8,0.12,1.0
0.0,350,8,0.13,1.0
0.0,350,8,0.14,1.0
0.0,400,3,0.01,0.7745
0.0,400,3,0.02,0.9925
0.0,400,3,0.03,0.9997
0.0,400,3,0.04,1.0
0.0,400,3,0.05,1.0
0.0,400,3,0.060000000000000005,1.0
0.0,400,3,0.06999999999999999,1.0
0.0,400,3,0.08,1.0
0.0,400,3,0.09,1.0
0.0,400,3,0.09999999999999999,1.0
0.0,400,3,0.11,1.0
0.0,400,3,0.12,1.0
0.0,400,3,0.13,1.0
0.0,400,3,0.14,1.0
0.0,400,4,0.01,0.558
0.0,400,4,0.02,0.9728
0.0,400,4,0.03,0.9988
0.0,400,4,0.04,1.0
0.0,400,4,0.05,1.0
0.0,400,4,0.060000000000000005,1.0
0.0,400,4,0.06999999999999999,1.0
0.0,400,4,0.08,1.0
0.0,400,4,0.09,1.0
0.0,400,4,0.09999999999999999,1.0
0.0,400,4,0.11,1.0
0.0,400,4,0.12,1.0
0.0,400,4,0.13,1.0
0.0,400,4,0.14,1.0
0.0,400,5,0.01,0.3342
0.0,400,5,0.02,0.9263
0.0,400,5,0.03,0.9964
0.0,400,5,0.04,1.0
0.0,400,5,0.05,1.0
0.0,400,5,0.060000000000000005,1.0
0.0,400,5,0.06999999999999999,1.0
0.0,400,5,0.08,1.0
0.0,400,5,0.09,1.0
0.0,400,5,0.09999999999999999,1.0
0.0,400,5,0.11,1.0
0.0,400,5,0.12,1.0
0.0,400,5,0.13,1.0
0.0,400,5,0.14,1.0
0.0,400,6,0.01,0.1661
0.0,400,6,0.02,0.8388
0.0,400,6,0.03,0.9888
0.0,400,6,0.04,0.9994
0.0,400,6,0.05,1.0
0.0,400,6,0.060000000000000005,1.0
0.0,400,6,0.06999999999999999,1.0
0.0,400,6,0.08,1.0
0.0,400,6,0.09,1.0
0.0,400,6,0.09999999999999999,1.0
0.0,400,6,0.11,1.0
0.0,400,6,0.12,1.0
0.0,400,6,0.13,1.0
0.0,400,6,0.14,1.0
0.0,400,7,0.01,0.0696
0.0,400,7,0.02,0.716
0.0,400,7,0.03,0.9685
0.0,400,7,0.04,0.9982
0.0,400,7,0.05,0.9999
0.0,400,7,0.060000000000000005,1.0
0.0,400,7,0.06999999999999999,1.0
0.0,400,7,0.08,1.0
0.0,400,7,0.09,1.0
0.0,400,7,0.09999999999999999,1.0
0.0,400,7,0.11,1.0
0.0,400,7,0.12,1.0
0.0,400,7,0.13,1.0
0.0,400,7,0.14,1.0
0.0,400,8,0.01,0.0217
0.0,400,8,0.02,0.5629
0.0,400,8,0.03,0.9309
0.0,400,8,0.04,0.9964
0.0,400,8,0.05,0.9998
0.0,400,8,0.060000000000000005,1.0
0.0,400,8,0.06999999999999999,1.0
0.0,400,8,0.08,1.0
0.0,400,8,0.09,1.0
0.0,400,8,0.09999999999999999,1.0
0.0,400,8,0.11,1.0
0.0,400,8,0.12,1.0
0.0,400,8,0.13,1.0
0.0,400,8,0.14,1.0
0.0,450,3,0.01,0.8505
0.0,450,3,0.02,0.997
0.0,450,3,0.03,0.9999
0.0,450,3,0.04,1.0
0.0,450,3,0.05,1.0
0.0,450,3,0.060000000000000005,1.0
0.0,450,3,0.06999999999999999,1.0
0.0,450,3,0.08,1.0
0.0,450,3,0.09,1.0
0.0,450,3,0.09999999999999999,1.0
0.0,450,3,0.11,1.0
0.0,450,3,0.12,1.0
0.0,450,3,0.13,1.0
0.0,450,3,0.14,1.0
0.0,450,4,0.01,0.6631
0.0,450,4,0.02,0.9896
0.0,450,4,0.03,0.9997
0.0,450,4,0.04,1.0
0.0,450,4,0.05,1.0
0.0,450,4,0.060000000000000005,1.0
0.0,450,4,0.06999999999999999,1.0
0.0,450,4,0.08,1.0
0.0,450,4,0.09,1.0
0.0,450,4,0.09999999999999999,1.0
0.0,450,4,0.11,1.0
0.0,450,4,0.12,1.0
0.0,450,4,0.13,1.0
0.0,450,4,0.14,1.0
0.0,450,5,0.01,0.4425
0.0,450,5,0.02,0.9677
0.0,450,5,0.03,0.9989
0.0,450,5,0.04,1.0
0.0,450,5,0.05,1.0
0.0,450,5,0.060000000000000005,1.0
0.0,450,5,0.06999999999999999,1.0
0.0,450,5,0.08,1.0
0.0,450,5,0.09,1.0
0.0,450,5,0.09999999999999999,1.0
0.0,450,5,0.11,1.0
0.0,450,5,0.12,1.0
0.0,450,5,0.13,1.0
0.0,450,5,0.14,1.0
0.0,450,6,0.01,0.2467
0.0,450,6,0.02,0.9147
0.0,450,6,0.03,0.9966
0.0,450,6,0.04,0.9999
0.0,450,6,0.05,1.0
0.0,450,6,0.060000000000000005,1.0
0.0,450,6,0.06999999999999999,1.0
0.0,450,6,0.08,1.0
0.0,450,6,0.09,1.0
0.0,450,6,0.09999999999999999,1.0
0.0,450,6,0.11,1.0
0.0,450,6,0.12,1.0
0.0,450,6,0.13,1.0
0.0,450,6,0.14,1.0
0.0,450,7,0.01,0.1188
0.0,450,7,0.02,0.8306
0.0,450,7,0.03,0.9896
0.0,450,7,0.04,0.9999
0.0,450,7,0.05,1.0
0.0,450,7,0.060000000000000005,1.0
0.0,450,7,0.06999999999999999,1.0
0.0,450,7,0.08,1.0
0.0,450,7,0.09,1.0
0.0,450,7,0.09999999999999999,1.0
0.0,450,7,0.11,1.0
0.0,450,7,0.12,1.0
0.0,450,7,0.13,1.0
0.0,450,7,0.14,1.0
0.0,450,8,0.01,0.0429
0.0,450,8,0.02,0.7078
0.0,450,8,0.03,0.9731
0.0,450,8,0.04,0.9993
0.0,450,8,0.05,1.0
0.0,450,8,0.060000000000000005,1.0
0.0,450,8,0.06999999999999999,1.0
0.0,450,8,0.08,1.0
0.0,450,8,0.09,1.0
0.0,450,8,0.09999999999999999,1.0
0.0,450,8,0.11,1.0
0.0,450,8,0.12,1.0
0.0,450,8,0.13,1.0
0.0,450,8,0.14,1.0
0.0,500,3,0.01,0.902
0.0,500,3,0.02,0.9984
0.0,500,3,0.03,1.0
0.0,500,3,0.04,1.0
0.0,500,3,0.05,1.0
0.0,500,3,0.060000000000000005,1.0
0.0,500,3,0.06999999999999999,1.0
0.0,500,3,0.08,1.0
0.0,500,3,0.09,1.0
0.0,500,3,0.09999999999999999,1.0
0.0,500,3,0.11,1.0
0.0,500,3,0.12,1.0
0.0,500,3,0.13,1.0
0.0,500,3,0.14,1.0
0.0,500,4,0.01,0.7573
0.0,500,4,0.02,0.9958
0.0,500,4,0.03,1.0
0.0,500,4,0.04,1.0
0.0,500,4,0.05,1.0
0.0,500,4,0.060000000000000005,1.0
0.0,500,4,0.06999999999999999,1.0
0.0,500,4,0.08,1.0
0.0,500,4,0.09,1.0
0.0,500,4,0.09999999999999999,1.0
0.0,500,4,0.11,1.0
0.0,500,4,0.12,1.0
0.0,500,4,0.13,1.0
0.0,500,4,0.14,1.0
0.0,500,5,0.01,0.5515
0.0,500,5,0.02,0.9864
0.0,500,5,0.03,0.9997
0.0,500,5,0.04,1.0
0.0,500,5,0.05,1.0
0.0,500,5,0.060000000000000005,1.0
0.0,500,5,0.06999999999999999,1.0
0.0,500,5,0.08,1.0
0.0,500,5,0.09,1.0
0.0,500,5,0.09999999999999999,1.0
0.0,500,5,0.11,1.0
0.0,500,5,0.12,1.0
0.0,500,5,0.13,1.0
0.0,500,5,0.14,1.0
0.0,500,6,0.01,0.3383
0.0,500,6,0.02,0.9606
0.0,500,6,0.03,0.9992
0.0,500,6,0.04,1.0
0.0,500,6,0.05,1.0
0.0,500,6,0.060000000000000005,1.0
0.0,500,6,0.06999999999999999,1.0
0.0,500,6,0.08,1.0
0.0,500,6,0.09,1.0
0.0,500,6,0.09999999999999999,1.0
0.0,500,6,0.11,1.0
0.0,500,6,0.12,1.0
0.0,500,6,0.13,1.0
0.0,500,6,0.14,1.0
0.0,500,7,0.01,0.1783
0.0,500,7,0.02,0.9104
0.0,500,7,0.03,0.9965
0.0,500,7,0.04,1.0
0.0,500,7,0.05,1.0
0.0,500,7,0.060000000000000005,1.0
0.0,500,7,0.06999999999999999,1.0
0.0,500,7,0.08,1.0
0.0,500,7,0.09,1.0
0.0,500,7,0.09999999999999999,1.0
0.0,500,7,0.11,1.0
0.0,500,7,0.12,1.0
0.0,500,7,0.13,1.0
0.0,500,7,0.14,1.0
0.0,500,8,0.01,0.0778
0.0,500,8,0.02,0.819
0.0,500,8,0.03,0.9904
0.0,500,8,0.04,0.9999
0.0,500,8,0.05,1.0
0.0,500,8,0.060000000000000005,1.0
0.0,500,8,0.06999999999999999,1.0
0.0,500,8,0.08,1.0
0.0,500,8,0.09,1.0
0.0,500,8,0.09999999999999999,1.0
0.0,500,8,0.11,1.0
0.0,500,8,0.12,1.0
0.0,500,8,0.13,1.0
0.0,500,8,0.14,1.0
0.0,550,3,0.01,0.9368
0.0,550,3,0.02,0.9989
0.0,550,3,0.03,1.0
0.0,550,3,0.04,1.0
0.0,550,3,0.05,1.0
0.0,550,3,0.060000000000000005,1.0
0.0,550,3,0.06999999999999999,1.0
0.0,550,3,0.08,1.0
0.0,550,3,0.09,1.0
0.0,550,3,0.09999999999999999,1.0
0.0,550,3,0.11,1.0
0.0,550,3,0.12,1.0
0.0,550,3,0.13,1.0
0.0,550,3,0.14,1.0
0.0,550,4,0.01,0.829
0.0,550,4,0.02,0.998
0.0,550,4,0.03,1.0
0.0,550,4,0.04,1.0
0.0,550,4,0.05,1.0
0.0,550,4,0.060000000000000005,1.0
0.0,550,4,0.06999999999999999,1.0
0.0,550,4,0.08,1.0
0.0,550,4,0.09,1.0
0.0,550,4,0.09999999999999999,1.0
0.0,550,4,0.11,1.0
0.0,550,4,0.12,1.0
0.0,550,4,0.13,1.0
0.0,550,4,0.14,1.0
0.0,550,5,0.01,0.6538
0.0,550,5,0.02,0.9938
0.0,550,5,0.03,1.0
0.0,550,5,0.04,1.0
0.0,550,5,0.05,1.0
0.0,550,5,0.060000000000000005,1.0
0.0,550,5,0.06999999999999999,1.0
0.0,550,5,0.08,1.0
0.0,550,5,0.09,1.0
0.0,550,5,0.09999999999999999,1.0
0.0,550,5,0.11,1.0
0.0,550,5,0.12,1.0
0.0,550,5,0.13,1.0
0.0,550,5,0.14,1.0
0.0,550,6,0.01,0.442
0.0,550,6,0.02,0.9822
0.0,550,6,0.03,0.9998
0.0,550,6,0.04,1.0
0.0,550,6,0.05,1.0
0.0,550,6,0.060000000000000005,1.0
0.0,550,6,0.06999999999999999,1.0
0.0,550,6,0.08,1.0
0.0,550,6,0.09,1.0
0.0,550,6,0.09999999999999999,1.0
0.0,550,6,0.11,1.0
0.0,550,6,0.12,1.0
0.0,550,6,0.13,1.0
0.0,550,6,0.14,1.0
0.0,550,7,0.01,0.2508
0.0,550,7,0.02,0.9519
0.0,550,7,0.03,0.9991
0.0,550,7,0.04,1.0
0.0,550,7,0.05,1.0
0.0,550,7,0.060000000000000005,1.0
0.0,550,7,0.06999999999999999,1.0
0.0,550,7,0.08,1.0
0.0,550,7,0.09,1.0
0.0,550,7,0.09999999999999999,1.0
0.0,550,7,0.11,1.0
0.0,550,7,0.12,1.0
0.0,550,7,0.13,1.0
0.0,550,7,0.14,1.0
0.0,550,8,0.01,0.1215
0.0,550,8,0.02,0.9007
0.0,550,8,0.03,0.9964
0.0,550,8,0.04,1.0
0.0,550,8,0.05,1.0
0.0,550,8,0.060000000000000005,1.0
0.0,550,8,0.06999999999999999,1.0
0.0,550,8,0.08,1.0
0.0,550,8,0.09,1.0
0.0,550,8,0.09999999999999999,1.0
0.0,550,8,0.11,1.0
0.0,550,8,0.12,1.0
0.0,550,8,0.13,1.0
0.0,550,8,0.14,1.0
0.0,600,3,0.01,0.9613
0.0,600,3,0.02,0.9997
0.0,600,3,0.03,1.0
0.0,600,3,0.04,1.0
0.0,600,3,0.05,1.0
0.0,600,3,0.060000000000000005,1.0
0.0,600,3,0.06999999999999999,1.0
0.0,600,3,0.08,1.0
0.0,600,3,0.09,1.0
0.0,600,3,0.09999999999999999,1.0
0.0,600,3,0.11,1.0
0.0,600,3,0.12,1.0
0.0,600,3,0.13,1.0
0.0,600,3,0.14,1.0
0.0,600,4,0.01,0.8824
0.0,600,4,0.02,0.9988
0.0,600,4,0.03,1.0
0.0,600,4,0.04,1.0
0.0,600,4,0.05,1.0
0.0,600,4,0.060000000000000005,1.0
0.0,600,4,0.06999999999999999,1.0
0.0,600,4,0.08,1.0
0.0,600,4,0.09,1.0
0.0,600,4,0.09999999999999999,1.0
0.0,600,4,0.11,1.0
0.0,600,4,0.12,1.0
0.0,600,4,0.13,1.0
0.0,600,4,0.14,1.0
0.0,600,5,0.01,0.7378
0.0,600,5,0.02,0.9975
0.0,600,5,0.03,1.0
0.0,600,5,0.04,1.0
0.0,600,5,0.05,1.0
0.0,600,5,0.060000000000000005,1.0
0.0,600,5,0.06999999999999999,1.0
0.0,600,5,0.08,1.0
0.0,600,5,0.09,1.0
0.0,600,5,0.09999999999999999,1.0
0.0,600,5,0.11,1.0
0.0,600,5,0.12,1.0
0.0,600,5,0.13,1.0
0.0,600,5,0.14,1.0
0.0,600,6,0.01,0.5427
0.0,600,6,0.02,0.9927
0.0,600,6,0.03,1.0
0.0,600,6,0.04,1.0
0.0,600,6,0.05,1.0
0.0,600,6,0.060000000000000005,1.0
0.0,600,6,0.06999999999999999,1.0
0.0,600,6,0.08,1.0
0.0,600,6,0.09,1.0
0.0,600,6,0.09999999999999999,1.0
0.0,600,6,0.11,1.0
0.0,600,6,0.12,1.0
0.0,600,6,0.13,1.0
0.0,600,6,0.14,1.0
0.0,600,7,0.01,0.339
0.0,600,7,0.02,0.976
0.0,600,7,0.03,0.9997
0.0,600,7,0.04,1.0
0.0,600,7,0.05,1.0
0.0,600,7,0.060000000000000005,1.0
0.0,600,7,0.06999999999999999,1.0
0.0,600,7,0.08,1.0
0.0,600,7,0.09,1.0
0.0,600,7,0.09999999999999999,1.0
0.0,600,7,0.11,1.0
0.0,600,7,0.12,1.0
0.0,600,7,0.13,1.0
0.0,600,7,0.14,1.0
0.0,600,8,0.01,0.1779
0.0,600,8,0.02,0.9476
0.0,600,8,0.03,0.9992
0.0,600,8,0.04,1.0
0.0,600,8,0.05,1.0
0.0,600,8,0.060000000000000005,1.0
0.0,600,8,0.06999999999999999,1.0
0.0,600,8,0.08,1.0
0.0,600,8,0.09,1.0
0.0,600,8,0.09999999999999999,1.0
0.0,600,8,0.11,1.0
0.0,600,8,0.12,1.0
0.0,600,8,0.13,1.0
0.0,600,8,0.14,1.0
0.0,650,3,0.01,0.9769
0.0,650,3,0.02,1.0
0.0,650,3,0.03,1.0
0.0,650,3,0.04,1.0
0.0,650,3,0.05,1.0
0.0,650,3,0.060000000000000005,1.0
0.0,650,3,0.06999999999999999,1.0
0.0,650,3,0.08,1.0
0.0,650,3,0.09,1.0
0.0,650,3,0.09999999999999999,1.0
0.0,650,3,0.11,1.0
0.0,650,3,0.12,1.0
0.0,650,3,0.13,1.0
0.0,650,3,0.14,1.0
0.0,650,4,0.01,0.9239
0.0,650,4,0.02,0.9994
0.0,650,4,0.03,1.0
0.0,650,4,0.04,1.0
0.0,650,4,0.05,1.0
0.0,650,4,0.060000000000000005,1.0
0.0,650,4,0.06999999999999999,1.0
0.0,650,4,0.08,1.0
0.0,650,4,0.09,1.0
0.0,650,4,0.09999999999999999,1.0
0.0,650,4,0.11,1.0
0.0,650,4,0.12,1.0
0.0,650,4,0.13,1.0
0.0,650,4,0.14,1.0
0.0,650,5,0.01,0.8121
0.0,650,5,0.02,0.999
0.0,650,5,0.03,1.0
0.0,650,5,0.04,1.0
0.0,650,5,0.05,1.0
0.0,650,5,0.060000000000000005,1.0
0.0,650,5,0.06999999999999999,1.0
0.0,650,5,0.08,1.0
0.0,650,5,0.09,1.0
0.0,650,5,0.09999999999999999,1.0
0.0,650,5,0.11,1.0
0.0,650,5,0.12,1.0
0.0,650,5,0.13,1.0
0.0,650,5,0.14,1.0
0.0,650,6,0.01,0.6418
0.0,650,6,0.02,0.9968
0.0,650,6,0.03,1.0
0.0,650,6,0.04,1.0
0.0,650,6,0.05,1.0
0.0,650,6,0.060000000000000005,1.0
0.0,650,6,0.06999999999999999,1.0
0.0,650,6,0.08,1.0
0.0,650,6,0.09,1.0
0.0,650,6,0.09999999999999999,1.0
0.0,650,6,0.11,1.0
0.0,650,6,0.12,1.0
0.0,650,6,0.13,1.0
0.0,650,6,0.14,1.0
0.0,650,7,0.01,0.4415
0.0,650,7,0.02,0.9893
0.0,650,7,0.03,1.0
0.0,650,7,0.04,1.0
0.0,650,7,0.05,1.0
0.0,650,7,0.060000000000000005,1.0
0.0,650,7,0.06999999999999999,1.0
0.0,650,7,0.08,1.0
0.0,650,7,0.09,1.0
0.0,650,7,0.09999999999999999,1.0
0.0,650,7,0.11,1.0
0.0,650,7,0.12,1.0
0.0,650,7,0.13,1.0
0.0,650,7,0.14,1.0
0.0,650,8,0.01,0.2539
0.0,650,8,0.02,0.9741
0.0,650,8,0.03,0.9998
0.0,650,8,0.04,1.0
0.0,650,8,0.05,1.0
0.0,650,8,0.060000000000000005,1.0
0.0,650,8,0.06999999999999999,1.0
0.0,650,8,0.08,1.0
0.0,650,8,0.09,1.0
0.0,650,8,0.09999999999999999,1.0
0.0,650,8,0.11,1.0
0.0,650,8,0.12,1.0
0.0,650,8,0.13,1.0
0.0,650,8,0.14,1.0
0.1,50,3,0.01,0.0831
0.1,50,3,0.02,0.3156
0.1,50,3,0.03,0.5281
0.1,50,3,0.04,0.6982
0.1,50,3,0.05,0.8094
0.1,50,3,0.060000000000000005,0.8899
0.1,50,3,0.06999999999999999,0.935
0.1,50,3,0.08,0.9626
0.1,50,3,0.09,0.9794
0.1,50,3,0.09999999999999999,0.988
0.1,50,3,0.11,0.9925
0.1,50,3,0.12,0.996
0.1,50,3,0.13,0.998
0.1,50,3,0.14,0.9986
0.1,50,4,0.01,0.017
0.1,50,4,0.02,0.1289
0.1,50,4,0.03,0.2933
0.1,50,4,0.04,0.4795
0.1,50,4,0.05,0.6234
0.1,50,4,0.060000000000000005,0.7461
0.1,50,4,0.06999999999999999,0.841
0.1,50,4,0.08,0.8956
0.1,50,4,0.09,0.9353
0.1,50,4,0.09999999999999999,0.9579
0.1,50,4,0.11,0.9757
0.1,50,4,0.12,0.9861
0.1,50,4,0.13,0.9922
0.1,50,4,0.14,0.9954
0.1,50,5,0.01,0.0024
0.1,50,5,0.02,0.0422
0.1,50,5,0.03,0.1348
0.1,50,5,0.04,0.2722
0.1,50,5,0.05,0.4197
0.1,50,5,0.060000000000000005,0.5608
0.1,50,5,0.06999999999999999,0.6844
0.1,50,5,0.08,0.7759
0.1,50,5,0.09,0.8467
0.1,50,5,0.09999999999999999,0.8935
0.1,50,5,0.11,0.9307
0.1,50,5,0.12,0.9555
0.1,50,5,0.13,0.973
0.1,50,5,0.14,0.9838
0.1,50,6,0.01,0.0004
0.1,50,6,0.02,0.0112
0.1,50,6,0.03,0.0508
0.1,50,6,0.04,0.1339
0.1,50,6,0.05,0.2457
0.1,50,6,0.060000000000000005,0.3788
0.1,50,6,0.06999999999999999,0.5067
0.1,50,6,0.08,0.6202
0.1,50,6,0.09,0.7183
0.1,50,6,0.09999999999999999,0.7896
0.1,50,6,0.11,0.849
0.1,50,6,0.12,0.894
0.1,50,6,0.13,0.9289
0.1,50,6,0.14,0.9531
0.1,50,7,0.01,0.0
0.1,50,7,0.02,0.0021
0.1,50,7,0.03,0.0163
0.1,50,7,0.04,0.0594
0.1,50,7,0.05,0.1254
0.1,50,7,0.060000000000000005,0.2227
0.1,50,7,0.06999999999999999,0.3319
0.1,50,7,0.08,0.4453
0.1,50,7,0.09,0.5578
0.1,50,7,0.09999999999999999,0.651
0.1,50,7,0.11,0.7359
0.1,50,7,0.12,0.8022
0.1,50,7,0.13,0.855
0.1,50,7,0.14,0.8938
0.1,50,8,0.01,0.0
0.1,50,8,0.02,0.0006
0.1,50,8,0.03,0.0042
0.1,50,8,0.04,0.0203
0.1,50,8,0.05,0.0547
0.1,50,8,0.060000000000000005,0.1157
0.1,50,8,0.06999999999999999,0.1932
0.1,50,8,0.08,0.29
0.1,50,8,0.09,0.3935
0.1,50,8,0.09999999999999999,0.4894
0.1,50,8,0.11,0.5855
0.1,50,8,0.12,0.671
0.1,50,8,0.13,0.7464
0.1,50,8,0.14,0.8049
0.1,100,3,0.01,0.3057
0.1,100,3,0.02,0.7317
0.1,100,3,0.03,0.908
0.1,100,3,0.04,0.9731
0.1,100,3,0.05,0.9919
0.1,100,3,0.060000000000000005,0.9983
0.1,100,3,0.06999999999999999,0.9994
0.1,100,3,0.08,1.0
0.1,100,3,0.09,1.0
0.1,100,3,0.09999999999999999,1.0
0.1,100,3,0.11,1.0
0.1,100,3,0.12,1.0
0.1,100,3,0.13,1.0
0.1,100,3,0.14,1.0
0.1,100,4,0.01,0.1157
0.1,100,4,0.02,0.513
0.1,100,4,0.03,0.7787
0.1,100,4,0.04,0.918
0.1,100,4,0.05,0.9703
0.1,100,4,0.060000000000000005,0.9898
0.1,100,4,0.06999999999999999,0.9972
0.1,100,4,0.08,0.9995
0.1,100,4,0.09,0.9999
0.1,100,4,0.09999999999999999,0.9999
0.1,100,4,0.11,1.0
0.1,100,4,0.12,1.0
0.1,100,4,0.13,1.0
0.1,100,4,0.14,1.0
0.1,100,5,0.01,0.0342
0.1,100,5,0.02,0.3077
0.1,100,5,0.03,0.616
0.1,100,5,0.04,0.8194
0.1,100,5,0.05,0.9211
0.1,100,5,0.060000000000000005,0.9694
0.1,100,5,0.06999999999999999,0.9897
0.1,100,5,0.08,0.9966
0.1,100,5,0.09,0.9987
0.1,100,5,0.09999999999999999,0.9999
0.1,100,5,0.11,0.9999
0.1,100,5,0.12,1.0
0.1,100,5,0.13,1.0
0.1,100,5,0.14,1.0
0.1,100,6,0.01,0.0077
0.1,100,6,0.02,0.1521
0.1,100,6,0.03,0.4246
0.1,100,6,0.04,0.6819
0.1,100,6,0.05,0.8397
0.1,100,6,0.060000000000000005,0.929
0.1,100,6,0.06999999999999999,0.9713
0.1,100,6,0.08,0.9881
0.1,100,6,0.09,0.9963
0.1,100,6,0.09999999999999999,0.999
0.1,100,6,0.11,0.9994
0.1,100,6,0.12,0.9998
0.1,100,6,0.13,1.0
0.1,100,6,0.14,1.0
0.1,100,7,0.01,0.0012
0.1,100,7,0.02,0.0638
0.1,100,7,0.03,0.2575
0.1,100,7,0.04,0.5204
0.1,100,7,0.05,0.7216
0.1,100,7,0.060000000000000005,0.8603
0.1,100,7,0.06999999999999999,0.9345
0.1,100,7,0.08,0.9715
0.1,100,7,0.09,0.9893
0.1,100,7,0.09999999999999999,0.9958
0.1,100,7,0.11,0.9985
0.1,100,7,0.12,0.9993
0.1,100,7,0.13,0.9998
0.1,100,7,0.14,1.0
0.1,100,8,0.01,0.0002
0.1,100,8,0.02,0.0227
0.1,100,8,0.03,0.1373
0.1,100,8,0.04,0.3537
0.1,100,8,0.05,0.5764
0.1,100,8,0.060000000000000005,0.7576
0.1,100,8,0.06999999999999999,0.8735
0.1,100,8,0.08,0.9355
0.1,100,8,0.09,0.9697
0.1,100,8,0.09999999999999999,0.9868
0.1,100,8,0.11,0.9948
0.1,100,8,0.12,0.9986
0.1,100,8,0.13,0.9993
0.1,100,8,0.14,0.9997
0.1,150,3,0.01,0.5453
0.1,150,3,0.02,0.9196
0.1,150,3,0.03,0.9868
0.1,150,3,0.04,0.9972
0.1,150,3,0.05,0.9994
0.1,150,3,0.060000000000000005,1.0
0.1,150,3,0.06999999999999999,1.0
0.1,150,3,0.08,1.0
0.1,150,3,0.09,1.0
0.1,150,3,0.09999999999999999,1.0
0.1,150,3,0.11,1.0
0.1,150,3,0.12,1.0
0.1,150,3,0.13,1.0
0.1,150,3,0.14,1.0
0.1,150,4,0.01,0.2927
0.1,150,4,0.02,0.7988
0.1,150,4,0.03,0.9566
0.1,150,4,0.04,0.992
0.1,150,4,0.05,0.9986
0.1,150,4,0.060000000000000005,0.9997
0.1,150,4,0.06999999999999999,0.9998
0.1,150,4,0.08,1.0
0.1,150,4,0.09,1.0
0.1,150,4,0.09999999999999999,1.0
0.1,150,4,0.11,1.0
0.1,150,4,0.12,1.0
0.1,150,4,0.13,1.0
0.1,150,4,0.14,1.0
0.1,150,5,0.01,0.1251
0.1,150,5,0.02,0.635
0.1,150,5,0.03,0.8897
0.1,150,5,0.04,0.9772
0.1,150,5,0.05,0.994
0.1,150,5,0.060000000000000005,0.9989
0.1,150,5,0.06999999999999999,0.9996
0.1,150,5,0.08,1.0
0.1,150,5,0.09,1.0
0.1,150,5,0.09999999999999999,1.0
0.1,150,5,0.11,1.0
0.1,150,5,0.12,1.0
0.1,150,5,0.13,1.0
0.1,150,5,0.14,1.0
0.1,150,6,0.01,0.0398
0.1,150,6,0.02,0.4457
0.1,150,6,0.03,0.7829
0.1,150,6,0.04,0.9397
0.1,150,6,0.05,0.9826
0.1,150,6,0.060000000000000005,0.9967
0.1,150,6,0.06999999999999999,0.9991
0.1,150,6,0.08,0.9998
0.1,150,6,0.09,1.0
0.1,150,6,0.09999999999999999,1.0
0.1,150,6,0.11,1.0
0.1,150,6,0.12,1.0
0.1,150,6,0.13,1.0
0.1,150,6,0.14,1.0
0.1,150,7,0.01,0.0097
0.1,150,7,0.02,0.2712
0.1,150,7,0.03,0.6443
0.1,150,7,0.04,0.8757
0.1,150,7,0.05,0.9599
0.1,150,7,0.060000000000000005,0.9899
0.1,150,7,0.06999999999999999,0.9978
0.1,150,7,0.08,0.9994
0.1,150,7,0.09,0.9999
0.1,150,7,0.09999999999999999,1.0
0.1,150,7,0.11,1.0
0.1,150,7,0.12,1.0
0.1,150,7,0.13,1.0
0.1,150,7,0.14,1.0
0.1,150,8,0.01,0.0022
0.1,150,8,0.02,0.1422
0.1,150,8,0.03,0.4846
0.1,150,8,0.04,0.782
0.1,150,8,0.05,0.9198
0.1,150,8,0.060000000000000005,0.9757
0.1,150,8,0.06999999999999999,0.9938
0.1,150,8,0.08,0.9982
0.1,150,8,0.09,0.9997
0.1,150,8,0.09999999999999999,1.0
0.1,150,8,0.11,1.0
0.1,150,8,0.12,1.0
0.1,150,8,0.13,1.0
0.1,150,8,0.14,1.0
0.1,200,3,0.01,0.7265
0.1,200,3,0.02,0.9804
0.1,200,3,0.03,0.9988
0.1,200,3,0.04,0.9999
0.1,200,3,0.05,1.0
0.1,200,3,0.060000000000000005,1.0
0.1,200,3,0.06999999999999999,1.0
0.1,200,3,0.08,1.0
0.1,200,3,0.09,1.0
0.1,200,3,0.09999999999999999,1.0
0.1,200,3,0.11,1.0
0.1,200,3,0.12,1.0
0.1,200,3,0.13,1.0
0.1,200,3,0.14,1.0
0.1,200,4,0.01,0.4915
0.1,200,4,0.02,0.9342
0.1,200,4,0.03,0.9936
0.1,200,4,0.04,0.9995
0.1,200,4,0.05,1.0
0.1,200,4,0.060000000000000005,1.0
0.1,200,4,0.06999999999999999,1.0
0.1,200,4,0.08,1.0
0.1,200,4,0.09,1.0
0.1,200,4,0.09999999999999999,1.0
0.1,200,4,0.11,1.0
0.1,200,4,0.12,1.0
0.1,200,4,0.13,1.0
0.1,200,4,0.14,1.0
0.1,200,5,0.01,0.2721
0.1,200,5,0.02,0.8457
0.1,200,5,0.03,0.979
0.1,200,5,0.04,0.9982
0.1,200,5,0.05,0.9998
0.1,200,5,0.060000000000000005,1.0
0.1,200,5,0.06999999999999999,1.0
0.1,200,5,0.08,1.0
0.1,200,5,0.09,1.0
0.1,200,5,0.09999999999999999,1.0
0.1,200,5,0.11,1.0
0.1,200,5,0.12,1.0
0.1,200,5,0.13,1.0
0.1,200,5,0.14,1.0
0.1,200,6,0.01,0.1211
0.1,200,6,0.02,0.7069
0.1,200,6,0.03,0.9466
0.1,200,6,0.04,0.9928
0.1,200,6,0.05,0.9994
0.1,200,6,0.060000000000000005,1.0
0.1,200,6,0.06999999999999999,1.0
0.1,200,6,0.08,1.0
0.1,200,6,0.09,1.0
0.1,200,6,0.09999999999999999,1.0
0.1,200,6,0.11,1.0
0.1,200,6,0.12,1.0
0.1,200,6,0.13,1.0
0.1,200,6,0.14,1.0
0.1,200,7,0.01,0.0439
0.1,200,7,0.02,0.5437
0.1,200,7,0.03,0.8855
0.1,200,7,0.04,0.9808
0.1,200,7,0.05,0.9973
0.1,200,7,0.060000000000000005,0.9999
0.1,200,7,0.06999999999999999,1.0
0.1,200,7,0.08,1.0
0.1,200,7,0.09,1.0
0.1,200,7,0.09999999999999999,1.0
0.1,200,7,0.11,1.0
0.1,200,7,0.12,1.0
0.1,200,7,0.13,1.0
0.1,200,7,0.14,1.0
0.1,200,8,0.01,0.013
0.1,200,8,0.02,0.3736
0.1,200,8,0.03,0.787
0.1,200,8,0.04,0.9576
0.1,200,8,0.05,0.9916
0.1,200,8,0.060000000000000005,0.999
0.1,200,8,0.06999999999999999,1.0
0.1,200,8,0.08,1.0
0.1,200,8,0.09,1.0
0.1,200,8,0.09999999999999999,1.0
0.1,200,8,0.11,1.0
0.1,200,8,0.12,1.0
0.1,200,8,0.13,1.0
0.1,200,8,0.14,1.0
0.1,250,3,0.01,0.8507
0.1,250,3,0.02,0.9949
0.1,250,3,0.03,0.9999
0.1,250,3,0.04,1.0
0.1,250,3,0.05,1.0
0.1,250,3,0.060000000000000005,1.0
0.1,250,3,0.06999999999999999,1.0
0.1,250,3,0.08,1.0
0.1,250,3,0.09,1.0
0.1,250,3,0.09999999999999999,1.0
0.1,250,3,0.11,1.0
0.1,250,3,0.12,1.0
0.1,250,3,0.13,1.0
0.1,250,3,0.14,1.0
0.1,250,4,0.01,0.6596
0.1,250,4,0.02,0.9802
0.1,250,4,0.03,0.9995
0.1,250,4,0.04,0.9999
0.1,250,4,0.05,1.0
0.1,250,4,0.060000000000000005,1.0
0.1,250,4,0.06999999999999999,1.0
0.1,250,4,0.08,1.0
0.1,250,4,0.09,1.0
0.1,250,4,0.09999999999999999,1.0
0.1,250,4,0.11,1.0
0.1,250,4,0.12,1.0
0.1,250,4,0.13,1.0
0.1,250,4,0.14,1.0
0.1,250,5,0.01,0.4337
0.1,250,5,0.02,0.9463
0.1,250,5,0.03,0.9969
0.1,250,5,0.04,0.9999
0.1,250,5,0.05,0.9999
0.1,250,5,0.060000000000000005,1.0
0.1,250,5,0.06999999999999999,1.0
0.1,250,5,0.08,1.0
0.1,250,5,0.09,1.0
0.1,250,5,0.09999999999999999,1.0
0.1,250,5,0.11,1.0
0.1,250,5,0.12,1.0
0.1,250,5,0.13,1.0
0.1,250,5,0.14,1.0
0.1,250,6,0.01,0.2376
0.1,250,6,0.02,0.875
0.1,250,6,0.03,0.9887
0.1,250,6,0.04,0.9993
0.1,250,6,0.05,0.9999
0.1,250,6,0.060000000000000005,1.0
0.1,250,6,0.06999999999999999,1.0
0.1,250,6,0.08,1.0
0.1,250,6,0.09,1.0
0.1,250,6,0.09999999999999999,1.0
0.1,250,6,0.11,1.0
0.1,250,6,0.12,1.0
0.1,250,6,0.13,1.0
0.1,250,6,0.14,1.0
0.1,250,7,0.01,0.1088
0.1,250,7,0.02,0.7621
0.1,250,7,0.03,0.971
0.1,250,7,0.04,0.9979
0.1,250,7,0.05,0.9999
0.1,250,7,0.060000000000000005,1.0
0.1,250,7,0.06999999999999999,1.0
0.1,250,7,0.08,1.0
0.1,250,7,0.09,1.0
0.1,250,7,0.09999999999999999,1.0
0.1,250,7,0.11,1.0
0.1,250,7,0.12,1.0
0.1,250,7,0.13,1.0
0.1,250,7,0.14,1.0
0.1,250,8,0.01,0.0413
0.1,250,8,0.02,0.61
0.1,250,8,0.03,0.9363
0.1,250,8,0.04,0.9945
0.1,250,8,0.05,0.9998
0.1,250,8,0.060000000000000005,1.0
0.1,250,8,0.06999999999999999,1.0
0.1,250,8,0.08,1.0
0.1,250,8,0.09,1.0
0.1,250,8,0.09999999999999999,1.0
0.1,250,8,0.11,1.0
0.1,250,8,0.12,1.0
0.1,250,8,0.13,1.0
0.1,250,8,0.14,1.0
0.1,300,3,0.01,0.9196
0.1,300,3,0.02,0.9988
0.1,300,3,0.03,1.0
0.1,300,3,0.04,1.0
0.1,300,3,0.05,1.0
0.1,300,3,0.060000000000000005,1.0
0.1,300,3,0.06999999999999999,1.0
0.1,300,3,0.08,1.0
0.1,300,3,0.09,1.0
0.1,300,3,0.09999999999999999,1.0
0.1,300,3,0.11,1.0
0.1,300,3,0.12,1.0
0.1,300,3,0.13,1.0
0.1,300,3,0.14,1.0
0.1,300,4,0.01,0.792
0.1,300,4,0.02,0.9952
0.1,300,4,0.03,0.9998
0.1,300,4,0.04,1.0
0.1,300,4,0.05,1.0
0.1,300,4,0.060000000000000005,1.0
0.1,300,4,0.06999999999999999,1.0
0.1,300,4,0.08,1.0
0.1,300,4,0.09,1.0
0.1,300,4,0.09999999999999999,1.0
0.1,300,4,0.11,1.0
0.1,300,4,0.12,1.0
0.1,300,4,0.13,1.0
0.1,300,4,0.14,1.0
0.1,300,5,0.01,0.5931
0.1,300,5,0.02,0.984
0.1,300,5,0.03,0.9997
0.1,300,5,0.04,1.0
0.1,300,5,0.05,1.0
0.1,300,5,0.060000000000000005,1.0
0.1,300,5,0.06999999999999999,1.0
0.1,300,5,0.08,1.0
0.1,300,5,0.09,1.0
0.1,300,5,0.09999999999999999,1.0
0.1,300,5,0.11,1.0
0.1,300,5,0.12,1.0
0.1,300,5,0.13,1.0
0.1,300,5,0.14,1.0
0.1,300,6,0.01,0.3839
0.1,300,6,0.02,0.9562
0.1,300,6,0.03,0.9985
0.1,300,6,0.04,0.9998
0.1,300,6,0.05,1.0
0.1,300,6,0.060000000000000005,1.0
0.1,300,6,0.06999999999999999,1.0
0.1,300,6,0.08,1.0
0.1,300,6,0.09,1.0
0.1,300,6,0.09999999999999999,1.0
0.1,300,6,0.11,1.0
0.1,300,6,0.12,1.0
0.1,300,6,0.13,1.0
0.1,300,6,0.14,1.0
0.1,300,7,0.01,0.2067
0.1,300,7,0.02,0.8968
0.1,300,7,0.03,0.9936
0.1,300,7,0.04,0.9998
0.1,300,7,0.05,0.9999
0.1,300,7,0.060000000000000005,1.0
0.1,300,7,0.06999999999999999,1.0
0.1,300,7,0.08,1.0
0.1,300,7,0.09,1.0
0.1,300,7,0.09999999999999999,1.0
0.1,300,7,0.11,1.0
0.1,300,7,0.12,1.0
0.1,300,7,0.13,1.0
0.1,300,7,0.14,1.0
0.1,300,8,0.01,0.0967
0.1,300,8,0.02,0.8015
0.1,300,8,0.03,0.9842
0.1,300,8,0.04,0.9996
0.1,300,8,0.05,0.9998
0.1,300,8,0.060000000000000005,1.0
0.1,300,8,0.06999999999999999,1.0
0.1,300,8,0.08,1.0
0.1,300,8,0.09,1.0
0.1,300,8,0.09999999999999999,1.0
0.1,300,8,0.11,1.0
0.1,300,8,0.12,1.0
0.1,300,8,0.13,1.0
0.1,300,8,0.14,1.0
0.1,350,3,0.01,0.9598
0.1,350,3,0.02,0.9995
0.1,350,3,0.03,1.0
0.1,350,3,0.04,1.0
0.1,350,3,0.05,1.0
0.1,350,3,0.060000000000000005,1.0
0.1,350,3,0.06999999999999999,1.0
0.1,350,3,0.08,1.0
0.1,350,3,0.09,1.0
0.1,350,3,0.09999999999999999,1.0
0.1,350,3,0.11,1.0
0.1,350,3,0.12,1.0
0.1,350,3,0.13,1.0
0.1,350,3,0.14,1.0
0.1,350,4,0.01,0.876
0.1,350,4,0.02,0.9984
0.1,350,4,0.03,1.0
0.1,350,4,0.04,1.0
0.1,350,4,0.05,1.0
0.1,350,4,0.060000000000000005,1.0
0.1,350,4,0.06999999999999999,1.0
0.1,350,4,0.08,1.0
0.1,350,4,0.09,1.0
0.1,350,4,0.09999999999999999,1.0
0.1,350,4,0.11,1.0
0.1,350,4,0.12,1.0
0.1,350,4,0.13,1.0
0.1,350,4,0.14,1.0
0.1,350,5,0.01,0.7293
0.1,350,5,0.02,0.9958
0.1,350,5,0.03,0.9998
0.1,350,5,0.04,1.0
0.1,350,5,0.05,1.0
0.1,350,5,0.060000000000000005,1.0
0.1,350,5,0.06999999999999999,1.0
0.1,350,5,0.08,1.0
0.1,350,5,0.09,1.0
0.1,350,5,0.09999999999999999,1.0
0.1,350,5,0.11,1.0
0.1,350,5,0.12,1.0
0.1,350,5,0.13,1.0
0.1,350,5,0.14,1.0
0.1,350,6,0.01,0.532
0.1,350,6,0.02,0.985
0.1,350,6,0.03,0.9998
0.1,350,6,0.04,1.0
0.1,350,6,0.05,1.0
0.1,350,6,0.060000000000000005,1.0
0.1,350,6,0.06999999999999999,1.0
0.1,350,6,0.08,1.0
0.1,350,6,0.09,1.0
0.1,350,6,0.09999999999999999,1.0
0.1,350,6,0.11,1.0
0.1,350,6,0.12,1.0
0.1,350,6,0.13,1.0
0.1,350,6,0.14,1.0
0.1,350,7,0.01,0.3327
0.1,350,7,0.02,0.9642
0.1,350,7,0.03,0.9989
0.1,350,7,0.04,0.9999
0.1,350,7,0.05,1.0
0.1,350,7,0.060000000000000005,1.0
0.1,350,7,0.06999999999999999,1.0
0.1,350,7,0.08,1.0
0.1,350,7,0.09,1.0
0.1,350,7,0.09999999999999999,1.0
0.1,350,7,0.11,1.0
0.1,350,7,0.12,1.0
0.1,350,7,0.13,1.0
0.1,350,7,0.14,1.0
0.1,350,8,0.01,0.1787
0.1,350,8,0.02,0.914
0.1,350,8,0.03,0.997
0.1,350,8,0.04,0.9999
0.1,350,8,0.05,1.0
0.1,350,8,0.060000000000000005,1.0
0.1,350,8,0.06999999999999999,1.0
0.1,350,8,0.08,1.0
0.1,350,8,0.09,1.0
0.1,350,8,0.09999999999999999,1.0
0.1,350,8,0.11,1.0
0.1,350,8,0.12,1.0
0.1,350,8,0.13,1.0
0.1,350,8,0.14,1.0
0.1,400,3,0.01,0.9801
0.1,400,3,0.02,0.9999
0.1,400,3,0.03,1.0
0.1,400,3,0.04,1.0
0.1,400,3,0.05,1.0
0.1,400,3,0.060000000000000005,1.0
0.1,400,3,0.06999999999999999,1.0
0.1,400,3,0.08,1.0
0.1,400,3,0.09,1.0
0.1,400,3,0.09999999999999999,1.0
0.1,400,3,0.11,1.0
0.1,400,3,0.12,1.0
0.1,400,3,0.13,1.0
0.1,400,3,0.14,1.0
0.1,400,4,0.01,0.9299
0.1,400,4,0.02,0.9996
0.1,400,4,0.03,1.0
0.1,400,4,0.04,1.0
0.1,400,4,0.05,1.0
0.1,400,4,0.060000000000000005,1.0
0.1,400,4,0.06999999999999999,1.0
0.1,400,4,0.08,1.0
0.1,400,4,0.09,1.0
0.1,400,4,0.09999999999999999,1.0
0.1,400,4,0.11,1.0
0.1,400,4,0.12,1.0
0.1,400,4,0.13,1.0
0.1,400,4,0.14,1.0
0.1,400,5,0.01,0.8285
0.1,400,5,0.02,0.9986
0.1,400,5,0.03,1.0
0.1,400,5,0.04,1.0
0.1,400,5,0.05,1.0
0.1,400,5,0.060000000000000005,1.0
0.1,400,5,0.06999999999999999,1.0
0.1,400,5,0.08,1.0
0.1,400,5,0.09,1.0
0.1,400,5,0.09999999999999999,1.0
0.1,400,5,0.11,1.0
0.1,400,5,0.12,1.0
0.1,400,5,0.13,1.0
0.1,400,5,0.14,1.0
0.1,400,6,0.01,0.6614
0.1,400,6,0.02,0.996
0.1,400,6,0.03,1.0
0.1,400,6,0.04,1.0
0.1,400,6,0.05,1.0
0.1,400,6,0.060000000000000005,1.0
0.1,400,6,0.06999999999999999,1.0
0.1,400,6,0.08,1.0
0.1,400,6,0.09,1.0
0.1,400,6,0.09999999999999999,1.0
0.1,400,6,0.11,1.0
0.1,400,6,0.12,1.0
0.1,400,6,0.13,1.0
0.1,400,6,0.14,1.0
0.1,400,7,0.01,0.4638
0.1,400,7,0.02,0.9876
0.1,400,7,0.03,0.9998
0.1,400,7,0.04,1.0
0.1,400,7,0.05,1.0
0.1,400,7,0.060000000000000005,1.0
0.1,400,7,0.06999999999999999,1.0
0.1,400,7,0.08,1.0
0.1,400,7,0.09,1.0
0.1,400,7,0.09999999999999999,1.0
0.1,400,7,0.11,1.0
0.1,400,7,0.12,1.0
0.1,400,7,0.13,1.0
0.1,400,7,0.14,1.0
0.1,400,8,0.01,0.2821
0.1,400,8,0.02,0.9679
0.1,400,8,0.03,0.9993
0.1,400,8,0.04,1.0
0.1,400,8,0.05,1.0
0.1,400,8,0.060000000000000005,1.0
0.1,400,8,0.06999999999999999,1.0
0.1,400,8,0.08,1.0
0.1,400,8,0.09,1.0
0.1,400,8,0.09999999999999999,1.0
0.1,400,8,0.11,1.0
0.1,400,8,0.12,1.0
0.1,400,8,0.13,1.0
0.1,400,8,0.14,1.0
0.1,450,3,0.01,0.9906
0.1,450,3,0.02,0.9999
0.1,450,3,0.03,1.0
0.1,450,3,0.04,1.0
0.1,450,3,0.05,1.0
0.1,450,3,0.060000000000000005,1.0
0.1,450,3,0.06999999999999999,1.0
0.1,450,3,0.08,1.0
0.1,450,3,0.09,1.0
0.1,450,3,0.09999999999999999,1.0
0.1,450,3,0.11,1.0
0.1,450,3,0.12,1.0
0.1,450,3,0.13,1.0
0.1,450,3,0.14,1.0
0.1,450,4,0.01,0.9644
0.1,450,4,0.02,0.9999
0.1,450,4,0.03,1.0
0.1,450,4,0.04,1.0
0.1,450,4,0.05,1.0
0.1,450,4,0.060000000000000005,1.0
0.1,450,4,0.06999999999999999,1.0
0.1,450,4,0.08,1.0
0.1,450,4,0.09,1.0
0.1,450,4,0.09999999999999999,1.0
0.1,450,4,0.11,1.0
0.1,450,4,0.12,1.0
0.1,450,4,0.13,1.0
0.1,450,4,0.14,1.0
0.1,450,5,0.01,0.8971
0.1,450,5,0.02,0.9997
0.1,450,5,0.03,1.0
0.1,450,5,0.04,1.0
0.1,450,5,0.05,1.0
0.1,450,5,0.060000000000000005,1.0
0.1,450,5,0.06999999999999999,1.0
0.1,450,5,0.08,1.0
0.1,450,5,0.09,1.0
0.1,450,5,0.09999999999999999,1.0
0.1,450,5,0.11,1.0
0.1,450,5,0.12,1.0
0.1,450,5,0.13,1.0
0.1,450,5,0.14,1.0
0.1,450,6,0.01,0.7683
0.1,450,6,0.02,0.9986
0.1,450,6,0.03,1.0
0.1,450,6,0.04,1.0
0.1,450,6,0.05,1.0
0.1,450,6,0.060000000000000005,1.0
0.1,450,6,0.06999999999999999,1.0
0.1,450,6,0.08,1.0
0.1,450,6,0.09,1.0
0.1,450,6,0.09999999999999999,1.0
0.1,450,6,0.11,1.0
0.1,450,6,0.12,1.0
0.1,450,6,0.13,1.0
0.1,450,6,0.14,1.0
0.1,450,7,0.01,0.5938
0.1,450,7,0.02,0.9962
0.1,450,7,0.03,1.0
0.1,450,7,0.04,1.0
0.1,450,7,0.05,1.0
0.1,450,7,0.060000000000000005,1.0
0.1,450,7,0.06999999999999999,1.0
0.1,450,7,0.08,1.0
0.1,450,7,0.09,1.0
0.1,450,7,0.09999999999999999,1.0
0.1,450,7,0.11,1.0
0.1,450,7,0.12,1.0
0.1,450,7,0.13,1.0
0.1,450,7,0.14,1.0
0.1,450,8,0.01,0.3998
0.1,450,8,0.02,0.9895
0.1,450,8,0.03,0.9999
0.1,450,8,0.04,1.0
0.1,450,8,0.05,1.0
0.1,450,8,0.060000000000000005,1.0
0.1,450,8,0.06999999999999999,1.0
0.1,450,8,0.08,1.0
0.1,450,8,0.09,1.0
0.1,450,8,0.09999999999999999,1.0
0.1,450,8,0.11,1.0
0.1,450,8,0.12,1.0
0.1,450,8,0.13,1.0
0.1,450,8,0.14,1.0
0.1,500,3,0.01,0.996
0.1,500,3,0.02,1.0
0.1,500,3,0.03,1.0
0.1,500,3,0.04,1.0
0.1,500,3,0.05,1.0
0.1,500,3,0.060000000000000005,1.0
0.1,500,3,0.06999999999999999,1.0
0.1,500,3,0.08,1.0
0.1,500,3,0.09,1.0
0.1,500,3,0.09999999999999999,1.0
0.1,500,3,0.11,1.0
0.1,500,3,0.12,1.0
0.1,500,3,0.13,1.0
0.1,500,3,0.14,1.0
0.1,500,4,0.01,0.9822
0.1,500,4,0.02,1.0
0.1,500,4,0.03,1.0
0.1,500,4,0.04,1.0
0.1,500,4,0.05,1.0
0.1,500,4,0.060000000000000005,1.0
0.1,500,4,0.06999999999999999,1.0
0.1,500,4,0.08,1.0
0.1,500,4,0.09,1.0
0.1,500,4,0.09999999999999999,1.0
0.1,500,4,0.11,1.0
0.1,500,4,0.12,1.0
0.1,500,4,0.13,1.0
0.1,500,4,0.14,1.0
0.1,500,5,0.01,0.9413
0.1,500,5,0.02,0.9999
0.1,500,5,0.03,1.0
0.1,500,5,0.04,1.0
0.1,500,5,0.05,1.0
0.1,500,5,0.060000000000000005,1.0
0.1,500,5,0.06999999999999999,1.0
0.1,500,5,0.08,1.0
0.1,500,5,0.09,1.0
0.1,500,5,0.09999999999999999,1.0
0.1,500,5,0.11,1.0
0.1,500,5,0.12,1.0
0.1,500,5,0.13,1.0
0.1,500,5,0.14,1.0
0.1,500,6,0.01,0.8541
0.1,500,6,0.02,0.9997
0.1,500,6,0.03,1.0
0.1,500,6,0.04,1.0
0.1,500,6,0.05,1.0
0.1,500,6,0.060000000000000005,1.0
0.1,500,6,0.06999999999999999,1.0
0.1,500,6,0.08,1.0
0.1,500,6,0.09,1.0
0.1,500,6,0.09999999999999999,1.0
0.1,500,6,0.11,1.0
0.1,500,6,0.12,1.0
0.1,500,6,0.13,1.0
0.1,500,6,0.14,1.0
0.1,500,7,0.01,0.7063
0.1,500,7,0.02,0.9988
0.1,500,7,0.03,1.0
0.1,500,7,0.04,1.0
0.1,500,7,0.05,1.0
0.1,500,7,0.060000000000000005,1.0
0.1,500,7,0.06999999999999999,1.0
0.1,500,7,0.08,1.0
0.1,500,7,0.09,1.0
0.1,500,7,0.09999999999999999,1.0
0.1,500,7,0.11,1.0
0.1,500,7,0.12,1.0
0.1,500,7,0.13,1.0
0.1,500,7,0.14,1.0
0.1,500,8,0.01,0.5208
0.1,500,8,0.02,0.996
0.1,500,8,0.03,1.0
0.1,500,8,0.04,1.0
0.1,500,8,0.05,1.0
0.1,500,8,0.060000000000000005,1.0
0.1,500,8,0.06999999999999999,1.0
0.1,500,8,0.08,1.0
0.1,500,8,0.09,1.0
0.1,500,8,0.09999999999999999,1.0
0.1,500,8,0.11,1.0
0.1,500,8,0.12,1.0
0.1,500,8,0.13,1.0
0.1,500,8,0.14,1.0
0.1,550,3,0.01,0.9981
0.1,550,3,0.02,1.0
0.1,550,3,0.03,1.0
0.1,550,3,0.04,1.0
0.1,550,3,0.05,1.0
0.1,550,3,0.060000000000000005,1.0
0.1,550,3,0.06999999999999999,1.0
0.1,550,3,0.08,1.0
0.1,550,3,0.09,1.0
0.1,550,3,0.09999999999999999,1.0
0.1,550,3,0.11,1.0
0.1,550,3,0.12,1.0
0.1,550,3,0.13,1.0
0.1,550,3,0.14,1.0
0.1,550,4,0.01,0.9913
0.1,550,4,0.02,1.0
0.1,550,4,0.03,1.0
0.1,550,4,0.04,1.0
0.1,550,4,0.05,1.0
0.1,550,4,0.060000000000000005,1.0
0.1,550,4,0.06999999999999999,1.0
0.1,550,4,0.08,1.0
0.1,550,4,0.09,1.0
0.1,550,4,0.09999999999999999,1.0
0.1,550,4,0.11,1.0
0.1,550,4,0.12,1.0
0.1,550,4,0.13,1.0
0.1,550,4,0.14,1.0
0.1,550,5,0.01,0.968
0.1,550,5,0.02,1.0
0.1,550,5,0.03,1.0
0.1,550,5,0.04,1.0
0.1,550,5,0.05,1.0
0.1,550,5,0.060000000000000005,1.0
0.1,550,5,0.06999999999999999,1.0
0.1,550,5,0.08,1.0
0.1,550,5,0.09,1.0
0.1,550,5,0.09999999999999999,1.0
0.1,550,5,0.11,1.0
0.1,550,5,0.12,1.0
0.1,550,5,0.13,1.0
0.1,550,5,0.14,1.0
0.1,550,6,0.01,0.9097
0.1,550,6,0.02,1.0
0.1,550,6,0.03,1.0
0.1,550,6,0.04,1.0
0.1,550,6,0.05,1.0
0.1,550,6,0.060000000000000005,1.0
0.1,550,6,0.06999999999999999,1.0
0.1,550,6,0.08,1.0
0.1,550,6,0.09,1.0
0.1,550,6,0.09999999999999999,1.0
0.1,550,6,0.11,1.0
0.1,550,6,0.12,1.0
0.1,550,6,0.13,1.0
0.1,550,6,0.14,1.0
0.1,550,7,0.01,0.796
0.1,550,7,0.02,0.9996
0.1,550,7,0.03,1.0
0.1,550,7,0.04,1.0
0.1,550,7,0.05,1.0
0.1,550,7,0.060000000000000005,1.0
0.1,550,7,0.06999999999999999,1.0
0.1,550,7,0.08,1.0
0.1,550,7,0.09,1.0
0.1,550,7,0.09999999999999999,1.0
0.1,550,7,0.11,1.0
0.1,550,7,0.12,1.0
0.1,550,7,0.13,1.0
0.1,550,7,0.14,1.0
0.1,550,8,0.01,0.6366
0.1,550,8,0.02,0.9987
0.1,550,8,0.03,1.0
0.1,550,8,0.04,1.0
0.1,550,8,0.05,1.0
0.1,550,8,0.060000000000000005,1.0
0.1,550,8,0.06999999999999999,1.0
0.1,550,8,0.08,1.0
0.1,550,8,0.09,1.0
0.1,550,8,0.09999999999999999,1.0
0.1,550,8,0.11,1.0
0.1,550,8,0.12,1.0
0.1,550,8,0.13,1.0
0.1,550,8,0.14,1.0
0.1,600,3,0.01,0.9992
0.1,600,3,0.02,1.0
0.1,600,3,0.03,1.0
0.1,600,3,0.04,1.0
0.1,600,3,0.05,1.0
0.1,600,3,0.060000000000000005,1.0
0.1,600,3,0.06999999999999999,1.0
0.1,600,3,0.08,1.0
0.1,600,3,0.09,1.0
0.1,600,3,0.09999999999999999,1.0
0.1,600,3,0.11,1.0
0.1,600,3,0.12,1.0
0.1,600,3,0.13,1.0
0.1,600,3,0.14,1.0
0.1,600,4,0.01,0.9955
0.1,600,4,0.02,1.0
0.1,600,4,0.03,1.0
0.1,600,4,0.04,1.0
0.1,600,4,0.05,1.0
0.1,600,4,0.060000000000000005,1.0
0.1,600,4,0.06999999999999999,1.0
0.1,600,4,0.08,1.0
0.1,600,4,0.09,1.0
0.1,600,4,0.09999999999999999,1.0
0.1,600,4,0.11,1.0
0.1,600,4,0.12,1.0
0.1,600,4,0.13,1.0
0.1,600,4,0.14,1.0
0.1,600,5,0.01,0.9828
0.1,600,5,0.02,1.0
0.1,600,5,0.03,1.0
0.1,600,5,0.04,1.0
0.1,600,5,0.05,1.0
0.1,600,5,0.060000000000000005,1.0
0.1,600,5,0.06999999999999999,1.0
0.1,600,5,0.08,1.0
0.1,600,5,0.09,1.0
0.1,600,5,0.09999999999999999,1.0
0.1,600,5,0.11,1.0
0.1,600,5,0.12,1.0
0.1,600,5,0.13,1.0
0.1,600,5,0.14,1.0
0.1,600,6,0.01,0.9454
0.1,600,6,0.02,1.0
0.1,600,6,0.03,1.0
0.1,600,6,0.04,1.0
0.1,600,6,0.05,1.0
0.1,600,6,0.060000000000000005,1.0
0.1,600,6,0.06999999999999999,1.0
0.1,600,6,0.08,1.0
0.1,600,6,0.09,1.0
0.1,600,6,0.09999999999999999,1.0
0.1,600,6,0.11,1.0
0.1,600,6,0.12,1.0
0.1,600,6,0.13,1.0
0.1,600,6,0.14,1.0
0.1,600,7,0.01,0.8683
0.1,600,7,0.02,0.9999
0.1,600,7,0.03,1.0
0.1,600,7,0.04,1.0
0.1,600,7,0.05,1.0
0.1,600,7,0.060000000000000005,1.0
0.1,600,7,0.06999999999999999,1.0
0.1,600,7,0.08,1.0
0.1,600,7,0.09,1.0
0.1,600,7,0.09999999999999999,1.0
0.1,600,7,0.11,1.0
0.1,600,7,0.12,1.0
0.1,600,7,0.13,1.0
0.1,600,7,0.14,1.0
0.1,600,8,0.01,0.732
0.1,600,8,0.02,0.9996
0.1,600,8,0.03,1.0
0.1,600,8,0.04,1.0
0.1,600,8,0.05,1.0
0.1,600,8,0.060000000000000005,1.0
0.1,600,8,0.06999999999999999,1.0
0.1,600,8,0.08,1.0
0.1,600,8,0.09,1.0
0.1,600,8,0.09999999999999999,1.0
0.1,600,8,0.11,1.0
0.1,600,8,0.12,1.0
0.1,600,8,0.13,1.0
0.1,600,8,0.14,1.0
0.1,650,3,0.01,0.9998
0.1,650,3,0.02,1.0
0.1,650,3,0.03,1.0
0.1,650,3,0.04,1.0
0.1,650,3,0.05,1.0
0.1,650,3,0.060000000000000005,1.0
0.1,650,3,0.06999999999999999,1.0
0.1,650,3,0.08,1.0
0.1,650,3,0.09,1.0
0.1,650,3,0.09999999999999999,1.0
0.1,650,3,0.11,1.0
0.1,650,3,0.12,1.0
0.1,650,3,0.13,1.0
0.1,650,3,0.14,1.0
0.1,650,4,0.01,0.998
0.1,650,4,0.02,1.0
0.1,650,4,0.03,1.0
0.1,650,4,0.04,1.0
0.1,650,4,0.05,1.0
0.1,650,4,0.060000000000000005,1.0
0.1,650,4,0.06999999999999999,1.0
0.1,650,4,0.08,1.0
0.1,650,4,0.09,1.0
0.1,650,4,0.09999999999999999,1.0
0.1,650,4,0.11,1.0
0.1,650,4,0.12,1.0
0.1,650,4,0.13,1.0
0.1,650,4,0.14,1.0
0.1,650,5,0.01,0.9905
0.1,650,5,0.02,1.0
0.1,650,5,0.03,1.0
0.1,650,5,0.04,1.0
0.1,650,5,0.05,1.0
0.1,650,5,0.060000000000000005,1.0
0.1,650,5,0.06999999999999999,1.0
0.1,650,5,0.08,1.0
0.1,650,5,0.09,1.0
0.1,650,5,0.09999999999999999,1.0
0.1,650,5,0.11,1.0
0.1,650,5,0.12,1.0
0.1,650,5,0.13,1.0
0.1,650,5,0.14,1.0
0.1,650,6,0.01,0.969
0.1,650,6,0.02,1.0
0.1,650,6,0.03,1.0
0.1,650,6,0.04,1.0
0.1,650,6,0.05,1.0
0.1,650,6,0.060000000000000005,1.0
0.1,650,6,0.06999999999999999,1.0
0.1,650,6,0.08,1.0
0.1,650,6,0.09,1.0
0.1,650,6,0.09999999999999999,1.0
0.1,650,6,0.11,1.0
0.1,650,6,0.12,1.0
0.1,650,6,0.13,1.0
0.1,650,6,0.14,1.0
0.1,650,7,0.01,0.9153
0.1,650,7,0.02,1.0
0.1,650,7,0.03,1.0
0.1,650,7,0.04,1.0
0.1,650,7,0.05,1.0
0.1,650,7,0.060000000000000005,1.0
0.1,650,7,0.06999999999999999,1.0
0.1,650,7,0.08,1.0
0.1,650,7,0.09,1.0
0.1,650,7,0.09999999999999999,1.0
0.1,650,7,0.11,1.0
0.1,650,7,0.12,1.0
0.1,650,7,0.13,1.0
0.1,650,7,0.14,1.0
0.1,650,8,0.01,0.8149
0.1,650,8,0.02,1.0
0.1,650,8,0.03,1.0
0.1,650,8,0.04,1.0
0.1,650,8,0.05,1.0
0.1,650,8,0.060000000000000005,1.0
0.1,650,8,0.06999999999999999,1.0
0.1,650,8,0.08,1.0
0.1,650,8,0.09,1.0
0.1,650,8,0.09999999999999999,1.0
0.1,650,8,0.11,1.0
0.1,650,8,0.12,1.0
0.1,650,8,0.13,1.0
0.1,650,8,0.14,1.0
0.20000000000000004,50,3,0.01,0.2711
0.20000000000000004,50,3,0.02,0.6398
0.20000000000000004,50,3,0.03,0.828
0.20000000000000004,50,3,0.04,0.929
0.20000000000000004,50,3,0.05,0.9669
0.20000000000000004,50,3,0.060000000000000005,0.9859
0.20000000000000004,50,3,0.06999999999999999,0.9937
0.20000000000000004,50,3,0.08,0.9975
0.20000000000000004,50,3,0.09,0.9987
0.20000000000000004,50,3,0.09999999999999999,0.9989
0.20000000000000004,50,3,0.11,0.9994
0.20000000000000004,50,3,0.12,0.9996
0.20000000000000004,50,3,0.13,0.9998
0.20000000000000004,50,3,0.14,0.9999
0.20000000000000004,50,4,0.01,0.1016
0.20000000000000004,50,4,0.02,0.4082
0.20000000000000004,50,4,0.03,0.6511
0.20000000000000004,50,4,0.04,0.8218
0.20000000000000004,50,4,0.05,0.9066
0.20000000000000004,50,4,0.060000000000000005,0.9531
0.20000000000000004,50,4,0.06999999999999999,0.9769
0.20000000000000004,50,4,0.08,0.9887
0.20000000000000004,50,4,0.09,0.9948
0.20000000000000004,50,4,0.09999999999999999,0.9974
0.20000000000000004,50,4,0.11,0.9985
0.20000000000000004,50,4,0.12,0.9989
0.20000000000000004,50,4,0.13,0.9992
0.20000000000000004,50,4,0.14,0.9996
0.20000000000000004,50,5,0.01,0.0281
0.20000000000000004,50,5,0.02,0.2136
0.20000000000000004,50,5,0.03,0.446
0.20000000000000004,50,5,0.04,0.6516
0.20000000000000004,50,5,0.05,0.7945
0.20000000000000004,50,5,0.060000000000000005,0.884
0.20000000000000004,50,5,0.06999999999999999,0.936
0.20000000000000004,50,5,0.08,0.9614
0.20000000000000004,50,5,0.09,0.9815
0.20000000000000004,50,5,0.09999999999999999,0.9904
0.20000000000000004,50,5,0.11,0.995
0.20000000000000004,50,5,0.12,0.9964
0.20000000000000004,50,5,0.13,0.9984
0.20000000000000004,50,5,0.14,0.999
0.20000000000000004,50,6,0.01,0.0059
0.20000000000000004,50,6,0.02,0.093
0.20000000000000004,50,6,0.03,0.2674
0.20000000000000004,50,6,0.04,0.4714
0.20000000000000004,50,6,0.05,0.6389
0.20000000000000004,50,6,0.060000000000000005,0.7673
0.20000000000000004,50,6,0.06999999999999999,0.8571
0.20000000000000004,50,6,0.08,0.9126
0.20000000000000004,50,6,0.09,0.9478
0.20000000000000004,50,6,0.09999999999999999,0.9663
0.20000000000000004,50,6,0.11,0.9801
0.20000000000000004,50,6,0.12,0.9874
0.20000000000000004,50,6,0.13,0.993
0.20000000000000004,50,6,0.14,0.9961
0.20000000000000004,50,7,0.01,0.0013
0.20000000000000004,50,7,0.02,0.0353
0.20000000000000004,50,7,0.03,0.1377
0.20000000000000004,50,7,0.04,0.2971
0.20000000000000004,50,7,0.05,0.4653
0.20000000000000004,50,7,0.060000000000000005,0.621
0.20000000000000004,50,7,0.06999999999999999,0.7411
0.20000000000000004,50,7,0.08,0.8236
0.20000000000000004,50,7,0.09,0.8858
0.20000000000000004,50,7,0.09999999999999999,0.9238
0.20000000000000004,50,7,0.11,0.9514
0.20000000000000004,50,7,0.12,0.9683
0.20000000000000004,50,7,0.13,0.9809
0.20000000000000004,50,7,0.14,0.9871
0.20000000000000004,50,8,0.01,0.0
0.20000000000000004,50,8,0.02,0.01
0.20000000000000004,50,8,0.03,0.0591
0.20000000000000004,50,8,0.04,0.1676
0.20000000000000004,50,8,0.05,0.3047
0.20000000000000004,50,8,0.060000000000000005,0.4545
0.20000000000000004,50,8,0.06999999999999999,0.5925
0.20000000000000004,50,8,0.08,0.7039
0.20000000000000004,50,8,0.09,0.7909
0.20000000000000004,50,8,0.09999999999999999,0.8488
0.20000000000000004,50,8,0.11,0.8988
0.20000000000000004,50,8,0.12,0.9316
0.20000000000000004,50,8,0.13,0.9547
0.20000000000000004,50,8,0.14,0.9689
0.20000000000000004,100,3,0.01,0.6481
0.20000000000000004,100,3,0.02,0.9463
0.20000000000000004,100,3,0.03,0.9928
0.20000000000000004,100,3,0.04,0.9992
0.20000000000000004,100,3,0.05,1.0
0.20000000000000004,100,3,0.060000000000000005,1.0
0.20000000000000004,100,3,0.06999999999999999,1.0
0.20000000000000004,100,3,0.08,1.0
0.20000000000000004,100,3,0.09,1.0
0.20000000000000004,100,3,0.09999999999999999,1.0
0.20000000000000004,100,3,0.11,1.0
0.20000000000000004,100,3,0.12,1.0
0.20000000000000004,100,3,0.13,1.0
0.20000000000000004,100,3,0.14,1.0
0.20000000000000004,100,4,0.01,0.4058
0.20000000000000004,100,4,0.02,0.8585
0.20000000000000004,100,4,0.03,0.9726
0.20000000000000004,100,4,0.04,0.9953
0.20000000000000004,100,4,0.05,0.9992
0.20000000000000004,100,4,0.060000000000000005,0.9999
0.20000000000000004,100,4,0.06999999999999999,1.0
0.20000000000000004,100,4,0.08,1.0
0.20000000000000004,100,4,0.09,1.0
0.20000000000000004,100,4,0.09999999999999999,1.0
0.20000000000000004,100,4,0.11,1.0
0.20000000000000004,100,4,0.12,1.0
0.20000000000000004,100,4,0.13,1.0
0.20000000000000004,100,4,0.14,1.0
0.20000000000000004,100,5,0.01,0.2057
0.20000000000000004,100,5,0.02,0.7201
0.20000000000000004,100,5,0.03,0.9218
0.20000000000000004,100,5,0.04,0.9817
0.20000000000000004,100,5,0.05,0.9966
0.20000000000000004,100,5,0.060000000000000005,0.9992
0.20000000000000004,100,5,0.06999999999999999,0.9999
0.20000000000000004,100,5,0.08,1.0
0.20000000000000004,100,5,0.09,1.0
0.20000000000000004,100,5,0.09999999999999999,1.0
0.20000000000000004,100,5,0.11,1.0
0.20000000000000004,100,5,0.12,1.0
0.20000000000000004,100,5,0.13,1.0
0.20000000000000004,100,5,0.14,1.0
0.20000000000000004,100,6,0.01,0.081
0.20000000000000004,100,6,0.02,0.5415
0.20000000000000004,100,6,0.03,0.8329
0.20000000000000004,100,6,0.04,0.9557
0.20000000000000004,100,6,0.05,0.9878
0.20000000000000004,100,6,0.060000000000000005,0.9977
0.20000000000000004,100,6,0.06999999999999999,0.9995
0.20000000000000004,100,6,0.08,0.9997
0.20000000000000004,100,6,0.09,0.9999
0.20000000000000004,100,6,0.09999999999999999,1.0
0.20000000000000004,100,6,0.11,1.0
0.20000000000000004,100,6,0.12,1.0
0.20000000000000004,100,6,0.13,1.0
0.20000000000000004,100,6,0.14,1.0
0.20000000000000004,100,7,0.01,0.0258
0.20000000000000004,100,7,0.02,0.36
0.20000000000000004,100,7,0.03,0.7119
0.20000000000000004,100,7,0.04,0.9013
0.20000000000000004,100,7,0.05,0.9672
0.20000000000000004,100,7,0.060000000000000005,0.9927
0.20000000000000004,100,7,0.06999999999999999,0.9981
0.20000000000000004,100,7,0.08,0.9993
0.20000000000000004,100,7,0.09,0.9997
0.20000000000000004,100,7,0.09999999999999999,1.0
0.20000000000000004,100,7,0.11,1.0
0.20000000000000004,100,7,0.12,1.0
0.20000000000000004,100,7,0.13,1.0
0.20000000000000004,100,7,0.14,1.0
0.20000000000000004,100,8,0.01,0.0066
0.20000000000000004,100,8,0.02,0.211
0.20000000000000004,100,8,0.03,0.5588
0.20000000000000004,100,8,0.04,0.8195
0.20000000000000004,100,8,0.05,0.9275
0.20000000000000004,100,8,0.060000000000000005,0.9777
0.20000000000000004,100,8,0.06999999999999999,0.9943
0.20000000000000004,100,8,0.08,0.9985
0.20000000000000004,100,8,0.09,0.9993
0.20000000000000004,100,8,0.09999999999999999,0.9997
0.20000000000000004,100,8,0.11,0.9999
0.20000000000000004,100,8,0.12,0.9999
0.20000000000000004,100,8,0.13,1.0
0.20000000000000004,100,8,0.14,1.0
0.20000000000000004,150,3,0.01,0.8584
0.20000000000000004,150,3,0.02,0.9944
0.20000000000000004,150,3,0.03,0.9994
0.20000000000000004,150,3,0.04,1.0
0.20000000000000004,150,3,0.05,1.0
0.20000000000000004,150,3,0.060000000000000005,1.0
0.20000000000000004,150,3,0.06999999999999999,1.0
0.20000000000000004,150,3,0.08,1.0
0.20000000000000004,150,3,0.09,1.0
0.20000000000000004,150,3,0.09999999999999999,1.0
0.20000000000000004,150,3,0.11,1.0
0.20000000000000004,150,3,0.12,1.0
0.20000000000000004,150,3,0.13,1.0
0.20000000000000004,150,3,0.14,1.0
0.20000000000000004,150,4,0.01,0.6839
0.20000000000000004,150,4,0.02,0.9775
0.20000000000000004,150,4,0.03,0.9983
0.20000000000000004,150,4,0.04,0.9999
0.20000000000000004,150,4,0.05,1.0
0.20000000000000004,150,4,0.060000000000000005,1.0
0.20000000000000004,150,4,0.06999999999999999,1.0
0.20000000000000004,150,4,0.08,1.0
0.20000000000000004,150,4,0.09,1.0
0.20000000000000004,150,4,0.09999999999999999,1.0
0.20000000000000004,150,4,0.11,1.0
0.20000000000000004,150,4,0.12,1.0
0.20000000000000004,150,4,0.13,1.0
0.20000000000000004,150,4,0.14,1.0
0.20000000000000004,150,5,0.01,0.4718
0.20000000000000004,150,5,0.02,0.9362
0.20000000000000004,150,5,0.03,0.9948
0.20000000000000004,150,5,0.04,0.9992
0.20000000000000004,150,5,0.05,0.9999
0.20000000000000004,150,5,0.060000000000000005,1.0
0.20000000000000004,150,5,0.06999999999999999,1.0
0.20000000000000004,150,5,0.08,1.0
0.20000000000000004,150,5,0.09,1.0
0.20000000000000004,150,5,0.09999999999999999,1.0
0.20000000000000004,150,5,0.11,1.0
0.20000000000000004,150,5,0.12,1.0
0.20000000000000004,150,5,0.13,1.0
0.20000000000000004,150,5,0.14,1.0
0.20000000000000004,150,6,0.01,0.2676
0.20000000000000004,150,6,0.02,0.8549
0.20000000000000004,150,6,0.03,0.9814
0.20000000000000004,150,6,0.04,0.9982
0.20000000000000004,150,6,0.05,0.9997
0.20000000000000004,150,6,0.060000000000000005,0.9999
0.20000000000000004,150,6,0.06999999999999999,1.0
0.20000000000000004,150,6,0.08,1.0
0.20000000000000004,150,6,0.09,1.0
0.20000000000000004,150,6,0.09999999999999999,1.0
0.20000000000000004,150,6,0.11,1.0
0.20000000000000004,150,6,0.12,1.0
0.20000000000000004,150,6,0.13,1.0
0.20000000000000004,150,6,0.14,1.0
0.20000000000000004,150,7,0.01,0.1267
0.20000000000000004,150,7,0.02,0.7396
0.20000000000000004,150,7,0.03,0.952
0.20000000000000004,150,7,0.04,0.994
0.20000000000000004,150,7,0.05,0.9994
0.20000000000000004,150,7,0.060000000000000005,0.9999
0.20000000000000004,150,7,0.06999999999999999,1.0
0.20000000000000004,150,7,0.08,1.0
0.20000000000000004,150,7,0.09,1.0
0.20000000000000004,150,7,0.09999999999999999,1.0
0.20000000000000004,150,7,0.11,1.0
0.20000000000000004,150,7,0.12,1.0
0.20000000000000004,150,7,0.13,1.0
0.20000000000000004,150,7,0.14,1.0
0.20000000000000004,150,8,0.01,0.0472
0.20000000000000004,150,8,0.02,0.5868
0.20000000000000004,150,8,0.03,0.9014
0.20000000000000004,150,8,0.04,0.9843
0.20000000000000004,150,8,0.05,0.997
0.20000000000000004,150,8,0.060000000000000005,0.9999
0.20000000000000004,150,8,0.06999999999999999,1.0
0.20000000000000004,150,8,0.08,1.0
0.20000000000000004,150,8,0.09,1.0
0.20000000000000004,150,8,0.09999999999999999,1.0
0.20000000000000004,150,8,0.11,1.0
0.20000000000000004,150,8,0.12,1.0
0.20000000000000004,150,8,0.13,1.0
0.20000000000000004,150,8,0.14,1.0
0.20000000000000004,200,3,0.01,0.9494
0.20000000000000004,200,3,0.02,0.9997
0.20000000000000004,200,3,0.03,1.0
0.20000000000000004,200,3,0.04,1.0
0.20000000000000004,200,3,0.05,1.0
0.20000000000000004,200,3,0.060000000000000005,1.0
0.20000000000000004,200,3,0.06999999999999999,1.0
0.20000000000000004,200,3,0.08,1.0
0.20000000000000004,200,3,0.09,1.0
0.20000000000000004,200,3,0.09999999999999999,1.0
0.20000000000000004,200,3,0.11,1.0
0.20000000000000004,200,3,0.12,1.0
0.20000000000000004,200,3,0.13,1.0
0.20000000000000004,200,3,0.14,1.0
0.20000000000000004,200,4,0.01,0.8604
0.20000000000000004,200,4,0.02,0.9973
0.20000000000000004,200,4,0.03,1.0
0.20000000000000004,200,4,0.04,1.0
0.20000000000000004,200,4,0.05,1.0
0.20000000000000004,200,4,0.060000000000000005,1.0
0.20000000000000004,200,4,0.06999999999999999,1.0
0.20000000000000004,200,4,0.08,1.0
0.20000000000000004,200,4,0.09,1.0
0.20000000000000004,200,4,0.09999999999999999,1.0
0.20000000000000004,200,4,0.11,1.0
0.20000000000000004,200,4,0.12,1.0
0.20000000000000004,200,4,0.13,1.0
0.20000000000000004,200,4,0.14,1.0
0.20000000000000004,200,5,0.01,0.6957
0.20000000000000004,200,5,0.02,0.9905
0.20000000000000004,200,5,0.03,0.9999
0.20000000000000004,200,5,0.04,1.0
0.20000000000000004,200,5,0.05,1.0
0.20000000000000004,200,5,0.060000000000000005,1.0
0.20000000000000004,200,5,0.06999999999999999,1.0
0.20000000000000004,200,5,0.08,1.0
0.20000000000000004,200,5,0.09,1.0
0.20000000000000004,200,5,0.09999999999999999,1.0
0.20000000000000004,200,5,0.11,1.0
0.20000000000000004,200,5,0.12,1.0
0.20000000000000004,200,5,0.13,1.0
0.20000000000000004,200,5,0.14,1.0
0.20000000000000004,200,6,0.01,0.4917
0.20000000000000004,200,6,0.02,0.9706
0.20000000000000004,200,6,0.03,0.9991
0.20000000000000004,200,6,0.04,1.0
0.20000000000000004,200,6,0.05,1.0
0.20000000000000004,200,6,0.060000000000000005,1.0
0.20000000000000004,200,6,0.06999999999999999,1.0
0.20000000000000004,200,6,0.08,1.0
0.20000000000000004,200,6,0.09,1.0
0.20000000000000004,200,6,0.09999999999999999,1.0
0.20000000000000004,200,6,0.11,1.0
0.20000000000000004,200,6,0.12,1.0
0.20000000000000004,200,6,0.13,1.0
0.20000000000000004,200,6,0.14,1.0
0.20000000000000004,200,7,0.01,0.3027
0.20000000000000004,200,7,0.02,0.9243
0.20000000000000004,200,7,0.03,0.9951
0.20000000000000004,200,7,0.04,0.9999
0.20000000000000004,200,7,0.05,1.0
0.20000000000000004,200,7,0.060000000000000005,1.0
0.20000000000000004,200,7,0.06999999999999999,1.0
0.20000000000000004,200,7,0.08,1.0
0.20000000000000004,200,7,0.09,1.0
0.20000000000000004,200,7,0.09999999999999999,1.0
0.20000000000000004,200,7,0.11,1.0
0.20000000000000004,200,7,0.12,1.0
0.20000000000000004,200,7,0.13,1.0
0.20000000000000004,200,7,0.14,1.0
0.20000000000000004,200,8,0.01,0.157
0.20000000000000004,200,8,0.02,0.849
0.20000000000000004,200,8,0.03,0.9886
0.20000000000000004,200,8,0.04,0.9996
0.20000000000000004,200,8,0.05,0.9999
0.20000000000000004,200,8,0.060000000000000005,1.0
0.20000000000000004,200,8,0.06999999999999999,1.0
0.20000000000000004,200,8,0.08,1.0
0.20000000000000004,200,8,0.09,1.0
0.20000000000000004,200,8,0.09999999999999999,1.0
0.20000000000000004,200,8,0.11,1.0
0.20000000000000004,200,8,0.12,1.0
0.20000000000000004,200,8,0.13,1.0
0.20000000000000004,200,8,0.14,1.0
0.20000000000000004,250,3,0.01,0.9823
0.20000000000000004,250,3,0.02,1.0
0.20000000000000004,250,3,0.03,1.0
0.20000000000000004,250,3,0.04,1.0
0.20000000000000004,250,3,0.05,1.0
0.20000000000000004,250,3,0.060000000000000005,1.0
0.20000000000000004,250,3,0.06999999999999999,1.0
0.20000000000000004,250,3,0.08,1.0
0.20000000000000004,250,3,0.09,1.0
0.20000000000000004,250,3,0.09999999999999999,1.0
0.20000000000000004,250,3,0.11,1.0
0.20000000000000004,250,3,0.12,1.0
0.20000000000000004,250,3,0.13,1.0
0.20000000000000004,250,3,0.14,1.0
0.20000000000000004,250,4,0.01,0.9406
0.20000000000000004,250,4,0.02,0.9997
0.20000000000000004,250,4,0.03,1.0
0.20000000000000004,250,4,0.04,1.0
0.20000000000000004,250,4,0.05,1.0
0.20000000000000004,250,4,0.060000000000000005,1.0
0.20000000000000004,250,4,0.06999999999999999,1.0
0.20000000000000004,250,4,0.08,1.0
0.20000000000000004,250,4,0.09,1.0
0.20000000000000004,250,4,0.09999999999999999,1.0
0.20000000000000004,250,4,0.11,1.0
0.20000000000000004,250,4,0.12,1.0
0.20000000000000004,250,4,0.13,1.0
0.20000000000000004,250,4,0.14,1.0
0.20000000000000004,250,5,0.01,0.8516
0.20000000000000004,250,5,0.02,0.9985
0.20000000000000004,250,5,0.03,1.0
0.20000000000000004,250,5,0.04,1.0
0.20000000000000004,250,5,0.05,1.0
0.20000000000000004,250,5,0.060000000000000005,1.0
0.20000000000000004,250,5,0.06999999999999999,1.0
0.20000000000000004,250,5,0.08,1.0
0.20000000000000004,250,5,0.09,1.0
0.20000000000000004,250,5,0.09999999999999999,1.0
0.20000000000000004,250,5,0.11,1.0
0.20000000000000004,250,5,0.12,1.0
0.20000000000000004,250,5,0.13,1.0
0.20000000000000004,250,5,0.14,1.0
0.20000000000000004,250,6,0.01,0.6916
0.20000000000000004,250,6,0.02,0.9949
0.20000000000000004,250,6,0.03,1.0
0.20000000000000004,250,6,0.04,1.0
0.20000000000000004,250,6,0.05,1.0
0.20000000000000004,250,6,0.060000000000000005,1.0
0.20000000000000004,250,6,0.06999999999999999,1.0
0.20000000000000004,250,6,0.08,1.0
0.20000000000000004,250,6,0.09,1.0
0.20000000000000004,250,6,0.09999999999999999,1.0
0.20000000000000004,250,6,0.11,1.0
0.20000000000000004,250,6,0.12,1.0
0.20000000000000004,250,6,0.13,1.0
0.20000000000000004,250,6,0.14,1.0
0.20000000000000004,250,7,0.01,0.4929
0.20000000000000004,250,7,0.02,0.9845
0.20000000000000004,250,7,0.03,0.9998
0.20000000000000004,250,7,0.04,1.0
0.20000000000000004,250,7,0.05,1.0
0.20000000000000004,250,7,0.060000000000000005,1.0
0.20000000000000004,250,7,0.06999999999999999,1.0
0.20000000000000004,250,7,0.08,1.0
0.20000000000000004,250,7,0.09,1.0
0.20000000000000004,250,7,0.09999999999999999,1.0
0.20000000000000004,250,7,0.11,1.0
0.20000000000000004,250,7,0.12,1.0
0.20000000000000004,250,7,0.13,1.0
0.20000000000000004,250,7,0.14,1.0
0.20000000000000004,250,8,0.01,0.3091
0.20000000000000004,250,8,0.02,0.9588
0.20000000000000004,250,8,0.03,0.999
0.20000000000000004,250,8,0.04,1.0
0.20000000000000004,250,8,0.05,1.0
0.20000000000000004,250,8,0.060000000000000005,1.0
0.20000000000000004,250,8,0.06999999999999999,1.0
0.20000000000000004,250,8,0.08,1.0
0.20000000000000004,250,8,0.09,1.0
0.20000000000000004,250,8,0.09999999999999999,1.0
0.20000000000000004,250,8,0.11,1.0
0.20000000000000004,250,8,0.12,1.0
0.20000000000000004,250,8,0.13,1.0
0.20000000000000004,250,8,0.14,1.0
0.20000000000000004,300,3,0.01,0.9938
0.20000000000000004,300,3,0.02,1.0
0.20000000000000004,300,3,0.03,1.0
0.20000000000000004,300,3,0.04,1.0
0.20000000000000004,300,3,0.05,1.0
0.20000000000000004,300,3,0.060000000000000005,1.0
0.20000000000000004,300,3,0.06999999999999999,1.0
0.20000000000000004,300,3,0.08,1.0
0.20000000000000004,300,3,0.09,1.0
0.20000000000000004,300,3,0.09999999999999999,1.0
0.20000000000000004,300,3,0.11,1.0
0.20000000000000004,300,3,0.12,1.0
0.20000000000000004,300,3,0.13,1.0
0.20000000000000004,300,3,0.14,1.0
0.20000000000000004,300,4,0.01,0.978
0.20000000000000004,300,4,0.02,1.0
0.20000000000000004,300,4,0.03,1.0
0.20000000000000004,300,4,0.04,1.0
0.20000000000000004,300,4,0.05,1.0
0.20000000000000004,300,4,0.060000000000000005,1.0
0.20000000000000004,300,4,0.06999999999999999,1.0
0.20000000000000004,300,4,0.08,1.0
0.20000000000000004,300,4,0.09,1.0
0.20000000000000004,300,4,0.09999999999999999,1.0
0.20000000000000004,300,4,0.11,1.0
0.20000000000000004,300,4,0.12,1.0
0.20000000000000004,300,4,0.13,1.0
0.20000000000000004,300,4,0.14,1.0
0.20000000000000004,300,5,0.01,0.932
0.20000000000000004,300,5,0.02,0.9998
0.20000000000000004,300,5,0.03,1.0
0.20000000000000004,300,5,0.04,1.0
0.20000000000000004,300,5,0.05,1.0
0.20000000000000004,300,5,0.060000000000000005,1.0
0.20000000000000004,300,5,0.06999999999999999,1.0
0.20000000000000004,300,5,0.08,1.0
0.20000000000000004,300,5,0.09,1.0
0.20000000000000004,300,5,0.09999999999999999,1.0
0.20000000000000004,300,5,0.11,1.0
0.20000000000000004,300,5,0.12,1.0
0.20000000000000004,300,5,0.13,1.0
0.20000000000000004,300,5,0.14,1.0
0.20000000000000004,300,6,0.01,0.8367
0.20000000000000004,300,6,0.02,0.9991
0.20000000000000004,300,6,0.03,1.0
0.20000000000000004,300,6,0.04,1.0
0.20000000000000004,300,6,0.05,1.0
0.20000000000000004,300,6,0.060000000000000005,1.0
0.20000000000000004,300,6,0.06999999999999999,1.0
0.20000000000000004,300,6,0.08,1.0
0.20000000000000004,300,6,0.09,1.0
0.20000000000000004,300,6,0.09999999999999999,1.0
0.20000000000000004,300,6,0.11,1.0
0.20000000000000004,300,6,0.12,1.0
0.20000000000000004,300,6,0.13,1.0
0.20000000000000004,300,6,0.14,1.0
0.20000000000000004,300,7,0.01,0.6772
0.20000000000000004,300,7,0.02,0.9971
0.20000000000000004,300,7,0.03,1.0
0.20000000000000004,300,7,0.04,1.0
0.20000000000000004,300,7,0.05,1.0
0.20000000000000004,300,7,0.060000000000000005,1.0
0.20000000000000004,300,7,0.06999999999999999,1.0
0.20000000000000004,300,7,0.08,1.0
0.20000000000000004,300,7,0.09,1.0
0.20000000000000004,300,7,0.09999999999999999,1.0
0.20000000000000004,300,7,0.11,1.0
0.20000000000000004,300,7,0.12,1.0
0.20000000000000004,300,7,0.13,1.0
0.20000000000000004,300,7,0.14,1.0
0.20000000000000004,300,8,0.01,0.4866
0.20000000000000004,300,8,0.02,0.9907
0.20000000000000004,300,8,0.03,0.9999
0.20000000000000004,300,8,0.04,1.0
0.20000000000000004,300,8,0.05,1.0
0.20000000000000004,300,8,0.060000000000000005,1.0
0.20000000000000004,300,8,0.06999999999999999,1.0
0.20000000000000004,300,8,0.08,1.0
0.20000000000000004,300,8,0.09,1.0
0.20000000000000004,300,8,0.09999999999999999,1.0
0.20000000000000004,300,8,0.11,1.0
0.20000000000000004,300,8,0.12,1.0
0.20000000000000004,300,8,0.13,1.0
0.20000000000000004,300,8,0.14,1.0
0.20000000000000004,350,3,0.01,0.9979
0.20000000000000004,350,3,0.02,1.0
0.20000000000000004,350,3,0.03,1.0
0.20000000000000004,350,3,0.04,1.0
0.20000000000000004,350,3,0.05,1.0
0.20000000000000004,350,3,0.060000000000000005,1.0
0.20000000000000004,350,3,0.06999999999999999,1.0
0.20000000000000004,350,3,0.08,1.0
0.20000000000000004,350,3,0.09,1.0
0.20000000000000004,350,3,0.09999999999999999,1.0
0.20000000000000004,350,3,0.11,1.0
0.20000000000000004,350,3,0.12,1.0
0.20000000000000004,350,3,0.13,1.0
0.20000000000000004,350,3,0.14,1.0
0.20000000000000004,350,4,0.01,0.9918
0.20000000000000004,350,4,0.02,1.0
0.20000000000000004,350,4,0.03,1.0
0.20000000000000004,350,4,0.04,1.0
0.20000000000000004,350,4,0.05,1.0
0.20000000000000004,350,4,0.060000000000000005,1.0
0.20000000000000004,350,4,0.06999999999999999,1.0
0.20000000000000004,350,4,0.08,1.0
0.20000000000000004,350,4,0.09,1.0
0.20000000000000004,350,4,0.09999999999999999,1.0
0.20000000000000004,350,4,0.11,1.0
0.20000000000000004,350,4,0.12,1.0
0.20000000000000004,350,4,0.13,1.0
0.20000000000000004,350,4,0.14,1.0
0.20000000000000004,350,5,0.01,0.9709
0.20000000000000004,350,5,0.02,1.0
0.20000000000000004,350,5,0.03,1.0
0.20000000000000004,350,5,0.04,1.0
0.20000000000000004,350,5,0.05,1.0
0.20000000000000004,350,5,0.060000000000000005,1.0
0.20000000000000004,350,5,0.06999999999999999,1.0
0.20000000000000004,350,5,0.08,1.0
0.20000000000000004,350,5,0.09,1.0
0.20000000000000004,350,5,0.09999999999999999,1.0
0.20000000000000004,350,5,0.11,1.0
0.20000000000000004,350,5,0.12,1.0
0.20000000000000004,350,5,0.13,1.0
0.20000000000000004,350,5,0.14,1.0
0.20000000000000004,350,6,0.01,0.9206
0.20000000000000004,350,6,0.02,0.9997
0.20000000000000004,350,6,0.03,1.0
0.20000000000000004,350,6,0.04,1.0
0.20000000000000004,350,6,0.05,1.0
0.20000000000000004,350,6,0.060000000000000005,1.0
0.20000000000000004,350,6,0.06999999999999999,1.0
0.20000000000000004,350,6,0.08,1.0
0.20000000000000004,350,6,0.09,1.0
0.20000000000000004,350,6,0.09999999999999999,1.0
0.20000000000000004,350,6,0.11,1.0
0.20000000000000004,350,6,0.12,1.0
0.20000000000000004,350,6,0.13,1.0
0.20000000000000004,350,6,0.14,1.0
0.20000000000000004,350,7,0.01,0.8156
0.20000000000000004,350,7,0.02,0.9993
0.20000000000000004,350,7,0.03,1.0
0.20000000000000004,350,7,0.04,1.0
0.20000000000000004,350,7,0.05,1.0
0.20000000000000004,350,7,0.060000000000000005,1.0
0.20000000000000004,350,7,0.06999999999999999,1.0
0.20000000000000004,350,7,0.08,1.0
0.20000000000000004,350,7,0.09,1.0
0.20000000000000004,350,7,0.09999999999999999,1.0
0.20000000000000004,350,7,0.11,1.0
0.20000000000000004,350,7,0.12,1.0
0.20000000000000004,350,7,0.13,1.0
0.20000000000000004,350,7,0.14,1.0
0.20000000000000004,350,8,0.01,0.6538
0.20000000000000004,350,8,0.02,0.9984
0.20000000000000004,350,8,0.03,1.0
0.20000000000000004,350,8,0.04,1.0
0.20000000000000004,350,8,0.05,1.0
0.20000000000000004,350,8,0.060000000000000005,1.0
0.20000000000000004,350,8,0.06999999999999999,1.0
0.20000000000000004,350,8,0.08,1.0
0.20000000000000004,350,8,0.09,1.0
0.20000000000000004,350,8,0.09999999999999999,1.0
0.20000000000000004,350,8,0.11,1.0
0.20000000000000004,350,8,0.12,1.0
0.20000000000000004,350,8,0.13,1.0
0.20000000000000004,350,8,0.14,1.0
0.20000000000000004,400,3,0.01,0.9992
0.20000000000000004,400,3,0.02,1.0
0.20000000000000004,400,3,0.03,1.0
0.20000000000000004,400,3,0.04,1.0
0.20000000000000004,400,3,0.05,1.0
0.20000000000000004,400,3,0.060000000000000005,1.0
0.20000000000000004,400,3,0.06999999999999999,1.0
0.20000000000000004,400,3,0.08,1.0
0.20000000000000004,400,3,0.09,1.0
0.20000000000000004,400,3,0.09999999999999999,1.0
0.20000000000000004,400,3,0.11,1.0
0.20000000000000004,400,3,0.12,1.0
0.20000000000000004,400,3,0.13,1.0
0.20000000000000004,400,3,0.14,1.0
0.20000000000000004,400,4,0.01,0.9972
0.20000000000000004,400,4,0.02,1.0
0.20000000000000004,400,4,0.03,1.0
0.20000000000000004,400,4,0.04,1.0
0.20000000000000004,400,4,0.05,1.0
0.20000000000000004,400,4,0.060000000000000005,1.0
0.20000000000000004,400,4,0.06999999999999999,1.0
0.20000000000000004,400,4,0.08,1.0
0.20000000000000004,400,4,0.09,1.0
0.20000000000000004,400,4,0.09999999999999999,1.0
0.20000000000000004,400,4,0.11,1.0
0.20000000000000004,400,4,0.12,1.0
0.20000000000000004,400,4,0.13,1.0
0.20000000000000004,400,4,0.14,1.0
0.20000000000000004,400,5,0.01,0.988
0.20000000000000004,400,5,0.02,1.0
0.20000000000000004,400,5,0.03,1.0
0.20000000000000004,400,5,0.04,1.0
0.20000000000000004,400,5,0.05,1.0
0.20000000000000004,400,5,0.060000000000000005,1.0
0.20000000000000004,400,5,0.06999999999999999,1.0
0.20000000000000004,400,5,0.08,1.0
0.20000000000000004,400,5,0.09,1.0
0.20000000000000004,400,5,0.09999999999999999,1.0
0.20000000000000004,400,5,0.11,1.0
0.20000000000000004,400,5,0.12,1.0
0.20000000000000004,400,5,0.13,1.0
0.20000000000000004,400,5,0.14,1.0
0.20000000000000004,400,6,0.01,0.9609
0.20000000000000004,400,6,0.02,0.9999
0.20000000000000004,400,6,0.03,1.0
0.20000000000000004,400,6,0.04,1.0
0.20000000000000004,400,6,0.05,1.0
0.20000000000000004,400,6,0.060000000000000005,1.0
0.20000000000000004,400,6,0.06999999999999999,1.0
0.20000000000000004,400,6,0.08,1.0
0.20000000000000004,400,6,0.09,1.0
0.20000000000000004,400,6,0.09999999999999999,1.0
0.20000000000000004,400,6,0.11,1.0
0.20000000000000004,400,6,0.12,1.0
0.20000000000000004,400,6,0.13,1.0
0.20000000000000004,400,6,0.14,1.0
0.20000000000000004,400,7,0.01,0.901
0.20000000000000004,400,7,0.02,0.9998
0.20000000000000004,400,7,0.03,1.0
0.20000000000000004,400,7,0.04,1.0
0.20000000000000004,400,7,0.05,1.0
0.20000000000000004,400,7,0.060000000000000005,1.0
0.20000000000000004,400,7,0.06999999999999999,1.0
0.20000000000000004,400,7,0.08,1.0
0.20000000000000004,400,7,0.09,1.0
0.20000000000000004,400,7,0.09999999999999999,1.0
0.20000000000000004,400,7,0.11,1.0
0.20000000000000004,400,7,0.12,1.0
0.20000000000000004,400,7,0.13,1.0
0.20000000000000004,400,7,0.14,1.0
0.20000000000000004,400,8,0.01,0.7868
0.20000000000000004,400,8,0.02,0.9995
0.20000000000000004,400,8,0.03,1.0
0.20000000000000004,400,8,0.04,1.0
0.20000000000000004,400,8,0.05,1.0
0.20000000000000004,400,8,0.060000000000000005,1.0
0.20000000000000004,400,8,0.06999999999999999,1.0
0.20000000000000004,400,8,0.08,1.0
0.20000000000000004,400,8,0.09,1.0
0.20000000000000004,400,8,0.09999999999999999,1.0
0.20000000000000004,400,8,0.11,1.0
0.20000000000000004,400,8,0.12,1.0
0.20000000000000004,400,8,0.13,1.0
0.20000000000000004,400,8,0.14,1.0
0.20000000000000004,450,3,0.01,0.9999
0.20000000000000004,450,3,0.02,1.0
0.20000000000000004,450,3,0.03,1.0
0.20000000000000004,450,3,0.04,1.0
0.20000000000000004,450,3,0.05,1.0
0.20000000000000004,450,3,0.060000000000000005,1.0
0.20000000000000004,450,3,0.06999999999999999,1.0
0.20000000000000004,450,3,0.08,1.0
0.20000000000000004,450,3,0.09,1.0
0.20000000000000004,450,3,0.09999999999999999,1.0
0.20000000000000004,450,3,0.11,1.0
0.20000000000000004,450,3,0.12,1.0
0.20000000000000004,450,3,0.13,1.0
0.20000000000000004,450,3,0.14,1.0
0.20000000000000004,450,4,0.01,0.9994
0.20000000000000004,450,4,0.02,1.0
0.20000000000000004,450,4,0.03,1.0
0.20000000000000004,450,4,0.04,1.0
0.20000000000000004,450,4,0.05,1.0
0.20000000000000004,450,4,0.060000000000000005,1.0
0.20000000000000004,450,4,0.06999999999999999,1.0
0.20000000000000004,450,4,0.08,1.0
0.20000000000000004,450,4,0.09,1.0
0.20000000000000004,450,4,0.09999999999999999,1.0
0.20000000000000004,450,4,0.11,1.0
0.20000000000000004,450,4,0.12,1.0
0.20000000000000004,450,4,0.13,1.0
0.20000000000000004,450,4,0.14,1.0
0.20000000000000004,450,5,0.01,0.9963
0.20000000000000004,450,5,0.02,1.0
0.20000000000000004,450,5,0.03,1.0
0.20000000000000004,450,5,0.04,1.0
0.20000000000000004,450,5,0.05,1.0
0.20000000000000004,450,5,0.060000000000000005,1.0
0.20000000000000004,450,5,0.06999999999999999,1.0
0.20000000000000004,450,5,0.08,1.0
0.20000000000000004,450,5,0.09,1.0
0.20000000000000004,450,5,0.09999999999999999,1.0
0.20000000000000004,450,5,0.11,1.0
0.20000000000000004,450,5,0.12,1.0
0.20000000000000004,450,5,0.13,1.0
0.20000000000000004,450,5,0.14,1.0
0.20000000000000004,450,6,0.01,0.9841
0.20000000000000004,450,6,0.02,1.0
0.20000000000000004,450,6,0.03,1.0
0.20000000000000004,450,6,0.04,1.0
0.20000000000000004,450,6,0.05,1.0
0.20000000000000004,450,6,0.060000000000000005,1.0
0.20000000000000004,450,6,0.06999999999999999,1.0
0.20000000000000004,450,6,0.08,1.0
0.20000000000000004,450,6,0.09,1.0
0.20000000000000004,450,6,0.09999999999999999,1.0
0.20000000000000004,450,6,0.11,1.0
0.20000000000000004,450,6,0.12,1.0
0.20000000000000004,450,6,0.13,1.0
0.20000000000000004,450,6,0.14,1.0
0.20000000000000004,450,7,0.01,0.948
0.20000000000000004,450,7,0.02,1.0
0.20000000000000004,450,7,0.03,1.0
0.20000000000000004,450,7,0.04,1.0
0.20000000000000004,450,7,0.05,1.0
0.20000000000000004,450,7,0.060000000000000005,1.0
0.20000000000000004,450,7,0.06999999999999999,1.0
0.20000000000000004,450,7,0.08,1.0
0.20000000000000004,450,7,0.09,1.0
0.20000000000000004,450,7,0.09999999999999999,1.0
0.20000000000000004,450,7,0.11,1.0
0.20000000000000004,450,7,0.12,1.0
0.20000000000000004,450,7,0.13,1.0
0.20000000000000004,450,7,0.14,1.0
0.20000000000000004,450,8,0.01,0.8777
0.20000000000000004,450,8,0.02,0.9999
0.20000000000000004,450,8,0.03,1.0
0.20000000000000004,450,8,0.04,1.0
0.20000000000000004,450,8,0.05,1.0
0.20000000000000004,450,8,0.060000000000000005,1.0
0.20000000000000004,450,8,0.06999999999999999,1.0
0.20000000000000004,450,8,0.08,1.0
0.20000000000000004,450,8,0.09,1.0
0.20000000000000004,450,8,0.09999999999999999,1.0
0.20000000000000004,450,8,0.11,1.0
0.20000000000000004,450,8,0.12,1.0
0.20000000000000004,450,8,0.13,1.0
0.20000000000000004,450,8,0.14,1.0
0.20000000000000004,500,3,0.01,1.0
0.20000000000000004,500,3,0.02,1.0
0.20000000000000004,500,3,0.03,1.0
0.20000000000000004,500,3,0.04,1.0
0.20000000000000004,500,3,0.05,1.0
0.20000000000000004,500,3,0.060000000000000005,1.0
0.20000000000000004,500,3,0.06999999999999999,1.0
0.20000000000000004,500,3,0.08,1.0
0.20000000000000004,500,3,0.09,1.0
0.20000000000000004,500,3,0.09999999999999999,1.0
0.20000000000000004,500,3,0.11,1.0
0.20000000000000004,500,3,0.12,1.0
0.20000000000000004,500,3,0.13,1.0
0.20000000000000004,500,3,0.14,1.0
0.20000000000000004,500,4,0.01,0.9999
0.20000000000000004,500,4,0.02,1.0
0.20000000000000004,500,4,0.03,1.0
0.20000000000000004,500,4,0.04,1.0
0.20000000000000004,500,4,0.05,1.0
0.20000000000000004,500,4,0.060000000000000005,1.0
0.20000000000000004,500,4,0.06999999999999999,1.0
0.20000000000000004,500,4,0.08,1.0
0.20000000000000004,500,4,0.09,1.0
0.20000000000000004,500,4,0.09999999999999999,1.0
0.20000000000000004,500,4,0.11,1.0
0.20000000000000004,500,4,0.12,1.0
0.20000000000000004,500,4,0.13,1.0
0.20000000000000004,500,4,0.14,1.0
0.20000000000000004,500,5,0.01,0.9987
0.20000000000000004,500,5,0.02,1.0
0.20000000000000004,500,5,0.03,1.0
0.20000000000000004,500,5,0.04,1.0
0.20000000000000004,500,5,0.05,1.0
0.20000000000000004,500,5,0.060000000000000005,1.0
0.20000000000000004,500,5,0.06999999999999999,1.0
0.20000000000000004,500,5,0.08,1.0
0.20000000000000004,500,5,0.09,1.0
0.20000000000000004,500,5,0.09999999999999999,1.0
0.20000000000000004,500,5,0.11,1.0
0.20000000000000004,500,5,0.12,1.0
0.20000000000000004,500,5,0.13,1.0
0.20000000000000004,500,5,0.14,1.0
0.20000000000000004,500,6,0.01,0.9941
0.20000000000000004,500,6,0.02,1.0
0.20000000000000004,500,6,0.03,1.0
0.20000000000000004,500,6,0.04,1.0
0.20000000000000004,500,6,0.05,1.0
0.20000000000000004,500,6,0.060000000000000005,1.0
0.20000000000000004,500,6,0.06999999999999999,1.0
0.20000000000000004,500,6,0.08,1.0
0.20000000000000004,500,6,0.09,1.0
0.20000000000000004,500,6,0.09999999999999999,1.0
0.20000000000000004,500,6,0.11,1.0
0.20000000000000004,500,6,0.12,1.0
0.20000000000000004,500,6,0.13,1.0
0.20000000000000004,500,6,0.14,1.0
0.20000000000000004,500,7,0.01,0.976
0.20000000000000004,500,7,0.02,1.0
0.20000000000000004,500,7,0.03,1.0
0.20000000000000004,500,7,0.04,1.0
0.20000000000000004,500,7,0.05,1.0
0.20000000000000004,500,7,0.060000000000000005,1.0
0.20000000000000004,500,7,0.06999999999999999,1.0
0.20000000000000004,500,7,0.08,1.0
0.20000000000000004,500,7,0.09,1.0
0.20000000000000004,500,7,0.09999999999999999,1.0
0.20000000000000004,500,7,0.11,1.0
0.20000000000000004,500,7,0.12,1.0
0.20000000000000004,500,7,0.13,1.0
0.20000000000000004,500,7,0.14,1.0
0.20000000000000004,500,8,0.01,0.9356
0.20000000000000004,500,8,0.02,1.0
0.20000000000000004,500,8,0.03,1.0
0.20000000000000004,500,8,0.04,1.0
0.20000000000000004,500,8,0.05,1.0
0.20000000000000004,500,8,0.060000000000000005,1.0
0.20000000000000004,500,8,0.06999999999999999,1.0
0.20000000000000004,500,8,0.08,1.0
0.20000000000000004,500,8,0.09,1.0
0.20000000000000004,500,8,0.09999999999999999,1.0
0.20000000000000004,500,8,0.11,1.0
0.20000000000000004,500,8,0.12,1.0
0.20000000000000004,500,8,0.13,1.0
0.20000000000000004,500,8,0.14,1.0
0.20000000000000004,550,3,0.01,1.0
0.20000000000000004,550,3,0.02,1.0
0.20000000000000004,550,3,0.03,1.0
0.20000000000000004,550,3,0.04,1.0
0.20000000000000004,550,3,0.05,1.0
0.20000000000000004,550,3,0.060000000000000005,1.0
0.20000000000000004,550,3,0.06999999999999999,1.0
0.20000000000000004,550,3,0.08,1.0
0.20000000000000004,550,3,0.09,1.0
0.20000000000000004,550,3,0.09999999999999999,1.0
0.20000000000000004,550,3,0.11,1.0
0.20000000000000004,550,3,0.12,1.0
0.20000000000000004,550,3,0.13,1.0
0.20000000000000004,550,3,0.14,1.0
0.20000000000000004,550,4,0.01,1.0
0.20000000000000004,550,4,0.02,1.0
0.20000000000000004,550,4,0.03,1.0
0.20000000000000004,550,4,0.04,1.0
0.20000000000000004,550,4,0.05,1.0
0.20000000000000004,550,4,0.060000000000000005,1.0
0.20000000000000004,550,4,0.06999999999999999,1.0
0.20000000000000004,550,4,0.08,1.0
0.20000000000000004,550,4,0.09,1.0
0.20000000000000004,550,4,0.09999999999999999,1.0
0.20000000000000004,550,4,0.11,1.0
0.20000000000000004,550,4,0.12,1.0
0.20000000000000004,550,4,0.13,1.0
0.20000000000000004,550,4,0.14,1.0
0.20000000000000004,550,5,0.01,0.9997
0.20000000000000004,550,5,0.02,1.0
0.20000000000000004,550,5,0.03,1.0
0.20000000000000004,550,5,0.04,1.0
0.20000000000000004,550,5,0.05,1.0
0.20000000000000004,550,5,0.060000000000000005,1.0
0.20000000000000004,550,5,0.06999999999999999,1.0
0.20000000000000004,550,5,0.08,1.0
0.20000000000000004,550,5,0.09,1.0
0.20000000000000004,550,5,0.09999999999999999,1.0
0.20000000000000004,550,5,0.11,1.0
0.20000000000000004,550,5,0.12,1.0
0.20000000000000004,550,5,0.13,1.0
0.20000000000000004,550,5,0.14,1.0
0.20000000000000004,550,6,0.01,0.9976
0.20000000000000004,550,6,0.02,1.0
0.20000000000000004,550,6,0.03,1.0
0.20000000000000004,550,6,0.04,1.0
0.20000000000000004,550,6,0.05,1.0
0.20000000000000004,550,6,0.060000000000000005,1.0
0.20000000000000004,550,6,0.06999999999999999,1.0
0.20000000000000004,550,6,0.08,1.0
0.20000000000000004,550,6,0.09,1.0
0.20000000000000004,550,6,0.09999999999999999,1.0
0.20000000000000004,550,6,0.11,1.0
0.20000000000000004,550,6,0.12,1.0
0.20000000000000004,550,6,0.13,1.0
0.20000000000000004,550,6,0.14,1.0
0.20000000000000004,550,7,0.01,0.9895
0.20000000000000004,550,7,0.02,1.0
0.20000000000000004,550,7,0.03,1.0
0.20000000000000004,550,7,0.04,1.0
0.20000000000000004,550,7,0.05,1.0
0.20000000000000004,550,7,0.060000000000000005,1.0
0.20000000000000004,550,7,0.06999999999999999,1.0
0.20000000000000004,550,7,0.08,1.0
0.20000000000000004,550,7,0.09,1.0
0.20000000000000004,550,7,0.09999999999999999,1.0
0.20000000000000004,550,7,0.11,1.0
0.20000000000000004,550,7,0.12,1.0
0.20000000000000004,550,7,0.13,1.0
0.20000000000000004,550,7,0.14,1.0
0.20000000000000004,550,8,0.01,0.9663
0.20000000000000004,550,8,0.02,1.0
0.20000000000000004,550,8,0.03,1.0
0.20000000000000004,550,8,0.04,1.0
0.20000000000000004,550,8,0.05,1.0
0.20000000000000004,550,8,0.060000000000000005,1.0
0.20000000000000004,550,8,0.06999999999999999,1.0
0.20000000000000004,550,8,0.08,1.0
0.20000000000000004,550,8,0.09,1.0
0.20000000000000004,550,8,0.09999999999999999,1.0
0.20000000000000004,550,8,0.11,1.0
0.20000000000000004,550,8,0.12,1.0
0.20000000000000004,550,8,0.13,1.0
0.20000000000000004,550,8,0.14,1.0
0.20000000000000004,600,3,0.01,1.0
0.20000000000000004,600,3,0.02,1.0
0.20000000000000004,600,3,0.03,1.0
0.20000000000000004,600,3,0.04,1.0
0.20000000000000004,600,3,0.05,1.0
0.20000000000000004,600,3,0.060000000000000005,1.0
0.20000000000000004,600,3,0.06999999999999999,1.0
0.20000000000000004,600,3,0.08,1.0
0.20000000000000004,600,3,0.09,1.0
0.20000000000000004,600,3,0.09999999999999999,1.0
0.20000000000000004,600,3,0.11,1.0
0.20000000000000004,600,3,0.12,1.0
0.20000000000000004,600,3,0.13,1.0
0.20000000000000004,600,3,0.14,1.0
0.20000000000000004,600,4,0.01,1.0
0.20000000000000004,600,4,0.02,1.0
0.20000000000000004,600,4,0.03,1.0
0.20000000000000004,600,4,0.04,1.0
0.20000000000000004,600,4,0.05,1.0
0.20000000000000004,600,4,0.060000000000000005,1.0
0.20000000000000004,600,4,0.06999999999999999,1.0
0.20000000000000004,600,4,0.08,1.0
0.20000000000000004,600,4,0.09,1.0
0.20000000000000004,600,4,0.09999999999999999,1.0
0.20000000000000004,600,4,0.11,1.0
0.20000000000000004,600,4,0.12,1.0
0.20000000000000004,600,4,0.13,1.0
0.20000000000000004,600,4,0.14,1.0
0.20000000000000004,600,5,0.01,0.9999
0.20000000000000004,600,5,0.02,1.0
0.20000000000000004,600,5,0.03,1.0
0.20000000000000004,600,5,0.04,1.0
0.20000000000000004,600,5,0.05,1.0
0.20000000000000004,600,5,0.060000000000000005,1.0
0.20000000000000004,600,5,0.06999999999999999,1.0
0.20000000000000004,600,5,0.08,1.0
0.20000000000000004,600,5,0.09,1.0
0.20000000000000004,600,5,0.09999999999999999,1.0
0.20000000000000004,600,5,0.11,1.0
0.20000000000000004,600,5,0.12,1.0
0.20000000000000004,600,5,0.13,1.0
0.20000000000000004,600,5,0.14,1.0
0.20000000000000004,600,6,0.01,0.9994
0.20000000000000004,600,6,0.02,1.0
0.20000000000000004,600,6,0.03,1.0
0.20000000000000004,600,6,0.04,1.0
0.20000000000000004,600,6,0.05,1.0
0.20000000000000004,600,6,0.060000000000000005,1.0
0.20000000000000004,600,6,0.06999999999999999,1.0
0.20000000000000004,600,6,0.08,1.0
0.20000000000000004,600,6,0.09,1.0
0.20000000000000004,600,6,0.09999999999999999,1.0
0.20000000000000004,600,6,0.11,1.0
0.20000000000000004,600,6,0.12,1.0
0.20000000000000004,600,6,0.13,1.0
0.20000000000000004,600,6,0.14,1.0
0.20000000000000004,600,7,0.01,0.9949
0.20000000000000004,600,7,0.02,1.0
0.20000000000000004,600,7,0.03,1.0
0.20000000000000004,600,7,0.04,1.0
0.20000000000000004,600,7,0.05,1.0
0.20000000000000004,600,7,0.060000000000000005,1.0
0.20000000000000004,600,7,0.06999999999999999,1.0
0.20000000000000004,600,7,0.08,1.0
0.20000000000000004,600,7,0.09,1.0
0.20000000000000004,600,7,0.09999999999999999,1.0
0.20000000000000004,600,7,0.11,1.0
0.20000000000000004,600,7,0.12,1.0
0.20000000000000004,600,7,0.13,1.0
0.20000000000000004,600,7,0.14,1.0
0.20000000000000004,600,8,0.01,0.9816
0.20000000000000004,600,8,0.02,1.0
0.20000000000000004,600,8,0.03,1.0
0.20000000000000004,600,8,0.04,1.0
0.20000000000000004,600,8,0.05,1.0
0.20000000000000004,600,8,0.060000000000000005,1.0
0.20000000000000004,600,8,0.06999999999999999,1.0
0.20000000000000004,600,8,0.08,1.0
0.20000000000000004,600,8,0.09,1.0
0.20000000000000004,600,8,0.09999999999999999,1.0
0.20000000000000004,600,8,0.11,1.0
0.20000000000000004,600,8,0.12,1.0
0.20000000000000004,600,8,0.13,1.0
0.20000000000000004,600,8,0.14,1.0
0.20000000000000004,650,3,0.01,1.0
0.20000000000000004,650,3,0.02,1.0
0.20000000000000004,650,3,0.03,1.0
0.20000000000000004,650,3,0.04,1.0
0.20000000000000004,650,3,0.05,1.0
0.20000000000000004,650,3,0.060000000000000005,1.0
0.20000000000000004,650,3,0.06999999999999999,1.0
0.20000000000000004,650,3,0.08,1.0
0.20000000000000004,650,3,0.09,1.0
0.20000000000000004,650,3,0.09999999999999999,1.0
0.20000000000000004,650,3,0.11,1.0
0.20000000000000004,650,3,0.12,1.0
0.20000000000000004,650,3,0.13,1.0
0.20000000000000004,650,3,0.14,1.0
0.20000000000000004,650,4,0.01,1.0
0.20000000000000004,650,4,0.02,1.0
0.20000000000000004,650,4,0.03,1.0
0.20000000000000004,650,4,0.04,1.0
0.20000000000000004,650,4,0.05,1.0
0.20000000000000004,650,4,0.060000000000000005,1.0
0.20000000000000004,650,4,0.06999999999999999,1.0
0.20000000000000004,650,4,0.08,1.0
0.20000000000000004,650,4,0.09,1.0
0.20000000000000004,650,4,0.09999999999999999,1.0
0.20000000000000004,650,4,0.11,1.0
0.20000000000000004,650,4,0.12,1.0
0.20000000000000004,650,4,0.13,1.0
0.20000000000000004,650,4,0.14,1.0
0.20000000000000004,650,5,0.01,1.0
0.20000000000000004,650,5,0.02,1.0
0.20000000000000004,650,5,0.03,1.0
0.20000000000000004,650,5,0.04,1.0
0.20000000000000004,650,5,0.05,1.0
0.20000000000000004,650,5,0.060000000000000005,1.0
0.20000000000000004,650,5,0.06999999999999999,1.0
0.20000000000000004,650,5,0.08,1.0
0.20000000000000004,650,5,0.09,1.0
0.20000000000000004,650,5,0.09999999999999999,1.0
0.20000000000000004,650,5,0.11,1.0
0.20000000000000004,650,5,0.12,1.0
0.20000000000000004,650,5,0.13,1.0
0.20000000000000004,650,5,0.14,1.0
0.20000000000000004,650,6,0.01,0.9996
0.20000000000000004,650,6,0.02,1.0
0.20000000000000004,650,6,0.03,1.0
0.20000000000000004,650,6,0.04,1.0
0.20000000000000004,650,6,0.05,1.0
0.20000000000000004,650,6,0.060000000000000005,1.0
0.20000000000000004,650,6,0.06999999999999999,1.0
0.20000000000000004,650,6,0.08,1.0
0.20000000000000004,650,6,0.09,1.0
0.20000000000000004,650,6,0.09999999999999999,1.0
0.20000000000000004,650,6,0.11,1.0
0.20000000000000004,650,6,0.12,1.0
0.20000000000000004,650,6,0.13,1.0
0.20000000000000004,650,6,0.14,1.0
0.20000000000000004,650,7,0.01,0.9971
0.20000000000000004,650,7,0.02,1.0
0.20000000000000004,650,7,0.03,1.0
0.20000000000000004,650,7,0.04,1.0
0.20000000000000004,650,7,0.05,1.0
0.20000000000000004,650,7,0.060000000000000005,1.0
0.20000000000000004,650,7,0.06999999999999999,1.0
0.20000000000000004,650,7,0.08,1.0
0.20000000000000004,650,7,0.09,1.0
0.20000000000000004,650,7,0.09999999999999999,1.0
0.20000000000000004,650,7,0.11,1.0
0.20000000000000004,650,7,0.12,1.0
0.20000000000000004,650,7,0.13,1.0
0.20000000000000004,650,7,0.14,1.0
0.20000000000000004,650,8,0.01,0.9909
0.20000000000000004,650,8,0.02,1.0
0.20000000000000004,650,8,0.03,1.0
0.20000000000000004,650,8,0.04,1.0
0.20000000000000004,650,8,0.05,1.0
0.20000000000000004,650,8,0.060000000000000005,1.0
0.20000000000000004,650,8,0.06999999999999999,1.0
0.20000000000000004,650,8,0.08,1.0
0.20000000000000004,650,8,0.09,1.0
0.20000000000000004,650,8,0.09999999999999999,1.0
0.20000000000000004,650,8,0.11,1.0
0.20000000000000004,650,8,0.12,1.0
0.20000000000000004,650,8,0.13,1.0
0.20000000000000004,650,8,0.14,1.0
0.30000000000000004,50,3,0.01,0.536
0.30000000000000004,50,3,0.02,0.875
0.30000000000000004,50,3,0.03,0.9657
0.30000000000000004,50,3,0.04,0.9909
0.30000000000000004,50,3,0.05,0.997
0.30000000000000004,50,3,0.060000000000000005,0.9988
0.30000000000000004,50,3,0.06999999999999999,0.9992
0.30000000000000004,50,3,0.08,0.9996
0.30000000000000004,50,3,0.09,0.9999
0.30000000000000004,50,3,0.09999999999999999,1.0
0.30000000000000004,50,3,0.11,1.0
0.30000000000000004,50,3,0.12,1.0
0.30000000000000004,50,3,0.13,1.0
0.30000000000000004,50,3,0.14,1.0
0.30000000000000004,50,4,0.01,0.2894
0.30000000000000004,50,4,0.02,0.7153
0.30000000000000004,50,4,0.03,0.8992
0.30000000000000004,50,4,0.04,0.9667
0.30000000000000004,50,4,0.05,0.9883
0.30000000000000004,50,4,0.060000000000000005,0.9959
0.30000000000000004,50,4,0.06999999999999999,0.9982
0.30000000000000004,50,4,0.08,0.9993
0.30000000000000004,50,4,0.09,0.9995
0.30000000000000004,50,4,0.09999999999999999,0.9999
0.30000000000000004,50,4,0.11,1.0
0.30000000000000004,50,4,0.12,1.0
0.30000000000000004,50,4,0.13,1.0
0.30000000000000004,50,4,0.14,1.0
0.30000000000000004,50,5,0.01,0.1261
0.30000000000000004,50,5,0.02,0.5186
0.30000000000000004,50,5,0.03,0.7785
0.30000000000000004,50,5,0.04,0.9118
0.30000000000000004,50,5,0.05,0.9602
0.30000000000000004,50,5,0.060000000000000005,0.987
0.30000000000000004,50,5,0.06999999999999999,0.9946
0.30000000000000004,50,5,0.08,0.9972
0.30000000000000004,50,5,0.09,0.9991
0.30000000000000004,50,5,0.09999999999999999,0.9996
0.30000000000000004,50,5,0.11,0.9999
0.30000000000000004,50,5,0.12,1.0
0.30000000000000004,50,5,0.13,1.0
0.30000000000000004,50,5,0.14,1.0
0.30000000000000004,50,6,0.01,0.0424
0.30000000000000004,50,6,0.02,0.3296
0.30000000000000004,50,6,0.03,0.6129
0.30000000000000004,50,6,0.04,0.8093
0.30000000000000004,50,6,0.05,0.9056
0.30000000000000004,50,6,0.060000000000000005,0.9583
0.30000000000000004,50,6,0.06999999999999999,0.9793
0.30000000000000004,50,6,0.08,0.9894
0.30000000000000004,50,6,0.09,0.9956
0.30000000000000004,50,6,0.09999999999999999,0.9977
0.30000000000000004,50,6,0.11,0.9991
0.30000000000000004,50,6,0.12,0.9999
0.30000000000000004,50,6,0.13,1.0
0.30000000000000004,50,6,0.14,1.0
0.30000000000000004,50,7,0.01,0.011
0.30000000000000004,50,7,0.02,0.1788
0.30000000000000004,50,7,0.03,0.4395
0.30000000000000004,50,7,0.04,0.6731
0.30000000000000004,50,7,0.05,0.816
0.30000000000000004,50,7,0.060000000000000005,0.9
0.30000000000000004,50,7,0.06999999999999999,0.9487
0.30000000000000004,50,7,0.08,0.9712
0.30000000000000004,50,7,0.09,0.9861
0.30000000000000004,50,7,0.09999999999999999,0.9924
0.30000000000000004,50,7,0.11,0.9959
0.30000000000000004,50,7,0.12,0.9985
0.30000000000000004,50,7,0.13,0.9994
0.30000000000000004,50,7,0.14,0.9996
0.30000000000000004,50,8,0.01,0.0024
0.30000000000000004,50,8,0.02,0.08
0.30000000000000004,50,8,0.03,0.2769
0.30000000000000004,50,8,0.04,0.5073
0.30000000000000004,50,8,0.05,0.69
0.30000000000000004,50,8,0.060000000000000005,0.8127
0.30000000000000004,50,8,0.06999999999999999,0.8915
0.30000000000000004,50,8,0.08,0.9361
0.30000000000000004,50,8,0.09,0.9642
0.30000000000000004,50,8,0.09999999999999999,0.9787
0.30000000000000004,50,8,0.11,0.9892
0.30000000000000004,50,8,0.12,0.9941
0.30000000000000004,50,8,0.13,0.9971
0.30000000000000004,50,8,0.14,0.9988
0.30000000000000004,100,3,0.01,0.8879
0.30000000000000004,100,3,0.02,0.9966
0.30000000000000004,100,3,0.03,0.9999
0.30000000000000004,100,3,0.04,1.0
0.30000000000000004,100,3,0.05,1.0
0.30000000000000004,100,3,0.060000000000000005,1.0
0.30000000000000004,100,3,0.06999999999999999,1.0
0.30000000000000004,100,3,0.08,1.0
0.30000000000000004,100,3,0.09,1.0
0.30000000000000004,100,3,0.09999999999999999,1.0
0.30000000000000004,100,3,0.11,1.0
0.30000000000000004,100,3,0.12,1.0
0.30000000000000004,100,3,0.13,1.0
0.30000000000000004,100,3,0.14,1.0
0.30000000000000004,100,4,0.01,0.7297
0.30000000000000004,100,4,0.02,0.9818
0.30000000000000004,100,4,0.03,0.9989
0.30000000000000004,100,4,0.04,1.0
0.30000000000000004,100,4,0.05,1.0
0.30000000000000004,100,4,0.060000000000000005,1.0
0.30000000000000004,100,4,0.06999999999999999,1.0
0.30000000000000004,100,4,0.08,1.0
0.30000000000000004,100,4,0.09,1.0
0.30000000000000004,100,4,0.09999999999999999,1.0
0.30000000000000004,100,4,0.11,1.0
0.30000000000000004,100,4,0.12,1.0
0.30000000000000004,100,4,0.13,1.0
0.30000000000000004,100,4,0.14,1.0
0.30000000000000004,100,5,0.01,0.5208
0.30000000000000004,100,5,0.02,0.9413
0.30000000000000004,100,5,0.03,0.9946
0.30000000000000004,100,5,0.04,0.9994
0.30000000000000004,100,5,0.05,0.9999
0.30000000000000004,100,5,0.060000000000000005,1.0
0.30000000000000004,100,5,0.06999999999999999,1.0
0.30000000000000004,100,5,0.08,1.0
0.30000000000000004,100,5,0.09,1.0
0.30000000000000004,100,5,0.09999999999999999,1.0
0.30000000000000004,100,5,0.11,1.0
0.30000000000000004,100,5,0.12,1.0
0.30000000000000004,100,5,0.13,1.0
0.30000000000000004,100,5,0.14,1.0
0.30000000000000004,100,6,0.01,0.3097
0.30000000000000004,100,6,0.02,0.8676
0.30000000000000004,100,6,0.03,0.9826
0.30000000000000004,100,6,0.04,0.9984
0.30000000000000004,100,6,0.05,0.9997
0.30000000000000004,100,6,0.060000000000000005,0.9998
0.30000000000000004,100,6,0.06999999999999999,1.0
0.30000000000000004,100,6,0.08,1.0
0.30000000000000004,100,6,0.09,1.0
0.30000000000000004,100,6,0.09999999999999999,1.0
0.30000000000000004,100,6,0.11,1.0
0.30000000000000004,100,6,0.12,1.0
0.30000000000000004,100,6,0.13,1.0
0.30000000000000004,100,6,0.14,1.0
0.30000000000000004,100,7,0.01,0.1546
0.30000000000000004,100,7,0.02,0.7558
0.30000000000000004,100,7,0.03,0.9542
0.30000000000000004,100,7,0.04,0.9951
0.30000000000000004,100,7,0.05,0.9992
0.30000000000000004,100,7,0.060000000000000005,0.9998
0.30000000000000004,100,7,0.06999999999999999,1.0
0.30000000000000004,100,7,0.08,1.0
0.30000000000000004,100,7,0.09,1.0
0.30000000000000004,100,7,0.09999999999999999,1.0
0.30000000000000004,100,7,0.11,1.0
0.30000000000000004,100,7,0.12,1.0
0.30000000000000004,100,7,0.13,1.0
0.30000000000000004,100,7,0.14,1.0
0.30000000000000004,100,8,0.01,0.0627
0.30000000000000004,100,8,0.02,0.6094
0.30000000000000004,100,8,0.03,0.902
0.30000000000000004,100,8,0.04,0.984
0.30000000000000004,100,8,0.05,0.9973
0.30000000000000004,100,8,0.060000000000000005,0.9994
0.30000000000000004,100,8,0.06999999999999999,0.9998
0.30000000000000004,100,8,0.08,0.9999
0.30000000000000004,100,8,0.09,1.0
0.30000000000000004,100,8,0.09999999999999999,1.0
0.30000000000000004,100,8,0.11,1.0
0.30000000000000004,100,8,0.12,1.0
0.30000000000000004,100,8,0.13,1.0
0.30000000000000004,100,8,0.14,1.0
0.30000000000000004,150,3,0.01,0.9769
0.30000000000000004,150,3,0.02,0.9994
0.30000000000000004,150,3,0.03,1.0
0.30000000000000004,150,3,0.04,1.0
0.30000000000000004,150,3,0.05,1.0
0.30000000000000004,150,3,0.060000000000000005,1.0
0.30000000000000004,150,3,0.06999999999999999,1.0
0.30000000000000004,150,3,0.08,1.0
0.30000000000000004,150,3,0.09,1.0
0.30000000000000004,150,3,0.09999999999999999,1.0
0.30000000000000004,150,3,0.11,1.0
0.30000000000000004,150,3,0.12,1.0
0.30000000000000004,150,3,0.13,1.0
0.30000000000000004,150,3,0.14,1.0
0.30000000000000004,150,4,0.01,0.9203
0.30000000000000004,150,4,0.02,0.9989
0.30000000000000004,150,4,0.03,0.9999
0.30000000000000004,150,4,0.04,1.0
0.30000000000000004,150,4,0.05,1.0
0.30000000000000004,150,4,0.060000000000000005,1.0
0.30000000000000004,150,4,0.06999999999999999,1.0
0.30000000000000004,150,4,0.08,1.0
0.30000000000000004,150,4,0.09,1.0
0.30000000000000004,150,4,0.09999999999999999,1.0
0.30000000000000004,150,4,0.11,1.0
0.30000000000000004,150,4,0.12,1.0
0.30000000000000004,150,4,0.13,1.0
0.30000000000000004,150,4,0.14,1.0
0.30000000000000004,150,5,0.01,0.8107
0.30000000000000004,150,5,0.02,0.9963
0.30000000000000004,150,5,0.03,0.9997
0.30000000000000004,150,5,0.04,1.0
0.30000000000000004,150,5,0.05,1.0
0.30000000000000004,150,5,0.060000000000000005,1.0
0.30000000000000004,150,5,0.06999999999999999,1.0
0.30000000000000004,150,5,0.08,1.0
0.30000000000000004,150,5,0.09,1.0
0.30000000000000004,150,5,0.09999999999999999,1.0
0.30000000000000004,150,5,0.11,1.0
0.30000000000000004,150,5,0.12,1.0
0.30000000000000004,150,5,0.13,1.0
0.30000000000000004,150,5,0.14,1.0
0.30000000000000004,150,6,0.01,0.6422
0.30000000000000004,150,6,0.02,0.9862
0.30000000000000004,150,6,0.03,0.9995
0.30000000000000004,150,6,0.04,0.9999
0.30000000000000004,150,6,0.05,1.0
0.30000000000000004,150,6,0.060000000000000005,1.0
0.30000000000000004,150,6,0.06999999999999999,1.0
0.30000000000000004,150,6,0.08,1.0
0.30000000000000004,150,6,0.09,1.0
0.30000000000000004,150,6,0.09999999999999999,1.0
0.30000000000000004,150,6,0.11,1.0
0.30000000000000004,150,6,0.12,1.0
0.30000000000000004,150,6,0.13,1.0
0.30000000000000004,150,6,0.14,1.0
0.30000000000000004,150,7,0.01,0.436
0.30000000000000004,150,7,0.02,0.9619
0.30000000000000004,150,7,0.03,0.9986
0.30000000000000004,150,7,0.04,0.9999
0.30000000000000004,150,7,0.05,1.0
0.30000000000000004,150,7,0.060000000000000005,1.0
0.30000000000000004,150,7,0.06999999999999999,1.0
0.30000000000000004,150,7,0.08,1.0
0.30000000000000004,150,7,0.09,1.0
0.30000000000000004,150,7,0.09999999999999999,1.0
0.30000000000000004,150,7,0.11,1.0
0.30000000000000004,150,7,0.12,1.0
0.30000000000000004,150,7,0.13,1.0
0.30000000000000004,150,7,0.14,1.0
0.30000000000000004,150,8,0.01,0.2561
0.30000000000000004,150,8,0.02,0.9157
0.30000000000000004,150,8,0.03,0.9954
0.30000000000000004,150,8,0.04,0.9997
0.30000000000000004,150,8,0.05,1.0
0.30000000000000004,150,8,0.060000000000000005,1.0
0.30000000000000004,150,8,0.06999999999999999,1.0
0.30000000000000004,150,8,0.08,1.0
0.30000000000000004,150,8,0.09,1.0
0.30000000000000004,150,8,0.09999999999999999,1.0
0.30000000000000004,150,8,0.11,1.0
0.30000000000000004,150,8,0.12,1.0
0.30000000000000004,150,8,0.13,1.0
0.30000000000000004,150,8,0.14,1.0
0.30000000000000004,200,3,0.01,0.9956
0.30000000000000004,200,3,0.02,1.0
0.30000000000000004,200,3,0.03,1.0
0.30000000000000004,200,3,0.04,1.0
0.30000000000000004,200,3,0.05,1.0
0.30000000000000004,200,3,0.060000000000000005,1.0
0.30000000000000004,200,3,0.06999999999999999,1.0
0.30000000000000004,200,3,0.08,1.0
0.30000000000000004,200,3,0.09,1.0
0.30000000000000004,200,3,0.09999999999999999,1.0
0.30000000000000004,200,3,0.11,1.0
0.30000000000000004,200,3,0.12,1.0
0.30000000000000004,200,3,0.13,1.0
0.30000000000000004,200,3,0.14,1.0
0.30000000000000004,200,4,0.01,0.9807
0.30000000000000004,200,4,0.02,1.0
0.30000000000000004,200,4,0.03,1.0
0.30000000000000004,200,4,0.04,1.0
0.30000000000000004,200,4,0.05,1.0
0.30000000000000004,200,4,0.060000000000000005,1.0
0.30000000000000004,200,4,0.06999999999999999,1.0
0.30000000000000004,200,4,0.08,1.0
0.30000000000000004,200,4,0.09,1.0
0.30000000000000004,200,4,0.09999999999999999,1.0
0.30000000000000004,200,4,0.11,1.0
0.30000000000000004,200,4,0.12,1.0
0.30000000000000004,200,4,0.13,1.0
0.30000000000000004,200,4,0.14,1.0
0.30000000000000004,200,5,0.01,0.9378
0.30000000000000004,200,5,0.02,1.0
0.30000000000000004,200,5,0.03,1.0
0.30000000000000004,200,5,0.04,1.0
0.30000000000000004,200,5,0.05,1.0
0.30000000000000004,200,5,0.060000000000000005,1.0
0.30000000000000004,200,5,0.06999999999999999,1.0
0.30000000000000004,200,5,0.08,1.0
0.30000000000000004,200,5,0.09,1.0
0.30000000000000004,200,5,0.09999999999999999,1.0
0.30000000000000004,200,5,0.11,1.0
0.30000000000000004,200,5,0.12,1.0
0.30000000000000004,200,5,0.13,1.0
0.30000000000000004,200,5,0.14,1.0
0.30000000000000004,200,6,0.01,0.8513
0.30000000000000004,200,6,0.02,0.9993
0.30000000000000004,200,6,0.03,1.0
0.30000000000000004,200,6,0.04,1.0
0.30000000000000004,200,6,0.05,1.0
0.30000000000000004,200,6,0.060000000000000005,1.0
0.30000000000000004,200,6,0.06999999999999999,1.0
0.30000000000000004,200,6,0.08,1.0
0.30000000000000004,200,6,0.09,1.0
0.30000000000000004,200,6,0.09999999999999999,1.0
0.30000000000000004,200,6,0.11,1.0
0.30000000000000004,200,6,0.12,1.0
0.30000000000000004,200,6,0.13,1.0
0.30000000000000004,200,6,0.14,1.0
0.30000000000000004,200,7,0.01,0.6985
0.30000000000000004,200,7,0.02,0.9968
0.30000000000000004,200,7,0.03,0.9999
0.30000000000000004,200,7,0.04,1.0
0.30000000000000004,200,7,0.05,1.0
0.30000000000000004,200,7,0.060000000000000005,1.0
0.30000000000000004,200,7,0.06999999999999999,1.0
0.30000000000000004,200,7,0.08,1.0
0.30000000000000004,200,7,0.09,1.0
0.30000000000000004,200,7,0.09999999999999999,1.0
0.30000000000000004,200,7,0.11,1.0
0.30000000000000004,200,7,0.12,1.0
0.30000000000000004,200,7,0.13,1.0
0.30000000000000004,200,7,0.14,1.0
0.30000000000000004,200,8,0.01,0.5176
0.30000000000000004,200,8,0.02,0.9901
0.30000000000000004,200,8,0.03,0.9999
0.30000000000000004,200,8,0.04,1.0
0.30000000000000004,200,8,0.05,1.0
0.30000000000000004,200,8,0.060000000000000005,1.0
0.30000000000000004,200,8,0.06999999999999999,1.0
0.30000000000000004,200,8,0.08,1.0
0.30000000000000004,200,8,0.09,1.0
0.30000000000000004,200,8,0.09999999999999999,1.0
0.30000000000000004,200,8,0.11,1.0
0.30000000000000004,200,8,0.12,1.0
0.30000000000000004,200,8,0.13,1.0
0.30000000000000004,200,8,0.14,1.0
0.30000000000000004,250,3,0.01,0.999
0.30000000000000004,250,3,0.02,1.0
0.30000000000000004,250,3,0.03,1.0
0.30000000000000004,250,3,0.04,1.0
0.30000000000000004,250,3,0.05,1.0
0.30000000000000004,250,3,0.060000000000000005,1.0
0.30000000000000004,250,3,0.06999999999999999,1.0
0.30000000000000004,250,3,0.08,1.0
0.30000000000000004,250,3,0.09,1.0
0.30000000000000004,250,3,0.09999999999999999,1.0
0.30000000000000004,250,3,0.11,1.0
0.30000000000000004,250,3,0.12,1.0
0.30000000000000004,250,3,0.13,1.0
0.30000000000000004,250,3,0.14,1.0
0.30000000000000004,250,4,0.01,0.9946
0.30000000000000004,250,4,0.02,1.0
0.30000000000000004,250,4,0.03,1.0
0.30000000000000004,250,4,0.04,1.0
0.30000000000000004,250,4,0.05,1.0
0.30000000000000004,250,4,0.060000000000000005,1.0
0.30000000000000004,250,4,0.06999999999999999,1.0
0.30000000000000004,250,4,0.08,1.0
0.30000000000000004,250,4,0.09,1.0
0.30000000000000004,250,4,0.09999999999999999,1.0
0.30000000000000004,250,4,0.11,1.0
0.30000000000000004,250,4,0.12,1.0
0.30000000000000004,250,4,0.13,1.0
0.30000000000000004,250,4,0.14,1.0
0.30000000000000004,250,5,0.01,0.9807
0.30000000000000004,250,5,0.02,1.0
0.30000000000000004,250,5,0.03,1.0
0.30000000000000004,250,5,0.04,1.0
0.30000000000000004,250,5,0.05,1.0
0.30000000000000004,250,5,0.060000000000000005,1.0
0.30000000000000004,250,5,0.06999999999999999,1.0
0.30000000000000004,250,5,0.08,1.0
0.30000000000000004,250,5,0.09,1.0
0.30000000000000004,250,5,0.09999999999999999,1.0
0.30000000000000004,250,5,0.11,1.0
0.30000000000000004,250,5,0.12,1.0
0.30000000000000004,250,5,0.13,1.0
0.30000000000000004,250,5,0.14,1.0
0.30000000000000004,250,6,0.01,0.947
0.30000000000000004,250,6,0.02,1.0
0.30000000000000004,250,6,0.03,1.0
0.30000000000000004,250,6,0.04,1.0
0.30000000000000004,250,6,0.05,1.0
0.30000000000000004,250,6,0.060000000000000005,1.0
0.30000000000000004,250,6,0.06999999999999999,1.0
0.30000000000000004,250,6,0.08,1.0
0.30000000000000004,250,6,0.09,1.0
0.30000000000000004,250,6,0.09999999999999999,1.0
0.30000000000000004,250,6,0.11,1.0
0.30000000000000004,250,6,0.12,1.0
0.30000000000000004,250,6,0.13,1.0
0.30000000000000004,250,6,0.14,1.0
0.30000000000000004,250,7,0.01,0.8676
0.30000000000000004,250,7,0.02,0.9999
0.30000000000000004,250,7,0.03,1.0
0.30000000000000004,250,7,0.04,1.0
0.30000000000000004,250,7,0.05,1.0
0.30000000000000004,250,7,0.060000000000000005,1.0
0.30000000000000004,250,7,0.06999999999999999,1.0
0.30000000000000004,250,7,0.08,1.0
0.30000000000000004,250,7,0.09,1.0
0.30000000000000004,250,7,0.09999999999999999,1.0
0.30000000000000004,250,7,0.11,1.0
0.30000000000000004,250,7,0.12,1.0
0.30000000000000004,250,7,0.13,1.0
0.30000000000000004,250,7,0.14,1.0
0.30000000000000004,250,8,0.01,0.7358
0.30000000000000004,250,8,0.02,0.9995
0.30000000000000004,250,8,0.03,1.0
0.30000000000000004,250,8,0.04,1.0
0.30000000000000004,250,8,0.05,1.0
0.30000000000000004,250,8,0.060000000000000005,1.0
0.30000000000000004,250,8,0.06999999999999999,1.0
0.30000000000000004,250,8,0.08,1.0
0.30000000000000004,250,8,0.09,1.0
0.30000000000000004,250,8,0.09999999999999999,1.0
0.30000000000000004,250,8,0.11,1.0
0.30000000000000004,250,8,0.12,1.0
0.30000000000000004,250,8,0.13,1.0
0.30000000000000004,250,8,0.14,1.0
0.30000000000000004,300,3,0.01,1.0
0.30000000000000004,300,3,0.02,1.0
0.30000000000000004,300,3,0.03,1.0
0.30000000000000004,300,3,0.04,1.0
0.30000000000000004,300,3,0.05,1.0
0.30000000000000004,300,3,0.060000000000000005,1.0
0.30000000000000004,300,3,0.06999999999999999,1.0
0.30000000000000004,300,3,0.08,1.0
0.30000000000000004,300,3,0.09,1.0
0.30000000000000004,300,3,0.09999999999999999,1.0
0.30000000000000004,300,3,0.11,1.0
0.30000000000000004,300,3,0.12,1.0
0.30000000000000004,300,3,0.13,1.0
0.30000000000000004,300,3,0.14,1.0
0.30000000000000004,300,4,0.01,0.9991
0.30000000000000004,300,4,0.02,1.0
0.30000000000000004,300,4,0.03,1.0
0.30000000000000004,300,4,0.04,1.0
0.30000000000000004,300,4,0.05,1.0
0.30000000000000004,300,4,0.060000000000000005,1.0
0.30000000000000004,300,4,0.06999999999999999,1.0
0.30000000000000004,300,4,0.08,1.0
0.30000000000000004,300,4,0.09,1.0
0.30000000000000004,300,4,0.09999999999999999,1.0
0.30000000000000004,300,4,0.11,1.0
0.30000000000000004,300,4,0.12,1.0
0.30000000000000004,300,4,0.13,1.0
0.30000000000000004,300,4,0.14,1.0
0.30000000000000004,300,5,0.01,0.9951
0.30000000000000004,300,5,0.02,1.0
0.30000000000000004,300,5,0.03,1.0
0.30000000000000004,300,5,0.04,1.0
0.30000000000000004,300,5,0.05,1.0
0.30000000000000004,300,5,0.060000000000000005,1.0
0.30000000000000004,300,5,0.06999999999999999,1.0
0.30000000000000004,300,5,0.08,1.0
0.30000000000000004,300,5,0.09,1.0
0.30000000000000004,300,5,0.09999999999999999,1.0
0.30000000000000004,300,5,0.11,1.0
0.30000000000000004,300,5,0.12,1.0
0.30000000000000004,300,5,0.13,1.0
0.30000000000000004,300,5,0.14,1.0
0.30000000000000004,300,6,0.01,0.985
0.30000000000000004,300,6,0.02,1.0
0.30000000000000004,300,6,0.03,1.0
0.30000000000000004,300,6,0.04,1.0
0.30000000000000004,300,6,0.05,1.0
0.30000000000000004,300,6,0.060000000000000005,1.0
0.30000000000000004,300,6,0.06999999999999999,1.0
0.30000000000000004,300,6,0.08,1.0
0.30000000000000004,300,6,0.09,1.0
0.30000000000000004,300,6,0.09999999999999999,1.0
0.30000000000000004,300,6,0.11,1.0
0.30000000000000004,300,6,0.12,1.0
0.30000000000000004,300,6,0.13,1.0
0.30000000000000004,300,6,0.14,1.0
0.30000000000000004,300,7,0.01,0.9514
0.30000000000000004,300,7,0.02,1.0
0.30000000000000004,300,7,0.03,1.0
0.30000000000000004,300,7,0.04,1.0
0.30000000000000004,300,7,0.05,1.0
0.30000000000000004,300,7,0.060000000000000005,1.0
0.30000000000000004,300,7,0.06999999999999999,1.0
0.30000000000000004,300,7,0.08,1.0
0.30000000000000004,300,7,0.09,1.0
0.30000000000000004,300,7,0.09999999999999999,1.0
0.30000000000000004,300,7,0.11,1.0
0.30000000000000004,300,7,0.12,1.0
0.30000000000000004,300,7,0.13,1.0
0.30000000000000004,300,7,0.14,1.0
0.30000000000000004,300,8,0.01,0.8783
0.30000000000000004,300,8,0.02,0.9999
0.30000000000000004,300,8,0.03,1.0
0.30000000000000004,300,8,0.04,1.0
0.30000000000000004,300,8,0.05,1.0
0.30000000000000004,300,8,0.060000000000000005,1.0
0.30000000000000004,300,8,0.06999999999999999,1.0
0.30000000000000004,300,8,0.08,1.0
0.30000000000000004,300,8,0.09,1.0
0.30000000000000004,300,8,0.09999999999999999,1.0
0.30000000000000004,300,8,0.11,1.0
0.30000000000000004,300,8,0.12,1.0
0.30000000000000004,300,8,0.13,1.0
0.30000000000000004,300,8,0.14,1.0
0.30000000000000004,350,3,0.01,1.0
0.30000000000000004,350,3,0.02,1.0
0.30000000000000004,350,3,0.03,1.0
0.30000000000000004,350,3,0.04,1.0
0.30000000000000004,350,3,0.05,1.0
0.30000000000000004,350,3,0.060000000000000005,1.0
0.30000000000000004,350,3,0.06999999999999999,1.0
0.30000000000000004,350,3,0.08,1.0
0.30000000000000004,350,3,0.09,1.0
0.30000000000000004,350,3,0.09999999999999999,1.0
0.30000000000000004,350,3,0.11,1.0
0.30000000000000004,350,3,0.12,1.0
0.30000000000000004,350,3,0.13,1.0
0.30000000000000004,350,3,0.14,1.0
0.30000000000000004,350,4,0.01,1.0
0.30000000000000004,350,4,0.02,1.0
0.30000000000000004,350,4,0.03,1.0
0.30000000000000004,350,4,0.04,1.0
0.30000000000000004,350,4,0.05,1.0
0.30000000000000004,350,4,0.060000000000000005,1.0
0.30000000000000004,350,4,0.06999999999999999,1.0
0.30000000000000004,350,4,0.08,1.0
0.30000000000000004,350,4,0.09,1.0
0.30000000000000004,350,4,0.09999999999999999,1.0
0.30000000000000004,350,4,0.11,1.0
0.30000000000000004,350,4,0.12,1.0
0.30000000000000004,350,4,0.13,1.0
0.30000000000000004,350,4,0.14,1.0
0.30000000000000004,350,5,0.01,0.9988
0.30000000000000004,350,5,0.02,1.0
0.30000000000000004,350,5,0.03,1.0
0.30000000000000004,350,5,0.04,1.0
0.30000000000000004,350,5,0.05,1.0
0.30000000000000004,350,5,0.060000000000000005,1.0
0.30000000000000004,350,5,0.06999999999999999,1.0
0.30000000000000004,350,5,0.08,1.0
0.30000000000000004,350,5,0.09,1.0
0.30000000000000004,350,5,0.09999999999999999,1.0
0.30000000000000004,350,5,0.11,1.0
0.30000000000000004,350,5,0.12,1.0
0.30000000000000004,350,5,0.13,1.0
0.30000000000000004,350,5,0.14,1.0
0.30000000000000004,350,6,0.01,0.9959
0.30000000000000004,350,6,0.02,1.0
0.30000000000000004,350,6,0.03,1.0
0.30000000000000004,350,6,0.04,1.0
0.30000000000000004,350,6,0.05,1.0
0.30000000000000004,350,6,0.060000000000000005,1.0
0.30000000000000004,350,6,0.06999999999999999,1.0
0.30000000000000004,350,6,0.08,1.0
0.30000000000000004,350,6,0.09,1.0
0.30000000000000004,350,6,0.09999999999999999,1.0
0.30000000000000004,350,6,0.11,1.0
0.30000000000000004,350,6,0.12,1.0
0.30000000000000004,350,6,0.13,1.0
0.30000000000000004,350,6,0.14,1.0
0.30000000000000004,350,7,0.01,0.9862
0.30000000000000004,350,7,0.02,1.0
0.30000000000000004,350,7,0.03,1.0
0.30000000000000004,350,7,0.04,1.0
0.30000000000000004,350,7,0.05,1.0
0.30000000000000004,350,7,0.060000000000000005,1.0
0.30000000000000004,350,7,0.06999999999999999,1.0
0.30000000000000004,350,7,0.08,1.0
0.30000000000000004,350,7,0.09,1.0
0.30000000000000004,350,7,0.09999999999999999,1.0
0.30000000000000004,350,7,0.11,1.0
0.30000000000000004,350,7,0.12,1.0
0.30000000000000004,350,7,0.13,1.0
0.30000000000000004,350,7,0.14,1.0
0.30000000000000004,350,8,0.01,0.9514
0.30000000000000004,350,8,0.02,1.0
0.30000000000000004,350,8,0.03,1.0
0.30000000000000004,350,8,0.04,1.0
0.30000000000000004,350,8,0.05,1.0
0.30000000000000004,350,8,0.060000000000000005,1.0
0.30000000000000004,350,8,0.06999999999999999,1.0
0.30000000000000004,350,8,0.08,1.0
0.30000000000000004,350,8,0.09,1.0
0.30000000000000004,350,8,0.09999999999999999,1.0
0.30000000000000004,350,8,0.11,1.0
0.30000000000000004,350,8,0.12,1.0
0.30000000000000004,350,8,0.13,1.0
0.30000000000000004,350,8,0.14,1.0
0.30000000000000004,400,3,0.01,1.0
0.30000000000000004,400,3,0.02,1.0
0.30000000000000004,400,3,0.03,1.0
0.30000000000000004,400,3,0.04,1.0
0.30000000000000004,400,3,0.05,1.0
0.30000000000000004,400,3,0.060000000000000005,1.0
0.30000000000000004,400,3,0.06999999999999999,1.0
0.30000000000000004,400,3,0.08,1.0
0.30000000000000004,400,3,0.09,1.0
0.30000000000000004,400,3,0.09999999999999999,1.0
0.30000000000000004,400,3,0.11,1.0
0.30000000000000004,400,3,0.12,1.0
0.30000000000000004,400,3,0.13,1.0
0.30000000000000004,400,3,0.14,1.0
0.30000000000000004,400,4,0.01,1.0
0.30000000000000004,400,4,0.02,1.0
0.30000000000000004,400,4,0.03,1.0
0.30000000000000004,400,4,0.04,1.0
0.30000000000000004,400,4,0.05,1.0
0.30000000000000004,400,4,0.060000000000000005,1.0
0.30000000000000004,400,4,0.06999999999999999,1.0
0.30000000000000004,400,4,0.08,1.0
0.30000000000000004,400,4,0.09,1.0
0.30000000000000004,400,4,0.09999999999999999,1.0
0.30000000000000004,400,4,0.11,1.0
0.30000000000000004,400,4,0.12,1.0
0.30000000000000004,400,4,0.13,1.0
0.30000000000000004,400,4,0.14,1.0
0.30000000000000004,400,5,0.01,0.9997
0.30000000000000004,400,5,0.02,1.0
0.30000000000000004,400,5,0.03,1.0
0.30000000000000004,400,5,0.04,1.0
0.30000000000000004,400,5,0.05,1.0
0.30000000000000004,400,5,0.060000000000000005,1.0
0.30000000000000004,400,5,0.06999999999999999,1.0
0.30000000000000004,400,5,0.08,1.0
0.30000000000000004,400,5,0.09,1.0
0.30000000000000004,400,5,0.09999999999999999,1.0
0.30000000000000004,400,5,0.11,1.0
0.30000000000000004,400,5,0.12,1.0
0.30000000000000004,400,5,0.13,1.0
0.30000000000000004,400,5,0.14,1.0
0.30000000000000004,400,6,0.01,0.9991
0.30000000000000004,400,6,0.02,1.0
0.30000000000000004,400,6,0.03,1.0
0.30000000000000004,400,6,0.04,1.0
0.30000000000000004,400,6,0.05,1.0
0.30000000000000004,400,6,0.060000000000000005,1.0
0.30000000000000004,400,6,0.06999999999999999,1.0
0.30000000000000004,400,6,0.08,1.0
0.30000000000000004,400,6,0.09,1.0
0.30000000000000004,400,6,0.09999999999999999,1.0
0.30000000000000004,400,6,0.11,1.0
0.30000000000000004,400,6,0.12,1.0
0.30000000000000004,400,6,0.13,1.0
0.30000000000000004,400,6,0.14,1.0
0.30000000000000004,400,7,0.01,0.9956
0.30000000000000004,400,7,0.02,1.0
0.30000000000000004,400,7,0.03,1.0
0.30000000000000004,400,7,0.04,1.0
0.30000000000000004,400,7,0.05,1.0
0.30000000000000004,400,7,0.060000000000000005,1.0
0.30000000000000004,400,7,0.06999999999999999,1.0
0.30000000000000004,400,7,0.08,1.0
0.30000000000000004,400,7,0.09,1.0
0.30000000000000004,400,7,0.09999999999999999,1.0
0.30000000000000004,400,7,0.11,1.0
0.30000000000000004,400,7,0.12,1.0
0.30000000000000004,400,7,0.13,1.0
0.30000000000000004,400,7,0.14,1.0
0.30000000000000004,400,8,0.01,0.9813
0.30000000000000004,400,8,0.02,1.0
0.30000000000000004,400,8,0.03,1.0
0.30000000000000004,400,8,0.04,1.0
0.30000000000000004,400,8,0.05,1.0
0.30000000000000004,400,8,0.060000000000000005,1.0
0.30000000000000004,400,8,0.06999999999999999,1.0
0.30000000000000004,400,8,0.08,1.0
0.30000000000000004,400,8,0.09,1.0
0.30000000000000004,400,8,0.09999999999999999,1.0
0.30000000000000004,400,8,0.11,1.0
0.30000000000000004,400,8,0.12,1.0
0.30000000000000004,400,8,0.13,1.0
0.30000000000000004,400,8,0.14,1.0
0.30000000000000004,450,3,0.01,1.0
0.30000000000000004,450,3,0.02,1.0
0.30000000000000004,450,3,0.03,1.0
0.30000000000000004,450,3,0.04,1.0
0.30000000000000004,450,3,0.05,1.0
0.30000000000000004,450,3,0.060000000000000005,1.0
0.30000000000000004,450,3,0.06999999999999999,1.0
0.30000000000000004,450,3,0.08,1.0
0.30000000000000004,450,3,0.09,1.0
0.30000000000000004,450,3,0.09999999999999999,1.0
0.30000000000000004,450,3,0.11,1.0
0.30000000000000004,450,3,0.12,1.0
0.30000000000000004,450,3,0.13,1.0
0.30000000000000004,450,3,0.14,1.0
0.30000000000000004,450,4,0.01,1.0
0.30000000000000004,450,4,0.02,1.0
0.30000000000000004,450,4,0.03,1.0
0.30000000000000004,450,4,0.04,1.0
0.30000000000000004,450,4,0.05,1.0
0.30000000000000004,450,4,0.060000000000000005,1.0
0.30000000000000004,450,4,0.06999999999999999,1.0
0.30000000000000004,450,4,0.08,1.0
0.30000000000000004,450,4,0.09,1.0
0.30000000000000004,450,4,0.09999999999999999,1.0
0.30000000000000004,450,4,0.11,1.0
0.30000000000000004,450,4,0.12,1.0
0.30000000000000004,450,4,0.13,1.0
0.30000000000000004,450,4,0.14,1.0
0.30000000000000004,450,5,0.01,0.9999
0.30000000000000004,450,5,0.02,1.0
0.30000000000000004,450,5,0.03,1.0
0.30000000000000004,450,5,0.04,1.0
0.30000000000000004,450,5,0.05,1.0
0.30000000000000004,450,5,0.060000000000000005,1.0
0.30000000000000004,450,5,0.06999999999999999,1.0
0.30000000000000004,450,5,0.08,1.0
0.30000000000000004,450,5,0.09,1.0
0.30000000000000004,450,5,0.09999999999999999,1.0
0.30000000000000004,450,5,0.11,1.0
0.30000000000000004,450,5,0.12,1.0
0.30000000000000004,450,5,0.13,1.0
0.30000000000000004,450,5,0.14,1.0
0.30000000000000004,450,6,0.01,0.9997
0.30000000000000004,450,6,0.02,1.0
0.30000000000000004,450,6,0.03,1.0
0.30000000000000004,450,6,0.04,1.0
0.30000000000000004,450,6,0.05,1.0
0.30000000000000004,450,6,0.060000000000000005,1.0
0.30000000000000004,450,6,0.06999999999999999,1.0
0.30000000000000004,450,6,0.08,1.0
0.30000000000000004,450,6,0.09,1.0
0.30000000000000004,450,6,0.09999999999999999,1.0
0.30000000000000004,450,6,0.11,1.0
0.30000000000000004,450,6,0.12,1.0
0.30000000000000004,450,6,0.13,1.0
0.30000000000000004,450,6,0.14,1.0
0.30000000000000004,450,7,0.01,0.999
0.30000000000000004,450,7,0.02,1.0
0.30000000000000004,450,7,0.03,1.0
0.30000000000000004,450,7,0.04,1.0
0.30000000000000004,450,7,0.05,1.0
0.30000000000000004,450,7,0.060000000000000005,1.0
0.30000000000000004,450,7,0.06999999999999999,1.0
0.30000000000000004,450,7,0.08,1.0
0.30000000000000004,450,7,0.09,1.0
0.30000000000000004,450,7,0.09999999999999999,1.0
0.30000000000000004,450,7,0.11,1.0
0.30000000000000004,450,7,0.12,1.0
0.30000000000000004,450,7,0.13,1.0
0.30000000000000004,450,7,0.14,1.0
0.30000000000000004,450,8,0.01,0.9951
0.30000000000000004,450,8,0.02,1.0
0.30000000000000004,450,8,0.03,1.0
0.30000000000000004,450,8,0.04,1.0
0.30000000000000004,450,8,0.05,1.0
0.30000000000000004,450,8,0.060000000000000005,1.0
0.30000000000000004,450,8,0.06999999999999999,1.0
0.30000000000000004,450,8,0.08,1.0
0.30000000000000004,450,8,0.09,1.0
0.30000000000000004,450,8,0.09999999999999999,1.0
0.30000000000000004,450,8,0.11,1.0
0.30000000000000004,450,8,0.12,1.0
0.30000000000000004,450,8,0.13,1.0
0.30000000000000004,450,8,0.14,1.0
0.30000000000000004,500,3,0.01,1.0
0.30000000000000004,500,3,0.02,1.0
0.30000000000000004,500,3,0.03,1.0
0.30000000000000004,500,3,0.04,1.0
0.30000000000000004,500,3,0.05,1.0
0.30000000000000004,500,3,0.060000000000000005,1.0
0.30000000000000004,500,3,0.06999999999999999,1.0
0.30000000000000004,500,3,0.08,1.0
0.30000000000000004,500,3,0.09,1.0
0.30000000000000004,500,3,0.09999999999999999,1.0
0.30000000000000004,500,3,0.11,1.0
0.30000000000000004,500,3,0.12,1.0
0.30000000000000004,500,3,0.13,1.0
0.30000000000000004,500,3,0.14,1.0
0.30000000000000004,500,4,0.01,1.0
0.30000000000000004,500,4,0.02,1.0
0.30000000000000004,500,4,0.03,1.0
0.30000000000000004,500,4,0.04,1.0
0.30000000000000004,500,4,0.05,1.0
0.30000000000000004,500,4,0.060000000000000005,1.0
0.30000000000000004,500,4,0.06999999999999999,1.0
0.30000000000000004,500,4,0.08,1.0
0.30000000000000004,500,4,0.09,1.0
0.30000000000000004,500,4,0.09999999999999999,1.0
0.30000000000000004,500,4,0.11,1.0
0.30000000000000004,500,4,0.12,1.0
0.30000000000000004,500,4,0.13,1.0
0.30000000000000004,500,4,0.14,1.0
0.30000000000000004,500,5,0.01,1.0
0.30000000000000004,500,5,0.02,1.0
0.30000000000000004,500,5,0.03,1.0
0.30000000000000004,500,5,0.04,1.0
0.30000000000000004,500,5,0.05,1.0
0.30000000000000004,500,5,0.060000000000000005,1.0
0.30000000000000004,500,5,0.06999999999999999,1.0
0.30000000000000004,500,5,0.08,1.0
0.30000000000000004,500,5,0.09,1.0
0.30000000000000004,500,5,0.09999999999999999,1.0
0.30000000000000004,500,5,0.11,1.0
0.30000000000000004,500,5,0.12,1.0
0.30000000000000004,500,5,0.13,1.0
0.30000000000000004,500,5,0.14,1.0
0.30000000000000004,500,6,0.01,0.9999
0.30000000000000004,500,6,0.02,1.0
0.30000000000000004,500,6,0.03,1.0
0.30000000000000004,500,6,0.04,1.0
0.30000000000000004,500,6,0.05,1.0
0.30000000000000004,500,6,0.060000000000000005,1.0
0.30000000000000004,500,6,0.06999999999999999,1.0
0.30000000000000004,500,6,0.08,1.0
0.30000000000000004,500,6,0.09,1.0
0.30000000000000004,500,6,0.09999999999999999,1.0
0.30000000000000004,500,6,0.11,1.0
0.30000000000000004,500,6,0.12,1.0
0.30000000000000004,500,6,0.13,1.0
0.30000000000000004,500,6,0.14,1.0
0.30000000000000004,500,7,0.01,0.9995
0.30000000000000004,500,7,0.02,1.0
0.30000000000000004,500,7,0.03,1.0
0.30000000000000004,500,7,0.04,1.0
0.30000000000000004,500,7,0.05,1.0
0.30000000000000004,500,7,0.060000000000000005,1.0
0.30000000000000004,500,7,0.06999999999999999,1.0
0.30000000000000004,500,7,0.08,1.0
0.30000000000000004,500,7,0.09,1.0
0.30000000000000004,500,7,0.09999999999999999,1.0
0.30000000000000004,500,7,0.11,1.0
0.30000000000000004,500,7,0.12,1.0
0.30000000000000004,500,7,0.13,1.0
0.30000000000000004,500,7,0.14,1.0
0.30000000000000004,500,8,0.01,0.9983
0.30000000000000004,500,8,0.02,1.0
0.30000000000000004,500,8,0.03,1.0
0.30000000000000004,500,8,0.04,1.0
0.30000000000000004,500,8,0.05,1.0
0.30000000000000004,500,8,0.060000000000000005,1.0
0.30000000000000004,500,8,0.06999999999999999,1.0
0.30000000000000004,500,8,0.08,1.0
0.30000000000000004,500,8,0.09,1.0
0.30000000000000004,500,8,0.09999999999999999,1.0
0.30000000000000004,500,8,0.11,1.0
0.30000000000000004,500,8,0.12,1.0
0.30000000000000004,500,8,0.13,1.0
0.30000000000000004,500,8,0.14,1.0
0.30000000000000004,550,3,0.01,1.0
0.30000000000000004,550,3,0.02,1.0
0.30000000000000004,550,3,0.03,1.0
0.30000000000000004,550,3,0.04,1.0
0.30000000000000004,550,3,0.05,1.0
0.30000000000000004,550,3,0.060000000000000005,1.0
0.30000000000000004,550,3,0.06999999999999999,1.0
0.30000000000000004,550,3,0.08,1.0
0.30000000000000004,550,3,0.09,1.0
0.30000000000000004,550,3,0.09999999999999999,1.0
0.30000000000000004,550,3,0.11,1.0
0.30000000000000004,550,3,0.12,1.0
0.30000000000000004,550,3,0.13,1.0
0.30000000000000004,550,3,0.14,1.0
0.30000000000000004,550,4,0.01,1.0
0.30000000000000004,550,4,0.02,1.0
0.30000000000000004,550,4,0.03,1.0
0.30000000000000004,550,4,0.04,1.0
0.30000000000000004,550,4,0.05,1.0
0.30000000000000004,550,4,0.060000000000000005,1.0
0.30000000000000004,550,4,0.06999999999999999,1.0
0.30000000000000004,550,4,0.08,1.0
0.30000000000000004,550,4,0.09,1.0
0.30000000000000004,550,4,0.09999999999999999,1.0
0.30000000000000004,550,4,0.11,1.0
0.30000000000000004,550,4,0.12,1.0
0.30000000000000004,550,4,0.13,1.0
0.30000000000000004,550,4,0.14,1.0
0.30000000000000004,550,5,0.01,1.0
0.30000000000000004,550,5,0.02,1.0
0.30000000000000004,550,5,0.03,1.0
0.30000000000000004,550,5,0.04,1.0
0.30000000000000004,550,5,0.05,1.0
0.30000000000000004,550,5,0.060000000000000005,1.0
0.30000000000000004,550,5,0.06999999999999999,1.0
0.30000000000000004,550,5,0.08,1.0
0.30000000000000004,550,5,0.09,1.0
0.30000000000000004,550,5,0.09999999999999999,1.0
0.30000000000000004,550,5,0.11,1.0
0.30000000000000004,550,5,0.12,1.0
0.30000000000000004,550,5,0.13,1.0
0.30000000000000004,550,5,0.14,1.0
0.30000000000000004,550,6,0.01,1.0
0.30000000000000004,550,6,0.02,1.0
0.30000000000000004,550,6,0.03,1.0
0.30000000000000004,550,6,0.04,1.0
0.30000000000000004,550,6,0.05,1.0
0.30000000000000004,550,6,0.060000000000000005,1.0
0.30000000000000004,550,6,0.06999999999999999,1.0
0.30000000000000004,550,6,0.08,1.0
0.30000000000000004,550,6,0.09,1.0
0.30000000000000004,550,6,0.09999999999999999,1.0
0.30000000000000004,550,6,0.11,1.0
0.30000000000000004,550,6,0.12,1.0
0.30000000000000004,550,6,0.13,1.0
0.30000000000000004,550,6,0.14,1.0
0.30000000000000004,550,7,0.01,0.9999
0.30000000000000004,550,7,0.02,1.0
0.30000000000000004,550,7,0.03,1.0
0.30000000000000004,550,7,0.04,1.0
0.30000000000000004,550,7,0.05,1.0
0.30000000000000004,550,7,0.060000000000000005,1.0
0.30000000000000004,550,7,0.06999999999999999,1.0
0.30000000000000004,550,7,0.08,1.0
0.30000000000000004,550,7,0.09,1.0
0.30000000000000004,550,7,0.09999999999999999,1.0
0.30000000000000004,550,7,0.11,1.0
0.30000000000000004,550,7,0.12,1.0
0.30000000000000004,550,7,0.13,1.0
0.30000000000000004,550,7,0.14,1.0
0.30000000000000004,550,8,0.01,0.9994
0.30000000000000004,550,8,0.02,1.0
0.30000000000000004,550,8,0.03,1.0
0.30000000000000004,550,8,0.04,1.0
0.30000000000000004,550,8,0.05,1.0
0.30000000000000004,550,8,0.060000000000000005,1.0
0.30000000000000004,550,8,0.06999999999999999,1.0
0.30000000000000004,550,8,0.08,1.0
0.30000000000000004,550,8,0.09,1.0
0.30000000000000004,550,8,0.09999999999999999,1.0
0.30000000000000004,550,8,0.11,1.0
0.30000000000000004,550,8,0.12,1.0
0.30000000000000004,550,8,0.13,1.0
0.30000000000000004,550,8,0.14,1.0
0.30000000000000004,600,3,0.01,1.0
0.30000000000000004,600,3,0.02,1.0
0.30000000000000004,600,3,0.03,1.0
0.30000000000000004,600,3,0.04,1.0
0.30000000000000004,600,3,0.05,1.0
0.30000000000000004,600,3,0.060000000000000005,1.0
0.30000000000000004,600,3,0.06999999999999999,1.0
0.30000000000000004,600,3,0.08,1.0
0.30000000000000004,600,3,0.09,1.0
0.30000000000000004,600,3,0.09999999999999999,1.0
0.30000000000000004,600,3,0.11,1.0
0.30000000000000004,600,3,0.12,1.0
0.30000000000000004,600,3,0.13,1.0
0.30000000000000004,600,3,0.14,1.0
0.30000000000000004,600,4,0.01,1.0
0.30000000000000004,600,4,0.02,1.0
0.30000000000000004,600,4,0.03,1.0
0.30000000000000004,600,4,0.04,1.0
0.30000000000000004,600,4,0.05,1.0
0.30000000000000004,600,4,0.060000000000000005,1.0
0.30000000000000004,600,4,0.06999999999999999,1.0
0.30000000000000004,600,4,0.08,1.0
0.30000000000000004,600,4,0.09,1.0
0.30000000000000004,600,4,0.09999999999999999,1.0
0.30000000000000004,600,4,0.11,1.0
0.30000000000000004,600,4,0.12,1.0
0.30000000000000004,600,4,0.13,1.0
0.30000000000000004,600,4,0.14,1.0
0.30000000000000004,600,5,0.01,1.0
0.30000000000000004,600,5,0.02,1.0
0.30000000000000004,600,5,0.03,1.0
0.30000000000000004,600,5,0.04,1.0
0.30000000000000004,600,5,0.05,1.0
0.30000000000000004,600,5,0.060000000000000005,1.0
0.30000000000000004,600,5,0.06999999999999999,1.0
0.30000000000000004,600,5,0.08,1.0
0.30000000000000004,600,5,0.09,1.0
0.30000000000000004,600,5,0.09999999999999999,1.0
0.30000000000000004,600,5,0.11,1.0
0.30000000000000004,600,5,0.12,1.0
0.30000000000000004,600,5,0.13,1.0
0.30000000000000004,600,5,0.14,1.0
0.30000000000000004,600,6,0.01,1.0
0.30000000000000004,600,6,0.02,1.0
0.30000000000000004,600,6,0.03,1.0
0.30000000000000004,600,6,0.04,1.0
0.30000000000000004,600,6,0.05,1.0
0.30000000000000004,600,6,0.060000000000000005,1.0
0.30000000000000004,600,6,0.06999999999999999,1.0
0.30000000000000004,600,6,0.08,1.0
0.30000000000000004,600,6,0.09,1.0
0.30000000000000004,600,6,0.09999999999999999,1.0
0.30000000000000004,600,6,0.11,1.0
0.30000000000000004,600,6,0.12,1.0
0.30000000000000004,600,6,0.13,1.0
0.30000000000000004,600,6,0.14,1.0
0.30000000000000004,600,7,0.01,1.0
0.30000000000000004,600,7,0.02,1.0
0.30000000000000004,600,7,0.03,1.0
0.30000000000000004,600,7,0.04,1.0
0.30000000000000004,600,7,0.05,1.0
0.30000000000000004,600,7,0.060000000000000005,1.0
0.30000000000000004,600,7,0.06999999999999999,1.0
0.30000000000000004,600,7,0.08,1.0
0.30000000000000004,600,7,0.09,1.0
0.30000000000000004,600,7,0.09999999999999999,1.0
0.30000000000000004,600,7,0.11,1.0
0.30000000000000004,600,7,0.12,1.0
0.30000000000000004,600,7,0.13,1.0
0.30000000000000004,600,7,0.14,1.0
0.30000000000000004,600,8,0.01,0.9999
0.30000000000000004,600,8,0.02,1.0
0.30000000000000004,600,8,0.03,1.0
0.30000000000000004,600,8,0.04,1.0
0.30000000000000004,600,8,0.05,1.0
0.30000000000000004,600,8,0.060000000000000005,1.0
0.30000000000000004,600,8,0.06999999999999999,1.0
0.30000000000000004,600,8,0.08,1.0
0.30000000000000004,600,8,0.09,1.0
0.30000000000000004,600,8,0.09999999999999999,1.0
0.30000000000000004,600,8,0.11,1.0
0.30000000000000004,600,8,0.12,1.0
0.30000000000000004,600,8,0.13,1.0
0.30000000000000004,600,8,0.14,1.0
0.30000000000000004,650,3,0.01,1.0
0.30000000000000004,650,3,0.02,1.0
0.30000000000000004,650,3,0.03,1.0
0.30000000000000004,650,3,0.04,1.0
0.30000000000000004,650,3,0.05,1.0
0.30000000000000004,650,3,0.060000000000000005,1.0
0.30000000000000004,650,3,0.06999999999999999,1.0
0.30000000000000004,650,3,0.08,1.0
0.30000000000000004,650,3,0.09,1.0
0.30000000000000004,650,3,0.09999999999999999,1.0
0.30000000000000004,650,3,0.11,1.0
0.30000000000000004,650,3,0.12,1.0
0.30000000000000004,650,3,0.13,1.0
0.30000000000000004,650,3,0.14,1.0
0.30000000000000004,650,4,0.01,1.0
0.30000000000000004,650,4,0.02,1.0
0.30000000000000004,650,4,0.03,1.0
0.30000000000000004,650,4,0.04,1.0
0.30000000000000004,650,4,0.05,1.0
0.30000000000000004,650,4,0.060000000000000005,1.0
0.30000000000000004,650,4,0.06999999999999999,1.0
0.30000000000000004,650,4,0.08,1.0
0.30000000000000004,650,4,0.09,1.0
0.30000000000000004,650,4,0.09999999999999999,1.0
0.30000000000000004,650,4,0.11,1.0
0.30000000000000004,650,4,0.12,1.0
0.30000000000000004,650,4,0.13,1.0
0.30000000000000004,650,4,0.14,1.0
0.30000000000000004,650,5,0.01,1.0
0.30000000000000004,650,5,0.02,1.0
0.30000000000000004,650,5,0.03,1.0
0.30000000000000004,650,5,0.04,1.0
0.30000000000000004,650,5,0.05,1.0
0.30000000000000004,650,5,0.060000000000000005,1.0
0.30000000000000004,650,5,0.06999999999999999,1.0
0.30000000000000004,650,5,0.08,1.0
0.30000000000000004,650,5,0.09,1.0
0.30000000000000004,650,5,0.09999999999999999,1.0
0.30000000000000004,650,5,0.11,1.0
0.30000000000000004,650,5,0.12,1.0
0.30000000000000004,650,5,0.13,1.0
0.30000000000000004,650,5,0.14,1.0
0.30000000000000004,650,6,0.01,1.0
0.30000000000000004,650,6,0.02,1.0
0.30000000000000004,650,6,0.03,1.0
0.30000000000000004,650,6,0.04,1.0
0.30000000000000004,650,6,0.05,1.0
0.30000000000000004,650,6,0.060000000000000005,1.0
0.30000000000000004,650,6,0.06999999999999999,1.0
0.30000000000000004,650,6,0.08,1.0
0.30000000000000004,650,6,0.09,1.0
0.30000000000000004,650,6,0.09999999999999999,1.0
0.30000000000000004,650,6,0.11,1.0
0.30000000000000004,650,6,0.12,1.0
0.30000000000000004,650,6,0.13,1.0
0.30000000000000004,650,6,0.14,1.0
0.30000000000000004,650,7,0.01,1.0
0.30000000000000004,650,7,0.02,1.0
0.30000000000000004,650,7,0.03,1.0
0.30000000000000004,650,7,0.04,1.0
0.30000000000000004,650,7,0.05,1.0
0.30000000000000004,650,7,0.060000000000000005,1.0
0.30000000000000004,650,7,0.06999999999999999,1.0
0.30000000000000004,650,7,0.08,1.0
0.30000000000000004,650,7,0.09,1.0
0.30000000000000004,650,7,0.09999999999999999,1.0
0.30000000000000004,650,7,0.11,1.0
0.30000000000000004,650,7,0.12,1.0
0.30000000000000004,650,7,0.13,1.0
0.30000000000000004,650,7,0.14,1.0
0.30000000000000004,650,8,0.01,1.0
0.30000000000000004,650,8,0.02,1.0
0.30000000000000004,650,8,0.03,1.0
0.30000000000000004,650,8,0.04,1.0
0.30000000000000004,650,8,0.05,1.0
0.30000000000000004,650,8,0.060000000000000005,1.0
0.30000000000000004,650,8,0.06999999999999999,1.0
0.30000000000000004,650,8,0.08,1.0
0.30000000000000004,650,8,0.09,1.0
0.30000000000000004,650,8,0.09999999999999999,1.0
0.30000000000000004,650,8,0.11,1.0
0.30000000000000004,650,8,0.12,1.0
0.30000000000000004,650,8,0.13,1.0
0.30000000000000004,650,8,0.14,1.0
0.4,50,3,0.01,0.7618
0.4,50,3,0.02,0.9718
0.4,50,3,0.03,0.9962
0.4,50,3,0.04,0.9989
0.4,50,3,0.05,0.9994
0.4,50,3,0.060000000000000005,0.9999
0.4,50,3,0.06999999999999999,1.0
0.4,50,3,0.08,1.0
0.4,50,3,0.09,1.0
0.4,50,3,0.09999999999999999,1.0
0.4,50,3,0.11,1.0
0.4,50,3,0.12,1.0
0.4,50,3,0.13,1.0
0.4,50,3,0.14,1.0
0.4,50,4,0.01,0.5416
0.4,50,4,0.02,0.9159
0.4,50,4,0.03,0.9821
0.4,50,4,0.04,0.9965
0.4,50,4,0.05,0.9989
0.4,50,4,0.060000000000000005,0.9997
0.4,50,4,0.06999999999999999,1.0
0.4,50,4,0.08,1.0
0.4,50,4,0.09,1.0
0.4,50,4,0.09999999999999999,1.0
0.4,50,4,0.11,1.0
0.4,50,4,0.12,1.0
0.4,50,4,0.13,1.0
0.4,50,4,0.14,1.0
0.4,50,5,0.01,0.3238
0.4,50,5,0.02,0.8008
0.4,50,5,0.03,0.9476
0.4,50,5,0.04,0.9888
0.4,50,5,0.05,0.9967
0.4,50,5,0.060000000000000005,0.9992
0.4,50,5,0.06999999999999999,0.9999
0.4,50,5,0.08,1.0
0.4,50,5,0.09,1.0
0.4,50,5,0.09999999999999999,1.0
0.4,50,5,0.11,1.0
0.4,50,5,0.12,1.0
0.4,50,5,0.13,1.0
0.4,50,5,0.14,1.0
0.4,50,6,0.01,0.1568
0.4,50,6,0.02,0.6392
0.4,50,6,0.03,0.8735
0.4,50,6,0.04,0.9616
0.4,50,6,0.05,0.9882
0.4,50,6,0.060000000000000005,0.9961
0.4,50,6,0.06999999999999999,0.999
0.4,50,6,0.08,1.0
0.4,50,6,0.09,1.0
0.4,50,6,0.09999999999999999,1.0
0.4,50,6,0.11,1.0
0.4,50,6,0.12,1.0
0.4,50,6,0.13,1.0
0.4,50,6,0.14,1.0
0.4,50,7,0.01,0.0613
0.4,50,7,0.02,0.4571
0.4,50,7,0.03,0.763
0.4,50,7,0.04,0.9123
0.4,50,7,0.05,0.9671
0.4,50,7,0.060000000000000005,0.988
0.4,50,7,0.06999999999999999,0.9963
0.4,50,7,0.08,0.9991
0.4,50,7,0.09,0.9997
0.4,50,7,0.09999999999999999,0.9998
0.4,50,7,0.11,1.0
0.4,50,7,0.12,1.0
0.4,50,7,0.13,1.0
0.4,50,7,0.14,1.0
0.4,50,8,0.01,0.0195
0.4,50,8,0.02,0.2924
0.4,50,8,0.03,0.6158
0.4,50,8,0.04,0.8273
0.4,50,8,0.05,0.9256
0.4,50,8,0.060000000000000005,0.9709
0.4,50,8,0.06999999999999999,0.9884
0.4,50,8,0.08,0.996
0.4,50,8,0.09,0.9989
0.4,50,8,0.09999999999999999,0.9996
0.4,50,8,0.11,0.9999
0.4,50,8,0.12,1.0
0.4,50,8,0.13,1.0
0.4,50,8,0.14,1.0
0.4,100,3,0.01,0.9742
0.4,100,3,0.02,0.9999
0.4,100,3,0.03,1.0
0.4,100,3,0.04,1.0
0.4,100,3,0.05,1.0
0.4,100,3,0.060000000000000005,1.0
0.4,100,3,0.06999999999999999,1.0
0.4,100,3,0.08,1.0
0.4,100,3,0.09,1.0
0.4,100,3,0.09999999999999999,1.0
0.4,100,3,0.11,1.0
0.4,100,3,0.12,1.0
0.4,100,3,0.13,1.0
0.4,100,3,0.14,1.0
0.4,100,4,0.01,0.9167
0.4,100,4,0.02,0.9993
0.4,100,4,0.03,1.0
0.4,100,4,0.04,1.0
0.4,100,4,0.05,1.0
0.4,100,4,0.060000000000000005,1.0
0.4,100,4,0.06999999999999999,1.0
0.4,100,4,0.08,1.0
0.4,100,4,0.09,1.0
0.4,100,4,0.09999999999999999,1.0
0.4,100,4,0.11,1.0
0.4,100,4,0.12,1.0
0.4,100,4,0.13,1.0
0.4,100,4,0.14,1.0
0.4,100,5,0.01,0.7961
0.4,100,5,0.02,0.9951
0.4,100,5,0.03,0.9999
0.4,100,5,0.04,1.0
0.4,100,5,0.05,1.0
0.4,100,5,0.060000000000000005,1.0
0.4,100,5,0.06999999999999999,1.0
0.4,100,5,0.08,1.0
0.4,100,5,0.09,1.0
0.4,100,5,0.09999999999999999,1.0
0.4,100,5,0.11,1.0
0.4,100,5,0.12,1.0
0.4,100,5,0.13,1.0
0.4,100,5,0.14,1.0
0.4,100,6,0.01,0.6258
0.4,100,6,0.02,0.9816
0.4,100,6,0.03,0.9995
0.4,100,6,0.04,0.9999
0.4,100,6,0.05,1.0
0.4,100,6,0.060000000000000005,1.0
0.4,100,6,0.06999999999999999,1.0
0.4,100,6,0.08,1.0
0.4,100,6,0.09,1.0
0.4,100,6,0.09999999999999999,1.0
0.4,100,6,0.11,1.0
0.4,100,6,0.12,1.0
0.4,100,6,0.13,1.0
0.4,100,6,0.14,1.0
0.4,100,7,0.01,0.4268
0.4,100,7,0.02,0.9518
0.4,100,7,0.03,0.998
0.4,100,7,0.04,0.9999
0.4,100,7,0.05,1.0
0.4,100,7,0.060000000000000005,1.0
0.4,100,7,0.06999999999999999,1.0
0.4,100,7,0.08,1.0
0.4,100,7,0.09,1.0
0.4,100,7,0.09999999999999999,1.0
0.4,100,7,0.11,1.0
0.4,100,7,0.12,1.0
0.4,100,7,0.13,1.0
0.4,100,7,0.14,1.0
0.4,100,8,0.01,0.2467
0.4,100,8,0.02,0.8933
0.4,100,8,0.03,0.992
0.4,100,8,0.04,0.9995
0.4,100,8,0.05,0.9999
0.4,100,8,0.060000000000000005,0.9999
0.4,100,8,0.06999999999999999,1.0
0.4,100,8,0.08,1.0
0.4,100,8,0.09,1.0
0.4,100,8,0.09999999999999999,1.0
0.4,100,8,0.11,1.0
0.4,100,8,0.12,1.0
0.4,100,8,0.13,1.0
0.4,100,8,0.14,1.0
0.4,150,3,0.01,0.9974
0.4,150,3,0.02,1.0
0.4,150,3,0.03,1.0
0.4,150,3,0.04,1.0
0.4,150,3,0.05,1.0
0.4,150,3,0.060000000000000005,1.0
0.4,150,3,0.06999999999999999,1.0
0.4,150,3,0.08,1.0
0.4,150,3,0.09,1.0
0.4,150,3,0.09999999999999999,1.0
0.4,150,3,0.11,1.0
0.4,150,3,0.12,1.0
0.4,150,3,0.13,1.0
0.4,150,3,0.14,1.0
0.4,150,4,0.01,0.9899
0.4,150,4,0.02,0.9999
0.4,150,4,0.03,1.0
0.4,150,4,0.04,1.0
0.4,150,4,0.05,1.0
0.4,150,4,0.060000000000000005,1.0
0.4,150,4,0.06999999999999999,1.0
0.4,150,4,0.08,1.0
0.4,150,4,0.09,1.0
0.4,150,4,0.09999999999999999,1.0
0.4,150,4,0.11,1.0
0.4,150,4,0.12,1.0
0.4,150,4,0.13,1.0
0.4,150,4,0.14,1.0
0.4,150,5,0.01,0.9589
0.4,150,5,0.02,0.9996
0.4,150,5,0.03,1.0
0.4,150,5,0.04,1.0
0.4,150,5,0.05,1.0
0.4,150,5,0.060000000000000005,1.0
0.4,150,5,0.06999999999999999,1.0
0.4,150,5,0.08,1.0
0.4,150,5,0.09,1.0
0.4,150,5,0.09999999999999999,1.0
0.4,150,5,0.11,1.0
0.4,150,5,0.12,1.0
0.4,150,5,0.13,1.0
0.4,150,5,0.14,1.0
0.4,150,6,0.01,0.8895
0.4,150,6,0.02,0.9995
0.4,150,6,0.03,1.0
0.4,150,6,0.04,1.0
0.4,150,6,0.05,1.0
0.4,150,6,0.060000000000000005,1.0
0.4,150,6,0.06999999999999999,1.0
0.4,150,6,0.08,1.0
0.4,150,6,0.09,1.0
0.4,150,6,0.09999999999999999,1.0
0.4,150,6,0.11,1.0
0.4,150,6,0.12,1.0
0.4,150,6,0.13,1.0
0.4,150,6,0.14,1.0
0.4,150,7,0.01,0.7729
0.4,150,7,0.02,0.998
0.4,150,7,0.03,0.9999
0.4,150,7,0.04,1.0
0.4,150,7,0.05,1.0
0.4,150,7,0.060000000000000005,1.0
0.4,150,7,0.06999999999999999,1.0
0.4,150,7,0.08,1.0
0.4,150,7,0.09,1.0
0.4,150,7,0.09999999999999999,1.0
0.4,150,7,0.11,1.0
0.4,150,7,0.12,1.0
0.4,150,7,0.13,1.0
0.4,150,7,0.14,1.0
0.4,150,8,0.01,0.595
0.4,150,8,0.02,0.9934
0.4,150,8,0.03,0.9998
0.4,150,8,0.04,1.0
0.4,150,8,0.05,1.0
0.4,150,8,0.060000000000000005,1.0
0.4,150,8,0.06999999999999999,1.0
0.4,150,8,0.08,1.0
0.4,150,8,0.09,1.0
0.4,150,8,0.09999999999999999,1.0
0.4,150,8,0.11,1.0
0.4,150,8,0.12,1.0
0.4,150,8,0.13,1.0
0.4,150,8,0.14,1.0
0.4,200,3,0.01,0.9998
0.4,200,3,0.02,1.0
0.4,200,3,0.03,1.0
0.4,200,3,0.04,1.0
0.4,200,3,0.05,1.0
0.4,200,3,0.060000000000000005,1.0
0.4,200,3,0.06999999999999999,1.0
0.4,200,3,0.08,1.0
0.4,200,3,0.09,1.0
0.4,200,3,0.09999999999999999,1.0
0.4,200,3,0.11,1.0
0.4,200,3,0.12,1.0
0.4,200,3,0.13,1.0
0.4,200,3,0.14,1.0
0.4,200,4,0.01,0.9986
0.4,200,4,0.02,1.0
0.4,200,4,0.03,1.0
0.4,200,4,0.04,1.0
0.4,200,4,0.05,1.0
0.4,200,4,0.060000000000000005,1.0
0.4,200,4,0.06999999999999999,1.0
0.4,200,4,0.08,1.0
0.4,200,4,0.09,1.0
0.4,200,4,0.09999999999999999,1.0
0.4,200,4,0.11,1.0
0.4,200,4,0.12,1.0
0.4,200,4,0.13,1.0
0.4,200,4,0.14,1.0
0.4,200,5,0.01,0.9935
0.4,200,5,0.02,1.0
0.4,200,5,0.03,1.0
0.4,200,5,0.04,1.0
0.4,200,5,0.05,1.0
0.4,200,5,0.060000000000000005,1.0
0.4,200,5,0.06999999999999999,1.0
0.4,200,5,0.08,1.0
0.4,200,5,0.09,1.0
0.4,200,5,0.09999999999999999,1.0
0.4,200,5,0.11,1.0
0.4,200,5,0.12,1.0
0.4,200,5,0.13,1.0
0.4,200,5,0.14,1.0
0.4,200,6,0.01,0.9774
0.4,200,6,0.02,1.0
0.4,200,6,0.03,1.0
0.4,200,6,0.04,1.0
0.4,200,6,0.05,1.0
0.4,200,6,0.060000000000000005,1.0
0.4,200,6,0.06999999999999999,1.0
0.4,200,6,0.08,1.0
0.4,200,6,0.09,1.0
0.4,200,6,0.09999999999999999,1.0
0.4,200,6,0.11,1.0
0.4,200,6,0.12,1.0
0.4,200,6,0.13,1.0
0.4,200,6,0.14,1.0
0.4,200,7,0.01,0.9347
0.4,200,7,0.02,0.9999
0.4,200,7,0.03,1.0
0.4,200,7,0.04,1.0
0.4,200,7,0.05,1.0
0.4,200,7,0.060000000000000005,1.0
0.4,200,7,0.06999999999999999,1.0
0.4,200,7,0.08,1.0
0.4,200,7,0.09,1.0
0.4,200,7,0.09999999999999999,1.0
0.4,200,7,0.11,1.0
0.4,200,7,0.12,1.0
0.4,200,7,0.13,1.0
0.4,200,7,0.14,1.0
0.4,200,8,0.01,0.8438
0.4,200,8,0.02,0.9999
0.4,200,8,0.03,1.0
0.4,200,8,0.04,1.0
0.4,200,8,0.05,1.0
0.4,200,8,0.060000000000000005,1.0
0.4,200,8,0.06999999999999999,1.0
0.4,200,8,0.08,1.0
0.4,200,8,0.09,1.0
0.4,200,8,0.09999999999999999,1.0
0.4,200,8,0.11,1.0
0.4,200,8,0.12,1.0
0.4,200,8,0.13,1.0
0.4,200,8,0.14,1.0
0.4,250,3,0.01,0.9999
0.4,250,3,0.02,1.0
0.4,250,3,0.03,1.0
0.4,250,3,0.04,1.0
0.4,250,3,0.05,1.0
0.4,250,3,0.060000000000000005,1.0
0.4,250,3,0.06999999999999999,1.0
0.4,250,3,0.08,1.0
0.4,250,3,0.09,1.0
0.4,250,3,0.09999999999999999,1.0
0.4,250,3,0.11,1.0
0.4,250,3,0.12,1.0
0.4,250,3,0.13,1.0
0.4,250,3,0.14,1.0
0.4,250,4,0.01,0.9999
0.4,250,4,0.02,1.0
0.4,250,4,0.03,1.0
0.4,250,4,0.04,1.0
0.4,250,4,0.05,1.0
0.4,250,4,0.060000000000000005,1.0
0.4,250,4,0.06999999999999999,1.0
0.4,250,4,0.08,1.0
0.4,250,4,0.09,1.0
0.4,250,4,0.09999999999999999,1.0
0.4,250,4,0.11,1.0
0.4,250,4,0.12,1.0
0.4,250,4,0.13,1.0
0.4,250,4,0.14,1.0
0.4,250,5,0.01,0.9988
0.4,250,5,0.02,1.0
0.4,250,5,0.03,1.0
0.4,250,5,0.04,1.0
0.4,250,5,0.05,1.0
0.4,250,5,0.060000000000000005,1.0
0.4,250,5,0.06999999999999999,1.0
0.4,250,5,0.08,1.0
0.4,250,5,0.09,1.0
0.4,250,5,0.09999999999999999,1.0
0.4,250,5,0.11,1.0
0.4,250,5,0.12,1.0
0.4,250,5,0.13,1.0
0.4,250,5,0.14,1.0
0.4,250,6,0.01,0.9957
0.4,250,6,0.02,1.0
0.4,250,6,0.03,1.0
0.4,250,6,0.04,1.0
0.4,250,6,0.05,1.0
0.4,250,6,0.060000000000000005,1.0
0.4,250,6,0.06999999999999999,1.0
0.4,250,6,0.08,1.0
0.4,250,6,0.09,1.0
0.4,250,6,0.09999999999999999,1.0
0.4,250,6,0.11,1.0
0.4,250,6,0.12,1.0
0.4,250,6,0.13,1.0
0.4,250,6,0.14,1.0
0.4,250,7,0.01,0.9837
0.4,250,7,0.02,1.0
0.4,250,7,0.03,1.0
0.4,250,7,0.04,1.0
0.4,250,7,0.05,1.0
0.4,250,7,0.060000000000000005,1.0
0.4,250,7,0.06999999999999999,1.0
0.4,250,7,0.08,1.0
0.4,250,7,0.09,1.0
0.4,250,7,0.09999999999999999,1.0
0.4,250,7,0.11,1.0
0.4,250,7,0.12,1.0
0.4,250,7,0.13,1.0
0.4,250,7,0.14,1.0
0.4,250,8,0.01,0.9498
0.4,250,8,0.02,1.0
0.4,250,8,0.03,1.0
0.4,250,8,0.04,1.0
0.4,250,8,0.05,1.0
0.4,250,8,0.060000000000000005,1.0
0.4,250,8,0.06999999999999999,1.0
0.4,250,8,0.08,1.0
0.4,250,8,0.09,1.0
0.4,250,8,0.09999999999999999,1.0
0.4,250,8,0.11,1.0
0.4,250,8,0.12,1.0
0.4,250,8,0.13,1.0
0.4,250,8,0.14,1.0
0.4,300,3,0.01,1.0
0.4,300,3,0.02,1.0
0.4,300,3,0.03,1.0
0.4,300,3,0.04,1.0
0.4,300,3,0.05,1.0
0.4,300,3,0.060000000000000005,1.0
0.4,300,3,0.06999999999999999,1.0
0.4,300,3,0.08,1.0
0.4,300,3,0.09,1.0
0.4,300,3,0.09999999999999999,1.0
0.4,300,3,0.11,1.0
0.4,300,3,0.12,1.0
0.4,300,3,0.13,1.0
0.4,300,3,0.14,1.0
0.4,300,4,0.01,1.0
0.4,300,4,0.02,1.0
0.4,300,4,0.03,1.0
0.4,300,4,0.04,1.0
0.4,300,4,0.05,1.0
0.4,300,4,0.060000000000000005,1.0
0.4,300,4,0.06999999999999999,1.0
0.4,300,4,0.08,1.0
0.4,300,4,0.09,1.0
0.4,300,4,0.09999999999999999,1.0
0.4,300,4,0.11,1.0
0.4,300,4,0.12,1.0
0.4,300,4,0.13,1.0
0.4,300,4,0.14,1.0
0.4,300,5,0.01,0.9999
0.4,300,5,0.02,1.0
0.4,300,5,0.03,1.0
0.4,300,5,0.04,1.0
0.4,300,5,0.05,1.0
0.4,300,5,0.060000000000000005,1.0
0.4,300,5,0.06999999999999999,1.0
0.4,300,5,0.08,1.0
0.4,300,5,0.09,1.0
0.4,300,5,0.09999999999999999,1.0
0.4,300,5,0.11,1.0
0.4,300,5,0.12,1.0
0.4,300,5,0.13,1.0
0.4,300,5,0.14,1.0
0.4,300,6,0.01,0.9994
0.4,300,6,0.02,1.0
0.4,300,6,0.03,1.0
0.4,300,6,0.04,1.0
0.4,300,6,0.05,1.0
0.4,300,6,0.060000000000000005,1.0
0.4,300,6,0.06999999999999999,1.0
0.4,300,6,0.08,1.0
0.4,300,6,0.09,1.0
0.4,300,6,0.09999999999999999,1.0
0.4,300,6,0.11,1.0
0.4,300,6,0.12,1.0
0.4,300,6,0.13,1.0
0.4,300,6,0.14,1.0
0.4,300,7,0.01,0.997
0.4,300,7,0.02,1.0
0.4,300,7,0.03,1.0
0.4,300,7,0.04,1.0
0.4,300,7,0.05,1.0
0.4,300,7,0.060000000000000005,1.0
0.4,300,7,0.06999999999999999,1.0
0.4,300,7,0.08,1.0
0.4,300,7,0.09,1.0
0.4,300,7,0.09999999999999999,1.0
0.4,300,7,0.11,1.0
0.4,300,7,0.12,1.0
0.4,300,7,0.13,1.0
0.4,300,7,0.14,1.0
0.4,300,8,0.01,0.9877
0.4,300,8,0.02,1.0
0.4,300,8,0.03,1.0
0.4,300,8,0.04,1.0
0.4,300,8,0.05,1.0
0.4,300,8,0.060000000000000005,1.0
0.4,300,8,0.06999999999999999,1.0
0.4,300,8,0.08,1.0
0.4,300,8,0.09,1.0
0.4,300,8,0.09999999999999999,1.0
0.4,300,8,0.11,1.0
0.4,300,8,0.12,1.0
0.4,300,8,0.13,1.0
0.4,300,8,0.14,1.0
0.4,350,3,0.01,1.0
0.4,350,3,0.02,1.0
0.4,350,3,0.03,1.0
0.4,350,3,0.04,1.0
0.4,350,3,0.05,1.0
0.4,350,3,0.060000000000000005,1.0
0.4,350,3,0.06999999999999999,1.0
0.4,350,3,0.08,1.0
0.4,350,3,0.09,1.0
0.4,350,3,0.09999999999999999,1.0
0.4,350,3,0.11,1.0
0.4,350,3,0.12,1.0
0.4,350,3,0.13,1.0
0.4,350,3,0.14,1.0
0.4,350,4,0.01,1.0
0.4,350,4,0.02,1.0
0.4,350,4,0.03,1.0
0.4,350,4,0.04,1.0
0.4,350,4,0.05,1.0
0.4,350,4,0.060000000000000005,1.0
0.4,350,4,0.06999999999999999,1.0
0.4,350,4,0.08,1.0
0.4,350,4,0.09,1.0
0.4,350,4,0.09999999999999999,1.0
0.4,350,4,0.11,1.0
0.4,350,4,0.12,1.0
0.4,350,4,0.13,1.0
0.4,350,4,0.14,1.0
0.4,350,5,0.01,1.0
0.4,350,5,0.02,1.0
0.4,350,5,0.03,1.0
0.4,350,5,0.04,1.0
0.4,350,5,0.05,1.0
0.4,350,5,0.060000000000000005,1.0
0.4,350,5,0.06999999999999999,1.0
0.4,350,5,0.08,1.0
0.4,350,5,0.09,1.0
0.4,350,5,0.09999999999999999,1.0
0.4,350,5,0.11,1.0
0.4,350,5,0.12,1.0
0.4,350,5,0.13,1.0
0.4,350,5,0.14,1.0
0.4,350,6,0.01,1.0
0.4,350,6,0.02,1.0
0.4,350,6,0.03,1.0
0.4,350,6,0.04,1.0
0.4,350,6,0.05,1.0
0.4,350,6,0.060000000000000005,1.0
0.4,350,6,0.06999999999999999,1.0
0.4,350,6,0.08,1.0
0.4,350,6,0.09,1.0
0.4,350,6,0.09999999999999999,1.0
0.4,350,6,0.11,1.0
0.4,350,6,0.12,1.0
0.4,350,6,0.13,1.0
0.4,350,6,0.14,1.0
0.4,350,7,0.01,0.9998
0.4,350,7,0.02,1.0
0.4,350,7,0.03,1.0
0.4,350,7,0.04,1.0
0.4,350,7,0.05,1.0
0.4,350,7,0.060000000000000005,1.0
0.4,350,7,0.06999999999999999,1.0
0.4,350,7,0.08,1.0
0.4,350,7,0.09,1.0
0.4,350,7,0.09999999999999999,1.0
0.4,350,7,0.11,1.0
0.4,350,7,0.12,1.0
0.4,350,7,0.13,1.0
0.4,350,7,0.14,1.0
0.4,350,8,0.01,0.9974
0.4,350,8,0.02,1.0
0.4,350,8,0.03,1.0
0.4,350,8,0.04,1.0
0.4,350,8,0.05,1.0
0.4,350,8,0.060000000000000005,1.0
0.4,350,8,0.06999999999999999,1.0
0.4,350,8,0.08,1.0
0.4,350,8,0.09,1.0
0.4,350,8,0.09999999999999999,1.0
0.4,350,8,0.11,1.0
0.4,350,8,0.12,1.0
0.4,350,8,0.13,1.0
0.4,350,8,0.14,1.0
0.4,400,3,0.01,1.0
0.4,400,3,0.02,1.0
0.4,400,3,0.03,1.0
0.4,400,3,0.04,1.0
0.4,400,3,0.05,1.0
0.4,400,3,0.060000000000000005,1.0
0.4,400,3,0.06999999999999999,1.0
0.4,400,3,0.08,1.0
0.4,400,3,0.09,1.0
0.4,400,3,0.09999999999999999,1.0
0.4,400,3,0.11,1.0
0.4,400,3,0.12,1.0
0.4,400,3,0.13,1.0
0.4,400,3,0.14,1.0
0.4,400,4,0.01,1.0
0.4,400,4,0.02,1.0
0.4,400,4,0.03,1.0
0.4,400,4,0.04,1.0
0.4,400,4,0.05,1.0
0.4,400,4,0.060000000000000005,1.0
0.4,400,4,0.06999999999999999,1.0
0.4,400,4,0.08,1.0
0.4,400,4,0.09,1.0
0.4,400,4,0.09999999999999999,1.0
0.4,400,4,0.11,1.0
0.4,400,4,0.12,1.0
0.4,400,4,0.13,1.0
0.4,400,4,0.14,1.0
0.4,400,5,0.01,1.0
0.4,400,5,0.02,1.0
0.4,400,5,0.03,1.0
0.4,400,5,0.04,1.0
0.4,400,5,0.05,1.0
0.4,400,5,0.060000000000000005,1.0
0.4,400,5,0.06999999999999999,1.0
0.4,400,5,0.08,1.0
0.4,400,5,0.09,1.0
0.4,400,5,0.09999999999999999,1.0
0.4,400,5,0.11,1.0
0.4,400,5,0.12,1.0
0.4,400,5,0.13,1.0
0.4,400,5,0.14,1.0
0.4,400,6,0.01,1.0
0.4,400,6,0.02,1.0
0.4,400,6,0.03,1.0
0.4,400,6,0.04,1.0
0.4,400,6,0.05,1.0
0.4,400,6,0.060000000000000005,1.0
0.4,400,6,0.06999999999999999,1.0
0.4,400,6,0.08,1.0
0.4,400,6,0.09,1.0
0.4,400,6,0.09999999999999999,1.0
0.4,400,6,0.11,1.0
0.4,400,6,0.12,1.0
0.4,400,6,0.13,1.0
0.4,400,6,0.14,1.0
0.4,400,7,0.01,0.9999
0.4,400,7,0.02,1.0
0.4,400,7,0.03,1.0
0.4,400,7,0.04,1.0
0.4,400,7,0.05,1.0
0.4,400,7,0.060000000000000005,1.0
0.4,400,7,0.06999999999999999,1.0
0.4,400,7,0.08,1.0
0.4,400,7,0.09,1.0
0.4,400,7,0.09999999999999999,1.0
0.4,400,7,0.11,1.0
0.4,400,7,0.12,1.0
0.4,400,7,0.13,1.0
0.4,400,7,0.14,1.0
0.4,400,8,0.01,0.9993
0.4,400,8,0.02,1.0
0.4,400,8,0.03,1.0
0.4,400,8,0.04,1.0
0.4,400,8,0.05,1.0
0.4,400,8,0.060000000000000005,1.0
0.4,400,8,0.06999999999999999,1.0
0.4,400,8,0.08,1.0
0.4,400,8,0.09,1.0
0.4,400,8,0.09999999999999999,1.0
0.4,400,8,0.11,1.0
0.4,400,8,0.12,1.0
0.4,400,8,0.13,1.0
0.4,400,8,0.14,1.0
0.4,450,3,0.01,1.0
0.4,450,3,0.02,1.0
0.4,450,3,0.03,1.0
0.4,450,3,0.04,1.0
0.4,450,3,0.05,1.0
0.4,450,3,0.060000000000000005,1.0
0.4,450,3,0.06999999999999999,1.0
0.4,450,3,0.08,1.0
0.4,450,3,0.09,1.0
0.4,450,3,0.09999999999999999,1.0
0.4,450,3,0.11,1.0
0.4,450,3,0.12,1.0
0.4,450,3,0.13,1.0
0.4,450,3,0.14,1.0
0.4,450,4,0.01,1.0
0.4,450,4,0.02,1.0
0.4,450,4,0.03,1.0
0.4,450,4,0.04,1.0
0.4,450,4,0.05,1.0
0.4,450,4,0.060000000000000005,1.0
0.4,450,4,0.06999999999999999,1.0
0.4,450,4,0.08,1.0
0.4,450,4,0.09,1.0
0.4,450,4,0.09999999999999999,1.0
0.4,450,4,0.11,1.0
0.4,450,4,0.12,1.0
0.4,450,4,0.13,1.0
0.4,450,4,0.14,1.0
0.4,450,5,0.01,1.0
0.4,450,5,0.02,1.0
0.4,450,5,0.03,1.0
0.4,450,5,0.04,1.0
0.4,450,5,0.05,1.0
0.4,450,5,0.060000000000000005,1.0
0.4,450,5,0.06999999999999999,1.0
0.4,450,5,0.08,1.0
0.4,450,5,0.09,1.0
0.4,450,5,0.09999999999999999,1.0
0.4,450,5,0.11,1.0
0.4,450,5,0.12,1.0
0.4,450,5,0.13,1.0
0.4,450,5,0.14,1.0
0.4,450,6,0.01,1.0
0.4,450,6,0.02,1.0
0.4,450,6,0.03,1.0
0.4,450,6,0.04,1.0
0.4,450,6,0.05,1.0
0.4,450,6,0.060000000000000005,1.0
0.4,450,6,0.06999999999999999,1.0
0.4,450,6,0.08,1.0
0.4,450,6,0.09,1.0
0.4,450,6,0.09999999999999999,1.0
0.4,450,6,0.11,1.0
0.4,450,6,0.12,1.0
0.4,450,6,0.13,1.0
0.4,450,6,0.14,1.0
0.4,450,7,0.01,1.0
0.4,450,7,0.02,1.0
0.4,450,7,0.03,1.0
0.4,450,7,0.04,1.0
0.4,450,7,0.05,1.0
0.4,450,7,0.060000000000000005,1.0
0.4,450,7,0.06999999999999999,1.0
0.4,450,7,0.08,1.0
0.4,450,7,0.09,1.0
0.4,450,7,0.09999999999999999,1.0
0.4,450,7,0.11,1.0
0.4,450,7,0.12,1.0
0.4,450,7,0.13,1.0
0.4,450,7,0.14,1.0
0.4,450,8,0.01,0.9998
0.4,450,8,0.02,1.0
0.4,450,8,0.03,1.0
0.4,450,8,0.04,1.0
0.4,450,8,0.05,1.0
0.4,450,8,0.060000000000000005,1.0
0.4,450,8,0.06999999999999999,1.0
0.4,450,8,0.08,1.0
0.4,450,8,0.09,1.0
0.4,450,8,0.09999999999999999,1.0
0.4,450,8,0.11,1.0
0.4,450,8,0.12,1.0
0.4,450,8,0.13,1.0
0.4,450,8,0.14,1.0
0.4,500,3,0.01,1.0
0.4,500,3,0.02,1.0
0.4,500,3,0.03,1.0
0.4,500,3,0.04,1.0
0.4,500,3,0.05,1.0
0.4,500,3,0.060000000000000005,1.0
0.4,500,3,0.06999999999999999,1.0
0.4,500,3,0.08,1.0
0.4,500,3,0.09,1.0
0.4,500,3,0.09999999999999999,1.0
0.4,500,3,0.11,1.0
0.4,500,3,0.12,1.0
0.4,500,3,0.13,1.0
0.4,500,3,0.14,1.0
0.4,500,4,0.01,1.0
0.4,500,4,0.02,1.0
0.4,500,4,0.03,1.0
0.4,500,4,0.04,1.0
0.4,500,4,0.05,1.0
0.4,500,4,0.060000000000000005,1.0
0.4,500,4,0.06999999999999999,1.0
0.4,500,4,0.08,1.0
0.4,500,4,0.09,1.0
0.4,500,4,0.09999999999999999,1.0
0.4,500,4,0.11,1.0
0.4,500,4,0.12,1.0
0.4,500,4,0.13,1.0
0.4,500,4,0.14,1.0
0.4,500,5,0.01,1.0
0.4,500,5,0.02,1.0
0.4,500,5,0.03,1.0
0.4,500,5,0.04,1.0
0.4,500,5,0.05,1.0
0.4,500,5,0.060000000000000005,1.0
0.4,500,5,0.06999999999999999,1.0
0.4,500,5,0.08,1.0
0.4,500,5,0.09,1.0
0.4,500,5,0.09999999999999999,1.0
0.4,500,5,0.11,1.0
0.4,500,5,0.12,1.0
0.4,500,5,0.13,1.0
0.4,500,5,0.14,1.0
0.4,500,6,0.01,1.0
0.4,500,6,0.02,1.0
0.4,500,6,0.03,1.0
0.4,500,6,0.04,1.0
0.4,500,6,0.05,1.0
0.4,500,6,0.060000000000000005,1.0
0.4,500,6,0.06999999999999999,1.0
0.4,500,6,0.08,1.0
0.4,500,6,0.09,1.0
0.4,500,6,0.09999999999999999,1.0
0.4,500,6,0.11,1.0
0.4,500,6,0.12,1.0
0.4,500,6,0.13,1.0
0.4,500,6,0.14,1.0
0.4,500,7,0.01,1.0
0.4,500,7,0.02,1.0
0.4,500,7,0.03,1.0
0.4,500,7,0.04,1.0
0.4,500,7,0.05,1.0
0.4,500,7,0.060000000000000005,1.0
0.4,500,7,0.06999999999999999,1.0
0.4,500,7,0.08,1.0
0.4,500,7,0.09,1.0
0.4,500,7,0.09999999999999999,1.0
0.4,500,7,0.11,1.0
0.4,500,7,0.12,1.0
0.4,500,7,0.13,1.0
0.4,500,7,0.14,1.0
0.4,500,8,0.01,0.9999
0.4,500,8,0.02,1.0
0.4,500,8,0.03,1.0
0.4,500,8,0.04,1.0
0.4,500,8,0.05,1.0
0.4,500,8,0.060000000000000005,1.0
0.4,500,8,0.06999999999999999,1.0
0.4,500,8,0.08,1.0
0.4,500,8,0.09,1.0
0.4,500,8,0.09999999999999999,1.0
0.4,500,8,0.11,1.0
0.4,500,8,0.12,1.0
0.4,500,8,0.13,1.0
0.4,500,8,0.14,1.0
0.4,550,3,0.01,1.0
0.4,550,3,0.02,1.0
0.4,550,3,0.03,1.0
0.4,550,3,0.04,1.0
0.4,550,3,0.05,1.0
0.4,550,3,0.060000000000000005,1.0
0.4,550,3,0.06999999999999999,1.0
0.4,550,3,0.08,1.0
0.4,550,3,0.09,1.0
0.4,550,3,0.09999999999999999,1.0
0.4,550,3,0.11,1.0
0.4,550,3,0.12,1.0
0.4,550,3,0.13,1.0
0.4,550,3,0.14,1.0
0.4,550,4,0.01,1.0
0.4,550,4,0.02,1.0
0.4,550,4,0.03,1.0
0.4,550,4,0.04,1.0
0.4,550,4,0.05,1.0
0.4,550,4,0.060000000000000005,1.0
0.4,550,4,0.06999999999999999,1.0
0.4,550,4,0.08,1.0
0.4,550,4,0.09,1.0
0.4,550,4,0.09999999999999999,1.0
0.4,550,4,0.11,1.0
0.4,550,4,0.12,1.0
0.4,550,4,0.13,1.0
0.4,550,4,0.14,1.0
0.4,550,5,0.01,1.0
0.4,550,5,0.02,1.0
0.4,550,5,0.03,1.0
0.4,550,5,0.04,1.0
0.4,550,5,0.05,1.0
0.4,550,5,0.060000000000000005,1.0
0.4,550,5,0.06999999999999999,1.0
0.4,550,5,0.08,1.0
0.4,550,5,0.09,1.0
0.4,550,5,0.09999999999999999,1.0
0.4,550,5,0.11,1.0
0.4,550,5,0.12,1.0
0.4,550,5,0.13,1.0
0.4,550,5,0.14,1.0
0.4,550,6,0.01,1.0
0.4,550,6,0.02,1.0
0.4,550,6,0.03,1.0
0.4,550,6,0.04,1.0
0.4,550,6,0.05,1.0
0.4,550,6,0.060000000000000005,1.0
0.4,550,6,0.06999999999999999,1.0
0.4,550,6,0.08,1.0
0.4,550,6,0.09,1.0
0.4,550,6,0.09999999999999999,1.0
0.4,550,6,0.11,1.0
0.4,550,6,0.12,1.0
0.4,550,6,0.13,1.0
0.4,550,6,0.14,1.0
0.4,550,7,0.01,1.0
0.4,550,7,0.02,1.0
0.4,550,7,0.03,1.0
0.4,550,7,0.04,1.0
0.4,550,7,0.05,1.0
0.4,550,7,0.060000000000000005,1.0
0.4,550,7,0.06999999999999999,1.0
0.4,550,7,0.08,1.0
0.4,550,7,0.09,1.0
0.4,550,7,0.09999999999999999,1.0
0.4,550,7,0.11,1.0
0.4,550,7,0.12,1.0
0.4,550,7,0.13,1.0
0.4,550,7,0.14,1.0
0.4,550,8,0.01,1.0
0.4,550,8,0.02,1.0
0.4,550,8,0.03,1.0
0.4,550,8,0.04,1.0
0.4,550,8,0.05,1.0
0.4,550,8,0.060000000000000005,1.0
0.4,550,8,0.06999999999999999,1.0
0.4,550,8,0.08,1.0
0.4,550,8,0.09,1.0
0.4,550,8,0.09999999999999999,1.0
0.4,550,8,0.11,1.0
0.4,550,8,0.12,1.0
0.4,550,8,0.13,1.0
0.4,550,8,0.14,1.0
0.4,600,3,0.01,1.0
0.4,600,3,0.02,1.0
0.4,600,3,0.03,1.0
0.4,600,3,0.04,1.0
0.4,600,3,0.05,1.0
0.4,600,3,0.060000000000000005,1.0
0.4,600,3,0.06999999999999999,1.0
0.4,600,3,0.08,1.0
0.4,600,3,0.09,1.0
0.4,600,3,0.09999999999999999,1.0
0.4,600,3,0.11,1.0
0.4,600,3,0.12,1.0
0.4,600,3,0.13,1.0
0.4,600,3,0.14,1.0
0.4,600,4,0.01,1.0
0.4,600,4,0.02,1.0
0.4,600,4,0.03,1.0
0.4,600,4,0.04,1.0
0.4,600,4,0.05,1.0
0.4,600,4,0.060000000000000005,1.0
0.4,600,4,0.06999999999999999,1.0
0.4,600,4,0.08,1.0
0.4,600,4,0.09,1.0
0.4,600,4,0.09999999999999999,1.0
0.4,600,4,0.11,1.0
0.4,600,4,0.12,1.0
0.4,600,4,0.13,1.0
0.4,600,4,0.14,1.0
0.4,600,5,0.01,1.0
0.4,600,5,0.02,1.0
0.4,600,5,0.03,1.0
0.4,600,5,0.04,1.0
0.4,600,5,0.05,1.0
0.4,600,5,0.060000000000000005,1.0
0.4,600,5,0.06999999999999999,1.0
0.4,600,5,0.08,1.0
0.4,600,5,0.09,1.0
0.4,600,5,0.09999999999999999,1.0
0.4,600,5,0.11,1.0
0.4,600,5,0.12,1.0
0.4,600,5,0.13,1.0
0.4,600,5,0.14,1.0
0.4,600,6,0.01,1.0
0.4,600,6,0.02,1.0
0.4,600,6,0.03,1.0
0.4,600,6,0.04,1.0
0.4,600,6,0.05,1.0
0.4,600,6,0.060000000000000005,1.0
0.4,600,6,0.06999999999999999,1.0
0.4,600,6,0.08,1.0
0.4,600,6,0.09,1.0
0.4,600,6,0.09999999999999999,1.0
0.4,600,6,0.11,1.0
0.4,600,6,0.12,1.0
0.4,600,6,0.13,1.0
0.4,600,6,0.14,1.0
0.4,600,7,0.01,1.0
0.4,600,7,0.02,1.0
0.4,600,7,0.03,1.0
0.4,600,7,0.04,1.0
0.4,600,7,0.05,1.0
0.4,600,7,0.060000000000000005,1.0
0.4,600,7,0.06999999999999999,1.0
0.4,600,7,0.08,1.0
0.4,600,7,0.09,1.0
0.4,600,7,0.09999999999999999,1.0
0.4,600,7,0.11,1.0
0.4,600,7,0.12,1.0
0.4,600,7,0.13,1.0
0.4,600,7,0.14,1.0
0.4,600,8,0.01,1.0
0.4,600,8,0.02,1.0
0.4,600,8,0.03,1.0
0.4,600,8,0.04,1.0
0.4,600,8,0.05,1.0
0.4,600,8,0.060000000000000005,1.0
0.4,600,8,0.06999999999999999,1.0
0.4,600,8,0.08,1.0
0.4,600,8,0.09,1.0
0.4,600,8,0.09999999999999999,1.0
0.4,600,8,0.11,1.0
0.4,600,8,0.12,1.0
0.4,600,8,0.13,1.0
0.4,600,8,0.14,1.0
0.4,650,3,0.01,1.0
0.4,650,3,0.02,1.0
0.4,650,3,0.03,1.0
0.4,650,3,0.04,1.0
0.4,650,3,0.05,1.0
0.4,650,3,0.060000000000000005,1.0
0.4,650,3,0.06999999999999999,1.0
0.4,650,3,0.08,1.0
0.4,650,3,0.09,1.0
0.4,650,3,0.09999999999999999,1.0
0.4,650,3,0.11,1.0
0.4,650,3,0.12,1.0
0.4,650,3,0.13,1.0
0.4,650,3,0.14,1.0
0.4,650,4,0.01,1.0
0.4,650,4,0.02,1.0
0.4,650,4,0.03,1.0
0.4,650,4,0.04,1.0
0.4,650,4,0.05,1.0
0.4,650,4,0.060000000000000005,1.0
0.4,650,4,0.06999999999999999,1.0
0.4,650,4,0.08,1.0
0.4,650,4,0.09,1.0
0.4,650,4,0.09999999999999999,1.0
0.4,650,4,0.11,1.0
0.4,650,4,0.12,1.0
0.4,650,4,0.13,1.0
0.4,650,4,0.14,1.0
0.4,650,5,0.01,1.0
0.4,650,5,0.02,1.0
0.4,650,5,0.03,1.0
0.4,650,5,0.04,1.0
0.4,650,5,0.05,1.0
0.4,650,5,0.060000000000000005,1.0
0.4,650,5,0.06999999999999999,1.0
0.4,650,5,0.08,1.0
0.4,650,5,0.09,1.0
0.4,650,5,0.09999999999999999,1.0
0.4,650,5,0.11,1.0
0.4,650,5,0.12,1.0
0.4,650,5,0.13,1.0
0.4,650,5,0.14,1.0
0.4,650,6,0.01,1.0
0.4,650,6,0.02,1.0
0.4,650,6,0.03,1.0
0.4,650,6,0.04,1.0
0.4,650,6,0.05,1.0
0.4,650,6,0.060000000000000005,1.0
0.4,650,6,0.06999999999999999,1.0
0.4,650,6,0.08,1.0
0.4,650,6,0.09,1.0
0.4,650,6,0.09999999999999999,1.0
0.4,650,6,0.11,1.0
0.4,650,6,0.12,1.0
0.4,650,6,0.13,1.0
0.4,650,6,0.14,1.0
0.4,650,7,0.01,1.0
0.4,650,7,0.02,1.0
0.4,650,7,0.03,1.0
0.4,650,7,0.04,1.0
0.4,650,7,0.05,1.0
0.4,650,7,0.060000000000000005,1.0
0.4,650,7,0.06999999999999999,1.0
0.4,650,7,0.08,1.0
0.4,650,7,0.09,1.0
0.4,650,7,0.09999999999999999,1.0
0.4,650,7,0.11,1.0
0.4,650,7,0.12,1.0
0.4,650,7,0.13,1.0
0.4,650,7,0.14,1.0
0.4,650,8,0.01,1.0
0.4,650,8,0.02,1.0
0.4,650,8,0.03,1.0
0.4,650,8,0.04,1.0
0.4,650,8,0.05,1.0
0.4,650,8,0.060000000000000005,1.0
0.4,650,8,0.06999999999999999,1.0
0.4,650,8,0.08,1.0
0.4,650,8,0.09,1.0
0.4,650,8,0.09999999999999999,1.0
0.4,650,8,0.11,1.0
0.4,650,8,0.12,1.0
0.4,650,8,0.13,1.0
0.4,650,8,0.14,1.0
0.5000000000000001,50,3,0.01,0.9153
0.5000000000000001,50,3,0.02,0.9955
0.5000000000000001,50,3,0.03,0.9992
0.5000000000000001,50,3,0.04,0.9998
0.5000000000000001,50,3,0.05,1.0
0.5000000000000001,50,3,0.060000000000000005,1.0
0.5000000000000001,50,3,0.06999999999999999,1.0
0.5000000000000001,50,3,0.08,1.0
0.5000000000000001,50,3,0.09,1.0
0.5000000000000001,50,3,0.09999999999999999,1.0
0.5000000000000001,50,3,0.11,1.0
0.5000000000000001,50,3,0.12,1.0
0.5000000000000001,50,3,0.13,1.0
0.5000000000000001,50,3,0.14,1.0
0.5000000000000001,50,4,0.01,0.7717
0.5000000000000001,50,4,0.02,0.9831
0.5000000000000001,50,4,0.03,0.998
0.5000000000000001,50,4,0.04,0.9998
0.5000000000000001,50,4,0.05,1.0
0.5000000000000001,50,4,0.060000000000000005,1.0
0.5000000000000001,50,4,0.06999999999999999,1.0
0.5000000000000001,50,4,0.08,1.0
0.5000000000000001,50,4,0.09,1.0
0.5000000000000001,50,4,0.09999999999999999,1.0
0.5000000000000001,50,4,0.11,1.0
0.5000000000000001,50,4,0.12,1.0
0.5000000000000001,50,4,0.13,1.0
0.5000000000000001,50,4,0.14,1.0
0.5000000000000001,50,5,0.01,0.5773
0.5000000000000001,50,5,0.02,0.9492
0.5000000000000001,50,5,0.03,0.9949
0.5000000000000001,50,5,0.04,0.9994
0.5000000000000001,50,5,0.05,1.0
0.5000000000000001,50,5,0.060000000000000005,1.0
0.5000000000000001,50,5,0.06999999999999999,1.0
0.5000000000000001,50,5,0.08,1.0
0.5000000000000001,50,5,0.09,1.0
0.5000000000000001,50,5,0.09999999999999999,1.0
0.5000000000000001,50,5,0.11,1.0
0.5000000000000001,50,5,0.12,1.0
0.5000000000000001,50,5,0.13,1.0
0.5000000000000001,50,5,0.14,1.0
0.5000000000000001,50,6,0.01,0.3704
0.5000000000000001,50,6,0.02,0.8765
0.5000000000000001,50,6,0.03,0.9811
0.5000000000000001,50,6,0.04,0.9976
0.5000000000000001,50,6,0.05,0.9998
0.5000000000000001,50,6,0.060000000000000005,1.0
0.5000000000000001,50,6,0.06999999999999999,1.0
0.5000000000000001,50,6,0.08,1.0
0.5000000000000001,50,6,0.09,1.0
0.5000000000000001,50,6,0.09999999999999999,1.0
0.5000000000000001,50,6,0.11,1.0
0.5000000000000001,50,6,0.12,1.0
0.5000000000000001,50,6,0.13,1.0
0.5000000000000001,50,6,0.14,1.0
0.5000000000000001,50,7,0.01,0.1976
0.5000000000000001,50,7,0.02,0.7572
0.5000000000000001,50,7,0.03,0.948
0.5000000000000001,50,7,0.04,0.9915
0.5000000000000001,50,7,0.05,0.9979
0.5000000000000001,50,7,0.060000000000000005,0.9999
0.5000000000000001,50,7,0.06999999999999999,0.9999
0.5000000000000001,50,7,0.08,1.0
0.5000000000000001,50,7,0.09,1.0
0.5000000000000001,50,7,0.09999999999999999,1.0
0.5000000000000001,50,7,0.11,1.0
0.5000000000000001,50,7,0.12,1.0
0.5000000000000001,50,7,0.13,1.0
0.5000000000000001,50,7,0.14,1.0
0.5000000000000001,50,8,0.01,0.086
0.5000000000000001,50,8,0.02,0.61
0.5000000000000001,50,8,0.03,0.8873
0.5000000000000001,50,8,0.04,0.9749
0.5000000000000001,50,8,0.05,0.9947
0.5000000000000001,50,8,0.060000000000000005,0.9995
0.5000000000000001,50,8,0.06999999999999999,0.9999
0.5000000000000001,50,8,0.08,1.0
0.5000000000000001,50,8,0.09,1.0
0.5000000000000001,50,8,0.09999999999999999,1.0
0.5000000000000001,50,8,0.11,1.0
0.5000000000000001,50,8,0.12,1.0
0.5000000000000001,50,8,0.13,1.0
0.5000000000000001,50,8,0.14,1.0
0.5000000000000001,100,3,0.01,0.9974
0.5000000000000001,100,3,0.02,1.0
0.5000000000000001,100,3,0.03,1.0
0.5000000000000001,100,3,0.04,1.0
0.5000000000000001,100,3,0.05,1.0
0.5000000000000001,100,3,0.060000000000000005,1.0
0.5000000000000001,100,3,0.06999999999999999,1.0
0.5000000000000001,100,3,0.08,1.0
0.5000000000000001,100,3,0.09,1.0
0.5000000000000001,100,3,0.09999999999999999,1.0
0.5000000000000001,100,3,0.11,1.0
0.5000000000000001,100,3,0.12,1.0
0.5000000000000001,100,3,0.13,1.0
0.5000000000000001,100,3,0.14,1.0
0.5000000000000001,100,4,0.01,0.9852
0.5000000000000001,100,4,0.02,1.0
0.5000000000000001,100,4,0.03,1.0
0.5000000000000001,100,4,0.04,1.0
0.5000000000000001,100,4,0.05,1.0
0.5000000000000001,100,4,0.060000000000000005,1.0
0.5000000000000001,100,4,0.06999999999999999,1.0
0.5000000000000001,100,4,0.08,1.0
0.5000000000000001,100,4,0.09,1.0
0.5000000000000001,100,4,0.09999999999999999,1.0
0.5000000000000001,100,4,0.11,1.0
0.5000000000000001,100,4,0.12,1.0
0.5000000000000001,100,4,0.13,1.0
0.5000000000000001,100,4,0.14,1.0
0.5000000000000001,100,5,0.01,0.9444
0.5000000000000001,100,5,0.02,0.9998
0.5000000000000001,100,5,0.03,1.0
0.5000000000000001,100,5,0.04,1.0
0.5000000000000001,100,5,0.05,1.0
0.5000000000000001,100,5,0.060000000000000005,1.0
0.5000000000000001,100,5,0.06999999999999999,1.0
0.5000000000000001,100,5,0.08,1.0
0.5000000000000001,100,5,0.09,1.0
0.5000000000000001,100,5,0.09999999999999999,1.0
0.5000000000000001,100,5,0.11,1.0
0.5000000000000001,100,5,0.12,1.0
0.5000000000000001,100,5,0.13,1.0
0.5000000000000001,100,5,0.14,1.0
0.5000000000000001,100,6,0.01,0.8607
0.5000000000000001,100,6,0.02,0.9989
0.5000000000000001,100,6,0.03,1.0
0.5000000000000001,100,6,0.04,1.0
0.5000000000000001,100,6,0.05,1.0
0.5000000000000001,100,6,0.060000000000000005,1.0
0.5000000000000001,100,6,0.06999999999999999,1.0
0.5000000000000001,100,6,0.08,1.0
0.5000000000000001,100,6,0.09,1.0
0.5000000000000001,100,6,0.09999999999999999,1.0
0.5000000000000001,100,6,0.11,1.0
0.5000000000000001,100,6,0.12,1.0
0.5000000000000001,100,6,0.13,1.0
0.5000000000000001,100,6,0.14,1.0
0.5000000000000001,100,7,0.01,0.7272
0.5000000000000001,100,7,0.02,0.9966
0.5000000000000001,100,7,0.03,0.9999
0.5000000000000001,100,7,0.04,1.0
0.5000000000000001,100,7,0.05,1.0
0.5000000000000001,100,7,0.060000000000000005,1.0
0.5000000000000001,100,7,0.06999999999999999,1.0
0.5000000000000001,100,7,0.08,1.0
0.5000000000000001,100,7,0.09,1.0
0.5000000000000001,100,7,0.09999999999999999,1.0
0.5000000000000001,100,7,0.11,1.0
0.5000000000000001,100,7,0.12,1.0
0.5000000000000001,100,7,0.13,1.0
0.5000000000000001,100,7,0.14,1.0
0.5000000000000001,100,8,0.01,0.5482
0.5000000000000001,100,8,0.02,0.9878
0.5000000000000001,100,8,0.03,0.9997
0.5000000000000001,100,8,0.04,1.0
0.5000000000000001,100,8,0.05,1.0
0.5000000000000001,100,8,0.060000000000000005,1.0
0.5000000000000001,100,8,0.06999999999999999,1.0
0.5000000000000001,100,8,0.08,1.0
0.5000000000000001,100,8,0.09,1.0
0.5000000000000001,100,8,0.09999999999999999,1.0
0.5000000000000001,100,8,0.11,1.0
0.5000000000000001,100,8,0.12,1.0
0.5000000000000001,100,8,0.13,1.0
0.5000000000000001,100,8,0.14,1.0
0.5000000000000001,150,3,0.01,0.9998
0.5000000000000001,150,3,0.02,1.0
0.5000000000000001,150,3,0.03,1.0
0.5000000000000001,150,3,0.04,1.0
0.5000000000000001,150,3,0.05,1.0
0.5000000000000001,150,3,0.060000000000000005,1.0
0.5000000000000001,150,3,0.06999999999999999,1.0
0.5000000000000001,150,3,0.08,1.0
0.5000000000000001,150,3,0.09,1.0
0.5000000000000001,150,3,0.09999999999999999,1.0
0.5000000000000001,150,3,0.11,1.0
0.5000000000000001,150,3,0.12,1.0
0.5000000000000001,150,3,0.13,1.0
0.5000000000000001,150,3,0.14,1.0
0.5000000000000001,150,4,0.01,0.9985
0.5000000000000001,150,4,0.02,1.0
0.5000000000000001,150,4,0.03,1.0
0.5000000000000001,150,4,0.04,1.0
0.5000000000000001,150,4,0.05,1.0
0.5000000000000001,150,4,0.060000000000000005,1.0
0.5000000000000001,150,4,0.06999999999999999,1.0
0.5000000000000001,150,4,0.08,1.0
0.5000000000000001,150,4,0.09,1.0
0.5000000000000001,150,4,0.09999999999999999,1.0
0.5000000000000001,150,4,0.11,1.0
0.5000000000000001,150,4,0.12,1.0
0.5000000000000001,150,4,0.13,1.0
0.5000000000000001,150,4,0.14,1.0
0.5000000000000001,150,5,0.01,0.9957
0.5000000000000001,150,5,0.02,1.0
0.5000000000000001,150,5,0.03,1.0
0.5000000000000001,150,5,0.04,1.0
0.5000000000000001,150,5,0.05,1.0
0.5000000000000001,150,5,0.060000000000000005,1.0
0.5000000000000001,150,5,0.06999999999999999,1.0
0.5000000000000001,150,5,0.08,1.0
0.5000000000000001,150,5,0.09,1.0
0.5000000000000001,150,5,0.09999999999999999,1.0
0.5000000000000001,150,5,0.11,1.0
0.5000000000000001,150,5,0.12,1.0
0.5000000000000001,150,5,0.13,1.0
0.5000000000000001,150,5,0.14,1.0
0.5000000000000001,150,6,0.01,0.9805
0.5000000000000001,150,6,0.02,0.9999
0.5000000000000001,150,6,0.03,1.0
0.5000000000000001,150,6,0.04,1.0
0.5000000000000001,150,6,0.05,1.0
0.5000000000000001,150,6,0.060000000000000005,1.0
0.5000000000000001,150,6,0.06999999999999999,1.0
0.5000000000000001,150,6,0.08,1.0
0.5000000000000001,150,6,0.09,1.0
0.5000000000000001,150,6,0.09999999999999999,1.0
0.5000000000000001,150,6,0.11,1.0
0.5000000000000001,150,6,0.12,1.0
0.5000000000000001,150,6,0.13,1.0
0.5000000000000001,150,6,0.14,1.0
0.5000000000000001,150,7,0.01,0.9438
0.5000000000000001,150,7,0.02,0.9998
0.5000000000000001,150,7,0.03,1.0
0.5000000000000001,150,7,0.04,1.0
0.5000000000000001,150,7,0.05,1.0
0.5000000000000001,150,7,0.060000000000000005,1.0
0.5000000000000001,150,7,0.06999999999999999,1.0
0.5000000000000001,150,7,0.08,1.0
0.5000000000000001,150,7,0.09,1.0
0.5000000000000001,150,7,0.09999999999999999,1.0
0.5000000000000001,150,7,0.11,1.0
0.5000000000000001,150,7,0.12,1.0
0.5000000000000001,150,7,0.13,1.0
0.5000000000000001,150,7,0.14,1.0
0.5000000000000001,150,8,0.01,0.8661
0.5000000000000001,150,8,0.02,0.9996
0.5000000000000001,150,8,0.03,1.0
0.5000000000000001,150,8,0.04,1.0
0.5000000000000001,150,8,0.05,1.0
0.5000000000000001,150,8,0.060000000000000005,1.0
0.5000000000000001,150,8,0.06999999999999999,1.0
0.5000000000000001,150,8,0.08,1.0
0.5000000000000001,150,8,0.09,1.0
0.5000000000000001,150,8,0.09999999999999999,1.0
0.5000000000000001,150,8,0.11,1.0
0.5000000000000001,150,8,0.12,1.0
0.5000000000000001,150,8,0.13,1.0
0.5000000000000001,150,8,0.14,1.0
0.5000000000000001,200,3,0.01,0.9999
0.5000000000000001,200,3,0.02,1.0
0.5000000000000001,200,3,0.03,1.0
0.5000000000000001,200,3,0.04,1.0
0.5000000000000001,200,3,0.05,1.0
0.5000000000000001,200,3,0.060000000000000005,1.0
0.5000000000000001,200,3,0.06999999999999999,1.0
0.5000000000000001,200,3,0.08,1.0
0.5000000000000001,200,3,0.09,1.0
0.5000000000000001,200,3,0.09999999999999999,1.0
0.5000000000000001,200,3,0.11,1.0
0.5000000000000001,200,3,0.12,1.0
0.5000000000000001,200,3,0.13,1.0
0.5000000000000001,200,3,0.14,1.0
0.5000000000000001,200,4,0.01,0.9998
0.5000000000000001,200,4,0.02,1.0
0.5000000000000001,200,4,0.03,1.0
0.5000000000000001,200,4,0.04,1.0
0.5000000000000001,200,4,0.05,1.0
0.5000000000000001,200,4,0.060000000000000005,1.0
0.5000000000000001,200,4,0.06999999999999999,1.0
0.5000000000000001,200,4,0.08,1.0
0.5000000000000001,200,4,0.09,1.0
0.5000000000000001,200,4,0.09999999999999999,1.0
0.5000000000000001,200,4,0.11,1.0
0.5000000000000001,200,4,0.12,1.0
0.5000000000000001,200,4,0.13,1.0
0.5000000000000001,200,4,0.14,1.0
0.5000000000000001,200,5,0.01,0.9993
0.5000000000000001,200,5,0.02,1.0
0.5000000000000001,200,5,0.03,1.0
0.5000000000000001,200,5,0.04,1.0
0.5000000000000001,200,5,0.05,1.0
0.5000000000000001,200,5,0.060000000000000005,1.0
0.5000000000000001,200,5,0.06999999999999999,1.0
0.5000000000000001,200,5,0.08,1.0
0.5000000000000001,200,5,0.09,1.0
0.5000000000000001,200,5,0.09999999999999999,1.0
0.5000000000000001,200,5,0.11,1.0
0.5000000000000001,200,5,0.12,1.0
0.5000000000000001,200,5,0.13,1.0
0.5000000000000001,200,5,0.14,1.0
0.5000000000000001,200,6,0.01,0.9975
0.5000000000000001,200,6,0.02,1.0
0.5000000000000001,200,6,0.03,1.0
0.5000000000000001,200,6,0.04,1.0
0.5000000000000001,200,6,0.05,1.0
0.5000000000000001,200,6,0.060000000000000005,1.0
0.5000000000000001,200,6,0.06999999999999999,1.0
0.5000000000000001,200,6,0.08,1.0
0.5000000000000001,200,6,0.09,1.0
0.5000000000000001,200,6,0.09999999999999999,1.0
0.5000000000000001,200,6,0.11,1.0
0.5000000000000001,200,6,0.12,1.0
0.5000000000000001,200,6,0.13,1.0
0.5000000000000001,200,6,0.14,1.0
0.5000000000000001,200,7,0.01,0.9922
0.5000000000000001,200,7,0.02,1.0
0.5000000000000001,200,7,0.03,1.0
0.5000000000000001,200,7,0.04,1.0
0.5000000000000001,200,7,0.05,1.0
0.5000000000000001,200,7,0.060000000000000005,1.0
0.5000000000000001,200,7,0.06999999999999999,1.0
0.5000000000000001,200,7,0.08,1.0
0.5000000000000001,200,7,0.09,1.0
0.5000000000000001,200,7,0.09999999999999999,1.0
0.5000000000000001,200,7,0.11,1.0
0.5000000000000001,200,7,0.12,1.0
0.5000000000000001,200,7,0.13,1.0
0.5000000000000001,200,7,0.14,1.0
0.5000000000000001,200,8,0.01,0.9742
0.5000000000000001,200,8,0.02,1.0
0.5000000000000001,200,8,0.03,1.0
0.5000000000000001,200,8,0.04,1.0
0.5000000000000001,200,8,0.05,1.0
0.5000000000000001,200,8,0.060000000000000005,1.0
0.5000000000000001,200,8,0.06999999999999999,1.0
0.5000000000000001,200,8,0.08,1.0
0.5000000000000001,200,8,0.09,1.0
0.5000000000000001,200,8,0.09999999999999999,1.0
0.5000000000000001,200,8,0.11,1.0
0.5000000000000001,200,8,0.12,1.0
0.5000000000000001,200,8,0.13,1.0
0.5000000000000001,200,8,0.14,1.0
0.5000000000000001,250,3,0.01,1.0
0.5000000000000001,250,3,0.02,1.0
0.5000000000000001,250,3,0.03,1.0
0.5000000000000001,250,3,0.04,1.0
0.5000000000000001,250,3,0.05,1.0
0.5000000000000001,250,3,0.060000000000000005,1.0
0.5000000000000001,250,3,0.06999999999999999,1.0
0.5000000000000001,250,3,0.08,1.0
0.5000000000000001,250,3,0.09,1.0
0.5000000000000001,250,3,0.09999999999999999,1.0
0.5000000000000001,250,3,0.11,1.0
0.5000000000000001,250,3,0.12,1.0
0.5000000000000001,250,3,0.13,1.0
0.5000000000000001,250,3,0.14,1.0
0.5000000000000001,250,4,0.01,1.0
0.5000000000000001,250,4,0.02,1.0
0.5000000000000001,250,4,0.03,1.0
0.5000000000000001,250,4,0.04,1.0
0.5000000000000001,250,4,0.05,1.0
0.5000000000000001,250,4,0.060000000000000005,1.0
0.5000000000000001,250,4,0.06999999999999999,1.0
0.5000000000000001,250,4,0.08,1.0
0.5000000000000001,250,4,0.09,1.0
0.5000000000000001,250,4,0.09999999999999999,1.0
0.5000000000000001,250,4,0.11,1.0
0.5000000000000001,250,4,0.12,1.0
0.5000000000000001,250,4,0.13,1.0
0.5000000000000001,250,4,0.14,1.0
0.5000000000000001,250,5,0.01,0.9998
0.5000000000000001,250,5,0.02,1.0
0.5000000000000001,250,5,0.03,1.0
0.5000000000000001,250,5,0.04,1.0
0.5000000000000001,250,5,0.05,1.0
0.5000000000000001,250,5,0.060000000000000005,1.0
0.5000000000000001,250,5,0.06999999999999999,1.0
0.5000000000000001,250,5,0.08,1.0
0.5000000000000001,250,5,0.09,1.0
0.5000000000000001,250,5,0.09999999999999999,1.0
0.5000000000000001,250,5,0.11,1.0
0.5000000000000001,250,5,0.12,1.0
0.5000000000000001,250,5,0.13,1.0
0.5000000000000001,250,5,0.14,1.0
0.5000000000000001,250,6,0.01,0.9994
0.5000000000000001,250,6,0.02,1.0
0.5000000000000001,250,6,0.03,1.0
0.5000000000000001,250,6,0.04,1.0
0.5000000000000001,250,6,0.05,1.0
0.5000000000000001,250,6,0.060000000000000005,1.0
0.5000000000000001,250,6,0.06999999999999999,1.0
0.5000000000000001,250,6,0.08,1.0
0.5000000000000001,250,6,0.09,1.0
0.5000000000000001,250,6,0.09999999999999999,1.0
0.5000000000000001,250,6,0.11,1.0
0.5000000000000001,250,6,0.12,1.0
0.5000000000000001,250,6,0.13,1.0
0.5000000000000001,250,6,0.14,1.0
0.5000000000000001,250,7,0.01,0.9986
0.5000000000000001,250,7,0.02,1.0
0.5000000000000001,250,7,0.03,1.0
0.5000000000000001,250,7,0.04,1.0
0.5000000000000001,250,7,0.05,1.0
0.5000000000000001,250,7,0.060000000000000005,1.0
0.5000000000000001,250,7,0.06999999999999999,1.0
0.5000000000000001,250,7,0.08,1.0
0.5000000000000001,250,7,0.09,1.0
0.5000000000000001,250,7,0.09999999999999999,1.0
0.5000000000000001,250,7,0.11,1.0
0.5000000000000001,250,7,0.12,1.0
0.5000000000000001,250,7,0.13,1.0
0.5000000000000001,250,7,0.14,1.0
0.5000000000000001,250,8,0.01,0.9958
0.5000000000000001,250,8,0.02,1.0
0.5000000000000001,250,8,0.03,1.0
0.5000000000000001,250,8,0.04,1.0
0.5000000000000001,250,8,0.05,1.0
0.5000000000000001,250,8,0.060000000000000005,1.0
0.5000000000000001,250,8,0.06999999999999999,1.0
0.5000000000000001,250,8,0.08,1.0
0.5000000000000001,250,8,0.09,1.0
0.5000000000000001,250,8,0.09999999999999999,1.0
0.5000000000000001,250,8,0.11,1.0
0.5000000000000001,250,8,0.12,1.0
0.5000000000000001,250,8,0.13,1.0
0.5000000000000001,250,8,0.14,1.0
0.5000000000000001,300,3,0.01,1.0
0.5000000000000001,300,3,0.02,1.0
0.5000000000000001,300,3,0.03,1.0
0.5000000000000001,300,3,0.04,1.0
0.5000000000000001,300,3,0.05,1.0
0.5000000000000001,300,3,0.060000000000000005,1.0
0.5000000000000001,300,3,0.06999999999999999,1.0
0.5000000000000001,300,3,0.08,1.0
0.5000000000000001,300,3,0.09,1.0
0.5000000000000001,300,3,0.09999999999999999,1.0
0.5000000000000001,300,3,0.11,1.0
0.5000000000000001,300,3,0.12,1.0
0.5000000000000001,300,3,0.13,1.0
0.5000000000000001,300,3,0.14,1.0
0.5000000000000001,300,4,0.01,1.0
0.5000000000000001,300,4,0.02,1.0
0.5000000000000001,300,4,0.03,1.0
0.5000000000000001,300,4,0.04,1.0
0.5000000000000001,300,4,0.05,1.0
0.5000000000000001,300,4,0.060000000000000005,1.0
0.5000000000000001,300,4,0.06999999999999999,1.0
0.5000000000000001,300,4,0.08,1.0
0.5000000000000001,300,4,0.09,1.0
0.5000000000000001,300,4,0.09999999999999999,1.0
0.5000000000000001,300,4,0.11,1.0
0.5000000000000001,300,4,0.12,1.0
0.5000000000000001,300,4,0.13,1.0
0.5000000000000001,300,4,0.14,1.0
0.5000000000000001,300,5,0.01,1.0
0.5000000000000001,300,5,0.02,1.0
0.5000000000000001,300,5,0.03,1.0
0.5000000000000001,300,5,0.04,1.0
0.5000000000000001,300,5,0.05,1.0
0.5000000000000001,300,5,0.060000000000000005,1.0
0.5000000000000001,300,5,0.06999999999999999,1.0
0.5000000000000001,300,5,0.08,1.0
0.5000000000000001,300,5,0.09,1.0
0.5000000000000001,300,5,0.09999999999999999,1.0
0.5000000000000001,300,5,0.11,1.0
0.5000000000000001,300,5,0.12,1.0
0.5000000000000001,300,5,0.13,1.0
0.5000000000000001,300,5,0.14,1.0
0.5000000000000001,300,6,0.01,1.0
0.5000000000000001,300,6,0.02,1.0
0.5000000000000001,300,6,0.03,1.0
0.5000000000000001,300,6,0.04,1.0
0.5000000000000001,300,6,0.05,1.0
0.5000000000000001,300,6,0.060000000000000005,1.0
0.5000000000000001,300,6,0.06999999999999999,1.0
0.5000000000000001,300,6,0.08,1.0
0.5000000000000001,300,6,0.09,1.0
0.5000000000000001,300,6,0.09999999999999999,1.0
0.5000000000000001,300,6,0.11,1.0
0.5000000000000001,300,6,0.12,1.0
0.5000000000000001,300,6,0.13,1.0
0.5000000000000001,300,6,0.14,1.0
0.5000000000000001,300,7,0.01,0.9998
0.5000000000000001,300,7,0.02,1.0
0.5000000000000001,300,7,0.03,1.0
0.5000000000000001,300,7,0.04,1.0
0.5000000000000001,300,7,0.05,1.0
0.5000000000000001,300,7,0.060000000000000005,1.0
0.5000000000000001,300,7,0.06999999999999999,1.0
0.5000000000000001,300,7,0.08,1.0
0.5000000000000001,300,7,0.09,1.0
0.5000000000000001,300,7,0.09999999999999999,1.0
0.5000000000000001,300,7,0.11,1.0
0.5000000000000001,300,7,0.12,1.0
0.5000000000000001,300,7,0.13,1.0
0.5000000000000001,300,7,0.14,1.0
0.5000000000000001,300,8,0.01,0.9992
0.5000000000000001,300,8,0.02,1.0
0.5000000000000001,300,8,0.03,1.0
0.5000000000000001,300,8,0.04,1.0
0.5000000000000001,300,8,0.05,1.0
0.5000000000000001,300,8,0.060000000000000005,1.0
0.5000000000000001,300,8,0.06999999999999999,1.0
0.5000000000000001,300,8,0.08,1.0
0.5000000000000001,300,8,0.09,1.0
0.5000000000000001,300,8,0.09999999999999999,1.0
0.5000000000000001,300,8,0.11,1.0
0.5000000000000001,300,8,0.12,1.0
0.5000000000000001,300,8,0.13,1.0
0.5000000000000001,300,8,0.14,1.0
0.5000000000000001,350,3,0.01,1.0
0.5000000000000001,350,3,0.02,1.0
0.5000000000000001,350,3,0.03,1.0
0.5000000000000001,350,3,0.04,1.0
0.5000000000000001,350,3,0.05,1.0
0.5000000000000001,350,3,0.060000000000000005,1.0
0.5000000000000001,350,3,0.06999999999999999,1.0
0.5000000000000001,350,3,0.08,1.0
0.5000000000000001,350,3,0.09,1.0
0.5000000000000001,350,3,0.09999999999999999,1.0
0.5000000000000001,350,3,0.11,1.0
0.5000000000000001,350,3,0.12,1.0
0.5000000000000001,350,3,0.13,1.0
0.5000000000000001,350,3,0.14,1.0
0.5000000000000001,350,4,0.01,1.0
0.5000000000000001,350,4,0.02,1.0
0.5000000000000001,350,4,0.03,1.0
0.5000000000000001,350,4,0.04,1.0
0.5000000000000001,350,4,0.05,1.0
0.5000000000000001,350,4,0.060000000000000005,1.0
0.5000000000000001,350,4,0.06999999999999999,1.0
0.5000000000000001,350,4,0.08,1.0
0.5000000000000001,350,4,0.09,1.0
0.5000000000000001,350,4,0.09999999999999999,1.0
0.5000000000000001,350,4,0.11,1.0
0.5000000000000001,350,4,0.12,1.0
0.5000000000000001,350,4,0.13,1.0
0.5000000000000001,350,4,0.14,1.0
0.5000000000000001,350,5,0.01,1.0
0.5000000000000001,350,5,0.02,1.0
0.5000000000000001,350,5,0.03,1.0
0.5000000000000001,350,5,0.04,1.0
0.5000000000000001,350,5,0.05,1.0
0.5000000000000001,350,5,0.060000000000000005,1.0
0.5000000000000001,350,5,0.06999999999999999,1.0
0.5000000000000001,350,5,0.08,1.0
0.5000000000000001,350,5,0.09,1.0
0.5000000000000001,350,5,0.09999999999999999,1.0
0.5000000000000001,350,5,0.11,1.0
0.5000000000000001,350,5,0.12,1.0
0.5000000000000001,350,5,0.13,1.0
0.5000000000000001,350,5,0.14,1.0
0.5000000000000001,350,6,0.01,1.0
0.5000000000000001,350,6,0.02,1.0
0.5000000000000001,350,6,0.03,1.0
0.5000000000000001,350,6,0.04,1.0
0.5000000000000001,350,6,0.05,1.0
0.5000000000000001,350,6,0.060000000000000005,1.0
0.5000000000000001,350,6,0.06999999999999999,1.0
0.5000000000000001,350,6,0.08,1.0
0.5000000000000001,350,6,0.09,1.0
0.5000000000000001,350,6,0.09999999999999999,1.0
0.5000000000000001,350,6,0.11,1.0
0.5000000000000001,350,6,0.12,1.0
0.5000000000000001,350,6,0.13,1.0
0.5000000000000001,350,6,0.14,1.0
0.5000000000000001,350,7,0.01,1.0
0.5000000000000001,350,7,0.02,1.0
0.5000000000000001,350,7,0.03,1.0
0.5000000000000001,350,7,0.04,1.0
0.5000000000000001,350,7,0.05,1.0
0.5000000000000001,350,7,0.060000000000000005,1.0
0.5000000000000001,350,7,0.06999999999999999,1.0
0.5000000000000001,350,7,0.08,1.0
0.5000000000000001,350,7,0.09,1.0
0.5000000000000001,350,7,0.09999999999999999,1.0
0.5000000000000001,350,7,0.11,1.0
0.5000000000000001,350,7,0.12,1.0
0.5000000000000001,350,7,0.13,1.0
0.5000000000000001,350,7,0.14,1.0
0.5000000000000001,350,8,0.01,0.9999
0.5000000000000001,350,8,0.02,1.0
0.5000000000000001,350,8,0.03,1.0
0.5000000000000001,350,8,0.04,1.0
0.5000000000000001,350,8,0.05,1.0
0.5000000000000001,350,8,0.060000000000000005,1.0
0.5000000000000001,350,8,0.06999999999999999,1.0
0.5000000000000001,350,8,0.08,1.0
0.5000000000000001,350,8,0.09,1.0
0.5000000000000001,350,8,0.09999999999999999,1.0
0.5000000000000001,350,8,0.11,1.0
0.5000000000000001,350,8,0.12,1.0
0.5000000000000001,350,8,0.13,1.0
0.5000000000000001,350,8,0.14,1.0
0.5000000000000001,400,3,0.01,1.0
0.5000000000000001,400,3,0.02,1.0
0.5000000000000001,400,3,0.03,1.0
0.5000000000000001,400,3,0.04,1.0
0.5000000000000001,400,3,0.05,1.0
0.5000000000000001,400,3,0.060000000000000005,1.0
0.5000000000000001,400,3,0.06999999999999999,1.0
0.5000000000000001,400,3,0.08,1.0
0.5000000000000001,400,3,0.09,1.0
0.5000000000000001,400,3,0.09999999999999999,1.0
0.5000000000000001,400,3,0.11,1.0
0.5000000000000001,400,3,0.12,1.0
0.5000000000000001,400,3,0.13,1.0
0.5000000000000001,400,3,0.14,1.0
0.5000000000000001,400,4,0.01,1.0
0.5000000000000001,400,4,0.02,1.0
0.5000000000000001,400,4,0.03,1.0
0.5000000000000001,400,4,0.04,1.0
0.5000000000000001,400,4,0.05,1.0
0.5000000000000001,400,4,0.060000000000000005,1.0
0.5000000000000001,400,4,0.06999999999999999,1.0
0.5000000000000001,400,4,0.08,1.0
0.5000000000000001,400,4,0.09,1.0
0.5000000000000001,400,4,0.09999999999999999,1.0
0.5000000000000001,400,4,0.11,1.0
0.5000000000000001,400,4,0.12,1.0
0.5000000000000001,400,4,0.13,1.0
0.5000000000000001,400,4,0.14,1.0
0.5000000000000001,400,5,0.01,1.0
0.5000000000000001,400,5,0.02,1.0
0.5000000000000001,400,5,0.03,1.0
0.5000000000000001,400,5,0.04,1.0
0.5000000000000001,400,5,0.05,1.0
0.5000000000000001,400,5,0.060000000000000005,1.0
0.5000000000000001,400,5,0.06999999999999999,1.0
0.5000000000000001,400,5,0.08,1.0
0.5000000000000001,400,5,0.09,1.0
0.5000000000000001,400,5,0.09999999999999999,1.0
0.5000000000000001,400,5,0.11,1.0
0.5000000000000001,400,5,0.12,1.0
0.5000000000000001,400,5,0.13,1.0
0.5000000000000001,400,5,0.14,1.0
0.5000000000000001,400,6,0.01,1.0
0.5000000000000001,400,6,0.02,1.0
0.5000000000000001,400,6,0.03,1.0
0.5000000000000001,400,6,0.04,1.0
0.5000000000000001,400,6,0.05,1.0
0.5000000000000001,400,6,0.060000000000000005,1.0
0.5000000000000001,400,6,0.06999999999999999,1.0
0.5000000000000001,400,6,0.08,1.0
0.5000000000000001,400,6,0.09,1.0
0.5000000000000001,400,6,0.09999999999999999,1.0
0.5000000000000001,400,6,0.11,1.0
0.5000000000000001,400,6,0.12,1.0
0.5000000000000001,400,6,0.13,1.0
0.5000000000000001,400,6,0.14,1.0
0.5000000000000001,400,7,0.01,1.0
0.5000000000000001,400,7,0.02,1.0
0.5000000000000001,400,7,0.03,1.0
0.5000000000000001,400,7,0.04,1.0
0.5000000000000001,400,7,0.05,1.0
0.5000000000000001,400,7,0.060000000000000005,1.0
0.5000000000000001,400,7,0.06999999999999999,1.0
0.5000000000000001,400,7,0.08,1.0
0.5000000000000001,400,7,0.09,1.0
0.5000000000000001,400,7,0.09999999999999999,1.0
0.5000000000000001,400,7,0.11,1.0
0.5000000000000001,400,7,0.12,1.0
0.5000000000000001,400,7,0.13,1.0
0.5000000000000001,400,7,0.14,1.0
0.5000000000000001,400,8,0.01,1.0
0.5000000000000001,400,8,0.02,1.0
0.5000000000000001,400,8,0.03,1.0
0.5000000000000001,400,8,0.04,1.0
0.5000000000000001,400,8,0.05,1.0
0.5000000000000001,400,8,0.060000000000000005,1.0
0.5000000000000001,400,8,0.06999999999999999,1.0
0.5000000000000001,400,8,0.08,1.0
0.5000000000000001,400,8,0.09,1.0
0.5000000000000001,400,8,0.09999999999999999,1.0
0.5000000000000001,400,8,0.11,1.0
0.5000000000000001,400,8,0.12,1.0
0.5000000000000001,400,8,0.13,1.0
0.5000000000000001,400,8,0.14,1.0
0.5000000000000001,450,3,0.01,1.0
0.5000000000000001,450,3,0.02,1.0
0.5000000000000001,450,3,0.03,1.0
0.5000000000000001,450,3,0.04,1.0
0.5000000000000001,450,3,0.05,1.0
0.5000000000000001,450,3,0.060000000000000005,1.0
0.5000000000000001,450,3,0.06999999999999999,1.0
0.5000000000000001,450,3,0.08,1.0
0.5000000000000001,450,3,0.09,1.0
0.5000000000000001,450,3,0.09999999999999999,1.0
0.5000000000000001,450,3,0.11,1.0
0.5000000000000001,450,3,0.12,1.0
0.5000000000000001,450,3,0.13,1.0
0.5000000000000001,450,3,0.14,1.0
0.5000000000000001,450,4,0.01,1.0
0.5000000000000001,450,4,0.02,1.0
0.5000000000000001,450,4,0.03,1.0
0.5000000000000001,450,4,0.04,1.0
0.5000000000000001,450,4,0.05,1.0
0.5000000000000001,450,4,0.060000000000000005,1.0
0.5000000000000001,450,4,0.06999999999999999,1.0
0.5000000000000001,450,4,0.08,1.0
0.5000000000000001,450,4,0.09,1.0
0.5000000000000001,450,4,0.09999999999999999,1.0
0.5000000000000001,450,4,0.11,1.0
0.5000000000000001,450,4,0.12,1.0
0.5000000000000001,450,4,0.13,1.0
0.5000000000000001,450,4,0.14,1.0
0.5000000000000001,450,5,0.01,1.0
0.5000000000000001,450,5,0.02,1.0
0.5000000000000001,450,5,0.03,1.0
0.5000000000000001,450,5,0.04,1.0
0.5000000000000001,450,5,0.05,1.0
0.5000000000000001,450,5,0.060000000000000005,1.0
0.5000000000000001,450,5,0.06999999999999999,1.0
0.5000000000000001,450,5,0.08,1.0
0.5000000000000001,450,5,0.09,1.0
0.5000000000000001,450,5,0.09999999999999999,1.0
0.5000000000000001,450,5,0.11,1.0
0.5000000000000001,450,5,0.12,1.0
0.5000000000000001,450,5,0.13,1.0
0.5000000000000001,450,5,0.14,1.0
0.5000000000000001,450,6,0.01,1.0
0.5000000000000001,450,6,0.02,1.0
0.5000000000000001,450,6,0.03,1.0
0.5000000000000001,450,6,0.04,1.0
0.5000000000000001,450,6,0.05,1.0
0.5000000000000001,450,6,0.060000000000000005,1.0
0.5000000000000001,450,6,0.06999999999999999,1.0
0.5000000000000001,450,6,0.08,1.0
0.5000000000000001,450,6,0.09,1.0
0.5000000000000001,450,6,0.09999999999999999,1.0
0.5000000000000001,450,6,0.11,1.0
0.5000000000000001,450,6,0.12,1.0
0.5000000000000001,450,6,0.13,1.0
0.5000000000000001,450,6,0.14,1.0
0.5000000000000001,450,7,0.01,1.0
0.5000000000000001,450,7,0.02,1.0
0.5000000000000001,450,7,0.03,1.0
0.5000000000000001,450,7,0.04,1.0
0.5000000000000001,450,7,0.05,1.0
0.5000000000000001,450,7,0.060000000000000005,1.0
0.5000000000000001,450,7,0.06999999999999999,1.0
0.5000000000000001,450,7,0.08,1.0
0.5000000000000001,450,7,0.09,1.0
0.5000000000000001,450,7,0.09999999999999999,1.0
0.5000000000000001,450,7,0.11,1.0
0.5000000000000001,450,7,0.12,1.0
0.5000000000000001,450,7,0.13,1.0
0.5000000000000001,450,7,0.14,1.0
0.5000000000000001,450,8,0.01,1.0
0.5000000000000001,450,8,0.02,1.0
0.5000000000000001,450,8,0.03,1.0
0.5000000000000001,450,8,0.04,1.0
0.5000000000000001,450,8,0.05,1.0
0.5000000000000001,450,8,0.060000000000000005,1.0
0.5000000000000001,450,8,0.06999999999999999,1.0
0.5000000000000001,450,8,0.08,1.0
0.5000000000000001,450,8,0.09,1.0
0.5000000000000001,450,8,0.09999999999999999,1.0
0.5000000000000001,450,8,0.11,1.0
0.5000000000000001,450,8,0.12,1.0
0.5000000000000001,450,8,0.13,1.0
0.5000000000000001,450,8,0.14,1.0
0.5000000000000001,500,3,0.01,1.0
0.5000000000000001,500,3,0.02,1.0
0.5000000000000001,500,3,0.03,1.0
0.5000000000000001,500,3,0.04,1.0
0.5000000000000001,500,3,0.05,1.0
0.5000000000000001,500,3,0.060000000000000005,1.0
0.5000000000000001,500,3,0.06999999999999999,1.0
0.5000000000000001,500,3,0.08,1.0
0.5000000000000001,500,3,0.09,1.0
0.5000000000000001,500,3,0.09999999999999999,1.0
0.5000000000000001,500,3,0.11,1.0
0.5000000000000001,500,3,0.12,1.0
0.5000000000000001,500,3,0.13,1.0
0.5000000000000001,500,3,0.14,1.0
0.5000000000000001,500,4,0.01,1.0
0.5000000000000001,500,4,0.02,1.0
0.5000000000000001,500,4,0.03,1.0
0.5000000000000001,500,4,0.04,1.0
0.5000000000000001,500,4,0.05,1.0
0.5000000000000001,500,4,0.060000000000000005,1.0
0.5000000000000001,500,4,0.06999999999999999,1.0
0.5000000000000001,500,4,0.08,1.0
0.5000000000000001,500,4,0.09,1.0
0.5000000000000001,500,4,0.09999999999999999,1.0
0.5000000000000001,500,4,0.11,1.0
0.5000000000000001,500,4,0.12,1.0
0.5000000000000001,500,4,0.13,1.0
0.5000000000000001,500,4,0.14,1.0
0.5000000000000001,500,5,0.01,1.0
0.5000000000000001,500,5,0.02,1.0
0.5000000000000001,500,5,0.03,1.0
0.5000000000000001,500,5,0.04,1.0
0.5000000000000001,500,5,0.05,1.0
0.5000000000000001,500,5,0.060000000000000005,1.0
0.5000000000000001,500,5,0.06999999999999999,1.0
0.5000000000000001,500,5,0.08,1.0
0.5000000000000001,500,5,0.09,1.0
0.5000000000000001,500,5,0.09999999999999999,1.0
0.5000000000000001,500,5,0.11,1.0
0.5000000000000001,500,5,0.12,1.0
0.5000000000000001,500,5,0.13,1.0
0.5000000000000001,500,5,0.14,1.0
0.5000000000000001,500,6,0.01,1.0
0.5000000000000001,500,6,0.02,1.0
0.5000000000000001,500,6,0.03,1.0
0.5000000000000001,500,6,0.04,1.0
0.5000000000000001,500,6,0.05,1.0
0.5000000000000001,500,6,0.060000000000000005,1.0
0.5000000000000001,500,6,0.06999999999999999,1.0
0.5000000000000001,500,6,0.08,1.0
0.5000000000000001,500,6,0.09,1.0
0.5000000000000001,500,6,0.09999999999999999,1.0
0.5000000000000001,500,6,0.11,1.0
0.5000000000000001,500,6,0.12,1.0
0.5000000000000001,500,6,0.13,1.0
0.5000000000000001,500,6,0.14,1.0
0.5000000000000001,500,7,0.01,1.0
0.5000000000000001,500,7,0.02,1.0
0.5000000000000001,500,7,0.03,1.0
0.5000000000000001,500,7,0.04,1.0
0.5000000000000001,500,7,0.05,1.0
0.5000000000000001,500,7,0.060000000000000005,1.0
0.5000000000000001,500,7,0.06999999999999999,1.0
0.5000000000000001,500,7,0.08,1.0
0.5000000000000001,500,7,0.09,1.0
0.5000000000000001,500,7,0.09999999999999999,1.0
0.5000000000000001,500,7,0.11,1.0
0.5000000000000001,500,7,0.12,1.0
0.5000000000000001,500,7,0.13,1.0
0.5000000000000001,500,7,0.14,1.0
0.5000000000000001,500,8,0.01,1.0
0.5000000000000001,500,8,0.02,1.0
0.5000000000000001,500,8,0.03,1.0
0.5000000000000001,500,8,0.04,1.0
0.5000000000000001,500,8,0.05,1.0
0.5000000000000001,500,8,0.060000000000000005,1.0
0.5000000000000001,500,8,0.06999999999999999,1.0
0.5000000000000001,500,8,0.08,1.0
0.5000000000000001,500,8,0.09,1.0
0.5000000000000001,500,8,0.09999999999999999,1.0
0.5000000000000001,500,8,0.11,1.0
0.5000000000000001,500,8,0.12,1.0
0.5000000000000001,500,8,0.13,1.0
0.5000000000000001,500,8,0.14,1.0
0.5000000000000001,550,3,0.01,1.0
0.5000000000000001,550,3,0.02,1.0
0.5000000000000001,550,3,0.03,1.0
0.5000000000000001,550,3,0.04,1.0
0.5000000000000001,550,3,0.05,1.0
0.5000000000000001,550,3,0.060000000000000005,1.0
0.5000000000000001,550,3,0.06999999999999999,1.0
0.5000000000000001,550,3,0.08,1.0
0.5000000000000001,550,3,0.09,1.0
0.5000000000000001,550,3,0.09999999999999999,1.0
0.5000000000000001,550,3,0.11,1.0
0.5000000000000001,550,3,0.12,1.0
0.5000000000000001,550,3,0.13,1.0
0.5000000000000001,550,3,0.14,1.0
0.5000000000000001,550,4,0.01,1.0
0.5000000000000001,550,4,0.02,1.0
0.5000000000000001,550,4,0.03,1.0
0.5000000000000001,550,4,0.04,1.0
0.5000000000000001,550,4,0.05,1.0
0.5000000000000001,550,4,0.060000000000000005,1.0
0.5000000000000001,550,4,0.06999999999999999,1.0
0.5000000000000001,550,4,0.08,1.0
0.5000000000000001,550,4,0.09,1.0
0.5000000000000001,550,4,0.09999999999999999,1.0
0.5000000000000001,550,4,0.11,1.0
0.5000000000000001,550,4,0.12,1.0
0.5000000000000001,550,4,0.13,1.0
0.5000000000000001,550,4,0.14,1.0
0.5000000000000001,550,5,0.01,1.0
0.5000000000000001,550,5,0.02,1.0
0.5000000000000001,550,5,0.03,1.0
0.5000000000000001,550,5,0.04,1.0
0.5000000000000001,550,5,0.05,1.0
0.5000000000000001,550,5,0.060000000000000005,1.0
0.5000000000000001,550,5,0.06999999999999999,1.0
0.5000000000000001,550,5,0.08,1.0
0.5000000000000001,550,5,0.09,1.0
0.5000000000000001,550,5,0.09999999999999999,1.0
0.5000000000000001,550,5,0.11,1.0
0.5000000000000001,550,5,0.12,1.0
0.5000000000000001,550,5,0.13,1.0
0.5000000000000001,550,5,0.14,1.0
0.5000000000000001,550,6,0.01,1.0
0.5000000000000001,550,6,0.02,1.0
0.5000000000000001,550,6,0.03,1.0
0.5000000000000001,550,6,0.04,1.0
0.5000000000000001,550,6,0.05,1.0
0.5000000000000001,550,6,0.060000000000000005,1.0
0.5000000000000001,550,6,0.06999999999999999,1.0
0.5000000000000001,550,6,0.08,1.0
0.5000000000000001,550,6,0.09,1.0
0.5000000000000001,550,6,0.09999999999999999,1.0
0.5000000000000001,550,6,0.11,1.0
0.5000000000000001,550,6,0.12,1.0
0.5000000000000001,550,6,0.13,1.0
0.5000000000000001,550,6,0.14,1.0
0.5000000000000001,550,7,0.01,1.0
0.5000000000000001,550,7,0.02,1.0
0.5000000000000001,550,7,0.03,1.0
0.5000000000000001,550,7,0.04,1.0
0.5000000000000001,550,7,0.05,1.0
0.5000000000000001,550,7,0.060000000000000005,1.0
0.5000000000000001,550,7,0.06999999999999999,1.0
0.5000000000000001,550,7,0.08,1.0
0.5000000000000001,550,7,0.09,1.0
0.5000000000000001,550,7,0.09999999999999999,1.0
0.5000000000000001,550,7,0.11,1.0
0.5000000000000001,550,7,0.12,1.0
0.5000000000000001,550,7,0.13,1.0
0.5000000000000001,550,7,0.14,1.0
0.5000000000000001,550,8,0.01,1.0
0.5000000000000001,550,8,0.02,1.0
0.5000000000000001,550,8,0.03,1.0
0.5000000000000001,550,8,0.04,1.0
0.5000000000000001,550,8,0.05,1.0
0.5000000000000001,550,8,0.060000000000000005,1.0
0.5000000000000001,550,8,0.06999999999999999,1.0
0.5000000000000001,550,8,0.08,1.0
0.5000000000000001,550,8,0.09,1.0
0.5000000000000001,550,8,0.09999999999999999,1.0
0.5000000000000001,550,8,0.11,1.0
0.5000000000000001,550,8,0.12,1.0
0.5000000000000001,550,8,0.13,1.0
0.5000000000000001,550,8,0.14,1.0
0.5000000000000001,600,3,0.01,1.0
0.5000000000000001,600,3,0.02,1.0
0.5000000000000001,600,3,0.03,1.0
0.5000000000000001,600,3,0.04,1.0
0.5000000000000001,600,3,0.05,1.0
0.5000000000000001,600,3,0.060000000000000005,1.0
0.5000000000000001,600,3,0.06999999999999999,1.0
0.5000000000000001,600,3,0.08,1.0
0.5000000000000001,600,3,0.09,1.0
0.5000000000000001,600,3,0.09999999999999999,1.0
0.5000000000000001,600,3,0.11,1.0
0.5000000000000001,600,3,0.12,1.0
0.5000000000000001,600,3,0.13,1.0
0.5000000000000001,600,3,0.14,1.0
0.5000000000000001,600,4,0.01,1.0
0.5000000000000001,600,4,0.02,1.0
0.5000000000000001,600,4,0.03,1.0
0.5000000000000001,600,4,0.04,1.0
0.5000000000000001,600,4,0.05,1.0
0.5000000000000001,600,4,0.060000000000000005,1.0
0.5000000000000001,600,4,0.06999999999999999,1.0
0.5000000000000001,600,4,0.08,1.0
0.5000000000000001,600,4,0.09,1.0
0.5000000000000001,600,4,0.09999999999999999,1.0
0.5000000000000001,600,4,0.11,1.0
0.5000000000000001,600,4,0.12,1.0
0.5000000000000001,600,4,0.13,1.0
0.5000000000000001,600,4,0.14,1.0
0.5000000000000001,600,5,0.01,1.0
0.5000000000000001,600,5,0.02,1.0
0.5000000000000001,600,5,0.03,1.0
0.5000000000000001,600,5,0.04,1.0
0.5000000000000001,600,5,0.05,1.0
0.5000000000000001,600,5,0.060000000000000005,1.0
0.5000000000000001,600,5,0.06999999999999999,1.0
0.5000000000000001,600,5,0.08,1.0
0.5000000000000001,600,5,0.09,1.0
0.5000000000000001,600,5,0.09999999999999999,1.0
0.5000000000000001,600,5,0.11,1.0
0.5000000000000001,600,5,0.12,1.0
0.5000000000000001,600,5,0.13,1.0
0.5000000000000001,600,5,0.14,1.0
0.5000000000000001,600,6,0.01,1.0
0.5000000000000001,600,6,0.02,1.0
0.5000000000000001,600,6,0.03,1.0
0.5000000000000001,600,6,0.04,1.0
0.5000000000000001,600,6,0.05,1.0
0.5000000000000001,600,6,0.060000000000000005,1.0
0.5000000000000001,600,6,0.06999999999999999,1.0
0.5000000000000001,600,6,0.08,1.0
0.5000000000000001,600,6,0.09,1.0
0.5000000000000001,600,6,0.09999999999999999,1.0
0.5000000000000001,600,6,0.11,1.0
0.5000000000000001,600,6,0.12,1.0
0.5000000000000001,600,6,0.13,1.0
0.5000000000000001,600,6,0.14,1.0
0.5000000000000001,600,7,0.01,1.0
0.5000000000000001,600,7,0.02,1.0
0.5000000000000001,600,7,0.03,1.0
0.5000000000000001,600,7,0.04,1.0
0.5000000000000001,600,7,0.05,1.0
0.5000000000000001,600,7,0.060000000000000005,1.0
0.5000000000000001,600,7,0.06999999999999999,1.0
0.5000000000000001,600,7,0.08,1.0
0.5000000000000001,600,7,0.09,1.0
0.5000000000000001,600,7,0.09999999999999999,1.0
0.5000000000000001,600,7,0.11,1.0
0.5000000000000001,600,7,0.12,1.0
0.5000000000000001,600,7,0.13,1.0
0.5000000000000001,600,7,0.14,1.0
0.5000000000000001,600,8,0.01,1.0
0.5000000000000001,600,8,0.02,1.0
0.5000000000000001,600,8,0.03,1.0
0.5000000000000001,600,8,0.04,1.0
0.5000000000000001,600,8,0.05,1.0
0.5000000000000001,600,8,0.060000000000000005,1.0
0.5000000000000001,600,8,0.06999999999999999,1.0
0.5000000000000001,600,8,0.08,1.0
0.5000000000000001,600,8,0.09,1.0
0.5000000000000001,600,8,0.09999999999999999,1.0
0.5000000000000001,600,8,0.11,1.0
0.5000000000000001,600,8,0.12,1.0
0.5000000000000001,600,8,0.13,1.0
0.5000000000000001,600,8,0.14,1.0
0.5000000000000001,650,3,0.01,1.0
0.5000000000000001,650,3,0.02,1.0
0.5000000000000001,650,3,0.03,1.0
0.5000000000000001,650,3,0.04,1.0
0.5000000000000001,650,3,0.05,1.0
0.5000000000000001,650,3,0.060000000000000005,1.0
0.5000000000000001,650,3,0.06999999999999999,1.0
0.5000000000000001,650,3,0.08,1.0
0.5000000000000001,650,3,0.09,1.0
0.5000000000000001,650,3,0.09999999999999999,1.0
0.5000000000000001,650,3,0.11,1.0
0.5000000000000001,650,3,0.12,1.0
0.5000000000000001,650,3,0.13,1.0
0.5000000000000001,650,3,0.14,1.0
0.5000000000000001,650,4,0.01,1.0
0.5000000000000001,650,4,0.02,1.0
0.5000000000000001,650,4,0.03,1.0
0.5000000000000001,650,4,0.04,1.0
0.5000000000000001,650,4,0.05,1.0
0.5000000000000001,650,4,0.060000000000000005,1.0
0.5000000000000001,650,4,0.06999999999999999,1.0
0.5000000000000001,650,4,0.08,1.0
0.5000000000000001,650,4,0.09,1.0
0.5000000000000001,650,4,0.09999999999999999,1.0
0.5000000000000001,650,4,0.11,1.0
0.5000000000000001,650,4,0.12,1.0
0.5000000000000001,650,4,0.13,1.0
0.5000000000000001,650,4,0.14,1.0
0.5000000000000001,650,5,0.01,1.0
0.5000000000000001,650,5,0.02,1.0
0.5000000000000001,650,5,0.03,1.0
0.5000000000000001,650,5,0.04,1.0
0.5000000000000001,650,5,0.05,1.0
0.5000000000000001,650,5,0.060000000000000005,1.0
0.5000000000000001,650,5,0.06999999999999999,1.0
0.5000000000000001,650,5,0.08,1.0
0.5000000000000001,650,5,0.09,1.0
0.5000000000000001,650,5,0.09999999999999999,1.0
0.5000000000000001,650,5,0.11,1.0
0.5000000000000001,650,5,0.12,1.0
0.5000000000000001,650,5,0.13,1.0
0.5000000000000001,650,5,0.14,1.0
0.5000000000000001,650,6,0.01,1.0
0.5000000000000001,650,6,0.02,1.0
0.5000000000000001,650,6,0.03,1.0
0.5000000000000001,650,6,0.04,1.0
0.5000000000000001,650,6,0.05,1.0
0.5000000000000001,650,6,0.060000000000000005,1.0
0.5000000000000001,650,6,0.06999999999999999,1.0
0.5000000000000001,650,6,0.08,1.0
0.5000000000000001,650,6,0.09,1.0
0.5000000000000001,650,6,0.09999999999999999,1.0
0.5000000000000001,650,6,0.11,1.0
0.5000000000000001,650,6,0.12,1.0
0.5000000000000001,650,6,0.13,1.0
0.5000000000000001,650,6,0.14,1.0
0.5000000000000001,650,7,0.01,1.0
0.5000000000000001,650,7,0.02,1.0
0.5000000000000001,650,7,0.03,1.0
0.5000000000000001,650,7,0.04,1.0
0.5000000000000001,650,7,0.05,1.0
0.5000000000000001,650,7,0.060000000000000005,1.0
0.5000000000000001,650,7,0.06999999999999999,1.0
0.5000000000000001,650,7,0.08,1.0
0.5000000000000001,650,7,0.09,1.0
0.5000000000000001,650,7,0.09999999999999999,1.0
0.5000000000000001,650,7,0.11,1.0
0.5000000000000001,650,7,0.12,1.0
0.5000000000000001,650,7,0.13,1.0
0.5000000000000001,650,7,0.14,1.0
0.5000000000000001,650,8,0.01,1.0
0.5000000000000001,650,8,0.02,1.0
0.5000000000000001,650,8,0.03,1.0
0.5000000000000001,650,8,0.04,1.0
0.5000000000000001,650,8,0.05,1.0
0.5000000000000001,650,8,0.060000000000000005,1.0
0.5000000000000001,650,8,0.06999999999999999,1.0
0.5000000000000001,650,8,0.08,1.0
0.5000000000000001,650,8,0.09,1.0
0.5000000000000001,650,8,0.09999999999999999,1.0
0.5000000000000001,650,8,0.11,1.0
0.5000000000000001,650,8,0.12,1.0
0.5000000000000001,650,8,0.13,1.0
0.5000000000000001,650,8,0.14,1.0
0.6000000000000001,50,3,0.01,0.9815
0.6000000000000001,50,3,0.02,0.9998
0.6000000000000001,50,3,0.03,1.0
0.6000000000000001,50,3,0.04,1.0
0.6000000000000001,50,3,0.05,1.0
0.6000000000000001,50,3,0.060000000000000005,1.0
0.6000000000000001,50,3,0.06999999999999999,1.0
0.6000000000000001,50,3,0.08,1.0
0.6000000000000001,50,3,0.09,1.0
0.6000000000000001,50,3,0.09999999999999999,1.0
0.6000000000000001,50,3,0.11,1.0
0.6000000000000001,50,3,0.12,1.0
0.6000000000000001,50,3,0.13,1.0
0.6000000000000001,50,3,0.14,1.0
0.6000000000000001,50,4,0.01,0.9346
0.6000000000000001,50,4,0.02,0.9985
0.6000000000000001,50,4,0.03,0.9998
0.6000000000000001,50,4,0.04,1.0
0.6000000000000001,50,4,0.05,1.0
0.6000000000000001,50,4,0.060000000000000005,1.0
0.6000000000000001,50,4,0.06999999999999999,1.0
0.6000000000000001,50,4,0.08,1.0
0.6000000000000001,50,4,0.09,1.0
0.6000000000000001,50,4,0.09999999999999999,1.0
0.6000000000000001,50,4,0.11,1.0
0.6000000000000001,50,4,0.12,1.0
0.6000000000000001,50,4,0.13,1.0
0.6000000000000001,50,4,0.14,1.0
0.6000000000000001,50,5,0.01,0.8336
0.6000000000000001,50,5,0.02,0.9955
0.6000000000000001,50,5,0.03,0.9996
0.6000000000000001,50,5,0.04,1.0
0.6000000000000001,50,5,0.05,1.0
0.6000000000000001,50,5,0.060000000000000005,1.0
0.6000000000000001,50,5,0.06999999999999999,1.0
0.6000000000000001,50,5,0.08,1.0
0.6000000000000001,50,5,0.09,1.0
0.6000000000000001,50,5,0.09999999999999999,1.0
0.6000000000000001,50,5,0.11,1.0
0.6000000000000001,50,5,0.12,1.0
0.6000000000000001,50,5,0.13,1.0
0.6000000000000001,50,5,0.14,1.0
0.6000000000000001,50,6,0.01,0.6635
0.6000000000000001,50,6,0.02,0.9838
0.6000000000000001,50,6,0.03,0.9993
0.6000000000000001,50,6,0.04,1.0
0.6000000000000001,50,6,0.05,1.0
0.6000000000000001,50,6,0.060000000000000005,1.0
0.6000000000000001,50,6,0.06999999999999999,1.0
0.6000000000000001,50,6,0.08,1.0
0.6000000000000001,50,6,0.09,1.0
0.6000000000000001,50,6,0.09999999999999999,1.0
0.6000000000000001,50,6,0.11,1.0
0.6000000000000001,50,6,0.12,1.0
0.6000000000000001,50,6,0.13,1.0
0.6000000000000001,50,6,0.14,1.0
0.6000000000000001,50,7,0.01,0.4674
0.6000000000000001,50,7,0.02,0.9541
0.6000000000000001,50,7,0.03,0.9966
0.6000000000000001,50,7,0.04,1.0
0.6000000000000001,50,7,0.05,1.0
0.6000000000000001,50,7,0.060000000000000005,1.0
0.6000000000000001,50,7,0.06999999999999999,1.0
0.6000000000000001,50,7,0.08,1.0
0.6000000000000001,50,7,0.09,1.0
0.6000000000000001,50,7,0.09999999999999999,1.0
0.6000000000000001,50,7,0.11,1.0
0.6000000000000001,50,7,0.12,1.0
0.6000000000000001,50,7,0.13,1.0
0.6000000000000001,50,7,0.14,1.0
0.6000000000000001,50,8,0.01,0.2813
0.6000000000000001,50,8,0.02,0.8971
0.6000000000000001,50,8,0.03,0.9904
0.6000000000000001,50,8,0.04,0.9995
0.6000000000000001,50,8,0.05,1.0
0.6000000000000001,50,8,0.060000000000000005,1.0
0.6000000000000001,50,8,0.06999999999999999,1.0
0.6000000000000001,50,8,0.08,1.0
0.6000000000000001,50,8,0.09,1.0
0.6000000000000001,50,8,0.09999999999999999,1.0
0.6000000000000001,50,8,0.11,1.0
0.6000000000000001,50,8,0.12,1.0
0.6000000000000001,50,8,0.13,1.0
0.6000000000000001,50,8,0.14,1.0
0.6000000000000001,100,3,0.01,0.9998
0.6000000000000001,100,3,0.02,1.0
0.6000000000000001,100,3,0.03,1.0
0.6000000000000001,100,3,0.04,1.0
0.6000000000000001,100,3,0.05,1.0
0.6000000000000001,100,3,0.060000000000000005,1.0
0.6000000000000001,100,3,0.06999999999999999,1.0
0.6000000000000001,100,3,0.08,1.0
0.6000000000000001,100,3,0.09,1.0
0.6000000000000001,100,3,0.09999999999999999,1.0
0.6000000000000001,100,3,0.11,1.0
0.6000000000000001,100,3,0.12,1.0
0.6000000000000001,100,3,0.13,1.0
0.6000000000000001,100,3,0.14,1.0
0.6000000000000001,100,4,0.01,0.9987
0.6000000000000001,100,4,0.02,1.0
0.6000000000000001,100,4,0.03,1.0
0.6000000000000001,100,4,0.04,1.0
0.6000000000000001,100,4,0.05,1.0
0.6000000000000001,100,4,0.060000000000000005,1.0
0.6000000000000001,100,4,0.06999999999999999,1.0
0.6000000000000001,100,4,0.08,1.0
0.6000000000000001,100,4,0.09,1.0
0.6000000000000001,100,4,0.09999999999999999,1.0
0.6000000000000001,100,4,0.11,1.0
0.6000000000000001,100,4,0.12,1.0
0.6000000000000001,100,4,0.13,1.0
0.6000000000000001,100,4,0.14,1.0
0.6000000000000001,100,5,0.01,0.9937
0.6000000000000001,100,5,0.02,1.0
0.6000000000000001,100,5,0.03,1.0
0.6000000000000001,100,5,0.04,1.0
0.6000000000000001,100,5,0.05,1.0
0.6000000000000001,100,5,0.060000000000000005,1.0
0.6000000000000001,100,5,0.06999999999999999,1.0
0.6000000000000001,100,5,0.08,1.0
0.6000000000000001,100,5,0.09,1.0
0.6000000000000001,100,5,0.09999999999999999,1.0
0.6000000000000001,100,5,0.11,1.0
0.6000000000000001,100,5,0.12,1.0
0.6000000000000001,100,5,0.13,1.0
0.6000000000000001,100,5,0.14,1.0
0.6000000000000001,100,6,0.01,0.9749
0.6000000000000001,100,6,0.02,1.0
0.6000000000000001,100,6,0.03,1.0
0.6000000000000001,100,6,0.04,1.0
0.6000000000000001,100,6,0.05,1.0
0.6000000000000001,100,6,0.060000000000000005,1.0
0.6000000000000001,100,6,0.06999999999999999,1.0
0.6000000000000001,100,6,0.08,1.0
0.6000000000000001,100,6,0.09,1.0
0.6000000000000001,100,6,0.09999999999999999,1.0
0.6000000000000001,100,6,0.11,1.0
0.6000000000000001,100,6,0.12,1.0
0.6000000000000001,100,6,0.13,1.0
0.6000000000000001,100,6,0.14,1.0
0.6000000000000001,100,7,0.01,0.9294
0.6000000000000001,100,7,0.02,0.9999
0.6000000000000001,100,7,0.03,1.0
0.6000000000000001,100,7,0.04,1.0
0.6000000000000001,100,7,0.05,1.0
0.6000000000000001,100,7,0.060000000000000005,1.0
0.6000000000000001,100,7,0.06999999999999999,1.0
0.6000000000000001,100,7,0.08,1.0
0.6000000000000001,100,7,0.09,1.0
0.6000000000000001,100,7,0.09999999999999999,1.0
0.6000000000000001,100,7,0.11,1.0
0.6000000000000001,100,7,0.12,1.0
0.6000000000000001,100,7,0.13,1.0
0.6000000000000001,100,7,0.14,1.0
0.6000000000000001,100,8,0.01,0.8378
0.6000000000000001,100,8,0.02,0.9998
0.6000000000000001,100,8,0.03,1.0
0.6000000000000001,100,8,0.04,1.0
0.6000000000000001,100,8,0.05,1.0
0.6000000000000001,100,8,0.060000000000000005,1.0
0.6000000000000001,100,8,0.06999999999999999,1.0
0.6000000000000001,100,8,0.08,1.0
0.6000000000000001,100,8,0.09,1.0
0.6000000000000001,100,8,0.09999999999999999,1.0
0.6000000000000001,100,8,0.11,1.0
0.6000000000000001,100,8,0.12,1.0
0.6000000000000001,100,8,0.13,1.0
0.6000000000000001,100,8,0.14,1.0
0.6000000000000001,150,3,0.01,1.0
0.6000000000000001,150,3,0.02,1.0
0.6000000000000001,150,3,0.03,1.0
0.6000000000000001,150,3,0.04,1.0
0.6000000000000001,150,3,0.05,1.0
0.6000000000000001,150,3,0.060000000000000005,1.0
0.6000000000000001,150,3,0.06999999999999999,1.0
0.6000000000000001,150,3,0.08,1.0
0.6000000000000001,150,3,0.09,1.0
0.6000000000000001,150,3,0.09999999999999999,1.0
0.6000000000000001,150,3,0.11,1.0
0.6000000000000001,150,3,0.12,1.0
0.6000000000000001,150,3,0.13,1.0
0.6000000000000001,150,3,0.14,1.0
0.6000000000000001,150,4,0.01,0.9998
0.6000000000000001,150,4,0.02,1.0
0.6000000000000001,150,4,0.03,1.0
0.6000000000000001,150,4,0.04,1.0
0.6000000000000001,150,4,0.05,1.0
0.6000000000000001,150,4,0.060000000000000005,1.0
0.6000000000000001,150,4,0.06999999999999999,1.0
0.6000000000000001,150,4,0.08,1.0
0.6000000000000001,150,4,0.09,1.0
0.6000000000000001,150,4,0.09999999999999999,1.0
0.6000000000000001,150,4,0.11,1.0
0.6000000000000001,150,4,0.12,1.0
0.6000000000000001,150,4,0.13,1.0
0.6000000000000001,150,4,0.14,1.0
0.6000000000000001,150,5,0.01,0.9996
0.6000000000000001,150,5,0.02,1.0
0.6000000000000001,150,5,0.03,1.0
0.6000000000000001,150,5,0.04,1.0
0.6000000000000001,150,5,0.05,1.0
0.6000000000000001,150,5,0.060000000000000005,1.0
0.6000000000000001,150,5,0.06999999999999999,1.0
0.6000000000000001,150,5,0.08,1.0
0.6000000000000001,150,5,0.09,1.0
0.6000000000000001,150,5,0.09999999999999999,1.0
0.6000000000000001,150,5,0.11,1.0
0.6000000000000001,150,5,0.12,1.0
0.6000000000000001,150,5,0.13,1.0
0.6000000000000001,150,5,0.14,1.0
0.6000000000000001,150,6,0.01,0.9986
0.6000000000000001,150,6,0.02,1.0
0.6000000000000001,150,6,0.03,1.0
0.6000000000000001,150,6,0.04,1.0
0.6000000000000001,150,6,0.05,1.0
0.6000000000000001,150,6,0.060000000000000005,1.0
0.6000000000000001,150,6,0.06999999999999999,1.0
0.6000000000000001,150,6,0.08,1.0
0.6000000000000001,150,6,0.09,1.0
0.6000000000000001,150,6,0.09999999999999999,1.0
0.6000000000000001,150,6,0.11,1.0
0.6000000000000001,150,6,0.12,1.0
0.6000000000000001,150,6,0.13,1.0
0.6000000000000001,150,6,0.14,1.0
0.6000000000000001,150,7,0.01,0.9942
0.6000000000000001,150,7,0.02,1.0
0.6000000000000001,150,7,0.03,1.0
0.6000000000000001,150,7,0.04,1.0
0.6000000000000001,150,7,0.05,1.0
0.6000000000000001,150,7,0.060000000000000005,1.0
0.6000000000000001,150,7,0.06999999999999999,1.0
0.6000000000000001,150,7,0.08,1.0
0.6000000000000001,150,7,0.09,1.0
0.6000000000000001,150,7,0.09999999999999999,1.0
0.6000000000000001,150,7,0.11,1.0
0.6000000000000001,150,7,0.12,1.0
0.6000000000000001,150,7,0.13,1.0
0.6000000000000001,150,7,0.14,1.0
0.6000000000000001,150,8,0.01,0.9795
0.6000000000000001,150,8,0.02,1.0
0.6000000000000001,150,8,0.03,1.0
0.6000000000000001,150,8,0.04,1.0
0.6000000000000001,150,8,0.05,1.0
0.6000000000000001,150,8,0.060000000000000005,1.0
0.6000000000000001,150,8,0.06999999999999999,1.0
0.6000000000000001,150,8,0.08,1.0
0.6000000000000001,150,8,0.09,1.0
0.6000000000000001,150,8,0.09999999999999999,1.0
0.6000000000000001,150,8,0.11,1.0
0.6000000000000001,150,8,0.12,1.0
0.6000000000000001,150,8,0.13,1.0
0.6000000000000001,150,8,0.14,1.0
0.6000000000000001,200,3,0.01,1.0
0.6000000000000001,200,3,0.02,1.0
0.6000000000000001,200,3,0.03,1.0
0.6000000000000001,200,3,0.04,1.0
0.6000000000000001,200,3,0.05,1.0
0.6000000000000001,200,3,0.060000000000000005,1.0
0.6000000000000001,200,3,0.06999999999999999,1.0
0.6000000000000001,200,3,0.08,1.0
0.6000000000000001,200,3,0.09,1.0
0.6000000000000001,200,3,0.09999999999999999,1.0
0.6000000000000001,200,3,0.11,1.0
0.6000000000000001,200,3,0.12,1.0
0.6000000000000001,200,3,0.13,1.0
0.6000000000000001,200,3,0.14,1.0
0.6000000000000001,200,4,0.01,1.0
0.6000000000000001,200,4,0.02,1.0
0.6000000000000001,200,4,0.03,1.0
0.6000000000000001,200,4,0.04,1.0
0.6000000000000001,200,4,0.05,1.0
0.6000000000000001,200,4,0.060000000000000005,1.0
0.6000000000000001,200,4,0.06999999999999999,1.0
0.6000000000000001,200,4,0.08,1.0
0.6000000000000001,200,4,0.09,1.0
0.6000000000000001,200,4,0.09999999999999999,1.0
0.6000000000000001,200,4,0.11,1.0
0.6000000000000001,200,4,0.12,1.0
0.6000000000000001,200,4,0.13,1.0
0.6000000000000001,200,4,0.14,1.0
0.6000000000000001,200,5,0.01,0.9999
0.6000000000000001,200,5,0.02,1.0
0.6000000000000001,200,5,0.03,1.0
0.6000000000000001,200,5,0.04,1.0
0.6000000000000001,200,5,0.05,1.0
0.6000000000000001,200,5,0.060000000000000005,1.0
0.6000000000000001,200,5,0.06999999999999999,1.0
0.6000000000000001,200,5,0.08,1.0
0.6000000000000001,200,5,0.09,1.0
0.6000000000000001,200,5,0.09999999999999999,1.0
0.6000000000000001,200,5,0.11,1.0
0.6000000000000001,200,5,0.12,1.0
0.6000000000000001,200,5,0.13,1.0
0.6000000000000001,200,5,0.14,1.0
0.6000000000000001,200,6,0.01,0.9999
0.6000000000000001,200,6,0.02,1.0
0.6000000000000001,200,6,0.03,1.0
0.6000000000000001,200,6,0.04,1.0
0.6000000000000001,200,6,0.05,1.0
0.6000000000000001,200,6,0.060000000000000005,1.0
0.6000000000000001,200,6,0.06999999999999999,1.0
0.6000000000000001,200,6,0.08,1.0
0.6000000000000001,200,6,0.09,1.0
0.6000000000000001,200,6,0.09999999999999999,1.0
0.6000000000000001,200,6,0.11,1.0
0.6000000000000001,200,6,0.12,1.0
0.6000000000000001,200,6,0.13,1.0
0.6000000000000001,200,6,0.14,1.0
0.6000000000000001,200,7,0.01,0.9994
0.6000000000000001,200,7,0.02,1.0
0.6000000000000001,200,7,0.03,1.0
0.6000000000000001,200,7,0.04,1.0
0.6000000000000001,200,7,0.05,1.0
0.6000000000000001,200,7,0.060000000000000005,1.0
0.6000000000000001,200,7,0.06999999999999999,1.0
0.6000000000000001,200,7,0.08,1.0
0.6000000000000001,200,7,0.09,1.0
0.6000000000000001,200,7,0.09999999999999999,1.0
0.6000000000000001,200,7,0.11,1.0
0.6000000000000001,200,7,0.12,1.0
0.6000000000000001,200,7,0.13,1.0
0.6000000000000001,200,7,0.14,1.0
0.6000000000000001,200,8,0.01,0.9976
0.6000000000000001,200,8,0.02,1.0
0.6000000000000001,200,8,0.03,1.0
0.6000000000000001,200,8,0.04,1.0
0.6000000000000001,200,8,0.05,1.0
0.6000000000000001,200,8,0.060000000000000005,1.0
0.6000000000000001,200,8,0.06999999999999999,1.0
0.6000000000000001,200,8,0.08,1.0
0.6000000000000001,200,8,0.09,1.0
0.6000000000000001,200,8,0.09999999999999999,1.0
0.6000000000000001,200,8,0.11,1.0
0.6000000000000001,200,8,0.12,1.0
0.6000000000000001,200,8,0.13,1.0
0.6000000000000001,200,8,0.14,1.0
0.6000000000000001,250,3,0.01,1.0
0.6000000000000001,250,3,0.02,1.0
0.6000000000000001,250,3,0.03,1.0
0.6000000000000001,250,3,0.04,1.0
0.6000000000000001,250,3,0.05,1.0
0.6000000000000001,250,3,0.060000000000000005,1.0
0.6000000000000001,250,3,0.06999999999999999,1.0
0.6000000000000001,250,3,0.08,1.0
0.6000000000000001,250,3,0.09,1.0
0.6000000000000001,250,3,0.09999999999999999,1.0
0.6000000000000001,250,3,0.11,1.0
0.6000000000000001,250,3,0.12,1.0
0.6000000000000001,250,3,0.13,1.0
0.6000000000000001,250,3,0.14,1.0
0.6000000000000001,250,4,0.01,1.0
0.6000000000000001,250,4,0.02,1.0
0.6000000000000001,250,4,0.03,1.0
0.6000000000000001,250,4,0.04,1.0
0.6000000000000001,250,4,0.05,1.0
0.6000000000000001,250,4,0.060000000000000005,1.0
0.6000000000000001,250,4,0.06999999999999999,1.0
0.6000000000000001,250,4,0.08,1.0
0.6000000000000001,250,4,0.09,1.0
0.6000000000000001,250,4,0.09999999999999999,1.0
0.6000000000000001,250,4,0.11,1.0
0.6000000000000001,250,4,0.12,1.0
0.6000000000000001,250,4,0.13,1.0
0.6000000000000001,250,4,0.14,1.0
0.6000000000000001,250,5,0.01,1.0
0.6000000000000001,250,5,0.02,1.0
0.6000000000000001,250,5,0.03,1.0
0.6000000000000001,250,5,0.04,1.0
0.6000000000000001,250,5,0.05,1.0
0.6000000000000001,250,5,0.060000000000000005,1.0
0.6000000000000001,250,5,0.06999999999999999,1.0
0.6000000000000001,250,5,0.08,1.0
0.6000000000000001,250,5,0.09,1.0
0.6000000000000001,250,5,0.09999999999999999,1.0
0.6000000000000001,250,5,0.11,1.0
0.6000000000000001,250,5,0.12,1.0
0.6000000000000001,250,5,0.13,1.0
0.6000000000000001,250,5,0.14,1.0
0.6000000000000001,250,6,0.01,1.0
0.6000000000000001,250,6,0.02,1.0
0.6000000000000001,250,6,0.03,1.0
0.6000000000000001,250,6,0.04,1.0
0.6000000000000001,250,6,0.05,1.0
0.6000000000000001,250,6,0.060000000000000005,1.0
0.6000000000000001,250,6,0.06999999999999999,1.0
0.6000000000000001,250,6,0.08,1.0
0.6000000000000001,250,6,0.09,1.0
0.6000000000000001,250,6,0.09999999999999999,1.0
0.6000000000000001,250,6,0.11,1.0
0.6000000000000001,250,6,0.12,1.0
0.6000000000000001,250,6,0.13,1.0
0.6000000000000001,250,6,0.14,1.0
0.6000000000000001,250,7,0.01,0.9997
0.6000000000000001,250,7,0.02,1.0
0.6000000000000001,250,7,0.03,1.0
0.6000000000000001,250,7,0.04,1.0
0.6000000000000001,250,7,0.05,1.0
0.6000000000000001,250,7,0.060000000000000005,1.0
0.6000000000000001,250,7,0.06999999999999999,1.0
0.6000000000000001,250,7,0.08,1.0
0.6000000000000001,250,7,0.09,1.0
0.6000000000000001,250,7,0.09999999999999999,1.0
0.6000000000000001,250,7,0.11,1.0
0.6000000000000001,250,7,0.12,1.0
0.6000000000000001,250,7,0.13,1.0
0.6000000000000001,250,7,0.14,1.0
0.6000000000000001,250,8,0.01,0.9996
0.6000000000000001,250,8,0.02,1.0
0.6000000000000001,250,8,0.03,1.0
0.6000000000000001,250,8,0.04,1.0
0.6000000000000001,250,8,0.05,1.0
0.6000000000000001,250,8,0.060000000000000005,1.0
0.6000000000000001,250,8,0.06999999999999999,1.0
0.6000000000000001,250,8,0.08,1.0
0.6000000000000001,250,8,0.09,1.0
0.6000000000000001,250,8,0.09999999999999999,1.0
0.6000000000000001,250,8,0.11,1.0
0.6000000000000001,250,8,0.12,1.0
0.6000000000000001,250,8,0.13,1.0
0.6000000000000001,250,8,0.14,1.0
0.6000000000000001,300,3,0.01,1.0
0.6000000000000001,300,3,0.02,1.0
0.6000000000000001,300,3,0.03,1.0
0.6000000000000001,300,3,0.04,1.0
0.6000000000000001,300,3,0.05,1.0
0.6000000000000001,300,3,0.060000000000000005,1.0
0.6000000000000001,300,3,0.06999999999999999,1.0
0.6000000000000001,300,3,0.08,1.0
0.6000000000000001,300,3,0.09,1.0
0.6000000000000001,300,3,0.09999999999999999,1.0
0.6000000000000001,300,3,0.11,1.0
0.6000000000000001,300,3,0.12,1.0
0.6000000000000001,300,3,0.13,1.0
0.6000000000000001,300,3,0.14,1.0
0.6000000000000001,300,4,0.01,1.0
0.6000000000000001,300,4,0.02,1.0
0.6000000000000001,300,4,0.03,1.0
0.6000000000000001,300,4,0.04,1.0
0.6000000000000001,300,4,0.05,1.0
0.6000000000000001,300,4,0.060000000000000005,1.0
0.6000000000000001,300,4,0.06999999999999999,1.0
0.6000000000000001,300,4,0.08,1.0
0.6000000000000001,300,4,0.09,1.0
0.6000000000000001,300,4,0.09999999999999999,1.0
0.6000000000000001,300,4,0.11,1.0
0.6000000000000001,300,4,0.12,1.0
0.6000000000000001,300,4,0.13,1.0
0.6000000000000001,300,4,0.14,1.0
0.6000000000000001,300,5,0.01,1.0
0.6000000000000001,300,5,0.02,1.0
0.6000000000000001,300,5,0.03,1.0
0.6000000000000001,300,5,0.04,1.0
0.6000000000000001,300,5,0.05,1.0
0.6000000000000001,300,5,0.060000000000000005,1.0
0.6000000000000001,300,5,0.06999999999999999,1.0
0.6000000000000001,300,5,0.08,1.0
0.6000000000000001,300,5,0.09,1.0
0.6000000000000001,300,5,0.09999999999999999,1.0
0.6000000000000001,300,5,0.11,1.0
0.6000000000000001,300,5,0.12,1.0
0.6000000000000001,300,5,0.13,1.0
0.6000000000000001,300,5,0.14,1.0
0.6000000000000001,300,6,0.01,1.0
0.6000000000000001,300,6,0.02,1.0
0.6000000000000001,300,6,0.03,1.0
0.6000000000000001,300,6,0.04,1.0
0.6000000000000001,300,6,0.05,1.0
0.6000000000000001,300,6,0.060000000000000005,1.0
0.6000000000000001,300,6,0.06999999999999999,1.0
0.6000000000000001,300,6,0.08,1.0
0.6000000000000001,300,6,0.09,1.0
0.6000000000000001,300,6,0.09999999999999999,1.0
0.6000000000000001,300,6,0.11,1.0
0.6000000000000001,300,6,0.12,1.0
0.6000000000000001,300,6,0.13,1.0
0.6000000000000001,300,6,0.14,1.0
0.6000000000000001,300,7,0.01,1.0
0.6000000000000001,300,7,0.02,1.0
0.6000000000000001,300,7,0.03,1.0
0.6000000000000001,300,7,0.04,1.0
0.6000000000000001,300,7,0.05,1.0
0.6000000000000001,300,7,0.060000000000000005,1.0
0.6000000000000001,300,7,0.06999999999999999,1.0
0.6000000000000001,300,7,0.08,1.0
0.6000000000000001,300,7,0.09,1.0
0.6000000000000001,300,7,0.09999999999999999,1.0
0.6000000000000001,300,7,0.11,1.0
0.6000000000000001,300,7,0.12,1.0
0.6000000000000001,300,7,0.13,1.0
0.6000000000000001,300,7,0.14,1.0
0.6000000000000001,300,8,0.01,1.0
0.6000000000000001,300,8,0.02,1.0
0.6000000000000001,300,8,0.03,1.0
0.6000000000000001,300,8,0.04,1.0
0.6000000000000001,300,8,0.05,1.0
0.6000000000000001,300,8,0.060000000000000005,1.0
0.6000000000000001,300,8,0.06999999999999999,1.0
0.6000000000000001,300,8,0.08,1.0
0.6000000000000001,300,8,0.09,1.0
0.6000000000000001,300,8,0.09999999999999999,1.0
0.6000000000000001,300,8,0.11,1.0
0.6000000000000001,300,8,0.12,1.0
0.6000000000000001,300,8,0.13,1.0
0.6000000000000001,300,8,0.14,1.0
0.6000000000000001,350,3,0.01,1.0
0.6000000000000001,350,3,0.02,1.0
0.6000000000000001,350,3,0.03,1.0
0.6000000000000001,350,3,0.04,1.0
0.6000000000000001,350,3,0.05,1.0
0.6000000000000001,350,3,0.060000000000000005,1.0
0.6000000000000001,350,3,0.06999999999999999,1.0
0.6000000000000001,350,3,0.08,1.0
0.6000000000000001,350,3,0.09,1.0
0.6000000000000001,350,3,0.09999999999999999,1.0
0.6000000000000001,350,3,0.11,1.0
0.6000000000000001,350,3,0.12,1.0
0.6000000000000001,350,3,0.13,1.0
0.6000000000000001,350,3,0.14,1.0
0.6000000000000001,350,4,0.01,1.0
0.6000000000000001,350,4,0.02,1.0
0.6000000000000001,350,4,0.03,1.0
0.6000000000000001,350,4,0.04,1.0
0.6000000000000001,350,4,0.05,1.0
0.6000000000000001,350,4,0.060000000000000005,1.0
0.6000000000000001,350,4,0.06999999999999999,1.0
0.6000000000000001,350,4,0.08,1.0
0.6000000000000001,350,4,0.09,1.0
0.6000000000000001,350,4,0.09999999999999999,1.0
0.6000000000000001,350,4,0.11,1.0
0.6000000000000001,350,4,0.12,1.0
0.6000000000000001,350,4,0.13,1.0
0.6000000000000001,350,4,0.14,1.0
0.6000000000000001,350,5,0.01,1.0
0.6000000000000001,350,5,0.02,1.0
0.6000000000000001,350,5,0.03,1.0
0.6000000000000001,350,5,0.04,1.0
0.6000000000000001,350,5,0.05,1.0
0.6000000000000001,350,5,0.060000000000000005,1.0
0.6000000000000001,350,5,0.06999999999999999,1.0
0.6000000000000001,350,5,0.08,1.0
0.6000000000000001,350,5,0.09,1.0
0.6000000000000001,350,5,0.09999999999999999,1.0
0.6000000000000001,350,5,0.11,1.0
0.6000000000000001,350,5,0.12,1.0
0.6000000000000001,350,5,0.13,1.0
0.6000000000000001,350,5,0.14,1.0
0.6000000000000001,350,6,0.01,1.0
0.6000000000000001,350,6,0.02,1.0
0.6000000000000001,350,6,0.03,1.0
0.6000000000000001,350,6,0.04,1.0
0.6000000000000001,350,6,0.05,1.0
0.6000000000000001,350,6,0.060000000000000005,1.0
0.6000000000000001,350,6,0.06999999999999999,1.0
0.6000000000000001,350,6,0.08,1.0
0.6000000000000001,350,6,0.09,1.0
0.6000000000000001,350,6,0.09999999999999999,1.0
0.6000000000000001,350,6,0.11,1.0
0.6000000000000001,350,6,0.12,1.0
0.6000000000000001,350,6,0.13,1.0
0.6000000000000001,350,6,0.14,1.0
0.6000000000000001,350,7,0.01,1.0
0.6000000000000001,350,7,0.02,1.0
0.6000000000000001,350,7,0.03,1.0
0.6000000000000001,350,7,0.04,1.0
0.6000000000000001,350,7,0.05,1.0
0.6000000000000001,350,7,0.060000000000000005,1.0
0.6000000000000001,350,7,0.06999999999999999,1.0
0.6000000000000001,350,7,0.08,1.0
0.6000000000000001,350,7,0.09,1.0
0.6000000000000001,350,7,0.09999999999999999,1.0
0.6000000000000001,350,7,0.11,1.0
0.6000000000000001,350,7,0.12,1.0
0.6000000000000001,350,7,0.13,1.0
0.6000000000000001,350,7,0.14,1.0
0.6000000000000001,350,8,0.01,1.0
0.6000000000000001,350,8,0.02,1.0
0.6000000000000001,350,8,0.03,1.0
0.6000000000000001,350,8,0.04,1.0
0.6000000000000001,350,8,0.05,1.0
0.6000000000000001,350,8,0.060000000000000005,1.0
0.6000000000000001,350,8,0.06999999999999999,1.0
0.6000000000000001,350,8,0.08,1.0
0.6000000000000001,350,8,0.09,1.0
0.6000000000000001,350,8,0.09999999999999999,1.0
0.6000000000000001,350,8,0.11,1.0
0.6000000000000001,350,8,0.12,1.0
0.6000000000000001,350,8,0.13,1.0
0.6000000000000001,350,8,0.14,1.0
0.6000000000000001,400,3,0.01,1.0
0.6000000000000001,400,3,0.02,1.0
0.6000000000000001,400,3,0.03,1.0
0.6000000000000001,400,3,0.04,1.0
0.6000000000000001,400,3,0.05,1.0
0.6000000000000001,400,3,0.060000000000000005,1.0
0.6000000000000001,400,3,0.06999999999999999,1.0
0.6000000000000001,400,3,0.08,1.0
0.6000000000000001,400,3,0.09,1.0
0.6000000000000001,400,3,0.09999999999999999,1.0
0.6000000000000001,400,3,0.11,1.0
0.6000000000000001,400,3,0.12,1.0
0.6000000000000001,400,3,0.13,1.0
0.6000000000000001,400,3,0.14,1.0
0.6000000000000001,400,4,0.01,1.0
0.6000000000000001,400,4,0.02,1.0
0.6000000000000001,400,4,0.03,1.0
0.6000000000000001,400,4,0.04,1.0
0.6000000000000001,400,4,0.05,1.0
0.6000000000000001,400,4,0.060000000000000005,1.0
0.6000000000000001,400,4,0.06999999999999999,1.0
0.6000000000000001,400,4,0.08,1.0
0.6000000000000001,400,4,0.09,1.0
0.6000000000000001,400,4,0.09999999999999999,1.0
0.6000000000000001,400,4,0.11,1.0
0.6000000000000001,400,4,0.12,1.0
0.6000000000000001,400,4,0.13,1.0
0.6000000000000001,400,4,0.14,1.0
0.6000000000000001,400,5,0.01,1.0
0.6000000000000001,400,5,0.02,1.0
0.6000000000000001,400,5,0.03,1.0
0.6000000000000001,400,5,0.04,1.0
0.6000000000000001,400,5,0.05,1.0
0.6000000000000001,400,5,0.060000000000000005,1.0
0.6000000000000001,400,5,0.06999999999999999,1.0
0.6000000000000001,400,5,0.08,1.0
0.6000000000000001,400,5,0.09,1.0
0.6000000000000001,400,5,0.09999999999999999,1.0
0.6000000000000001,400,5,0.11,1.0
0.6000000000000001,400,5,0.12,1.0
0.6000000000000001,400,5,0.13,1.0
0.6000000000000001,400,5,0.14,1.0
0.6000000000000001,400,6,0.01,1.0
0.6000000000000001,400,6,0.02,1.0
0.6000000000000001,400,6,0.03,1.0
0.6000000000000001,400,6,0.04,1.0
0.6000000000000001,400,6,0.05,1.0
0.6000000000000001,400,6,0.060000000000000005,1.0
0.6000000000000001,400,6,0.06999999999999999,1.0
0.6000000000000001,400,6,0.08,1.0
0.6000000000000001,400,6,0.09,1.0
0.6000000000000001,400,6,0.09999999999999999,1.0
0.6000000000000001,400,6,0.11,1.0
0.6000000000000001,400,6,0.12,1.0
0.6000000000000001,400,6,0.13,1.0
0.6000000000000001,400,6,0.14,1.0
0.6000000000000001,400,7,0.01,1.0
0.6000000000000001,400,7,0.02,1.0
0.6000000000000001,400,7,0.03,1.0
0.6000000000000001,400,7,0.04,1.0
0.6000000000000001,400,7,0.05,1.0
0.6000000000000001,400,7,0.060000000000000005,1.0
0.6000000000000001,400,7,0.06999999999999999,1.0
0.6000000000000001,400,7,0.08,1.0
0.6000000000000001,400,7,0.09,1.0
0.6000000000000001,400,7,0.09999999999999999,1.0
0.6000000000000001,400,7,0.11,1.0
0.6000000000000001,400,7,0.12,1.0
0.6000000000000001,400,7,0.13,1.0
0.6000000000000001,400,7,0.14,1.0
0.6000000000000001,400,8,0.01,1.0
0.6000000000000001,400,8,0.02,1.0
0.6000000000000001,400,8,0.03,1.0
0.6000000000000001,400,8,0.04,1.0
0.6000000000000001,400,8,0.05,1.0
0.6000000000000001,400,8,0.060000000000000005,1.0
0.6000000000000001,400,8,0.06999999999999999,1.0
0.6000000000000001,400,8,0.08,1.0
0.6000000000000001,400,8,0.09,1.0
0.6000000000000001,400,8,0.09999999999999999,1.0
0.6000000000000001,400,8,0.11,1.0
0.6000000000000001,400,8,0.12,1.0
0.6000000000000001,400,8,0.13,1.0
0.6000000000000001,400,8,0.14,1.0
0.6000000000000001,450,3,0.01,1.0
0.6000000000000001,450,3,0.02,1.0
0.6000000000000001,450,3,0.03,1.0
0.6000000000000001,450,3,0.04,1.0
0.6000000000000001,450,3,0.05,1.0
0.6000000000000001,450,3,0.060000000000000005,1.0
0.6000000000000001,450,3,0.06999999999999999,1.0
0.6000000000000001,450,3,0.08,1.0
0.6000000000000001,450,3,0.09,1.0
0.6000000000000001,450,3,0.09999999999999999,1.0
0.6000000000000001,450,3,0.11,1.0
0.6000000000000001,450,3,0.12,1.0
0.6000000000000001,450,3,0.13,1.0
0.6000000000000001,450,3,0.14,1.0
0.6000000000000001,450,4,0.01,1.0
0.6000000000000001,450,4,0.02,1.0
0.6000000000000001,450,4,0.03,1.0
0.6000000000000001,450,4,0.04,1.0
0.6000000000000001,450,4,0.05,1.0
0.6000000000000001,450,4,0.060000000000000005,1.0
0.6000000000000001,450,4,0.06999999999999999,1.0
0.6000000000000001,450,4,0.08,1.0
0.6000000000000001,450,4,0.09,1.0
0.6000000000000001,450,4,0.09999999999999999,1.0
0.6000000000000001,450,4,0.11,1.0
0.6000000000000001,450,4,0.12,1.0
0.6000000000000001,450,4,0.13,1.0
0.6000000000000001,450,4,0.14,1.0
0.6000000000000001,450,5,0.01,1.0
0.6000000000000001,450,5,0.02,1.0
0.6000000000000001,450,5,0.03,1.0
0.6000000000000001,450,5,0.04,1.0
0.6000000000000001,450,5,0.05,1.0
0.6000000000000001,450,5,0.060000000000000005,1.0
0.6000000000000001,450,5,0.06999999999999999,1.0
0.6000000000000001,450,5,0.08,1.0
0.6000000000000001,450,5,0.09,1.0
0.6000000000000001,450,5,0.09999999999999999,1.0
0.6000000000000001,450,5,0.11,1.0
0.6000000000000001,450,5,0.12,1.0
0.6000000000000001,450,5,0.13,1.0
0.6000000000000001,450,5,0.14,1.0
0.6000000000000001,450,6,0.01,1.0
0.6000000000000001,450,6,0.02,1.0
0.6000000000000001,450,6,0.03,1.0
0.6000000000000001,450,6,0.04,1.0
0.6000000000000001,450,6,0.05,1.0
0.6000000000000001,450,6,0.060000000000000005,1.0
0.6000000000000001,450,6,0.06999999999999999,1.0
0.6000000000000001,450,6,0.08,1.0
0.6000000000000001,450,6,0.09,1.0
0.6000000000000001,450,6,0.09999999999999999,1.0
0.6000000000000001,450,6,0.11,1.0
0.6000000000000001,450,6,0.12,1.0
0.6000000000000001,450,6,0.13,1.0
0.6000000000000001,450,6,0.14,1.0
0.6000000000000001,450,7,0.01,1.0
0.6000000000000001,450,7,0.02,1.0
0.6000000000000001,450,7,0.03,1.0
0.6000000000000001,450,7,0.04,1.0
0.6000000000000001,450,7,0.05,1.0
0.6000000000000001,450,7,0.060000000000000005,1.0
0.6000000000000001,450,7,0.06999999999999999,1.0
0.6000000000000001,450,7,0.08,1.0
0.6000000000000001,450,7,0.09,1.0
0.6000000000000001,450,7,0.09999999999999999,1.0
0.6000000000000001,450,7,0.11,1.0
0.6000000000000001,450,7,0.12,1.0
0.6000000000000001,450,7,0.13,1.0
0.6000000000000001,450,7,0.14,1.0
0.6000000000000001,450,8,0.01,1.0
0.6000000000000001,450,8,0.02,1.0
0.6000000000000001,450,8,0.03,1.0
0.6000000000000001,450,8,0.04,1.0
0.6000000000000001,450,8,0.05,1.0
0.6000000000000001,450,8,0.060000000000000005,1.0
0.6000000000000001,450,8,0.06999999999999999,1.0
0.6000000000000001,450,8,0.08,1.0
0.6000000000000001,450,8,0.09,1.0
0.6000000000000001,450,8,0.09999999999999999,1.0
0.6000000000000001,450,8,0.11,1.0
0.6000000000000001,450,8,0.12,1.0
0.6000000000000001,450,8,0.13,1.0
0.6000000000000001,450,8,0.14,1.0
0.6000000000000001,500,3,0.01,1.0
0.6000000000000001,500,3,0.02,1.0
0.6000000000000001,500,3,0.03,1.0
0.6000000000000001,500,3,0.04,1.0
0.6000000000000001,500,3,0.05,1.0
0.6000000000000001,500,3,0.060000000000000005,1.0
0.6000000000000001,500,3,0.06999999999999999,1.0
0.6000000000000001,500,3,0.08,1.0
0.6000000000000001,500,3,0.09,1.0
0.6000000000000001,500,3,0.09999999999999999,1.0
0.6000000000000001,500,3,0.11,1.0
0.6000000000000001,500,3,0.12,1.0
0.6000000000000001,500,3,0.13,1.0
0.6000000000000001,500,3,0.14,1.0
0.6000000000000001,500,4,0.01,1.0
0.6000000000000001,500,4,0.02,1.0
0.6000000000000001,500,4,0.03,1.0
0.6000000000000001,500,4,0.04,1.0
0.6000000000000001,500,4,0.05,1.0
0.6000000000000001,500,4,0.060000000000000005,1.0
0.6000000000000001,500,4,0.06999999999999999,1.0
0.6000000000000001,500,4,0.08,1.0
0.6000000000000001,500,4,0.09,1.0
0.6000000000000001,500,4,0.09999999999999999,1.0
0.6000000000000001,500,4,0.11,1.0
0.6000000000000001,500,4,0.12,1.0
0.6000000000000001,500,4,0.13,1.0
0.6000000000000001,500,4,0.14,1.0
0.6000000000000001,500,5,0.01,1.0
0.6000000000000001,500,5,0.02,1.0
0.6000000000000001,500,5,0.03,1.0
0.6000000000000001,500,5,0.04,1.0
0.6000000000000001,500,5,0.05,1.0
0.6000000000000001,500,5,0.060000000000000005,1.0
0.6000000000000001,500,5,0.06999999999999999,1.0
0.6000000000000001,500,5,0.08,1.0
0.6000000000000001,500,5,0.09,1.0
0.6000000000000001,500,5,0.09999999999999999,1.0
0.6000000000000001,500,5,0.11,1.0
0.6000000000000001,500,5,0.12,1.0
0.6000000000000001,500,5,0.13,1.0
0.6000000000000001,500,5,0.14,1.0
0.6000000000000001,500,6,0.01,1.0
0.6000000000000001,500,6,0.02,1.0
0.6000000000000001,500,6,0.03,1.0
0.6000000000000001,500,6,0.04,1.0
0.6000000000000001,500,6,0.05,1.0
0.6000000000000001,500,6,0.060000000000000005,1.0
0.6000000000000001,500,6,0.06999999999999999,1.0
0.6000000000000001,500,6,0.08,1.0
0.6000000000000001,500,6,0.09,1.0
0.6000000000000001,500,6,0.09999999999999999,1.0
0.6000000000000001,500,6,0.11,1.0
0.6000000000000001,500,6,0.12,1.0
0.6000000000000001,500,6,0.13,1.0
0.6000000000000001,500,6,0.14,1.0
0.6000000000000001,500,7,0.01,1.0
0.6000000000000001,500,7,0.02,1.0
0.6000000000000001,500,7,0.03,1.0
0.6000000000000001,500,7,0.04,1.0
0.6000000000000001,500,7,0.05,1.0
0.6000000000000001,500,7,0.060000000000000005,1.0
0.6000000000000001,500,7,0.06999999999999999,1.0
0.6000000000000001,500,7,0.08,1.0
0.6000000000000001,500,7,0.09,1.0
0.6000000000000001,500,7,0.09999999999999999,1.0
0.6000000000000001,500,7,0.11,1.0
0.6000000000000001,500,7,0.12,1.0
0.6000000000000001,500,7,0.13,1.0
0.6000000000000001,500,7,0.14,1.0
0.6000000000000001,500,8,0.01,1.0
0.6000000000000001,500,8,0.02,1.0
0.6000000000000001,500,8,0.03,1.0
0.6000000000000001,500,8,0.04,1.0
0.6000000000000001,500,8,0.05,1.0
0.6000000000000001,500,8,0.060000000000000005,1.0
0.6000000000000001,500,8,0.06999999999999999,1.0
0.6000000000000001,500,8,0.08,1.0
0.6000000000000001,500,8,0.09,1.0
0.6000000000000001,500,8,0.09999999999999999,1.0
0.6000000000000001,500,8,0.11,1.0
0.6000000000000001,500,8,0.12,1.0
0.6000000000000001,500,8,0.13,1.0
0.6000000000000001,500,8,0.14,1.0
0.6000000000000001,550,3,0.01,1.0
0.6000000000000001,550,3,0.02,1.0
0.6000000000000001,550,3,0.03,1.0
0.6000000000000001,550,3,0.04,1.0
0.6000000000000001,550,3,0.05,1.0
0.6000000000000001,550,3,0.060000000000000005,1.0
0.6000000000000001,550,3,0.06999999999999999,1.0
0.6000000000000001,550,3,0.08,1.0
0.6000000000000001,550,3,0.09,1.0
0.6000000000000001,550,3,0.09999999999999999,1.0
0.6000000000000001,550,3,0.11,1.0
0.6000000000000001,550,3,0.12,1.0
0.6000000000000001,550,3,0.13,1.0
0.6000000000000001,550,3,0.14,1.0
0.6000000000000001,550,4,0.01,1.0
0.6000000000000001,550,4,0.02,1.0
0.6000000000000001,550,4,0.03,1.0
0.6000000000000001,550,4,0.04,1.0
0.6000000000000001,550,4,0.05,1.0
0.6000000000000001,550,4,0.060000000000000005,1.0
0.6000000000000001,550,4,0.06999999999999999,1.0
0.6000000000000001,550,4,0.08,1.0
0.6000000000000001,550,4,0.09,1.0
0.6000000000000001,550,4,0.09999999999999999,1.0
0.6000000000000001,550,4,0.11,1.0
0.6000000000000001,550,4,0.12,1.0
0.6000000000000001,550,4,0.13,1.0
0.6000000000000001,550,4,0.14,1.0
0.6000000000000001,550,5,0.01,1.0
0.6000000000000001,550,5,0.02,1.0
0.6000000000000001,550,5,0.03,1.0
0.6000000000000001,550,5,0.04,1.0
0.6000000000000001,550,5,0.05,1.0
0.6000000000000001,550,5,0.060000000000000005,1.0
0.6000000000000001,550,5,0.06999999999999999,1.0
0.6000000000000001,550,5,0.08,1.0
0.6000000000000001,550,5,0.09,1.0
0.6000000000000001,550,5,0.09999999999999999,1.0
0.6000000000000001,550,5,0.11,1.0
0.6000000000000001,550,5,0.12,1.0
0.6000000000000001,550,5,0.13,1.0
0.6000000000000001,550,5,0.14,1.0
0.6000000000000001,550,6,0.01,1.0
0.6000000000000001,550,6,0.02,1.0
0.6000000000000001,550,6,0.03,1.0
0.6000000000000001,550,6,0.04,1.0
0.6000000000000001,550,6,0.05,1.0
0.6000000000000001,550,6,0.060000000000000005,1.0
0.6000000000000001,550,6,0.06999999999999999,1.0
0.6000000000000001,550,6,0.08,1.0
0.6000000000000001,550,6,0.09,1.0
0.6000000000000001,550,6,0.09999999999999999,1.0
0.6000000000000001,550,6,0.11,1.0
0.6000000000000001,550,6,0.12,1.0
0.6000000000000001,550,6,0.13,1.0
0.6000000000000001,550,6,0.14,1.0
0.6000000000000001,550,7,0.01,1.0
0.6000000000000001,550,7,0.02,1.0
0.6000000000000001,550,7,0.03,1.0
0.6000000000000001,550,7,0.04,1.0
0.6000000000000001,550,7,0.05,1.0
0.6000000000000001,550,7,0.060000000000000005,1.0
0.6000000000000001,550,7,0.06999999999999999,1.0
0.6000000000000001,550,7,0.08,1.0
0.6000000000000001,550,7,0.09,1.0
0.6000000000000001,550,7,0.09999999999999999,1.0
0.6000000000000001,550,7,0.11,1.0
0.6000000000000001,550,7,0.12,1.0
0.6000000000000001,550,7,0.13,1.0
0.6000000000000001,550,7,0.14,1.0
0.6000000000000001,550,8,0.01,1.0
0.6000000000000001,550,8,0.02,1.0
0.6000000000000001,550,8,0.03,1.0
0.6000000000000001,550,8,0.04,1.0
0.6000000000000001,550,8,0.05,1.0
0.6000000000000001,550,8,0.060000000000000005,1.0
0.6000000000000001,550,8,0.06999999999999999,1.0
0.6000000000000001,550,8,0.08,1.0
0.6000000000000001,550,8,0.09,1.0
0.6000000000000001,550,8,0.09999999999999999,1.0
0.6000000000000001,550,8,0.11,1.0
0.6000000000000001,550,8,0.12,1.0
0.6000000000000001,550,8,0.13,1.0
0.6000000000000001,550,8,0.14,1.0
0.6000000000000001,600,3,0.01,1.0
0.6000000000000001,600,3,0.02,1.0
0.6000000000000001,600,3,0.03,1.0
0.6000000000000001,600,3,0.04,1.0
0.6000000000000001,600,3,0.05,1.0
0.6000000000000001,600,3,0.060000000000000005,1.0
0.6000000000000001,600,3,0.06999999999999999,1.0
0.6000000000000001,600,3,0.08,1.0
0.6000000000000001,600,3,0.09,1.0
0.6000000000000001,600,3,0.09999999999999999,1.0
0.6000000000000001,600,3,0.11,1.0
0.6000000000000001,600,3,0.12,1.0
0.6000000000000001,600,3,0.13,1.0
0.6000000000000001,600,3,0.14,1.0
0.6000000000000001,600,4,0.01,1.0
0.6000000000000001,600,4,0.02,1.0
0.6000000000000001,600,4,0.03,1.0
0.6000000000000001,600,4,0.04,1.0
0.6000000000000001,600,4,0.05,1.0
0.6000000000000001,600,4,0.060000000000000005,1.0
0.6000000000000001,600,4,0.06999999999999999,1.0
0.6000000000000001,600,4,0.08,1.0
0.6000000000000001,600,4,0.09,1.0
0.6000000000000001,600,4,0.09999999999999999,1.0
0.6000000000000001,600,4,0.11,1.0
0.6000000000000001,600,4,0.12,1.0
0.6000000000000001,600,4,0.13,1.0
0.6000000000000001,600,4,0.14,1.0
0.6000000000000001,600,5,0.01,1.0
0.6000000000000001,600,5,0.02,1.0
0.6000000000000001,600,5,0.03,1.0
0.6000000000000001,600,5,0.04,1.0
0.6000000000000001,600,5,0.05,1.0
0.6000000000000001,600,5,0.060000000000000005,1.0
0.6000000000000001,600,5,0.06999999999999999,1.0
0.6000000000000001,600,5,0.08,1.0
0.6000000000000001,600,5,0.09,1.0
0.6000000000000001,600,5,0.09999999999999999,1.0
0.6000000000000001,600,5,0.11,1.0
0.6000000000000001,600,5,0.12,1.0
0.6000000000000001,600,5,0.13,1.0
0.6000000000000001,600,5,0.14,1.0
0.6000000000000001,600,6,0.01,1.0
0.6000000000000001,600,6,0.02,1.0
0.6000000000000001,600,6,0.03,1.0
0.6000000000000001,600,6,0.04,1.0
0.6000000000000001,600,6,0.05,1.0
0.6000000000000001,600,6,0.060000000000000005,1.0
0.6000000000000001,600,6,0.06999999999999999,1.0
0.6000000000000001,600,6,0.08,1.0
0.6000000000000001,600,6,0.09,1.0
0.6000000000000001,600,6,0.09999999999999999,1.0
0.6000000000000001,600,6,0.11,1.0
0.6000000000000001,600,6,0.12,1.0
0.6000000000000001,600,6,0.13,1.0
0.6000000000000001,600,6,0.14,1.0
0.6000000000000001,600,7,0.01,1.0
0.6000000000000001,600,7,0.02,1.0
0.6000000000000001,600,7,0.03,1.0
0.6000000000000001,600,7,0.04,1.0
0.6000000000000001,600,7,0.05,1.0
0.6000000000000001,600,7,0.060000000000000005,1.0
0.6000000000000001,600,7,0.06999999999999999,1.0
0.6000000000000001,600,7,0.08,1.0
0.6000000000000001,600,7,0.09,1.0
0.6000000000000001,600,7,0.09999999999999999,1.0
0.6000000000000001,600,7,0.11,1.0
0.6000000000000001,600,7,0.12,1.0
0.6000000000000001,600,7,0.13,1.0
0.6000000000000001,600,7,0.14,1.0
0.6000000000000001,600,8,0.01,1.0
0.6000000000000001,600,8,0.02,1.0
0.6000000000000001,600,8,0.03,1.0
0.6000000000000001,600,8,0.04,1.0
0.6000000000000001,600,8,0.05,1.0
0.6000000000000001,600,8,0.060000000000000005,1.0
0.6000000000000001,600,8,0.06999999999999999,1.0
0.6000000000000001,600,8,0.08,1.0
0.6000000000000001,600,8,0.09,1.0
0.6000000000000001,600,8,0.09999999999999999,1.0
0.6000000000000001,600,8,0.11,1.0
0.6000000000000001,600,8,0.12,1.0
0.6000000000000001,600,8,0.13,1.0
0.6000000000000001,600,8,0.14,1.0
0.6000000000000001,650,3,0.01,1.0
0.6000000000000001,650,3,0.02,1.0
0.6000000000000001,650,3,0.03,1.0
0.6000000000000001,650,3,0.04,1.0
0.6000000000000001,650,3,0.05,1.0
0.6000000000000001,650,3,0.060000000000000005,1.0
0.6000000000000001,650,3,0.06999999999999999,1.0
0.6000000000000001,650,3,0.08,1.0
0.6000000000000001,650,3,0.09,1.0
0.6000000000000001,650,3,0.09999999999999999,1.0
0.6000000000000001,650,3,0.11,1.0
0.6000000000000001,650,3,0.12,1.0
0.6000000000000001,650,3,0.13,1.0
0.6000000000000001,650,3,0.14,1.0
0.6000000000000001,650,4,0.01,1.0
0.6000000000000001,650,4,0.02,1.0
0.6000000000000001,650,4,0.03,1.0
0.6000000000000001,650,4,0.04,1.0
0.6000000000000001,650,4,0.05,1.0
0.6000000000000001,650,4,0.060000000000000005,1.0
0.6000000000000001,650,4,0.06999999999999999,1.0
0.6000000000000001,650,4,0.08,1.0
0.6000000000000001,650,4,0.09,1.0
0.6000000000000001,650,4,0.09999999999999999,1.0
0.6000000000000001,650,4,0.11,1.0
0.6000000000000001,650,4,0.12,1.0
0.6000000000000001,650,4,0.13,1.0
0.6000000000000001,650,4,0.14,1.0
0.6000000000000001,650,5,0.01,1.0
0.6000000000000001,650,5,0.02,1.0
0.6000000000000001,650,5,0.03,1.0
0.6000000000000001,650,5,0.04,1.0
0.6000000000000001,650,5,0.05,1.0
0.6000000000000001,650,5,0.060000000000000005,1.0
0.6000000000000001,650,5,0.06999999999999999,1.0
0.6000000000000001,650,5,0.08,1.0
0.6000000000000001,650,5,0.09,1.0
0.6000000000000001,650,5,0.09999999999999999,1.0
0.6000000000000001,650,5,0.11,1.0
0.6000000000000001,650,5,0.12,1.0
0.6000000000000001,650,5,0.13,1.0
0.6000000000000001,650,5,0.14,1.0
0.6000000000000001,650,6,0.01,1.0
0.6000000000000001,650,6,0.02,1.0
0.6000000000000001,650,6,0.03,1.0
0.6000000000000001,650,6,0.04,1.0
0.6000000000000001,650,6,0.05,1.0
0.6000000000000001,650,6,0.060000000000000005,1.0
0.6000000000000001,650,6,0.06999999999999999,1.0
0.6000000000000001,650,6,0.08,1.0
0.6000000000000001,650,6,0.09,1.0
0.6000000000000001,650,6,0.09999999999999999,1.0
0.6000000000000001,650,6,0.11,1.0
0.6000000000000001,650,6,0.12,1.0
0.6000000000000001,650,6,0.13,1.0
0.6000000000000001,650,6,0.14,1.0
0.6000000000000001,650,7,0.01,1.0
0.6000000000000001,650,7,0.02,1.0
0.6000000000000001,650,7,0.03,1.0
0.6000000000000001,650,7,0.04,1.0
0.6000000000000001,650,7,0.05,1.0
0.6000000000000001,650,7,0.060000000000000005,1.0
0.6000000000000001,650,7,0.06999999999999999,1.0
0.6000000000000001,650,7,0.08,1.0
0.6000000000000001,650,7,0.09,1.0
0.6000000000000001,650,7,0.09999999999999999,1.0
0.6000000000000001,650,7,0.11,1.0
0.6000000000000001,650,7,0.12,1.0
0.6000000000000001,650,7,0.13,1.0
0.6000000000000001,650,7,0.14,1.0
0.6000000000000001,650,8,0.01,1.0
0.6000000000000001,650,8,0.02,1.0
0.6000000000000001,650,8,0.03,1.0
0.6000000000000001,650,8,0.04,1.0
0.6000000000000001,650,8,0.05,1.0
0.6000000000000001,650,8,0.060000000000000005,1.0
0.6000000000000001,650,8,0.06999999999999999,1.0
0.6000000000000001,650,8,0.08,1.0
0.6000000000000001,650,8,0.09,1.0
0.6000000000000001,650,8,0.09999999999999999,1.0
0.6000000000000001,650,8,0.11,1.0
0.6000000000000001,650,8,0.12,1.0
0.6000000000000001,650,8,0.13,1.0
0.6000000000000001,650,8,0.14,1.0
