correlation,k1,k2,top_X_percent,probability
-0.1,50,3,0.01,0.0015
-0.1,50,3,0.02,0.018
-0.1,50,3,0.03,0.056
-0.1,50,3,0.04,0.1218
-0.1,50,3,0.05,0.2045
-0.1,50,3,0.060000000000000005,0.3028
-0.1,50,3,0.06999999999999999,0.414
-0.1,50,3,0.08,0.5179
-0.1,50,3,0.09,0.6118
-0.1,50,3,0.09999999999999999,0.694
-0.1,50,3,0.11,0.771
-0.1,50,3,0.12,0.8295
-0.1,50,3,0.13,0.8759
-0.1,50,3,0.14,0.9118
-0.1,50,4,0.01,0.0001
-0.1,50,4,0.02,0.0018
-0.1,50,4,0.03,0.0108
-0.1,50,4,0.04,0.0341
-0.1,50,4,0.05,0.0708
-0.1,50,4,0.060000000000000005,0.1317
-0.1,50,4,0.06999999999999999,0.2062
-0.1,50,4,0.08,0.2902
-0.1,50,4,0.09,0.3832
-0.1,50,4,0.09999999999999999,0.4762
-0.1,50,4,0.11,0.5721
-0.1,50,4,0.12,0.654
-0.1,50,4,0.13,0.7293
-0.1,50,4,0.14,0.793
-0.1,50,5,0.01,0.0001
-0.1,50,5,0.02,0.0002
-0.1,50,5,0.03,0.0012
-0.1,50,5,0.04,0.0074
-0.1,50,5,0.05,0.0212
-0.1,50,5,0.060000000000000005,0.0422
-0.1,50,5,0.06999999999999999,0.0836
-0.1,50,5,0.08,0.1352
-0.1,50,5,0.09,0.2058
-0.1,50,5,0.09999999999999999,0.2824
-0.1,50,5,0.11,0.365
-0.1,50,5,0.12,0.4538
-0.1,50,5,0.13,0.5454
-0.1,50,5,0.14,0.6307
-0.1,50,6,0.01,0.0
-0.1,50,6,0.02,0.0
-0.1,50,6,0.03,0.0002
-0.1,50,6,0.04,0.0018
-0.1,50,6,0.05,0.0047
-0.1,50,6,0.060000000000000005,0.0119
-0.1,50,6,0.06999999999999999,0.0278
-0.1,50,6,0.08,0.0528
-0.1,50,6,0.09,0.093
-0.1,50,6,0.09999999999999999,0.1419
-0.1,50,6,0.11,0.2077
-0.1,50,6,0.12,0.2777
-0.1,50,6,0.13,0.3646
-0.1,50,6,0.14,0.447
-0.1,50,7,0.01,0.0
-0.1,50,7,0.02,0.0
-0.1,50,7,0.03,0.0
-0.1,50,7,0.04,0.0001
-0.1,50,7,0.05,0.0007
-0.1,50,7,0.060000000000000005,0.0034
-0.1,50,7,0.06999999999999999,0.0077
-0.1,50,7,0.08,0.0155
-0.1,50,7,0.09,0.0322
-0.1,50,7,0.09999999999999999,0.0591
-0.1,50,7,0.11,0.0985
-0.1,50,7,0.12,0.1489
-0.1,50,7,0.13,0.2181
-0.1,50,7,0.14,0.2863
-0.1,50,8,0.01,0.0
-0.1,50,8,0.02,0.0
-0.1,50,8,0.03,0.0
-0.1,50,8,0.04,0.0
-0.1,50,8,0.05,0.0
-0.1,50,8,0.060000000000000005,0.0006
-0.1,50,8,0.06999999999999999,0.0017
-0.1,50,8,0.08,0.0049
-0.1,50,8,0.09,0.0106
-0.1,50,8,0.09999999999999999,0.02
-0.1,50,8,0.11,0.0395
-0.1,50,8,0.12,0.0669
-0.1,50,8,0.13,0.107
-0.1,50,8,0.14,0.1598
-0.1,100,3,0.01,0.0159
-0.1,100,3,0.02,0.1132
-0.1,100,3,0.03,0.2881
-0.1,100,3,0.04,0.4897
-0.1,100,3,0.05,0.6588
-0.1,100,3,0.060000000000000005,0.7927
-0.1,100,3,0.06999999999999999,0.8848
-0.1,100,3,0.08,0.9368
-0.1,100,3,0.09,0.9656
-0.1,100,3,0.09999999999999999,0.9822
-0.1,100,3,0.11,0.9914
-0.1,100,3,0.12,0.9962
-0.1,100,3,0.13,0.9982
-0.1,100,3,0.14,0.9995
-0.1,100,4,0.01,0.0022
-0.1,100,4,0.02,0.0284
-0.1,100,4,0.03,0.1118
-0.1,100,4,0.04,0.2639
-0.1,100,4,0.05,0.4271
-0.1,100,4,0.060000000000000005,0.5978
-0.1,100,4,0.06999999999999999,0.7384
-0.1,100,4,0.08,0.8378
-0.1,100,4,0.09,0.9052
-0.1,100,4,0.09999999999999999,0.9501
-0.1,100,4,0.11,0.9737
-0.1,100,4,0.12,0.9863
-0.1,100,4,0.13,0.9939
-0.1,100,4,0.14,0.9972
-0.1,100,5,0.01,0.0002
-0.1,100,5,0.02,0.0061
-0.1,100,5,0.03,0.0382
-0.1,100,5,0.04,0.1218
-0.1,100,5,0.05,0.238
-0.1,100,5,0.060000000000000005,0.3925
-0.1,100,5,0.06999999999999999,0.5565
-0.1,100,5,0.08,0.69
-0.1,100,5,0.09,0.8006
-0.1,100,5,0.09999999999999999,0.8774
-0.1,100,5,0.11,0.9304
-0.1,100,5,0.12,0.9613
-0.1,100,5,0.13,0.9799
-0.1,100,5,0.14,0.99
-0.1,100,6,0.01,0.0
-0.1,100,6,0.02,0.001
-0.1,100,6,0.03,0.0096
-0.1,100,6,0.04,0.0453
-0.1,100,6,0.05,0.1186
-0.1,100,6,0.060000000000000005,0.2285
-0.1,100,6,0.06999999999999999,0.3687
-0.1,100,6,0.08,0.5181
-0.1,100,6,0.09,0.66
-0.1,100,6,0.09999999999999999,0.769
-0.1,100,6,0.11,0.8549
-0.1,100,6,0.12,0.9123
-0.1,100,6,0.13,0.9492
-0.1,100,6,0.14,0.9742
-0.1,100,7,0.01,0.0
-0.1,100,7,0.02,0.0001
-0.1,100,7,0.03,0.0029
-0.1,100,7,0.04,0.0141
-0.1,100,7,0.05,0.0462
-0.1,100,7,0.060000000000000005,0.1146
-0.1,100,7,0.06999999999999999,0.2205
-0.1,100,7,0.08,0.3478
-0.1,100,7,0.09,0.494
-0.1,100,7,0.09999999999999999,0.6253
-0.1,100,7,0.11,0.7403
-0.1,100,7,0.12,0.8287
-0.1,100,7,0.13,0.8947
-0.1,100,7,0.14,0.9391
-0.1,100,8,0.01,0.0
-0.1,100,8,0.02,0.0
-0.1,100,8,0.03,0.0001
-0.1,100,8,0.04,0.0047
-0.1,100,8,0.05,0.0172
-0.1,100,8,0.060000000000000005,0.0521
-0.1,100,8,0.06999999999999999,0.1214
-0.1,100,8,0.08,0.2148
-0.1,100,8,0.09,0.3381
-0.1,100,8,0.09999999999999999,0.4711
-0.1,100,8,0.11,0.5998
-0.1,100,8,0.12,0.7149
-0.1,100,8,0.13,0.8102
-0.1,100,8,0.14,0.8829
-0.1,150,3,0.01,0.0522
-0.1,150,3,0.02,0.299
-0.1,150,3,0.03,0.5735
-0.1,150,3,0.04,0.7909
-0.1,150,3,0.05,0.9072
-0.1,150,3,0.060000000000000005,0.9629
-0.1,150,3,0.06999999999999999,0.9868
-0.1,150,3,0.08,0.9954
-0.1,150,3,0.09,0.9984
-0.1,150,3,0.09999999999999999,0.9996
-0.1,150,3,0.11,0.9998
-0.1,150,3,0.12,1.0
-0.1,150,3,0.13,1.0
-0.1,150,3,0.14,1.0
-0.1,150,4,0.01,0.0096
-0.1,150,4,0.02,0.1159
-0.1,150,4,0.03,0.3382
-0.1,150,4,0.04,0.5932
-0.1,150,4,0.05,0.781
-0.1,150,4,0.060000000000000005,0.896
-0.1,150,4,0.06999999999999999,0.9557
-0.1,150,4,0.08,0.9826
-0.1,150,4,0.09,0.9941
-0.1,150,4,0.09999999999999999,0.998
-0.1,150,4,0.11,0.9995
-0.1,150,4,0.12,0.9998
-0.1,150,4,0.13,1.0
-0.1,150,4,0.14,1.0
-0.1,150,5,0.01,0.0013
-0.1,150,5,0.02,0.0377
-0.1,150,5,0.03,0.1703
-0.1,150,5,0.04,0.3869
-0.1,150,5,0.05,0.6051
-0.1,150,5,0.060000000000000005,0.7834
-0.1,150,5,0.06999999999999999,0.8935
-0.1,150,5,0.08,0.9521
-0.1,150,5,0.09,0.9798
-0.1,150,5,0.09999999999999999,0.9925
-0.1,150,5,0.11,0.9977
-0.1,150,5,0.12,0.9995
-0.1,150,5,0.13,0.9998
-0.1,150,5,0.14,1.0
-0.1,150,6,0.01,0.0003
-0.1,150,6,0.02,0.0088
-0.1,150,6,0.03,0.0726
-0.1,150,6,0.04,0.2237
-0.1,150,6,0.05,0.4226
-0.1,150,6,0.060000000000000005,0.6327
-0.1,150,6,0.06999999999999999,0.79
-0.1,150,6,0.08,0.8926
-0.1,150,6,0.09,0.952
-0.1,150,6,0.09999999999999999,0.9806
-0.1,150,6,0.11,0.9922
-0.1,150,6,0.12,0.9977
-0.1,150,6,0.13,0.9997
-0.1,150,6,0.14,0.9998
-0.1,150,7,0.01,0.0
-0.1,150,7,0.02,0.0016
-0.1,150,7,0.03,0.0265
-0.1,150,7,0.04,0.1138
-0.1,150,7,0.05,0.2606
-0.1,150,7,0.060000000000000005,0.4671
-0.1,150,7,0.06999999999999999,0.6617
-0.1,150,7,0.08,0.8002
-0.1,150,7,0.09,0.8974
-0.1,150,7,0.09999999999999999,0.9521
-0.1,150,7,0.11,0.9783
-0.1,150,7,0.12,0.9914
-0.1,150,7,0.13,0.9974
-0.1,150,7,0.14,0.9991
-0.1,150,8,0.01,0.0
-0.1,150,8,0.02,0.0003
-0.1,150,8,0.03,0.0076
-0.1,150,8,0.04,0.0498
-0.1,150,8,0.05,0.1521
-0.1,150,8,0.060000000000000005,0.3134
-0.1,150,8,0.06999999999999999,0.5123
-0.1,150,8,0.08,0.6809
-0.1,150,8,0.09,0.8175
-0.1,150,8,0.09999999999999999,0.9013
-0.1,150,8,0.11,0.9559
-0.1,150,8,0.12,0.98
-0.1,150,8,0.13,0.9928
-0.1,150,8,0.14,0.9973
-0.1,200,3,0.01,0.1123
-0.1,200,3,0.02,0.5017
-0.1,200,3,0.03,0.7889
-0.1,200,3,0.04,0.935
-0.1,200,3,0.05,0.9815
-0.1,200,3,0.060000000000000005,0.9962
-0.1,200,3,0.06999999999999999,0.9995
-0.1,200,3,0.08,1.0
-0.1,200,3,0.09,1.0
-0.1,200,3,0.09999999999999999,1.0
-0.1,200,3,0.11,1.0
-0.1,200,3,0.12,1.0
-0.1,200,3,0.13,1.0
-0.1,200,3,0.14,1.0
-0.1,200,4,0.01,0.029
-0.1,200,4,0.02,0.2676
-0.1,200,4,0.03,0.5921
-0.1,200,4,0.04,0.8311
-0.1,200,4,0.05,0.9418
-0.1,200,4,0.060000000000000005,0.981
-0.1,200,4,0.06999999999999999,0.9958
-0.1,200,4,0.08,0.9996
-0.1,200,4,0.09,1.0
-0.1,200,4,0.09999999999999999,1.0
-0.1,200,4,0.11,1.0
-0.1,200,4,0.12,1.0
-0.1,200,4,0.13,1.0
-0.1,200,4,0.14,1.0
-0.1,200,5,0.01,0.006
-0.1,200,5,0.02,0.1195
-0.1,200,5,0.03,0.385
-0.1,200,5,0.04,0.6834
-0.1,200,5,0.05,0.8634
-0.1,200,5,0.060000000000000005,0.9513
-0.1,200,5,0.06999999999999999,0.9865
-0.1,200,5,0.08,0.997
-0.1,200,5,0.09,0.9995
-0.1,200,5,0.09999999999999999,1.0
-0.1,200,5,0.11,1.0
-0.1,200,5,0.12,1.0
-0.1,200,5,0.13,1.0
-0.1,200,5,0.14,1.0
-0.1,200,6,0.01,0.0013
-0.1,200,6,0.02,0.0434
-0.1,200,6,0.03,0.2187
-0.1,200,6,0.04,0.5
-0.1,200,6,0.05,0.7435
-0.1,200,6,0.060000000000000005,0.8936
-0.1,200,6,0.06999999999999999,0.9606
-0.1,200,6,0.08,0.9868
-0.1,200,6,0.09,0.996
-0.1,200,6,0.09999999999999999,0.9995
-0.1,200,6,0.11,1.0
-0.1,200,6,0.12,1.0
-0.1,200,6,0.13,1.0
-0.1,200,6,0.14,1.0
-0.1,200,7,0.01,0.0001
-0.1,200,7,0.02,0.0131
-0.1,200,7,0.03,0.1132
-0.1,200,7,0.04,0.3328
-0.1,200,7,0.05,0.5896
-0.1,200,7,0.060000000000000005,0.7996
-0.1,200,7,0.06999999999999999,0.9138
-0.1,200,7,0.08,0.9696
-0.1,200,7,0.09,0.9904
-0.1,200,7,0.09999999999999999,0.9976
-0.1,200,7,0.11,0.9996
-0.1,200,7,0.12,1.0
-0.1,200,7,0.13,1.0
-0.1,200,7,0.14,1.0
-0.1,200,8,0.01,0.0
-0.1,200,8,0.02,0.0031
-0.1,200,8,0.03,0.0497
-0.1,200,8,0.04,0.2029
-0.1,200,8,0.05,0.4249
-0.1,200,8,0.060000000000000005,0.6742
-0.1,200,8,0.06999999999999999,0.8439
-0.1,200,8,0.08,0.9332
-0.1,200,8,0.09,0.9759
-0.1,200,8,0.09999999999999999,0.9927
-0.1,200,8,0.11,0.9978
-0.1,200,8,0.12,0.9993
-0.1,200,8,0.13,0.9999
-0.1,200,8,0.14,1.0
-0.1,250,3,0.01,0.2039
-0.1,250,3,0.02,0.6862
-0.1,250,3,0.03,0.9107
-0.1,250,3,0.04,0.9841
-0.1,250,3,0.05,0.9969
-0.1,250,3,0.060000000000000005,0.9996
-0.1,250,3,0.06999999999999999,1.0
-0.1,250,3,0.08,1.0
-0.1,250,3,0.09,1.0
-0.1,250,3,0.09999999999999999,1.0
-0.1,250,3,0.11,1.0
-0.1,250,3,0.12,1.0
-0.1,250,3,0.13,1.0
-0.1,250,3,0.14,1.0
-0.1,250,4,0.01,0.065
-0.1,250,4,0.02,0.4545
-0.1,250,4,0.03,0.7879
-0.1,250,4,0.04,0.9469
-0.1,250,4,0.05,0.9888
-0.1,250,4,0.060000000000000005,0.9983
-0.1,250,4,0.06999999999999999,0.9999
-0.1,250,4,0.08,1.0
-0.1,250,4,0.09,1.0
-0.1,250,4,0.09999999999999999,1.0
-0.1,250,4,0.11,1.0
-0.1,250,4,0.12,1.0
-0.1,250,4,0.13,1.0
-0.1,250,4,0.14,1.0
-0.1,250,5,0.01,0.0164
-0.1,250,5,0.02,0.2535
-0.1,250,5,0.03,0.6208
-0.1,250,5,0.04,0.8722
-0.1,250,5,0.05,0.9636
-0.1,250,5,0.060000000000000005,0.9925
-0.1,250,5,0.06999999999999999,0.999
-0.1,250,5,0.08,0.9999
-0.1,250,5,0.09,1.0
-0.1,250,5,0.09999999999999999,1.0
-0.1,250,5,0.11,1.0
-0.1,250,5,0.12,1.0
-0.1,250,5,0.13,1.0
-0.1,250,5,0.14,1.0
-0.1,250,6,0.01,0.0033
-0.1,250,6,0.02,0.117
-0.1,250,6,0.03,0.4338
-0.1,250,6,0.04,0.7539
-0.1,250,6,0.05,0.9211
-0.1,250,6,0.060000000000000005,0.9783
-0.1,250,6,0.06999999999999999,0.9956
-0.1,250,6,0.08,0.9993
-0.1,250,6,0.09,0.9999
-0.1,250,6,0.09999999999999999,1.0
-0.1,250,6,0.11,1.0
-0.1,250,6,0.12,1.0
-0.1,250,6,0.13,1.0
-0.1,250,6,0.14,1.0
-0.1,250,7,0.01,0.0004
-0.1,250,7,0.02,0.0517
-0.1,250,7,0.03,0.2692
-0.1,250,7,0.04,0.6053
-0.1,250,7,0.05,0.837
-0.1,250,7,0.060000000000000005,0.9502
-0.1,250,7,0.06999999999999999,0.9861
-0.1,250,7,0.08,0.9972
-0.1,250,7,0.09,0.9996
-0.1,250,7,0.09999999999999999,0.9999
-0.1,250,7,0.11,1.0
-0.1,250,7,0.12,1.0
-0.1,250,7,0.13,1.0
-0.1,250,7,0.14,1.0
-0.1,250,8,0.01,0.0001
-0.1,250,8,0.02,0.0174
-0.1,250,8,0.03,0.1511
-0.1,250,8,0.04,0.4462
-0.1,250,8,0.05,0.7202
-0.1,250,8,0.060000000000000005,0.9008
-0.1,250,8,0.06999999999999999,0.9695
-0.1,250,8,0.08,0.9931
-0.1,250,8,0.09,0.999
-0.1,250,8,0.09999999999999999,0.9999
-0.1,250,8,0.11,1.0
-0.1,250,8,0.12,1.0
-0.1,250,8,0.13,1.0
-0.1,250,8,0.14,1.0
-0.1,300,3,0.01,0.3093
-0.1,300,3,0.02,0.8158
-0.1,300,3,0.03,0.9676
-0.1,300,3,0.04,0.9972
-0.1,300,3,0.05,0.9996
-0.1,300,3,0.060000000000000005,1.0
-0.1,300,3,0.06999999999999999,1.0
-0.1,300,3,0.08,1.0
-0.1,300,3,0.09,1.0
-0.1,300,3,0.09999999999999999,1.0
-0.1,300,3,0.11,1.0
-0.1,300,3,0.12,1.0
-0.1,300,3,0.13,1.0
-0.1,300,3,0.14,1.0
-0.1,300,4,0.01,0.1233
-0.1,300,4,0.02,0.6328
-0.1,300,4,0.03,0.9057
-0.1,300,4,0.04,0.9854
-0.1,300,4,0.05,0.998
-0.1,300,4,0.060000000000000005,0.9998
-0.1,300,4,0.06999999999999999,1.0
-0.1,300,4,0.08,1.0
-0.1,300,4,0.09,1.0
-0.1,300,4,0.09999999999999999,1.0
-0.1,300,4,0.11,1.0
-0.1,300,4,0.12,1.0
-0.1,300,4,0.13,1.0
-0.1,300,4,0.14,1.0
-0.1,300,5,0.01,0.0362
-0.1,300,5,0.02,0.4268
-0.1,300,5,0.03,0.7955
-0.1,300,5,0.04,0.9603
-0.1,300,5,0.05,0.9929
-0.1,300,5,0.060000000000000005,0.999
-0.1,300,5,0.06999999999999999,1.0
-0.1,300,5,0.08,1.0
-0.1,300,5,0.09,1.0
-0.1,300,5,0.09999999999999999,1.0
-0.1,300,5,0.11,1.0
-0.1,300,5,0.12,1.0
-0.1,300,5,0.13,1.0
-0.1,300,5,0.14,1.0
-0.1,300,6,0.01,0.0094
-0.1,300,6,0.02,0.2438
-0.1,300,6,0.03,0.6452
-0.1,300,6,0.04,0.9055
-0.1,300,6,0.05,0.982
-0.1,300,6,0.060000000000000005,0.9972
-0.1,300,6,0.06999999999999999,0.9996
-0.1,300,6,0.08,1.0
-0.1,300,6,0.09,1.0
-0.1,300,6,0.09999999999999999,1.0
-0.1,300,6,0.11,1.0
-0.1,300,6,0.12,1.0
-0.1,300,6,0.13,1.0
-0.1,300,6,0.14,1.0
-0.1,300,7,0.01,0.0023
-0.1,300,7,0.02,0.1231
-0.1,300,7,0.03,0.4788
-0.1,300,7,0.04,0.8151
-0.1,300,7,0.05,0.952
-0.1,300,7,0.060000000000000005,0.9914
-0.1,300,7,0.06999999999999999,0.9984
-0.1,300,7,0.08,0.9998
-0.1,300,7,0.09,1.0
-0.1,300,7,0.09999999999999999,1.0
-0.1,300,7,0.11,1.0
-0.1,300,7,0.12,1.0
-0.1,300,7,0.13,1.0
-0.1,300,7,0.14,1.0
-0.1,300,8,0.01,0.0004
-0.1,300,8,0.02,0.0574
-0.1,300,8,0.03,0.3259
-0.1,300,8,0.04,0.6905
-0.1,300,8,0.05,0.9031
-0.1,300,8,0.060000000000000005,0.9792
-0.1,300,8,0.06999999999999999,0.9965
-0.1,300,8,0.08,0.9993
-0.1,300,8,0.09,0.9999
-0.1,300,8,0.09999999999999999,1.0
-0.1,300,8,0.11,1.0
-0.1,300,8,0.12,1.0
-0.1,300,8,0.13,1.0
-0.1,300,8,0.14,1.0
-0.1,350,3,0.01,0.4249
-0.1,350,3,0.02,0.9051
-0.1,350,3,0.03,0.9879
-0.1,350,3,0.04,0.9994
-0.1,350,3,0.05,0.9999
-0.1,350,3,0.060000000000000005,1.0
-0.1,350,3,0.06999999999999999,1.0
-0.1,350,3,0.08,1.0
-0.1,350,3,0.09,1.0
-0.1,350,3,0.09999999999999999,1.0
-0.1,350,3,0.11,1.0
-0.1,350,3,0.12,1.0
-0.1,350,3,0.13,1.0
-0.1,350,3,0.14,1.0
-0.1,350,4,0.01,0.2013
-0.1,350,4,0.02,0.7777
-0.1,350,4,0.03,0.9653
-0.1,350,4,0.04,0.9967
-0.1,350,4,0.05,0.9998
-0.1,350,4,0.060000000000000005,1.0
-0.1,350,4,0.06999999999999999,1.0
-0.1,350,4,0.08,1.0
-0.1,350,4,0.09,1.0
-0.1,350,4,0.09999999999999999,1.0
-0.1,350,4,0.11,1.0
-0.1,350,4,0.12,1.0
-0.1,350,4,0.13,1.0
-0.1,350,4,0.14,1.0
-0.1,350,5,0.01,0.0734
-0.1,350,5,0.02,0.5936
-0.1,350,5,0.03,0.9067
-0.1,350,5,0.04,0.9892
-0.1,350,5,0.05,0.9988
-0.1,350,5,0.060000000000000005,1.0
-0.1,350,5,0.06999999999999999,1.0
-0.1,350,5,0.08,1.0
-0.1,350,5,0.09,1.0
-0.1,350,5,0.09999999999999999,1.0
-0.1,350,5,0.11,1.0
-0.1,350,5,0.12,1.0
-0.1,350,5,0.13,1.0
-0.1,350,5,0.14,1.0
-0.1,350,6,0.01,0.0213
-0.1,350,6,0.02,0.3999
-0.1,350,6,0.03,0.8153
-0.1,350,6,0.04,0.9699
-0.1,350,6,0.05,0.9957
-0.1,350,6,0.060000000000000005,0.9995
-0.1,350,6,0.06999999999999999,1.0
-0.1,350,6,0.08,1.0
-0.1,350,6,0.09,1.0
-0.1,350,6,0.09999999999999999,1.0
-0.1,350,6,0.11,1.0
-0.1,350,6,0.12,1.0
-0.1,350,6,0.13,1.0
-0.1,350,6,0.14,1.0
-0.1,350,7,0.01,0.006
-0.1,350,7,0.02,0.2402
-0.1,350,7,0.03,0.6782
-0.1,350,7,0.04,0.9325
-0.1,350,7,0.05,0.9895
-0.1,350,7,0.060000000000000005,0.9981
-0.1,350,7,0.06999999999999999,1.0
-0.1,350,7,0.08,1.0
-0.1,350,7,0.09,1.0
-0.1,350,7,0.09999999999999999,1.0
-0.1,350,7,0.11,1.0
-0.1,350,7,0.12,1.0
-0.1,350,7,0.13,1.0
-0.1,350,7,0.14,1.0
-0.1,350,8,0.01,0.0013
-0.1,350,8,0.02,0.1277
-0.1,350,8,0.03,0.5295
-0.1,350,8,0.04,0.8677
-0.1,350,8,0.05,0.9757
-0.1,350,8,0.060000000000000005,0.9966
-0.1,350,8,0.06999999999999999,0.9997
-0.1,350,8,0.08,1.0
-0.1,350,8,0.09,1.0
-0.1,350,8,0.09999999999999999,1.0
-0.1,350,8,0.11,1.0
-0.1,350,8,0.12,1.0
-0.1,350,8,0.13,1.0
-0.1,350,8,0.14,1.0
-0.1,400,3,0.01,0.5528
-0.1,400,3,0.02,0.9559
-0.1,400,3,0.03,0.9966
-0.1,400,3,0.04,0.9998
-0.1,400,3,0.05,1.0
-0.1,400,3,0.060000000000000005,1.0
-0.1,400,3,0.06999999999999999,1.0
-0.1,400,3,0.08,1.0
-0.1,400,3,0.09,1.0
-0.1,400,3,0.09999999999999999,1.0
-0.1,400,3,0.11,1.0
-0.1,400,3,0.12,1.0
-0.1,400,3,0.13,1.0
-0.1,400,3,0.14,1.0
-0.1,400,4,0.01,0.3073
-0.1,400,4,0.02,0.8789
-0.1,400,4,0.03,0.9876
-0.1,400,4,0.04,0.9994
-0.1,400,4,0.05,0.9999
-0.1,400,4,0.060000000000000005,1.0
-0.1,400,4,0.06999999999999999,1.0
-0.1,400,4,0.08,1.0
-0.1,400,4,0.09,1.0
-0.1,400,4,0.09999999999999999,1.0
-0.1,400,4,0.11,1.0
-0.1,400,4,0.12,1.0
-0.1,400,4,0.13,1.0
-0.1,400,4,0.14,1.0
-0.1,400,5,0.01,0.1314
-0.1,400,5,0.02,0.7494
-0.1,400,5,0.03,0.9633
-0.1,400,5,0.04,0.9982
-0.1,400,5,0.05,0.9998
-0.1,400,5,0.060000000000000005,1.0
-0.1,400,5,0.06999999999999999,1.0
-0.1,400,5,0.08,1.0
-0.1,400,5,0.09,1.0
-0.1,400,5,0.09999999999999999,1.0
-0.1,400,5,0.11,1.0
-0.1,400,5,0.12,1.0
-0.1,400,5,0.13,1.0
-0.1,400,5,0.14,1.0
-0.1,400,6,0.01,0.0428
-0.1,400,6,0.02,0.5742
-0.1,400,6,0.03,0.9165
-0.1,400,6,0.04,0.9922
-0.1,400,6,0.05,0.9996
-0.1,400,6,0.060000000000000005,1.0
-0.1,400,6,0.06999999999999999,1.0
-0.1,400,6,0.08,1.0
-0.1,400,6,0.09,1.0
-0.1,400,6,0.09999999999999999,1.0
-0.1,400,6,0.11,1.0
-0.1,400,6,0.12,1.0
-0.1,400,6,0.13,1.0
-0.1,400,6,0.14,1.0
-0.1,400,7,0.01,0.0141
-0.1,400,7,0.02,0.3963
-0.1,400,7,0.03,0.8364
-0.1,400,7,0.04,0.9808
-0.1,400,7,0.05,0.9975
-0.1,400,7,0.060000000000000005,0.9999
-0.1,400,7,0.06999999999999999,1.0
-0.1,400,7,0.08,1.0
-0.1,400,7,0.09,1.0
-0.1,400,7,0.09999999999999999,1.0
-0.1,400,7,0.11,1.0
-0.1,400,7,0.12,1.0
-0.1,400,7,0.13,1.0
-0.1,400,7,0.14,1.0
-0.1,400,8,0.01,0.0029
-0.1,400,8,0.02,0.2406
-0.1,400,8,0.03,0.7204
-0.1,400,8,0.04,0.9532
-0.1,400,8,0.05,0.9954
-0.1,400,8,0.060000000000000005,0.9994
-0.1,400,8,0.06999999999999999,1.0
-0.1,400,8,0.08,1.0
-0.1,400,8,0.09,1.0
-0.1,400,8,0.09999999999999999,1.0
-0.1,400,8,0.11,1.0
-0.1,400,8,0.12,1.0
-0.1,400,8,0.13,1.0
-0.1,400,8,0.14,1.0
-0.1,450,3,0.01,0.6647
-0.1,450,3,0.02,0.9817
-0.1,450,3,0.03,0.9997
-0.1,450,3,0.04,1.0
-0.1,450,3,0.05,1.0
-0.1,450,3,0.060000000000000005,1.0
-0.1,450,3,0.06999999999999999,1.0
-0.1,450,3,0.08,1.0
-0.1,450,3,0.09,1.0
-0.1,450,3,0.09999999999999999,1.0
-0.1,450,3,0.11,1.0
-0.1,450,3,0.12,1.0
-0.1,450,3,0.13,1.0
-0.1,450,3,0.14,1.0
-0.1,450,4,0.01,0.4191
-0.1,450,4,0.02,0.9394
-0.1,450,4,0.03,0.997
-0.1,450,4,0.04,0.9997
-0.1,450,4,0.05,1.0
-0.1,450,4,0.060000000000000005,1.0
-0.1,450,4,0.06999999999999999,1.0
-0.1,450,4,0.08,1.0
-0.1,450,4,0.09,1.0
-0.1,450,4,0.09999999999999999,1.0
-0.1,450,4,0.11,1.0
-0.1,450,4,0.12,1.0
-0.1,450,4,0.13,1.0
-0.1,450,4,0.14,1.0
-0.1,450,5,0.01,0.211
-0.1,450,5,0.02,0.858
-0.1,450,5,0.03,0.9892
-0.1,450,5,0.04,0.9997
-0.1,450,5,0.05,0.9999
-0.1,450,5,0.060000000000000005,1.0
-0.1,450,5,0.06999999999999999,1.0
-0.1,450,5,0.08,1.0
-0.1,450,5,0.09,1.0
-0.1,450,5,0.09999999999999999,1.0
-0.1,450,5,0.11,1.0
-0.1,450,5,0.12,1.0
-0.1,450,5,0.13,1.0
-0.1,450,5,0.14,1.0
-0.1,450,6,0.01,0.0835
-0.1,450,6,0.02,0.7272
-0.1,450,6,0.03,0.9683
-0.1,450,6,0.04,0.9989
-0.1,450,6,0.05,0.9999
-0.1,450,6,0.060000000000000005,1.0
-0.1,450,6,0.06999999999999999,1.0
-0.1,450,6,0.08,1.0
-0.1,450,6,0.09,1.0
-0.1,450,6,0.09999999999999999,1.0
-0.1,450,6,0.11,1.0
-0.1,450,6,0.12,1.0
-0.1,450,6,0.13,1.0
-0.1,450,6,0.14,1.0
-0.1,450,7,0.01,0.0295
-0.1,450,7,0.02,0.5629
-0.1,450,7,0.03,0.9277
-0.1,450,7,0.04,0.9965
-0.1,450,7,0.05,0.9998
-0.1,450,7,0.060000000000000005,1.0
-0.1,450,7,0.06999999999999999,1.0
-0.1,450,7,0.08,1.0
-0.1,450,7,0.09,1.0
-0.1,450,7,0.09999999999999999,1.0
-0.1,450,7,0.11,1.0
-0.1,450,7,0.12,1.0
-0.1,450,7,0.13,1.0
-0.1,450,7,0.14,1.0
-0.1,450,8,0.01,0.0073
-0.1,450,8,0.02,0.3953
-0.1,450,8,0.03,0.858
-0.1,450,8,0.04,0.9886
-0.1,450,8,0.05,0.9996
-0.1,450,8,0.060000000000000005,1.0
-0.1,450,8,0.06999999999999999,1.0
-0.1,450,8,0.08,1.0
-0.1,450,8,0.09,1.0
-0.1,450,8,0.09999999999999999,1.0
-0.1,450,8,0.11,1.0
-0.1,450,8,0.12,1.0
-0.1,450,8,0.13,1.0
-0.1,450,8,0.14,1.0
-0.1,500,3,0.01,0.7652
-0.1,500,3,0.02,0.9938
-0.1,500,3,0.03,0.9999
-0.1,500,3,0.04,1.0
-0.1,500,3,0.05,1.0
-0.1,500,3,0.060000000000000005,1.0
-0.1,500,3,0.06999999999999999,1.0
-0.1,500,3,0.08,1.0
-0.1,500,3,0.09,1.0
-0.1,500,3,0.09999999999999999,1.0
-0.1,500,3,0.11,1.0
-0.1,500,3,0.12,1.0
-0.1,500,3,0.13,1.0
-0.1,500,3,0.14,1.0
-0.1,500,4,0.01,0.5461
-0.1,500,4,0.02,0.9746
-0.1,500,4,0.03,0.9994
-0.1,500,4,0.04,0.9999
-0.1,500,4,0.05,1.0
-0.1,500,4,0.060000000000000005,1.0
-0.1,500,4,0.06999999999999999,1.0
-0.1,500,4,0.08,1.0
-0.1,500,4,0.09,1.0
-0.1,500,4,0.09999999999999999,1.0
-0.1,500,4,0.11,1.0
-0.1,500,4,0.12,1.0
-0.1,500,4,0.13,1.0
-0.1,500,4,0.14,1.0
-0.1,500,5,0.01,0.3179
-0.1,500,5,0.02,0.9293
-0.1,500,5,0.03,0.9977
-0.1,500,5,0.04,0.9999
-0.1,500,5,0.05,1.0
-0.1,500,5,0.060000000000000005,1.0
-0.1,500,5,0.06999999999999999,1.0
-0.1,500,5,0.08,1.0
-0.1,500,5,0.09,1.0
-0.1,500,5,0.09999999999999999,1.0
-0.1,500,5,0.11,1.0
-0.1,500,5,0.12,1.0
-0.1,500,5,0.13,1.0
-0.1,500,5,0.14,1.0
-0.1,500,6,0.01,0.1483
-0.1,500,6,0.02,0.8461
-0.1,500,6,0.03,0.9899
-0.1,500,6,0.04,0.9999
-0.1,500,6,0.05,1.0
-0.1,500,6,0.060000000000000005,1.0
-0.1,500,6,0.06999999999999999,1.0
-0.1,500,6,0.08,1.0
-0.1,500,6,0.09,1.0
-0.1,500,6,0.09999999999999999,1.0
-0.1,500,6,0.11,1.0
-0.1,500,6,0.12,1.0
-0.1,500,6,0.13,1.0
-0.1,500,6,0.14,1.0
-0.1,500,7,0.01,0.0606
-0.1,500,7,0.02,0.7191
-0.1,500,7,0.03,0.9742
-0.1,500,7,0.04,0.9994
-0.1,500,7,0.05,1.0
-0.1,500,7,0.060000000000000005,1.0
-0.1,500,7,0.06999999999999999,1.0
-0.1,500,7,0.08,1.0
-0.1,500,7,0.09,1.0
-0.1,500,7,0.09999999999999999,1.0
-0.1,500,7,0.11,1.0
-0.1,500,7,0.12,1.0
-0.1,500,7,0.13,1.0
-0.1,500,7,0.14,1.0
-0.1,500,8,0.01,0.0196
-0.1,500,8,0.02,0.5665
-0.1,500,8,0.03,0.9429
-0.1,500,8,0.04,0.9978
-0.1,500,8,0.05,0.9999
-0.1,500,8,0.060000000000000005,1.0
-0.1,500,8,0.06999999999999999,1.0
-0.1,500,8,0.08,1.0
-0.1,500,8,0.09,1.0
-0.1,500,8,0.09999999999999999,1.0
-0.1,500,8,0.11,1.0
-0.1,500,8,0.12,1.0
-0.1,500,8,0.13,1.0
-0.1,500,8,0.14,1.0
-0.1,550,3,0.01,0.8427
-0.1,550,3,0.02,0.9976
-0.1,550,3,0.03,0.9999
-0.1,550,3,0.04,1.0
-0.1,550,3,0.05,1.0
-0.1,550,3,0.060000000000000005,1.0
-0.1,550,3,0.06999999999999999,1.0
-0.1,550,3,0.08,1.0
-0.1,550,3,0.09,1.0
-0.1,550,3,0.09999999999999999,1.0
-0.1,550,3,0.11,1.0
-0.1,550,3,0.12,1.0
-0.1,550,3,0.13,1.0
-0.1,550,3,0.14,1.0
-0.1,550,4,0.01,0.6582
-0.1,550,4,0.02,0.9912
-0.1,550,4,0.03,0.9998
-0.1,550,4,0.04,1.0
-0.1,550,4,0.05,1.0
-0.1,550,4,0.060000000000000005,1.0
-0.1,550,4,0.06999999999999999,1.0
-0.1,550,4,0.08,1.0
-0.1,550,4,0.09,1.0
-0.1,550,4,0.09999999999999999,1.0
-0.1,550,4,0.11,1.0
-0.1,550,4,0.12,1.0
-0.1,550,4,0.13,1.0
-0.1,550,4,0.14,1.0
-0.1,550,5,0.01,0.4366
-0.1,550,5,0.02,0.9694
-0.1,550,5,0.03,0.9992
-0.1,550,5,0.04,0.9999
-0.1,550,5,0.05,1.0
-0.1,550,5,0.060000000000000005,1.0
-0.1,550,5,0.06999999999999999,1.0
-0.1,550,5,0.08,1.0
-0.1,550,5,0.09,1.0
-0.1,550,5,0.09999999999999999,1.0
-0.1,550,5,0.11,1.0
-0.1,550,5,0.12,1.0
-0.1,550,5,0.13,1.0
-0.1,550,5,0.14,1.0
-0.1,550,6,0.01,0.2377
-0.1,550,6,0.02,0.9221
-0.1,550,6,0.03,0.998
-0.1,550,6,0.04,0.9999
-0.1,550,6,0.05,1.0
-0.1,550,6,0.060000000000000005,1.0
-0.1,550,6,0.06999999999999999,1.0
-0.1,550,6,0.08,1.0
-0.1,550,6,0.09,1.0
-0.1,550,6,0.09999999999999999,1.0
-0.1,550,6,0.11,1.0
-0.1,550,6,0.12,1.0
-0.1,550,6,0.13,1.0
-0.1,550,6,0.14,1.0
-0.1,550,7,0.01,0.108
-0.1,550,7,0.02,0.8345
-0.1,550,7,0.03,0.9911
-0.1,550,7,0.04,0.9999
-0.1,550,7,0.05,1.0
-0.1,550,7,0.060000000000000005,1.0
-0.1,550,7,0.06999999999999999,1.0
-0.1,550,7,0.08,1.0
-0.1,550,7,0.09,1.0
-0.1,550,7,0.09999999999999999,1.0
-0.1,550,7,0.11,1.0
-0.1,550,7,0.12,1.0
-0.1,550,7,0.13,1.0
-0.1,550,7,0.14,1.0
-0.1,550,8,0.01,0.0419
-0.1,550,8,0.02,0.7152
-0.1,550,8,0.03,0.9789
-0.1,550,8,0.04,0.9998
-0.1,550,8,0.05,1.0
-0.1,550,8,0.060000000000000005,1.0
-0.1,550,8,0.06999999999999999,1.0
-0.1,550,8,0.08,1.0
-0.1,550,8,0.09,1.0
-0.1,550,8,0.09999999999999999,1.0
-0.1,550,8,0.11,1.0
-0.1,550,8,0.12,1.0
-0.1,550,8,0.13,1.0
-0.1,550,8,0.14,1.0
-0.1,600,3,0.01,0.8991
-0.1,600,3,0.02,0.9995
-0.1,600,3,0.03,1.0
-0.1,600,3,0.04,1.0
-0.1,600,3,0.05,1.0
-0.1,600,3,0.060000000000000005,1.0
-0.1,600,3,0.06999999999999999,1.0
-0.1,600,3,0.08,1.0
-0.1,600,3,0.09,1.0
-0.1,600,3,0.09999999999999999,1.0
-0.1,600,3,0.11,1.0
-0.1,600,3,0.12,1.0
-0.1,600,3,0.13,1.0
-0.1,600,3,0.14,1.0
-0.1,600,4,0.01,0.7515
-0.1,600,4,0.02,0.9961
-0.1,600,4,0.03,1.0
-0.1,600,4,0.04,1.0
-0.1,600,4,0.05,1.0
-0.1,600,4,0.060000000000000005,1.0
-0.1,600,4,0.06999999999999999,1.0
-0.1,600,4,0.08,1.0
-0.1,600,4,0.09,1.0
-0.1,600,4,0.09999999999999999,1.0
-0.1,600,4,0.11,1.0
-0.1,600,4,0.12,1.0
-0.1,600,4,0.13,1.0
-0.1,600,4,0.14,1.0
-0.1,600,5,0.01,0.5512
-0.1,600,5,0.02,0.9861
-0.1,600,5,0.03,0.9999
-0.1,600,5,0.04,1.0
-0.1,600,5,0.05,1.0
-0.1,600,5,0.060000000000000005,1.0
-0.1,600,5,0.06999999999999999,1.0
-0.1,600,5,0.08,1.0
-0.1,600,5,0.09,1.0
-0.1,600,5,0.09999999999999999,1.0
-0.1,600,5,0.11,1.0
-0.1,600,5,0.12,1.0
-0.1,600,5,0.13,1.0
-0.1,600,5,0.14,1.0
-0.1,600,6,0.01,0.3389
-0.1,600,6,0.02,0.9648
-0.1,600,6,0.03,0.9993
-0.1,600,6,0.04,1.0
-0.1,600,6,0.05,1.0
-0.1,600,6,0.060000000000000005,1.0
-0.1,600,6,0.06999999999999999,1.0
-0.1,600,6,0.08,1.0
-0.1,600,6,0.09,1.0
-0.1,600,6,0.09999999999999999,1.0
-0.1,600,6,0.11,1.0
-0.1,600,6,0.12,1.0
-0.1,600,6,0.13,1.0
-0.1,600,6,0.14,1.0
-0.1,600,7,0.01,0.174
-0.1,600,7,0.02,0.9143
-0.1,600,7,0.03,0.9981
-0.1,600,7,0.04,0.9999
-0.1,600,7,0.05,1.0
-0.1,600,7,0.060000000000000005,1.0
-0.1,600,7,0.06999999999999999,1.0
-0.1,600,7,0.08,1.0
-0.1,600,7,0.09,1.0
-0.1,600,7,0.09999999999999999,1.0
-0.1,600,7,0.11,1.0
-0.1,600,7,0.12,1.0
-0.1,600,7,0.13,1.0
-0.1,600,7,0.14,1.0
-0.1,600,8,0.01,0.0748
-0.1,600,8,0.02,0.8329
-0.1,600,8,0.03,0.9941
-0.1,600,8,0.04,0.9999
-0.1,600,8,0.05,1.0
-0.1,600,8,0.060000000000000005,1.0
-0.1,600,8,0.06999999999999999,1.0
-0.1,600,8,0.08,1.0
-0.1,600,8,0.09,1.0
-0.1,600,8,0.09999999999999999,1.0
-0.1,600,8,0.11,1.0
-0.1,600,8,0.12,1.0
-0.1,600,8,0.13,1.0
-0.1,600,8,0.14,1.0
-0.1,650,3,0.01,0.9383
-0.1,650,3,0.02,1.0
-0.1,650,3,0.03,1.0
-0.1,650,3,0.04,1.0
-0.1,650,3,0.05,1.0
-0.1,650,3,0.060000000000000005,1.0
-0.1,650,3,0.06999999999999999,1.0
-0.1,650,3,0.08,1.0
-0.1,650,3,0.09,1.0
-0.1,650,3,0.09999999999999999,1.0
-0.1,650,3,0.11,1.0
-0.1,650,3,0.12,1.0
-0.1,650,3,0.13,1.0
-0.1,650,3,0.14,1.0
-0.1,650,4,0.01,0.8293
-0.1,650,4,0.02,0.9997
-0.1,650,4,0.03,1.0
-0.1,650,4,0.04,1.0
-0.1,650,4,0.05,1.0
-0.1,650,4,0.060000000000000005,1.0
-0.1,650,4,0.06999999999999999,1.0
-0.1,650,4,0.08,1.0
-0.1,650,4,0.09,1.0
-0.1,650,4,0.09999999999999999,1.0
-0.1,650,4,0.11,1.0
-0.1,650,4,0.12,1.0
-0.1,650,4,0.13,1.0
-0.1,650,4,0.14,1.0
-0.1,650,5,0.01,0.6558
-0.1,650,5,0.02,0.9951
-0.1,650,5,0.03,1.0
-0.1,650,5,0.04,1.0
-0.1,650,5,0.05,1.0
-0.1,650,5,0.060000000000000005,1.0
-0.1,650,5,0.06999999999999999,1.0
-0.1,650,5,0.08,1.0
-0.1,650,5,0.09,1.0
-0.1,650,5,0.09999999999999999,1.0
-0.1,650,5,0.11,1.0
-0.1,650,5,0.12,1.0
-0.1,650,5,0.13,1.0
-0.1,650,5,0.14,1.0
-0.1,650,6,0.01,0.4523
-0.1,650,6,0.02,0.9852
-0.1,650,6,0.03,0.9999
-0.1,650,6,0.04,1.0
-0.1,650,6,0.05,1.0
-0.1,650,6,0.060000000000000005,1.0
-0.1,650,6,0.06999999999999999,1.0
-0.1,650,6,0.08,1.0
-0.1,650,6,0.09,1.0
-0.1,650,6,0.09999999999999999,1.0
-0.1,650,6,0.11,1.0
-0.1,650,6,0.12,1.0
-0.1,650,6,0.13,1.0
-0.1,650,6,0.14,1.0
-0.1,650,7,0.01,0.2577
-0.1,650,7,0.02,0.9639
-0.1,650,7,0.03,0.9995
-0.1,650,7,0.04,1.0
-0.1,650,7,0.05,1.0
-0.1,650,7,0.060000000000000005,1.0
-0.1,650,7,0.06999999999999999,1.0
-0.1,650,7,0.08,1.0
-0.1,650,7,0.09,1.0
-0.1,650,7,0.09999999999999999,1.0
-0.1,650,7,0.11,1.0
-0.1,650,7,0.12,1.0
-0.1,650,7,0.13,1.0
-0.1,650,7,0.14,1.0
-0.1,650,8,0.01,0.1241
-0.1,650,8,0.02,0.9114
-0.1,650,8,0.03,0.9988
-0.1,650,8,0.04,0.9999
-0.1,650,8,0.05,1.0
-0.1,650,8,0.060000000000000005,1.0
-0.1,650,8,0.06999999999999999,1.0
-0.1,650,8,0.08,1.0
-0.1,650,8,0.09,1.0
-0.1,650,8,0.09999999999999999,1.0
-0.1,650,8,0.11,1.0
-0.1,650,8,0.12,1.0
-0.1,650,8,0.13,1.0
-0.1,650,8,0.14,1.0
0.0,50,3,0.01,0.0107
0.0,50,3,0.02,0.0732
0.0,50,3,0.03,0.1779
0.0,50,3,0.04,0.3143
0.0,50,3,0.05,0.445
0.0,50,3,0.060000000000000005,0.574
0.0,50,3,0.06999999999999999,0.681
0.0,50,3,0.08,0.7646
0.0,50,3,0.09,0.8359
0.0,50,3,0.09999999999999999,0.8838
0.0,50,3,0.11,0.9219
0.0,50,3,0.12,0.9485
0.0,50,3,0.13,0.9679
0.0,50,3,0.14,0.9804
0.0,50,4,0.01,0.001
0.0,50,4,0.02,0.0167
0.0,50,4,0.03,0.0547
0.0,50,4,0.04,0.1341
0.0,50,4,0.05,0.2276
0.0,50,4,0.060000000000000005,0.3435
0.0,50,4,0.06999999999999999,0.4584
0.0,50,4,0.08,0.5636
0.0,50,4,0.09,0.6626
0.0,50,4,0.09999999999999999,0.7397
0.0,50,4,0.11,0.8077
0.0,50,4,0.12,0.8599
0.0,50,4,0.13,0.9044
0.0,50,4,0.14,0.9351
0.0,50,5,0.01,0.0001
0.0,50,5,0.02,0.0026
0.0,50,5,0.03,0.0148
0.0,50,5,0.04,0.0434
0.0,50,5,0.05,0.0961
0.0,50,5,0.060000000000000005,0.1711
0.0,50,5,0.06999999999999999,0.2638
0.0,50,5,0.08,0.3611
0.0,50,5,0.09,0.4641
0.0,50,5,0.09999999999999999,0.5591
0.0,50,5,0.11,0.6496
0.0,50,5,0.12,0.7248
0.0,50,5,0.13,0.786
0.0,50,5,0.14,0.8457
0.0,50,6,0.01,0.0
0.0,50,6,0.02,0.0002
0.0,50,6,0.03,0.0031
0.0,50,6,0.04,0.0125
0.0,50,6,0.05,0.0322
0.0,50,6,0.060000000000000005,0.0734
0.0,50,6,0.06999999999999999,0.133
0.0,50,6,0.08,0.2008
0.0,50,6,0.09,0.2892
0.0,50,6,0.09999999999999999,0.3768
0.0,50,6,0.11,0.4685
0.0,50,6,0.12,0.5524
0.0,50,6,0.13,0.6396
0.0,50,6,0.14,0.7136
0.0,50,7,0.01,0.0
0.0,50,7,0.02,0.0
0.0,50,7,0.03,0.0004
0.0,50,7,0.04,0.0036
0.0,50,7,0.05,0.0086
0.0,50,7,0.060000000000000005,0.0229
0.0,50,7,0.06999999999999999,0.053
0.0,50,7,0.08,0.0974
0.0,50,7,0.09,0.1533
0.0,50,7,0.09999999999999999,0.227
0.0,50,7,0.11,0.306
0.0,50,7,0.12,0.3827
0.0,50,7,0.13,0.4744
0.0,50,7,0.14,0.5556
0.0,50,8,0.01,0.0
0.0,50,8,0.02,0.0
0.0,50,8,0.03,0.0
0.0,50,8,0.04,0.0004
0.0,50,8,0.05,0.0023
0.0,50,8,0.060000000000000005,0.0068
0.0,50,8,0.06999999999999999,0.0173
0.0,50,8,0.08,0.0385
0.0,50,8,0.09,0.0713
0.0,50,8,0.09999999999999999,0.1132
0.0,50,8,0.11,0.1749
0.0,50,8,0.12,0.2398
0.0,50,8,0.13,0.3193
0.0,50,8,0.14,0.3943
0.0,100,3,0.01,0.063
0.0,100,3,0.02,0.3164
0.0,100,3,0.03,0.5716
0.0,100,3,0.04,0.7699
0.0,100,3,0.05,0.883
0.0,100,3,0.060000000000000005,0.9443
0.0,100,3,0.06999999999999999,0.974
0.0,100,3,0.08,0.9882
0.0,100,3,0.09,0.9955
0.0,100,3,0.09999999999999999,0.9983
0.0,100,3,0.11,0.9996
0.0,100,3,0.12,0.9999
0.0,100,3,0.13,0.9999
0.0,100,3,0.14,0.9999
0.0,100,4,0.01,0.013
0.0,100,4,0.02,0.1278
0.0,100,4,0.03,0.3342
0.0,100,4,0.04,0.5639
0.0,100,4,0.05,0.7341
0.0,100,4,0.060000000000000005,0.8545
0.0,100,4,0.06999999999999999,0.9286
0.0,100,4,0.08,0.9635
0.0,100,4,0.09,0.983
0.0,100,4,0.09999999999999999,0.9924
0.0,100,4,0.11,0.9978
0.0,100,4,0.12,0.9991
0.0,100,4,0.13,0.9997
0.0,100,4,0.14,0.9997
0.0,100,5,0.01,0.0022
0.0,100,5,0.02,0.0432
0.0,100,5,0.03,0.1675
0.0,100,5,0.04,0.3606
0.0,100,5,0.05,0.5546
0.0,100,5,0.060000000000000005,0.7203
0.0,100,5,0.06999999999999999,0.839
0.0,100,5,0.08,0.9097
0.0,100,5,0.09,0.9541
0.0,100,5,0.09999999999999999,0.9772
0.0,100,5,0.11,0.9885
0.0,100,5,0.12,0.9943
0.0,100,5,0.13,0.9986
0.0,100,5,0.14,0.9994
0.0,100,6,0.01,0.0003
0.0,100,6,0.02,0.0122
0.0,100,6,0.03,0.0677
0.0,100,6,0.04,0.2013
0.0,100,6,0.05,0.3639
0.0,100,6,0.060000000000000005,0.5553
0.0,100,6,0.06999999999999999,0.7075
0.0,100,6,0.08,0.8175
0.0,100,6,0.09,0.8963
0.0,100,6,0.09999999999999999,0.9427
0.0,100,6,0.11,0.9709
0.0,100,6,0.12,0.9854
0.0,100,6,0.13,0.9939
0.0,100,6,0.14,0.9977
0.0,100,7,0.01,0.0
0.0,100,7,0.02,0.0028
0.0,100,7,0.03,0.0237
0.0,100,7,0.04,0.0938
0.0,100,7,0.05,0.2135
0.0,100,7,0.060000000000000005,0.3772
0.0,100,7,0.06999999999999999,0.5487
0.0,100,7,0.08,0.6941
0.0,100,7,0.09,0.8053
0.0,100,7,0.09999999999999999,0.8813
0.0,100,7,0.11,0.935
0.0,100,7,0.12,0.9643
0.0,100,7,0.13,0.9816
0.0,100,7,0.14,0.9918
0.0,100,8,0.01,0.0
0.0,100,8,0.02,0.0003
0.0,100,8,0.03,0.0086
0.0,100,8,0.04,0.0402
0.0,100,8,0.05,0.1121
0.0,100,8,0.060000000000000005,0.2386
0.0,100,8,0.06999999999999999,0.3914
0.0,100,8,0.08,0.5455
0.0,100,8,0.09,0.6868
0.0,100,8,0.09999999999999999,0.7899
0.0,100,8,0.11,0.8722
0.0,100,8,0.12,0.9256
0.0,100,8,0.13,0.9602
0.0,100,8,0.14,0.979
0.0,150,3,0.01,0.1665
0.0,150,3,0.02,0.5813
0.0,150,3,0.03,0.8325
0.0,150,3,0.04,0.9489
0.0,150,3,0.05,0.9838
0.0,150,3,0.060000000000000005,0.9957
0.0,150,3,0.06999999999999999,0.9985
0.0,150,3,0.08,0.9996
0.0,150,3,0.09,1.0
0.0,150,3,0.09999999999999999,1.0
0.0,150,3,0.11,1.0
0.0,150,3,0.12,1.0
0.0,150,3,0.13,1.0
0.0,150,3,0.14,1.0
0.0,150,4,0.01,0.0478
0.0,150,4,0.02,0.3466
0.0,150,4,0.03,0.6581
0.0,150,4,0.04,0.863
0.0,150,4,0.05,0.9479
0.0,150,4,0.060000000000000005,0.9837
0.0,150,4,0.06999999999999999,0.9949
0.0,150,4,0.08,0.9982
0.0,150,4,0.09,0.9996
0.0,150,4,0.09999999999999999,1.0
0.0,150,4,0.11,1.0
0.0,150,4,0.12,1.0
0.0,150,4,0.13,1.0
0.0,150,4,0.14,1.0
0.0,150,5,0.01,0.0109
0.0,150,5,0.02,0.1692
0.0,150,5,0.03,0.4477
0.0,150,5,0.04,0.7198
0.0,150,5,0.05,0.8759
0.0,150,5,0.060000000000000005,0.9527
0.0,150,5,0.06999999999999999,0.9836
0.0,150,5,0.08,0.9946
0.0,150,5,0.09,0.9987
0.0,150,5,0.09999999999999999,0.9997
0.0,150,5,0.11,1.0
0.0,150,5,0.12,1.0
0.0,150,5,0.13,1.0
0.0,150,5,0.14,1.0
0.0,150,6,0.01,0.002
0.0,150,6,0.02,0.0692
0.0,150,6,0.03,0.2741
0.0,150,6,0.04,0.5537
0.0,150,6,0.05,0.7622
0.0,150,6,0.060000000000000005,0.8955
0.0,150,6,0.06999999999999999,0.959
0.0,150,6,0.08,0.9841
0.0,150,6,0.09,0.9955
0.0,150,6,0.09999999999999999,0.9989
0.0,150,6,0.11,0.9999
0.0,150,6,0.12,1.0
0.0,150,6,0.13,1.0
0.0,150,6,0.14,1.0
0.0,150,7,0.01,0.0004
0.0,150,7,0.02,0.0237
0.0,150,7,0.03,0.1438
0.0,150,7,0.04,0.3836
0.0,150,7,0.05,0.6199
0.0,150,7,0.060000000000000005,0.803
0.0,150,7,0.06999999999999999,0.9128
0.0,150,7,0.08,0.9604
0.0,150,7,0.09,0.9858
0.0,150,7,0.09999999999999999,0.9951
0.0,150,7,0.11,0.9987
0.0,150,7,0.12,0.9996
0.0,150,7,0.13,0.9999
0.0,150,7,0.14,1.0
0.0,150,8,0.01,0.0001
0.0,150,8,0.02,0.0052
0.0,150,8,0.03,0.0693
0.0,150,8,0.04,0.2398
0.0,150,8,0.05,0.4606
0.0,150,8,0.060000000000000005,0.6799
0.0,150,8,0.06999999999999999,0.8355
0.0,150,8,0.08,0.9213
0.0,150,8,0.09,0.9679
0.0,150,8,0.09999999999999999,0.9881
0.0,150,8,0.11,0.9961
0.0,150,8,0.12,0.9985
0.0,150,8,0.13,0.9999
0.0,150,8,0.14,1.0
0.0,200,3,0.01,0.2948
0.0,200,3,0.02,0.7812
0.0,200,3,0.03,0.9488
0.0,200,3,0.04,0.9921
0.0,200,3,0.05,0.999
0.0,200,3,0.060000000000000005,0.9999
0.0,200,3,0.06999999999999999,1.0
0.0,200,3,0.08,1.0
0.0,200,3,0.09,1.0
0.0,200,3,0.09999999999999999,1.0
0.0,200,3,0.11,1.0
0.0,200,3,0.12,1.0
0.0,200,3,0.13,1.0
0.0,200,3,0.14,1.0
0.0,200,4,0.01,0.1097
0.0,200,4,0.02,0.5728
0.0,200,4,0.03,0.8602
0.0,200,4,0.04,0.967
0.0,200,4,0.05,0.9934
0.0,200,4,0.060000000000000005,0.9996
0.0,200,4,0.06999999999999999,1.0
0.0,200,4,0.08,1.0
0.0,200,4,0.09,1.0
0.0,200,4,0.09999999999999999,1.0
0.0,200,4,0.11,1.0
0.0,200,4,0.12,1.0
0.0,200,4,0.13,1.0
0.0,200,4,0.14,1.0
0.0,200,5,0.01,0.0339
0.0,200,5,0.02,0.3615
0.0,200,5,0.03,0.7205
0.0,200,5,0.04,0.9149
0.0,200,5,0.05,0.9775
0.0,200,5,0.060000000000000005,0.9958
0.0,200,5,0.06999999999999999,0.9996
0.0,200,5,0.08,1.0
0.0,200,5,0.09,1.0
0.0,200,5,0.09999999999999999,1.0
0.0,200,5,0.11,1.0
0.0,200,5,0.12,1.0
0.0,200,5,0.13,1.0
0.0,200,5,0.14,1.0
0.0,200,6,0.01,0.0083
0.0,200,6,0.02,0.1969
0.0,200,6,0.03,0.5426
0.0,200,6,0.04,0.8283
0.0,200,6,0.05,0.9426
0.0,200,6,0.060000000000000005,0.9855
0.0,200,6,0.06999999999999999,0.9963
0.0,200,6,0.08,0.9992
0.0,200,6,0.09,1.0
0.0,200,6,0.09999999999999999,1.0
0.0,200,6,0.11,1.0
0.0,200,6,0.12,1.0
0.0,200,6,0.13,1.0
0.0,200,6,0.14,1.0
0.0,200,7,0.01,0.0022
0.0,200,7,0.02,0.0927
0.0,200,7,0.03,0.366
0.0,200,7,0.04,0.6946
0.0,200,7,0.05,0.8813
0.0,200,7,0.060000000000000005,0.9641
0.0,200,7,0.06999999999999999,0.9906
0.0,200,7,0.08,0.9973
0.0,200,7,0.09,1.0
0.0,200,7,0.09999999999999999,1.0
0.0,200,7,0.11,1.0
0.0,200,7,0.12,1.0
0.0,200,7,0.13,1.0
0.0,200,7,0.14,1.0
0.0,200,8,0.01,0.0004
0.0,200,8,0.02,0.0374
0.0,200,8,0.03,0.2281
0.0,200,8,0.04,0.5429
0.0,200,8,0.05,0.7886
0.0,200,8,0.060000000000000005,0.9251
0.0,200,8,0.06999999999999999,0.9761
0.0,200,8,0.08,0.9929
0.0,200,8,0.09,0.9984
0.0,200,8,0.09999999999999999,0.9998
0.0,200,8,0.11,1.0
0.0,200,8,0.12,1.0
0.0,200,8,0.13,1.0
0.0,200,8,0.14,1.0
0.0,250,3,0.01,0.4395
0.0,250,3,0.02,0.8935
0.0,250,3,0.03,0.9856
0.0,250,3,0.04,0.9987
0.0,250,3,0.05,1.0
0.0,250,3,0.060000000000000005,1.0
0.0,250,3,0.06999999999999999,1.0
0.0,250,3,0.08,1.0
0.0,250,3,0.09,1.0
0.0,250,3,0.09999999999999999,1.0
0.0,250,3,0.11,1.0
0.0,250,3,0.12,1.0
0.0,250,3,0.13,1.0
0.0,250,3,0.14,1.0
0.0,250,4,0.01,0.2052
0.0,250,4,0.02,0.7551
0.0,250,4,0.03,0.9535
0.0,250,4,0.04,0.9936
0.0,250,4,0.05,0.9997
0.0,250,4,0.060000000000000005,1.0
0.0,250,4,0.06999999999999999,1.0
0.0,250,4,0.08,1.0
0.0,250,4,0.09,1.0
0.0,250,4,0.09999999999999999,1.0
0.0,250,4,0.11,1.0
0.0,250,4,0.12,1.0
0.0,250,4,0.13,1.0
0.0,250,4,0.14,1.0
0.0,250,5,0.01,0.075
0.0,250,5,0.02,0.5674
0.0,250,5,0.03,0.8833
0.0,250,5,0.04,0.9779
0.0,250,5,0.05,0.9981
0.0,250,5,0.060000000000000005,0.9998
0.0,250,5,0.06999999999999999,1.0
0.0,250,5,0.08,1.0
0.0,250,5,0.09,1.0
0.0,250,5,0.09999999999999999,1.0
0.0,250,5,0.11,1.0
0.0,250,5,0.12,1.0
0.0,250,5,0.13,1.0
0.0,250,5,0.14,1.0
0.0,250,6,0.01,0.0251
0.0,250,6,0.02,0.3774
0.0,250,6,0.03,0.7711
0.0,250,6,0.04,0.9488
0.0,250,6,0.05,0.9903
0.0,250,6,0.060000000000000005,0.9984
0.0,250,6,0.06999999999999999,1.0
0.0,250,6,0.08,1.0
0.0,250,6,0.09,1.0
0.0,250,6,0.09999999999999999,1.0
0.0,250,6,0.11,1.0
0.0,250,6,0.12,1.0
0.0,250,6,0.13,1.0
0.0,250,6,0.14,1.0
0.0,250,7,0.01,0.0066
0.0,250,7,0.02,0.2143
0.0,250,7,0.03,0.6162
0.0,250,7,0.04,0.8912
0.0,250,7,0.05,0.9723
0.0,250,7,0.060000000000000005,0.9961
0.0,250,7,0.06999999999999999,0.9996
0.0,250,7,0.08,0.9999
0.0,250,7,0.09,1.0
0.0,250,7,0.09999999999999999,1.0
0.0,250,7,0.11,1.0
0.0,250,7,0.12,1.0
0.0,250,7,0.13,1.0
0.0,250,7,0.14,1.0
0.0,250,8,0.01,0.001
0.0,250,8,0.02,0.108
0.0,250,8,0.03,0.458
0.0,250,8,0.04,0.8001
0.0,250,8,0.05,0.9419
0.0,250,8,0.060000000000000005,0.9879
0.0,250,8,0.06999999999999999,0.998
0.0,250,8,0.08,0.9997
0.0,250,8,0.09,1.0
0.0,250,8,0.09999999999999999,1.0
0.0,250,8,0.11,1.0
0.0,250,8,0.12,1.0
0.0,250,8,0.13,1.0
0.0,250,8,0.14,1.0
0.0,300,3,0.01,0.569
0.0,300,3,0.02,0.9532
0.0,300,3,0.03,0.9963
0.0,300,3,0.04,0.9998
0.0,300,3,0.05,1.0
0.0,300,3,0.060000000000000005,1.0
0.0,300,3,0.06999999999999999,1.0
0.0,300,3,0.08,1.0
0.0,300,3,0.09,1.0
0.0,300,3,0.09999999999999999,1.0
0.0,300,3,0.11,1.0
0.0,300,3,0.12,1.0
0.0,300,3,0.13,1.0
0.0,300,3,0.14,1.0
0.0,300,4,0.01,0.3177
0.0,300,4,0.02,0.8688
0.0,300,4,0.03,0.9857
0.0,300,4,0.04,0.9992
0.0,300,4,0.05,1.0
0.0,300,4,0.060000000000000005,1.0
0.0,300,4,0.06999999999999999,1.0
0.0,300,4,0.08,1.0
0.0,300,4,0.09,1.0
0.0,300,4,0.09999999999999999,1.0
0.0,300,4,0.11,1.0
0.0,300,4,0.12,1.0
0.0,300,4,0.13,1.0
0.0,300,4,0.14,1.0
0.0,300,5,0.01,0.1437
0.0,300,5,0.02,0.7335
0.0,300,5,0.03,0.9598
0.0,300,5,0.04,0.9961
0.0,300,5,0.05,0.9997
0.0,300,5,0.060000000000000005,1.0
0.0,300,5,0.06999999999999999,1.0
0.0,300,5,0.08,1.0
0.0,300,5,0.09,1.0
0.0,300,5,0.09999999999999999,1.0
0.0,300,5,0.11,1.0
0.0,300,5,0.12,1.0
0.0,300,5,0.13,1.0
0.0,300,5,0.14,1.0
0.0,300,6,0.01,0.0526
0.0,300,6,0.02,0.5607
0.0,300,6,0.03,0.9022
0.0,300,6,0.04,0.9883
0.0,300,6,0.05,0.9987
0.0,300,6,0.060000000000000005,0.9999
0.0,300,6,0.06999999999999999,1.0
0.0,300,6,0.08,1.0
0.0,300,6,0.09,1.0
0.0,300,6,0.09999999999999999,1.0
0.0,300,6,0.11,1.0
0.0,300,6,0.12,1.0
0.0,300,6,0.13,1.0
0.0,300,6,0.14,1.0
0.0,300,7,0.01,0.0157
0.0,300,7,0.02,0.3837
0.0,300,7,0.03,0.8068
0.0,300,7,0.04,0.9687
0.0,300,7,0.05,0.9954
0.0,300,7,0.060000000000000005,0.9995
0.0,300,7,0.06999999999999999,1.0
0.0,300,7,0.08,1.0
0.0,300,7,0.09,1.0
0.0,300,7,0.09999999999999999,1.0
0.0,300,7,0.11,1.0
0.0,300,7,0.12,1.0
0.0,300,7,0.13,1.0
0.0,300,7,0.14,1.0
0.0,300,8,0.01,0.0038
0.0,300,8,0.02,0.2335
0.0,300,8,0.03,0.6799
0.0,300,8,0.04,0.9308
0.0,300,8,0.05,0.9897
0.0,300,8,0.060000000000000005,0.998
0.0,300,8,0.06999999999999999,0.9999
0.0,300,8,0.08,1.0
0.0,300,8,0.09,1.0
0.0,300,8,0.09999999999999999,1.0
0.0,300,8,0.11,1.0
0.0,300,8,0.12,1.0
0.0,300,8,0.13,1.0
0.0,300,8,0.14,1.0
0.0,350,3,0.01,0.6878
0.0,350,3,0.02,0.9799
0.0,350,3,0.03,0.999
0.0,350,3,0.04,1.0
0.0,350,3,0.05,1.0
0.0,350,3,0.060000000000000005,1.0
0.0,350,3,0.06999999999999999,1.0
0.0,350,3,0.08,1.0
0.0,350,3,0.09,1.0
0.0,350,3,0.09999999999999999,1.0
0.0,350,3,0.11,1.0
0.0,350,3,0.12,1.0
0.0,350,3,0.13,1.0
0.0,350,3,0.14,1.0
0.0,350,4,0.01,0.4373
0.0,350,4,0.02,0.9368
0.0,350,4,0.03,0.9953
0.0,350,4,0.04,1.0
0.0,350,4,0.05,1.0
0.0,350,4,0.060000000000000005,1.0
0.0,350,4,0.06999999999999999,1.0
0.0,350,4,0.08,1.0
0.0,350,4,0.09,1.0
0.0,350,4,0.09999999999999999,1.0
0.0,350,4,0.11,1.0
0.0,350,4,0.12,1.0
0.0,350,4,0.13,1.0
0.0,350,4,0.14,1.0
0.0,350,5,0.01,0.2276
0.0,350,5,0.02,0.8552
0.0,350,5,0.03,0.9865
0.0,350,5,0.04,0.9991
0.0,350,5,0.05,0.9999
0.0,350,5,0.060000000000000005,1.0
0.0,350,5,0.06999999999999999,1.0
0.0,350,5,0.08,1.0
0.0,350,5,0.09,1.0
0.0,350,5,0.09999999999999999,1.0
0.0,350,5,0.11,1.0
0.0,350,5,0.12,1.0
0.0,350,5,0.13,1.0
0.0,350,5,0.14,1.0
0.0,350,6,0.01,0.0984
0.0,350,6,0.02,0.7225
0.0,350,6,0.03,0.9632
0.0,350,6,0.04,0.9976
0.0,350,6,0.05,0.9998
0.0,350,6,0.060000000000000005,1.0
0.0,350,6,0.06999999999999999,1.0
0.0,350,6,0.08,1.0
0.0,350,6,0.09,1.0
0.0,350,6,0.09999999999999999,1.0
0.0,350,6,0.11,1.0
0.0,350,6,0.12,1.0
0.0,350,6,0.13,1.0
0.0,350,6,0.14,1.0
0.0,350,7,0.01,0.0345
0.0,350,7,0.02,0.5548
0.0,350,7,0.03,0.9183
0.0,350,7,0.04,0.9917
0.0,350,7,0.05,0.9993
0.0,350,7,0.060000000000000005,1.0
0.0,350,7,0.06999999999999999,1.0
0.0,350,7,0.08,1.0
0.0,350,7,0.09,1.0
0.0,350,7,0.09999999999999999,1.0
0.0,350,7,0.11,1.0
0.0,350,7,0.12,1.0
0.0,350,7,0.13,1.0
0.0,350,7,0.14,1.0
0.0,350,8,0.01,0.01
0.0,350,8,0.02,0.3889
0.0,350,8,0.03,0.8426
0.0,350,8,0.04,0.9806
0.0,350,8,0.05,0.9979
0.0,350,8,0.060000000000000005,0.9999
0.0,350,8,0.06999999999999999,1.0
0.0,350,8,0.08,1.0
0.0,350,8,0.09,1.0
0.0,350,8,0.09999999999999999,1.0
0.0,350,8,0.11,1.0
0.0,350,8,0.12,1.0
0.0,350,8,0.13,1.0
0.0,350,8,0.14,1.0
0.0,400,3,0.01,0.7832
0.0,400,3,0.02,0.9918
0.0,400,3,0.03,0.9996
0.0,400,3,0.04,1.0
0.0,400,3,0.05,1.0
0.0,400,3,0.060000000000000005,1.0
0.0,400,3,0.06999999999999999,1.0
0.0,400,3,0.08,1.0
0.0,400,3,0.09,1.0
0.0,400,3,0.09999999999999999,1.0
0.0,400,3,0.11,1.0
0.0,400,3,0.12,1.0
0.0,400,3,0.13,1.0
0.0,400,3,0.14,1.0
0.0,400,4,0.01,0.5607
0.0,400,4,0.02,0.9715
0.0,400,4,0.03,0.9988
0.0,400,4,0.04,1.0
0.0,400,4,0.05,1.0
0.0,400,4,0.060000000000000005,1.0
0.0,400,4,0.06999999999999999,1.0
0.0,400,4,0.08,1.0
0.0,400,4,0.09,1.0
0.0,400,4,0.09999999999999999,1.0
0.0,400,4,0.11,1.0
0.0,400,4,0.12,1.0
0.0,400,4,0.13,1.0
0.0,400,4,0.14,1.0
0.0,400,5,0.01,0.3337
0.0,400,5,0.02,0.9258
0.0,400,5,0.03,0.9958
0.0,400,5,0.04,1.0
0.0,400,5,0.05,1.0
0.0,400,5,0.060000000000000005,1.0
0.0,400,5,0.06999999999999999,1.0
0.0,400,5,0.08,1.0
0.0,400,5,0.09,1.0
0.0,400,5,0.09999999999999999,1.0
0.0,400,5,0.11,1.0
0.0,400,5,0.12,1.0
0.0,400,5,0.13,1.0
0.0,400,5,0.14,1.0
0.0,400,6,0.01,0.1617
0.0,400,6,0.02,0.8438
0.0,400,6,0.03,0.9878
0.0,400,6,0.04,0.9997
0.0,400,6,0.05,0.9999
0.0,400,6,0.060000000000000005,1.0
0.0,400,6,0.06999999999999999,1.0
0.0,400,6,0.08,1.0
0.0,400,6,0.09,1.0
0.0,400,6,0.09999999999999999,1.0
0.0,400,6,0.11,1.0
0.0,400,6,0.12,1.0
0.0,400,6,0.13,1.0
0.0,400,6,0.14,1.0
0.0,400,7,0.01,0.0644
0.0,400,7,0.02,0.7103
0.0,400,7,0.03,0.9684
0.0,400,7,0.04,0.9981
0.0,400,7,0.05,0.9999
0.0,400,7,0.060000000000000005,1.0
0.0,400,7,0.06999999999999999,1.0
0.0,400,7,0.08,1.0
0.0,400,7,0.09,1.0
0.0,400,7,0.09999999999999999,1.0
0.0,400,7,0.11,1.0
0.0,400,7,0.12,1.0
0.0,400,7,0.13,1.0
0.0,400,7,0.14,1.0
0.0,400,8,0.01,0.0211
0.0,400,8,0.02,0.5596
0.0,400,8,0.03,0.933
0.0,400,8,0.04,0.9958
0.0,400,8,0.05,0.9997
0.0,400,8,0.060000000000000005,1.0
0.0,400,8,0.06999999999999999,1.0
0.0,400,8,0.08,1.0
0.0,400,8,0.09,1.0
0.0,400,8,0.09999999999999999,1.0
0.0,400,8,0.11,1.0
0.0,400,8,0.12,1.0
0.0,400,8,0.13,1.0
0.0,400,8,0.14,1.0
0.0,450,3,0.01,0.8516
0.0,450,3,0.02,0.9975
0.0,450,3,0.03,1.0
0.0,450,3,0.04,1.0
0.0,450,3,0.05,1.0
0.0,450,3,0.060000000000000005,1.0
0.0,450,3,0.06999999999999999,1.0
0.0,450,3,0.08,1.0
0.0,450,3,0.09,1.0
0.0,450,3,0.09999999999999999,1.0
0.0,450,3,0.11,1.0
0.0,450,3,0.12,1.0
0.0,450,3,0.13,1.0
0.0,450,3,0.14,1.0
0.0,450,4,0.01,0.6633
0.0,450,4,0.02,0.9894
0.0,450,4,0.03,0.9998
0.0,450,4,0.04,1.0
0.0,450,4,0.05,1.0
0.0,450,4,0.060000000000000005,1.0
0.0,450,4,0.06999999999999999,1.0
0.0,450,4,0.08,1.0
0.0,450,4,0.09,1.0
0.0,450,4,0.09999999999999999,1.0
0.0,450,4,0.11,1.0
0.0,450,4,0.12,1.0
0.0,450,4,0.13,1.0
0.0,450,4,0.14,1.0
0.0,450,5,0.01,0.4424
0.0,450,5,0.02,0.9668
0.0,450,5,0.03,0.9993
0.0,450,5,0.04,1.0
0.0,450,5,0.05,1.0
0.0,450,5,0.060000000000000005,1.0
0.0,450,5,0.06999999999999999,1.0
0.0,450,5,0.08,1.0
0.0,450,5,0.09,1.0
0.0,450,5,0.09999999999999999,1.0
0.0,450,5,0.11,1.0
0.0,450,5,0.12,1.0
0.0,450,5,0.13,1.0
0.0,450,5,0.14,1.0
0.0,450,6,0.01,0.2453
0.0,450,6,0.02,0.9162
0.0,450,6,0.03,0.9967
0.0,450,6,0.04,1.0
0.0,450,6,0.05,1.0
0.0,450,6,0.060000000000000005,1.0
0.0,450,6,0.06999999999999999,1.0
0.0,450,6,0.08,1.0
0.0,450,6,0.09,1.0
0.0,450,6,0.09999999999999999,1.0
0.0,450,6,0.11,1.0
0.0,450,6,0.12,1.0
0.0,450,6,0.13,1.0
0.0,450,6,0.14,1.0
0.0,450,7,0.01,0.1131
0.0,450,7,0.02,0.8263
0.0,450,7,0.03,0.9902
0.0,450,7,0.04,0.9999
0.0,450,7,0.05,1.0
0.0,450,7,0.060000000000000005,1.0
0.0,450,7,0.06999999999999999,1.0
0.0,450,7,0.08,1.0
0.0,450,7,0.09,1.0
0.0,450,7,0.09999999999999999,1.0
0.0,450,7,0.11,1.0
0.0,450,7,0.12,1.0
0.0,450,7,0.13,1.0
0.0,450,7,0.14,1.0
0.0,450,8,0.01,0.0414
0.0,450,8,0.02,0.7036
0.0,450,8,0.03,0.974
0.0,450,8,0.04,0.9993
0.0,450,8,0.05,0.9999
0.0,450,8,0.060000000000000005,1.0
0.0,450,8,0.06999999999999999,1.0
0.0,450,8,0.08,1.0
0.0,450,8,0.09,1.0
0.0,450,8,0.09999999999999999,1.0
0.0,450,8,0.11,1.0
0.0,450,8,0.12,1.0
0.0,450,8,0.13,1.0
0.0,450,8,0.14,1.0
0.0,500,3,0.01,0.906
0.0,500,3,0.02,0.9989
0.0,500,3,0.03,1.0
0.0,500,3,0.04,1.0
0.0,500,3,0.05,1.0
0.0,500,3,0.060000000000000005,1.0
0.0,500,3,0.06999999999999999,1.0
0.0,500,3,0.08,1.0
0.0,500,3,0.09,1.0
0.0,500,3,0.09999999999999999,1.0
0.0,500,3,0.11,1.0
0.0,500,3,0.12,1.0
0.0,500,3,0.13,1.0
0.0,500,3,0.14,1.0
0.0,500,4,0.01,0.7554
0.0,500,4,0.02,0.9967
0.0,500,4,0.03,0.9999
0.0,500,4,0.04,1.0
0.0,500,4,0.05,1.0
0.0,500,4,0.060000000000000005,1.0
0.0,500,4,0.06999999999999999,1.0
0.0,500,4,0.08,1.0
0.0,500,4,0.09,1.0
0.0,500,4,0.09999999999999999,1.0
0.0,500,4,0.11,1.0
0.0,500,4,0.12,1.0
0.0,500,4,0.13,1.0
0.0,500,4,0.14,1.0
0.0,500,5,0.01,0.5556
0.0,500,5,0.02,0.9861
0.0,500,5,0.03,0.9999
0.0,500,5,0.04,1.0
0.0,500,5,0.05,1.0
0.0,500,5,0.060000000000000005,1.0
0.0,500,5,0.06999999999999999,1.0
0.0,500,5,0.08,1.0
0.0,500,5,0.09,1.0
0.0,500,5,0.09999999999999999,1.0
0.0,500,5,0.11,1.0
0.0,500,5,0.12,1.0
0.0,500,5,0.13,1.0
0.0,500,5,0.14,1.0
0.0,500,6,0.01,0.3413
0.0,500,6,0.02,0.9596
0.0,500,6,0.03,0.9993
0.0,500,6,0.04,1.0
0.0,500,6,0.05,1.0
0.0,500,6,0.060000000000000005,1.0
0.0,500,6,0.06999999999999999,1.0
0.0,500,6,0.08,1.0
0.0,500,6,0.09,1.0
0.0,500,6,0.09999999999999999,1.0
0.0,500,6,0.11,1.0
0.0,500,6,0.12,1.0
0.0,500,6,0.13,1.0
0.0,500,6,0.14,1.0
0.0,500,7,0.01,0.177
0.0,500,7,0.02,0.906
0.0,500,7,0.03,0.9972
0.0,500,7,0.04,1.0
0.0,500,7,0.05,1.0
0.0,500,7,0.060000000000000005,1.0
0.0,500,7,0.06999999999999999,1.0
0.0,500,7,0.08,1.0
0.0,500,7,0.09,1.0
0.0,500,7,0.09999999999999999,1.0
0.0,500,7,0.11,1.0
0.0,500,7,0.12,1.0
0.0,500,7,0.13,1.0
0.0,500,7,0.14,1.0
0.0,500,8,0.01,0.0766
0.0,500,8,0.02,0.8202
0.0,500,8,0.03,0.9921
0.0,500,8,0.04,1.0
0.0,500,8,0.05,1.0
0.0,500,8,0.060000000000000005,1.0
0.0,500,8,0.06999999999999999,1.0
0.0,500,8,0.08,1.0
0.0,500,8,0.09,1.0
0.0,500,8,0.09999999999999999,1.0
0.0,500,8,0.11,1.0
0.0,500,8,0.12,1.0
0.0,500,8,0.13,1.0
0.0,500,8,0.14,1.0
0.0,550,3,0.01,0.9397
0.0,550,3,0.02,0.9998
0.0,550,3,0.03,1.0
0.0,550,3,0.04,1.0
0.0,550,3,0.05,1.0
0.0,550,3,0.060000000000000005,1.0
0.0,550,3,0.06999999999999999,1.0
0.0,550,3,0.08,1.0
0.0,550,3,0.09,1.0
0.0,550,3,0.09999999999999999,1.0
0.0,550,3,0.11,1.0
0.0,550,3,0.12,1.0
0.0,550,3,0.13,1.0
0.0,550,3,0.14,1.0
0.0,550,4,0.01,0.8281
0.0,550,4,0.02,0.9992
0.0,550,4,0.03,0.9999
0.0,550,4,0.04,1.0
0.0,550,4,0.05,1.0
0.0,550,4,0.060000000000000005,1.0
0.0,550,4,0.06999999999999999,1.0
0.0,550,4,0.08,1.0
0.0,550,4,0.09,1.0
0.0,550,4,0.09999999999999999,1.0
0.0,550,4,0.11,1.0
0.0,550,4,0.12,1.0
0.0,550,4,0.13,1.0
0.0,550,4,0.14,1.0
0.0,550,5,0.01,0.6547
0.0,550,5,0.02,0.9945
0.0,550,5,0.03,0.9999
0.0,550,5,0.04,1.0
0.0,550,5,0.05,1.0
0.0,550,5,0.060000000000000005,1.0
0.0,550,5,0.06999999999999999,1.0
0.0,550,5,0.08,1.0
0.0,550,5,0.09,1.0
0.0,550,5,0.09999999999999999,1.0
0.0,550,5,0.11,1.0
0.0,550,5,0.12,1.0
0.0,550,5,0.13,1.0
0.0,550,5,0.14,1.0
0.0,550,6,0.01,0.4476
0.0,550,6,0.02,0.9817
0.0,550,6,0.03,0.9998
0.0,550,6,0.04,1.0
0.0,550,6,0.05,1.0
0.0,550,6,0.060000000000000005,1.0
0.0,550,6,0.06999999999999999,1.0
0.0,550,6,0.08,1.0
0.0,550,6,0.09,1.0
0.0,550,6,0.09999999999999999,1.0
0.0,550,6,0.11,1.0
0.0,550,6,0.12,1.0
0.0,550,6,0.13,1.0
0.0,550,6,0.14,1.0
0.0,550,7,0.01,0.2545
0.0,550,7,0.02,0.952
0.0,550,7,0.03,0.9994
0.0,550,7,0.04,1.0
0.0,550,7,0.05,1.0
0.0,550,7,0.060000000000000005,1.0
0.0,550,7,0.06999999999999999,1.0
0.0,550,7,0.08,1.0
0.0,550,7,0.09,1.0
0.0,550,7,0.09999999999999999,1.0
0.0,550,7,0.11,1.0
0.0,550,7,0.12,1.0
0.0,550,7,0.13,1.0
0.0,550,7,0.14,1.0
0.0,550,8,0.01,0.1258
0.0,550,8,0.02,0.8967
0.0,550,8,0.03,0.9972
0.0,550,8,0.04,1.0
0.0,550,8,0.05,1.0
0.0,550,8,0.060000000000000005,1.0
0.0,550,8,0.06999999999999999,1.0
0.0,550,8,0.08,1.0
0.0,550,8,0.09,1.0
0.0,550,8,0.09999999999999999,1.0
0.0,550,8,0.11,1.0
0.0,550,8,0.12,1.0
0.0,550,8,0.13,1.0
0.0,550,8,0.14,1.0
0.0,600,3,0.01,0.9649
0.0,600,3,0.02,1.0
0.0,600,3,0.03,1.0
0.0,600,3,0.04,1.0
0.0,600,3,0.05,1.0
0.0,600,3,0.060000000000000005,1.0
0.0,600,3,0.06999999999999999,1.0
0.0,600,3,0.08,1.0
0.0,600,3,0.09,1.0
0.0,600,3,0.09999999999999999,1.0
0.0,600,3,0.11,1.0
0.0,600,3,0.12,1.0
0.0,600,3,0.13,1.0
0.0,600,3,0.14,1.0
0.0,600,4,0.01,0.8866
0.0,600,4,0.02,0.9998
0.0,600,4,0.03,1.0
0.0,600,4,0.04,1.0
0.0,600,4,0.05,1.0
0.0,600,4,0.060000000000000005,1.0
0.0,600,4,0.06999999999999999,1.0
0.0,600,4,0.08,1.0
0.0,600,4,0.09,1.0
0.0,600,4,0.09999999999999999,1.0
0.0,600,4,0.11,1.0
0.0,600,4,0.12,1.0
0.0,600,4,0.13,1.0
0.0,600,4,0.14,1.0
0.0,600,5,0.01,0.7421
0.0,600,5,0.02,0.9982
0.0,600,5,0.03,1.0
0.0,600,5,0.04,1.0
0.0,600,5,0.05,1.0
0.0,600,5,0.060000000000000005,1.0
0.0,600,5,0.06999999999999999,1.0
0.0,600,5,0.08,1.0
0.0,600,5,0.09,1.0
0.0,600,5,0.09999999999999999,1.0
0.0,600,5,0.11,1.0
0.0,600,5,0.12,1.0
0.0,600,5,0.13,1.0
0.0,600,5,0.14,1.0
0.0,600,6,0.01,0.5465
0.0,600,6,0.02,0.9927
0.0,600,6,0.03,0.9999
0.0,600,6,0.04,1.0
0.0,600,6,0.05,1.0
0.0,600,6,0.060000000000000005,1.0
0.0,600,6,0.06999999999999999,1.0
0.0,600,6,0.08,1.0
0.0,600,6,0.09,1.0
0.0,600,6,0.09999999999999999,1.0
0.0,600,6,0.11,1.0
0.0,600,6,0.12,1.0
0.0,600,6,0.13,1.0
0.0,600,6,0.14,1.0
0.0,600,7,0.01,0.3463
0.0,600,7,0.02,0.9766
0.0,600,7,0.03,0.9999
0.0,600,7,0.04,1.0
0.0,600,7,0.05,1.0
0.0,600,7,0.060000000000000005,1.0
0.0,600,7,0.06999999999999999,1.0
0.0,600,7,0.08,1.0
0.0,600,7,0.09,1.0
0.0,600,7,0.09999999999999999,1.0
0.0,600,7,0.11,1.0
0.0,600,7,0.12,1.0
0.0,600,7,0.13,1.0
0.0,600,7,0.14,1.0
0.0,600,8,0.01,0.1894
0.0,600,8,0.02,0.9464
0.0,600,8,0.03,0.9996
0.0,600,8,0.04,1.0
0.0,600,8,0.05,1.0
0.0,600,8,0.060000000000000005,1.0
0.0,600,8,0.06999999999999999,1.0
0.0,600,8,0.08,1.0
0.0,600,8,0.09,1.0
0.0,600,8,0.09999999999999999,1.0
0.0,600,8,0.11,1.0
0.0,600,8,0.12,1.0
0.0,600,8,0.13,1.0
0.0,600,8,0.14,1.0
0.0,650,3,0.01,0.9796
0.0,650,3,0.02,1.0
0.0,650,3,0.03,1.0
0.0,650,3,0.04,1.0
0.0,650,3,0.05,1.0
0.0,650,3,0.060000000000000005,1.0
0.0,650,3,0.06999999999999999,1.0
0.0,650,3,0.08,1.0
0.0,650,3,0.09,1.0
0.0,650,3,0.09999999999999999,1.0
0.0,650,3,0.11,1.0
0.0,650,3,0.12,1.0
0.0,650,3,0.13,1.0
0.0,650,3,0.14,1.0
0.0,650,4,0.01,0.9277
0.0,650,4,0.02,1.0
0.0,650,4,0.03,1.0
0.0,650,4,0.04,1.0
0.0,650,4,0.05,1.0
0.0,650,4,0.060000000000000005,1.0
0.0,650,4,0.06999999999999999,1.0
0.0,650,4,0.08,1.0
0.0,650,4,0.09,1.0
0.0,650,4,0.09999999999999999,1.0
0.0,650,4,0.11,1.0
0.0,650,4,0.12,1.0
0.0,650,4,0.13,1.0
0.0,650,4,0.14,1.0
0.0,650,5,0.01,0.8165
0.0,650,5,0.02,0.9996
0.0,650,5,0.03,1.0
0.0,650,5,0.04,1.0
0.0,650,5,0.05,1.0
0.0,650,5,0.060000000000000005,1.0
0.0,650,5,0.06999999999999999,1.0
0.0,650,5,0.08,1.0
0.0,650,5,0.09,1.0
0.0,650,5,0.09999999999999999,1.0
0.0,650,5,0.11,1.0
0.0,650,5,0.12,1.0
0.0,650,5,0.13,1.0
0.0,650,5,0.14,1.0
0.0,650,6,0.01,0.645
0.0,650,6,0.02,0.9979
0.0,650,6,0.03,1.0
0.0,650,6,0.04,1.0
0.0,650,6,0.05,1.0
0.0,650,6,0.060000000000000005,1.0
0.0,650,6,0.06999999999999999,1.0
0.0,650,6,0.08,1.0
0.0,650,6,0.09,1.0
0.0,650,6,0.09999999999999999,1.0
0.0,650,6,0.11,1.0
0.0,650,6,0.12,1.0
0.0,650,6,0.13,1.0
0.0,650,6,0.14,1.0
0.0,650,7,0.01,0.4473
0.0,650,7,0.02,0.9913
0.0,650,7,0.03,0.9999
0.0,650,7,0.04,1.0
0.0,650,7,0.05,1.0
0.0,650,7,0.060000000000000005,1.0
0.0,650,7,0.06999999999999999,1.0
0.0,650,7,0.08,1.0
0.0,650,7,0.09,1.0
0.0,650,7,0.09999999999999999,1.0
0.0,650,7,0.11,1.0
0.0,650,7,0.12,1.0
0.0,650,7,0.13,1.0
0.0,650,7,0.14,1.0
0.0,650,8,0.01,0.2619
0.0,650,8,0.02,0.9764
0.0,650,8,0.03,0.9999
0.0,650,8,0.04,1.0
0.0,650,8,0.05,1.0
0.0,650,8,0.060000000000000005,1.0
0.0,650,8,0.06999999999999999,1.0
0.0,650,8,0.08,1.0
0.0,650,8,0.09,1.0
0.0,650,8,0.09999999999999999,1.0
0.0,650,8,0.11,1.0
0.0,650,8,0.12,1.0
0.0,650,8,0.13,1.0
0.0,650,8,0.14,1.0
0.1,50,3,0.01,0.0492
0.1,50,3,0.02,0.2165
0.1,50,3,0.03,0.3994
0.1,50,3,0.04,0.5776
0.1,50,3,0.05,0.7044
0.1,50,3,0.060000000000000005,0.8078
0.1,50,3,0.06999999999999999,0.8761
0.1,50,3,0.08,0.9189
0.1,50,3,0.09,0.9528
0.1,50,3,0.09999999999999999,0.9702
0.1,50,3,0.11,0.9835
0.1,50,3,0.12,0.9901
0.1,50,3,0.13,0.9942
0.1,50,3,0.14,0.9964
0.1,50,4,0.01,0.0086
0.1,50,4,0.02,0.0742
0.1,50,4,0.03,0.1927
0.1,50,4,0.04,0.3465
0.1,50,4,0.05,0.4851
0.1,50,4,0.060000000000000005,0.6185
0.1,50,4,0.06999999999999999,0.7277
0.1,50,4,0.08,0.8007
0.1,50,4,0.09,0.8671
0.1,50,4,0.09999999999999999,0.9102
0.1,50,4,0.11,0.9416
0.1,50,4,0.12,0.961
0.1,50,4,0.13,0.9757
0.1,50,4,0.14,0.9854
0.1,50,5,0.01,0.001
0.1,50,5,0.02,0.0195
0.1,50,5,0.03,0.0742
0.1,50,5,0.04,0.1699
0.1,50,5,0.05,0.2855
0.1,50,5,0.060000000000000005,0.4182
0.1,50,5,0.06999999999999999,0.5386
0.1,50,5,0.08,0.6417
0.1,50,5,0.09,0.731
0.1,50,5,0.09999999999999999,0.7992
0.1,50,5,0.11,0.8604
0.1,50,5,0.12,0.8979
0.1,50,5,0.13,0.926
0.1,50,5,0.14,0.9512
0.1,50,6,0.01,0.0
0.1,50,6,0.02,0.005
0.1,50,6,0.03,0.0223
0.1,50,6,0.04,0.0734
0.1,50,6,0.05,0.1475
0.1,50,6,0.060000000000000005,0.2441
0.1,50,6,0.06999999999999999,0.3557
0.1,50,6,0.08,0.4609
0.1,50,6,0.09,0.5595
0.1,50,6,0.09999999999999999,0.6518
0.1,50,6,0.11,0.73
0.1,50,6,0.12,0.7971
0.1,50,6,0.13,0.8478
0.1,50,6,0.14,0.8856
0.1,50,7,0.01,0.0
0.1,50,7,0.02,0.0006
0.1,50,7,0.03,0.006
0.1,50,7,0.04,0.0244
0.1,50,7,0.05,0.0629
0.1,50,7,0.060000000000000005,0.1243
0.1,50,7,0.06999999999999999,0.2047
0.1,50,7,0.08,0.299
0.1,50,7,0.09,0.3932
0.1,50,7,0.09999999999999999,0.4839
0.1,50,7,0.11,0.5748
0.1,50,7,0.12,0.6543
0.1,50,7,0.13,0.7264
0.1,50,7,0.14,0.7874
0.1,50,8,0.01,0.0
0.1,50,8,0.02,0.0
0.1,50,8,0.03,0.0014
0.1,50,8,0.04,0.0063
0.1,50,8,0.05,0.021
0.1,50,8,0.060000000000000005,0.053
0.1,50,8,0.06999999999999999,0.1022
0.1,50,8,0.08,0.1674
0.1,50,8,0.09,0.2505
0.1,50,8,0.09999999999999999,0.3277
0.1,50,8,0.11,0.4122
0.1,50,8,0.12,0.4962
0.1,50,8,0.13,0.5832
0.1,50,8,0.14,0.6563
0.1,100,3,0.01,0.2011
0.1,100,3,0.02,0.6024
0.1,100,3,0.03,0.8254
0.1,100,3,0.04,0.9331
0.1,100,3,0.05,0.9754
0.1,100,3,0.060000000000000005,0.9903
0.1,100,3,0.06999999999999999,0.997
0.1,100,3,0.08,0.9993
0.1,100,3,0.09,0.9997
0.1,100,3,0.09999999999999999,0.9999
0.1,100,3,0.11,0.9999
0.1,100,3,0.12,1.0
0.1,100,3,0.13,1.0
0.1,100,3,0.14,1.0
0.1,100,4,0.01,0.0635
0.1,100,4,0.02,0.3616
0.1,100,4,0.03,0.6464
0.1,100,4,0.04,0.8302
0.1,100,4,0.05,0.9251
0.1,100,4,0.060000000000000005,0.9696
0.1,100,4,0.06999999999999999,0.9884
0.1,100,4,0.08,0.9955
0.1,100,4,0.09,0.9987
0.1,100,4,0.09999999999999999,0.9998
0.1,100,4,0.11,0.9998
0.1,100,4,0.12,0.9998
0.1,100,4,0.13,1.0
0.1,100,4,0.14,1.0
0.1,100,5,0.01,0.0167
0.1,100,5,0.02,0.1833
0.1,100,5,0.03,0.4426
0.1,100,5,0.04,0.6821
0.1,100,5,0.05,0.835
0.1,100,5,0.060000000000000005,0.9223
0.1,100,5,0.06999999999999999,0.9655
0.1,100,5,0.08,0.983
0.1,100,5,0.09,0.9934
0.1,100,5,0.09999999999999999,0.9978
0.1,100,5,0.11,0.9991
0.1,100,5,0.12,0.9997
0.1,100,5,0.13,0.9999
0.1,100,5,0.14,1.0
0.1,100,6,0.01,0.0029
0.1,100,6,0.02,0.0777
0.1,100,6,0.03,0.2638
0.1,100,6,0.04,0.5067
0.1,100,6,0.05,0.7002
0.1,100,6,0.060000000000000005,0.8393
0.1,100,6,0.06999999999999999,0.9175
0.1,100,6,0.08,0.9603
0.1,100,6,0.09,0.9816
0.1,100,6,0.09999999999999999,0.9921
0.1,100,6,0.11,0.9973
0.1,100,6,0.12,0.9994
0.1,100,6,0.13,0.9997
0.1,100,6,0.14,0.9999
0.1,100,7,0.01,0.0005
0.1,100,7,0.02,0.0261
0.1,100,7,0.03,0.1348
0.1,100,7,0.04,0.3314
0.1,100,7,0.05,0.5383
0.1,100,7,0.060000000000000005,0.7204
0.1,100,7,0.06999999999999999,0.8415
0.1,100,7,0.08,0.913
0.1,100,7,0.09,0.9568
0.1,100,7,0.09999999999999999,0.9791
0.1,100,7,0.11,0.9907
0.1,100,7,0.12,0.9962
0.1,100,7,0.13,0.9983
0.1,100,7,0.14,0.9993
0.1,100,8,0.01,0.0
0.1,100,8,0.02,0.0098
0.1,100,8,0.03,0.0601
0.1,100,8,0.04,0.1988
0.1,100,8,0.05,0.3775
0.1,100,8,0.060000000000000005,0.5748
0.1,100,8,0.06999999999999999,0.728
0.1,100,8,0.08,0.8364
0.1,100,8,0.09,0.9107
0.1,100,8,0.09999999999999999,0.9528
0.1,100,8,0.11,0.9759
0.1,100,8,0.12,0.9883
0.1,100,8,0.13,0.9955
0.1,100,8,0.14,0.9976
0.1,150,3,0.01,0.4009
0.1,150,3,0.02,0.8351
0.1,150,3,0.03,0.9632
0.1,150,3,0.04,0.9921
0.1,150,3,0.05,0.9976
0.1,150,3,0.060000000000000005,0.9995
0.1,150,3,0.06999999999999999,1.0
0.1,150,3,0.08,1.0
0.1,150,3,0.09,1.0
0.1,150,3,0.09999999999999999,1.0
0.1,150,3,0.11,1.0
0.1,150,3,0.12,1.0
0.1,150,3,0.13,1.0
0.1,150,3,0.14,1.0
0.1,150,4,0.01,0.1756
0.1,150,4,0.02,0.656
0.1,150,4,0.03,0.8966
0.1,150,4,0.04,0.9745
0.1,150,4,0.05,0.9933
0.1,150,4,0.060000000000000005,0.9979
0.1,150,4,0.06999999999999999,0.9999
0.1,150,4,0.08,1.0
0.1,150,4,0.09,1.0
0.1,150,4,0.09999999999999999,1.0
0.1,150,4,0.11,1.0
0.1,150,4,0.12,1.0
0.1,150,4,0.13,1.0
0.1,150,4,0.14,1.0
0.1,150,5,0.01,0.0608
0.1,150,5,0.02,0.4471
0.1,150,5,0.03,0.7745
0.1,150,5,0.04,0.9267
0.1,150,5,0.05,0.9802
0.1,150,5,0.060000000000000005,0.9944
0.1,150,5,0.06999999999999999,0.9987
0.1,150,5,0.08,1.0
0.1,150,5,0.09,1.0
0.1,150,5,0.09999999999999999,1.0
0.1,150,5,0.11,1.0
0.1,150,5,0.12,1.0
0.1,150,5,0.13,1.0
0.1,150,5,0.14,1.0
0.1,150,6,0.01,0.0174
0.1,150,6,0.02,0.2701
0.1,150,6,0.03,0.6203
0.1,150,6,0.04,0.8475
0.1,150,6,0.05,0.9485
0.1,150,6,0.060000000000000005,0.9849
0.1,150,6,0.06999999999999999,0.996
0.1,150,6,0.08,0.999
0.1,150,6,0.09,1.0
0.1,150,6,0.09999999999999999,1.0
0.1,150,6,0.11,1.0
0.1,150,6,0.12,1.0
0.1,150,6,0.13,1.0
0.1,150,6,0.14,1.0
0.1,150,7,0.01,0.0037
0.1,150,7,0.02,0.1413
0.1,150,7,0.03,0.4434
0.1,150,7,0.04,0.7314
0.1,150,7,0.05,0.8919
0.1,150,7,0.060000000000000005,0.9611
0.1,150,7,0.06999999999999999,0.9883
0.1,150,7,0.08,0.9966
0.1,150,7,0.09,0.9994
0.1,150,7,0.09999999999999999,1.0
0.1,150,7,0.11,1.0
0.1,150,7,0.12,1.0
0.1,150,7,0.13,1.0
0.1,150,7,0.14,1.0
0.1,150,8,0.01,0.0005
0.1,150,8,0.02,0.063
0.1,150,8,0.03,0.2817
0.1,150,8,0.04,0.5938
0.1,150,8,0.05,0.8032
0.1,150,8,0.060000000000000005,0.9206
0.1,150,8,0.06999999999999999,0.9722
0.1,150,8,0.08,0.9908
0.1,150,8,0.09,0.9978
0.1,150,8,0.09999999999999999,0.9994
0.1,150,8,0.11,0.9999
0.1,150,8,0.12,1.0
0.1,150,8,0.13,1.0
0.1,150,8,0.14,1.0
0.1,200,3,0.01,0.576
0.1,200,3,0.02,0.9386
0.1,200,3,0.03,0.9941
0.1,200,3,0.04,0.9997
0.1,200,3,0.05,1.0
0.1,200,3,0.060000000000000005,1.0
0.1,200,3,0.06999999999999999,1.0
0.1,200,3,0.08,1.0
0.1,200,3,0.09,1.0
0.1,200,3,0.09999999999999999,1.0
0.1,200,3,0.11,1.0
0.1,200,3,0.12,1.0
0.1,200,3,0.13,1.0
0.1,200,3,0.14,1.0
0.1,200,4,0.01,0.3245
0.1,200,4,0.02,0.8424
0.1,200,4,0.03,0.9757
0.1,200,4,0.04,0.9977
0.1,200,4,0.05,0.9997
0.1,200,4,0.060000000000000005,1.0
0.1,200,4,0.06999999999999999,1.0
0.1,200,4,0.08,1.0
0.1,200,4,0.09,1.0
0.1,200,4,0.09999999999999999,1.0
0.1,200,4,0.11,1.0
0.1,200,4,0.12,1.0
0.1,200,4,0.13,1.0
0.1,200,4,0.14,1.0
0.1,200,5,0.01,0.1423
0.1,200,5,0.02,0.6921
0.1,200,5,0.03,0.9327
0.1,200,5,0.04,0.9883
0.1,200,5,0.05,0.9984
0.1,200,5,0.060000000000000005,1.0
0.1,200,5,0.06999999999999999,1.0
0.1,200,5,0.08,1.0
0.1,200,5,0.09,1.0
0.1,200,5,0.09999999999999999,1.0
0.1,200,5,0.11,1.0
0.1,200,5,0.12,1.0
0.1,200,5,0.13,1.0
0.1,200,5,0.14,1.0
0.1,200,6,0.01,0.0523
0.1,200,6,0.02,0.5072
0.1,200,6,0.03,0.8505
0.1,200,6,0.04,0.9691
0.1,200,6,0.05,0.994
0.1,200,6,0.060000000000000005,0.9992
0.1,200,6,0.06999999999999999,0.9999
0.1,200,6,0.08,1.0
0.1,200,6,0.09,1.0
0.1,200,6,0.09999999999999999,1.0
0.1,200,6,0.11,1.0
0.1,200,6,0.12,1.0
0.1,200,6,0.13,1.0
0.1,200,6,0.14,1.0
0.1,200,7,0.01,0.0161
0.1,200,7,0.02,0.3317
0.1,200,7,0.03,0.7313
0.1,200,7,0.04,0.9291
0.1,200,7,0.05,0.9833
0.1,200,7,0.060000000000000005,0.9963
0.1,200,7,0.06999999999999999,0.9997
0.1,200,7,0.08,1.0
0.1,200,7,0.09,1.0
0.1,200,7,0.09999999999999999,1.0
0.1,200,7,0.11,1.0
0.1,200,7,0.12,1.0
0.1,200,7,0.13,1.0
0.1,200,7,0.14,1.0
0.1,200,8,0.01,0.0044
0.1,200,8,0.02,0.1933
0.1,200,8,0.03,0.583
0.1,200,8,0.04,0.8596
0.1,200,8,0.05,0.9625
0.1,200,8,0.060000000000000005,0.9917
0.1,200,8,0.06999999999999999,0.9985
0.1,200,8,0.08,0.9998
0.1,200,8,0.09,1.0
0.1,200,8,0.09999999999999999,1.0
0.1,200,8,0.11,1.0
0.1,200,8,0.12,1.0
0.1,200,8,0.13,1.0
0.1,200,8,0.14,1.0
0.1,250,3,0.01,0.7184
0.1,250,3,0.02,0.9789
0.1,250,3,0.03,0.9992
0.1,250,3,0.04,1.0
0.1,250,3,0.05,1.0
0.1,250,3,0.060000000000000005,1.0
0.1,250,3,0.06999999999999999,1.0
0.1,250,3,0.08,1.0
0.1,250,3,0.09,1.0
0.1,250,3,0.09999999999999999,1.0
0.1,250,3,0.11,1.0
0.1,250,3,0.12,1.0
0.1,250,3,0.13,1.0
0.1,250,3,0.14,1.0
0.1,250,4,0.01,0.4784
0.1,250,4,0.02,0.9358
0.1,250,4,0.03,0.9944
0.1,250,4,0.04,0.9999
0.1,250,4,0.05,1.0
0.1,250,4,0.060000000000000005,1.0
0.1,250,4,0.06999999999999999,1.0
0.1,250,4,0.08,1.0
0.1,250,4,0.09,1.0
0.1,250,4,0.09999999999999999,1.0
0.1,250,4,0.11,1.0
0.1,250,4,0.12,1.0
0.1,250,4,0.13,1.0
0.1,250,4,0.14,1.0
0.1,250,5,0.01,0.2538
0.1,250,5,0.02,0.8488
0.1,250,5,0.03,0.9816
0.1,250,5,0.04,0.9991
0.1,250,5,0.05,1.0
0.1,250,5,0.060000000000000005,1.0
0.1,250,5,0.06999999999999999,1.0
0.1,250,5,0.08,1.0
0.1,250,5,0.09,1.0
0.1,250,5,0.09999999999999999,1.0
0.1,250,5,0.11,1.0
0.1,250,5,0.12,1.0
0.1,250,5,0.13,1.0
0.1,250,5,0.14,1.0
0.1,250,6,0.01,0.1155
0.1,250,6,0.02,0.7201
0.1,250,6,0.03,0.9537
0.1,250,6,0.04,0.9949
0.1,250,6,0.05,0.9997
0.1,250,6,0.060000000000000005,1.0
0.1,250,6,0.06999999999999999,1.0
0.1,250,6,0.08,1.0
0.1,250,6,0.09,1.0
0.1,250,6,0.09999999999999999,1.0
0.1,250,6,0.11,1.0
0.1,250,6,0.12,1.0
0.1,250,6,0.13,1.0
0.1,250,6,0.14,1.0
0.1,250,7,0.01,0.0438
0.1,250,7,0.02,0.5474
0.1,250,7,0.03,0.8994
0.1,250,7,0.04,0.9846
0.1,250,7,0.05,0.9983
0.1,250,7,0.060000000000000005,0.9999
0.1,250,7,0.06999999999999999,0.9999
0.1,250,7,0.08,1.0
0.1,250,7,0.09,1.0
0.1,250,7,0.09999999999999999,1.0
0.1,250,7,0.11,1.0
0.1,250,7,0.12,1.0
0.1,250,7,0.13,1.0
0.1,250,7,0.14,1.0
0.1,250,8,0.01,0.013
0.1,250,8,0.02,0.3767
0.1,250,8,0.03,0.8099
0.1,250,8,0.04,0.9638
0.1,250,8,0.05,0.9952
0.1,250,8,0.060000000000000005,0.9993
0.1,250,8,0.06999999999999999,0.9999
0.1,250,8,0.08,1.0
0.1,250,8,0.09,1.0
0.1,250,8,0.09999999999999999,1.0
0.1,250,8,0.11,1.0
0.1,250,8,0.12,1.0
0.1,250,8,0.13,1.0
0.1,250,8,0.14,1.0
0.1,300,3,0.01,0.815
0.1,300,3,0.02,0.9933
0.1,300,3,0.03,1.0
0.1,300,3,0.04,1.0
0.1,300,3,0.05,1.0
0.1,300,3,0.060000000000000005,1.0
0.1,300,3,0.06999999999999999,1.0
0.1,300,3,0.08,1.0
0.1,300,3,0.09,1.0
0.1,300,3,0.09999999999999999,1.0
0.1,300,3,0.11,1.0
0.1,300,3,0.12,1.0
0.1,300,3,0.13,1.0
0.1,300,3,0.14,1.0
0.1,300,4,0.01,0.6137
0.1,300,4,0.02,0.9742
0.1,300,4,0.03,0.9988
0.1,300,4,0.04,1.0
0.1,300,4,0.05,1.0
0.1,300,4,0.060000000000000005,1.0
0.1,300,4,0.06999999999999999,1.0
0.1,300,4,0.08,1.0
0.1,300,4,0.09,1.0
0.1,300,4,0.09999999999999999,1.0
0.1,300,4,0.11,1.0
0.1,300,4,0.12,1.0
0.1,300,4,0.13,1.0
0.1,300,4,0.14,1.0
0.1,300,5,0.01,0.3855
0.1,300,5,0.02,0.9317
0.1,300,5,0.03,0.9957
0.1,300,5,0.04,1.0
0.1,300,5,0.05,1.0
0.1,300,5,0.060000000000000005,1.0
0.1,300,5,0.06999999999999999,1.0
0.1,300,5,0.08,1.0
0.1,300,5,0.09,1.0
0.1,300,5,0.09999999999999999,1.0
0.1,300,5,0.11,1.0
0.1,300,5,0.12,1.0
0.1,300,5,0.13,1.0
0.1,300,5,0.14,1.0
0.1,300,6,0.01,0.2012
0.1,300,6,0.02,0.8532
0.1,300,6,0.03,0.9876
0.1,300,6,0.04,0.9992
0.1,300,6,0.05,1.0
0.1,300,6,0.060000000000000005,1.0
0.1,300,6,0.06999999999999999,1.0
0.1,300,6,0.08,1.0
0.1,300,6,0.09,1.0
0.1,300,6,0.09999999999999999,1.0
0.1,300,6,0.11,1.0
0.1,300,6,0.12,1.0
0.1,300,6,0.13,1.0
0.1,300,6,0.14,1.0
0.1,300,7,0.01,0.0873
0.1,300,7,0.02,0.7271
0.1,300,7,0.03,0.9678
0.1,300,7,0.04,0.9969
0.1,300,7,0.05,0.9999
0.1,300,7,0.060000000000000005,1.0
0.1,300,7,0.06999999999999999,1.0
0.1,300,7,0.08,1.0
0.1,300,7,0.09,1.0
0.1,300,7,0.09999999999999999,1.0
0.1,300,7,0.11,1.0
0.1,300,7,0.12,1.0
0.1,300,7,0.13,1.0
0.1,300,7,0.14,1.0
0.1,300,8,0.01,0.0315
0.1,300,8,0.02,0.5728
0.1,300,8,0.03,0.9269
0.1,300,8,0.04,0.9929
0.1,300,8,0.05,0.9994
0.1,300,8,0.060000000000000005,0.9999
0.1,300,8,0.06999999999999999,1.0
0.1,300,8,0.08,1.0
0.1,300,8,0.09,1.0
0.1,300,8,0.09999999999999999,1.0
0.1,300,8,0.11,1.0
0.1,300,8,0.12,1.0
0.1,300,8,0.13,1.0
0.1,300,8,0.14,1.0
0.1,350,3,0.01,0.8837
0.1,350,3,0.02,0.9975
0.1,350,3,0.03,1.0
0.1,350,3,0.04,1.0
0.1,350,3,0.05,1.0
0.1,350,3,0.060000000000000005,1.0
0.1,350,3,0.06999999999999999,1.0
0.1,350,3,0.08,1.0
0.1,350,3,0.09,1.0
0.1,350,3,0.09999999999999999,1.0
0.1,350,3,0.11,1.0
0.1,350,3,0.12,1.0
0.1,350,3,0.13,1.0
0.1,350,3,0.14,1.0
0.1,350,4,0.01,0.7285
0.1,350,4,0.02,0.9913
0.1,350,4,0.03,0.9998
0.1,350,4,0.04,1.0
0.1,350,4,0.05,1.0
0.1,350,4,0.060000000000000005,1.0
0.1,350,4,0.06999999999999999,1.0
0.1,350,4,0.08,1.0
0.1,350,4,0.09,1.0
0.1,350,4,0.09999999999999999,1.0
0.1,350,4,0.11,1.0
0.1,350,4,0.12,1.0
0.1,350,4,0.13,1.0
0.1,350,4,0.14,1.0
0.1,350,5,0.01,0.5096
0.1,350,5,0.02,0.9713
0.1,350,5,0.03,0.9991
0.1,350,5,0.04,1.0
0.1,350,5,0.05,1.0
0.1,350,5,0.060000000000000005,1.0
0.1,350,5,0.06999999999999999,1.0
0.1,350,5,0.08,1.0
0.1,350,5,0.09,1.0
0.1,350,5,0.09999999999999999,1.0
0.1,350,5,0.11,1.0
0.1,350,5,0.12,1.0
0.1,350,5,0.13,1.0
0.1,350,5,0.14,1.0
0.1,350,6,0.01,0.2993
0.1,350,6,0.02,0.9278
0.1,350,6,0.03,0.9961
0.1,350,6,0.04,0.9998
0.1,350,6,0.05,1.0
0.1,350,6,0.060000000000000005,1.0
0.1,350,6,0.06999999999999999,1.0
0.1,350,6,0.08,1.0
0.1,350,6,0.09,1.0
0.1,350,6,0.09999999999999999,1.0
0.1,350,6,0.11,1.0
0.1,350,6,0.12,1.0
0.1,350,6,0.13,1.0
0.1,350,6,0.14,1.0
0.1,350,7,0.01,0.1509
0.1,350,7,0.02,0.852
0.1,350,7,0.03,0.9897
0.1,350,7,0.04,0.9995
0.1,350,7,0.05,1.0
0.1,350,7,0.060000000000000005,1.0
0.1,350,7,0.06999999999999999,1.0
0.1,350,7,0.08,1.0
0.1,350,7,0.09,1.0
0.1,350,7,0.09999999999999999,1.0
0.1,350,7,0.11,1.0
0.1,350,7,0.12,1.0
0.1,350,7,0.13,1.0
0.1,350,7,0.14,1.0
0.1,350,8,0.01,0.0631
0.1,350,8,0.02,0.7384
0.1,350,8,0.03,0.977
0.1,350,8,0.04,0.9984
0.1,350,8,0.05,1.0
0.1,350,8,0.060000000000000005,1.0
0.1,350,8,0.06999999999999999,1.0
0.1,350,8,0.08,1.0
0.1,350,8,0.09,1.0
0.1,350,8,0.09999999999999999,1.0
0.1,350,8,0.11,1.0
0.1,350,8,0.12,1.0
0.1,350,8,0.13,1.0
0.1,350,8,0.14,1.0
0.1,400,3,0.01,0.9304
0.1,400,3,0.02,0.9988
0.1,400,3,0.03,1.0
0.1,400,3,0.04,1.0
0.1,400,3,0.05,1.0
0.1,400,3,0.060000000000000005,1.0
0.1,400,3,0.06999999999999999,1.0
0.1,400,3,0.08,1.0
0.1,400,3,0.09,1.0
0.1,400,3,0.09999999999999999,1.0
0.1,400,3,0.11,1.0
0.1,400,3,0.12,1.0
0.1,400,3,0.13,1.0
0.1,400,3,0.14,1.0
0.1,400,4,0.01,0.8084
0.1,400,4,0.02,0.9966
0.1,400,4,0.03,1.0
0.1,400,4,0.04,1.0
0.1,400,4,0.05,1.0
0.1,400,4,0.060000000000000005,1.0
0.1,400,4,0.06999999999999999,1.0
0.1,400,4,0.08,1.0
0.1,400,4,0.09,1.0
0.1,400,4,0.09999999999999999,1.0
0.1,400,4,0.11,1.0
0.1,400,4,0.12,1.0
0.1,400,4,0.13,1.0
0.1,400,4,0.14,1.0
0.1,400,5,0.01,0.6267
0.1,400,5,0.02,0.9886
0.1,400,5,0.03,0.9998
0.1,400,5,0.04,1.0
0.1,400,5,0.05,1.0
0.1,400,5,0.060000000000000005,1.0
0.1,400,5,0.06999999999999999,1.0
0.1,400,5,0.08,1.0
0.1,400,5,0.09,1.0
0.1,400,5,0.09999999999999999,1.0
0.1,400,5,0.11,1.0
0.1,400,5,0.12,1.0
0.1,400,5,0.13,1.0
0.1,400,5,0.14,1.0
0.1,400,6,0.01,0.4156
0.1,400,6,0.02,0.9679
0.1,400,6,0.03,0.9992
0.1,400,6,0.04,1.0
0.1,400,6,0.05,1.0
0.1,400,6,0.060000000000000005,1.0
0.1,400,6,0.06999999999999999,1.0
0.1,400,6,0.08,1.0
0.1,400,6,0.09,1.0
0.1,400,6,0.09999999999999999,1.0
0.1,400,6,0.11,1.0
0.1,400,6,0.12,1.0
0.1,400,6,0.13,1.0
0.1,400,6,0.14,1.0
0.1,400,7,0.01,0.2314
0.1,400,7,0.02,0.9253
0.1,400,7,0.03,0.997
0.1,400,7,0.04,0.9999
0.1,400,7,0.05,1.0
0.1,400,7,0.060000000000000005,1.0
0.1,400,7,0.06999999999999999,1.0
0.1,400,7,0.08,1.0
0.1,400,7,0.09,1.0
0.1,400,7,0.09999999999999999,1.0
0.1,400,7,0.11,1.0
0.1,400,7,0.12,1.0
0.1,400,7,0.13,1.0
0.1,400,7,0.14,1.0
0.1,400,8,0.01,0.1087
0.1,400,8,0.02,0.8531
0.1,400,8,0.03,0.9925
0.1,400,8,0.04,0.9997
0.1,400,8,0.05,1.0
0.1,400,8,0.060000000000000005,1.0
0.1,400,8,0.06999999999999999,1.0
0.1,400,8,0.08,1.0
0.1,400,8,0.09,1.0
0.1,400,8,0.09999999999999999,1.0
0.1,400,8,0.11,1.0
0.1,400,8,0.12,1.0
0.1,400,8,0.13,1.0
0.1,400,8,0.14,1.0
0.1,450,3,0.01,0.9601
0.1,450,3,0.02,0.9998
0.1,450,3,0.03,1.0
0.1,450,3,0.04,1.0
0.1,450,3,0.05,1.0
0.1,450,3,0.060000000000000005,1.0
0.1,450,3,0.06999999999999999,1.0
0.1,450,3,0.08,1.0
0.1,450,3,0.09,1.0
0.1,450,3,0.09999999999999999,1.0
0.1,450,3,0.11,1.0
0.1,450,3,0.12,1.0
0.1,450,3,0.13,1.0
0.1,450,3,0.14,1.0
0.1,450,4,0.01,0.8704
0.1,450,4,0.02,0.9987
0.1,450,4,0.03,1.0
0.1,450,4,0.04,1.0
0.1,450,4,0.05,1.0
0.1,450,4,0.060000000000000005,1.0
0.1,450,4,0.06999999999999999,1.0
0.1,450,4,0.08,1.0
0.1,450,4,0.09,1.0
0.1,450,4,0.09999999999999999,1.0
0.1,450,4,0.11,1.0
0.1,450,4,0.12,1.0
0.1,450,4,0.13,1.0
0.1,450,4,0.14,1.0
0.1,450,5,0.01,0.714
0.1,450,5,0.02,0.9962
0.1,450,5,0.03,1.0
0.1,450,5,0.04,1.0
0.1,450,5,0.05,1.0
0.1,450,5,0.060000000000000005,1.0
0.1,450,5,0.06999999999999999,1.0
0.1,450,5,0.08,1.0
0.1,450,5,0.09,1.0
0.1,450,5,0.09999999999999999,1.0
0.1,450,5,0.11,1.0
0.1,450,5,0.12,1.0
0.1,450,5,0.13,1.0
0.1,450,5,0.14,1.0
0.1,450,6,0.01,0.5156
0.1,450,6,0.02,0.9866
0.1,450,6,0.03,0.9998
0.1,450,6,0.04,1.0
0.1,450,6,0.05,1.0
0.1,450,6,0.060000000000000005,1.0
0.1,450,6,0.06999999999999999,1.0
0.1,450,6,0.08,1.0
0.1,450,6,0.09,1.0
0.1,450,6,0.09999999999999999,1.0
0.1,450,6,0.11,1.0
0.1,450,6,0.12,1.0
0.1,450,6,0.13,1.0
0.1,450,6,0.14,1.0
0.1,450,7,0.01,0.3212
0.1,450,7,0.02,0.9652
0.1,450,7,0.03,0.9995
0.1,450,7,0.04,1.0
0.1,450,7,0.05,1.0
0.1,450,7,0.060000000000000005,1.0
0.1,450,7,0.06999999999999999,1.0
0.1,450,7,0.08,1.0
0.1,450,7,0.09,1.0
0.1,450,7,0.09999999999999999,1.0
0.1,450,7,0.11,1.0
0.1,450,7,0.12,1.0
0.1,450,7,0.13,1.0
0.1,450,7,0.14,1.0
0.1,450,8,0.01,0.1688
0.1,450,8,0.02,0.9186
0.1,450,8,0.03,0.9976
0.1,450,8,0.04,0.9999
0.1,450,8,0.05,1.0
0.1,450,8,0.060000000000000005,1.0
0.1,450,8,0.06999999999999999,1.0
0.1,450,8,0.08,1.0
0.1,450,8,0.09,1.0
0.1,450,8,0.09999999999999999,1.0
0.1,450,8,0.11,1.0
0.1,450,8,0.12,1.0
0.1,450,8,0.13,1.0
0.1,450,8,0.14,1.0
0.1,500,3,0.01,0.9755
0.1,500,3,0.02,0.9999
0.1,500,3,0.03,1.0
0.1,500,3,0.04,1.0
0.1,500,3,0.05,1.0
0.1,500,3,0.060000000000000005,1.0
0.1,500,3,0.06999999999999999,1.0
0.1,500,3,0.08,1.0
0.1,500,3,0.09,1.0
0.1,500,3,0.09999999999999999,1.0
0.1,500,3,0.11,1.0
0.1,500,3,0.12,1.0
0.1,500,3,0.13,1.0
0.1,500,3,0.14,1.0
0.1,500,4,0.01,0.9152
0.1,500,4,0.02,0.9994
0.1,500,4,0.03,1.0
0.1,500,4,0.04,1.0
0.1,500,4,0.05,1.0
0.1,500,4,0.060000000000000005,1.0
0.1,500,4,0.06999999999999999,1.0
0.1,500,4,0.08,1.0
0.1,500,4,0.09,1.0
0.1,500,4,0.09999999999999999,1.0
0.1,500,4,0.11,1.0
0.1,500,4,0.12,1.0
0.1,500,4,0.13,1.0
0.1,500,4,0.14,1.0
0.1,500,5,0.01,0.793
0.1,500,5,0.02,0.9989
0.1,500,5,0.03,1.0
0.1,500,5,0.04,1.0
0.1,500,5,0.05,1.0
0.1,500,5,0.060000000000000005,1.0
0.1,500,5,0.06999999999999999,1.0
0.1,500,5,0.08,1.0
0.1,500,5,0.09,1.0
0.1,500,5,0.09999999999999999,1.0
0.1,500,5,0.11,1.0
0.1,500,5,0.12,1.0
0.1,500,5,0.13,1.0
0.1,500,5,0.14,1.0
0.1,500,6,0.01,0.6092
0.1,500,6,0.02,0.9948
0.1,500,6,0.03,1.0
0.1,500,6,0.04,1.0
0.1,500,6,0.05,1.0
0.1,500,6,0.060000000000000005,1.0
0.1,500,6,0.06999999999999999,1.0
0.1,500,6,0.08,1.0
0.1,500,6,0.09,1.0
0.1,500,6,0.09999999999999999,1.0
0.1,500,6,0.11,1.0
0.1,500,6,0.12,1.0
0.1,500,6,0.13,1.0
0.1,500,6,0.14,1.0
0.1,500,7,0.01,0.4155
0.1,500,7,0.02,0.9835
0.1,500,7,0.03,1.0
0.1,500,7,0.04,1.0
0.1,500,7,0.05,1.0
0.1,500,7,0.060000000000000005,1.0
0.1,500,7,0.06999999999999999,1.0
0.1,500,7,0.08,1.0
0.1,500,7,0.09,1.0
0.1,500,7,0.09999999999999999,1.0
0.1,500,7,0.11,1.0
0.1,500,7,0.12,1.0
0.1,500,7,0.13,1.0
0.1,500,7,0.14,1.0
0.1,500,8,0.01,0.2332
0.1,500,8,0.02,0.959
0.1,500,8,0.03,0.9993
0.1,500,8,0.04,1.0
0.1,500,8,0.05,1.0
0.1,500,8,0.060000000000000005,1.0
0.1,500,8,0.06999999999999999,1.0
0.1,500,8,0.08,1.0
0.1,500,8,0.09,1.0
0.1,500,8,0.09999999999999999,1.0
0.1,500,8,0.11,1.0
0.1,500,8,0.12,1.0
0.1,500,8,0.13,1.0
0.1,500,8,0.14,1.0
0.1,550,3,0.01,0.9852
0.1,550,3,0.02,0.9999
0.1,550,3,0.03,1.0
0.1,550,3,0.04,1.0
0.1,550,3,0.05,1.0
0.1,550,3,0.060000000000000005,1.0
0.1,550,3,0.06999999999999999,1.0
0.1,550,3,0.08,1.0
0.1,550,3,0.09,1.0
0.1,550,3,0.09999999999999999,1.0
0.1,550,3,0.11,1.0
0.1,550,3,0.12,1.0
0.1,550,3,0.13,1.0
0.1,550,3,0.14,1.0
0.1,550,4,0.01,0.9443
0.1,550,4,0.02,0.9999
0.1,550,4,0.03,1.0
0.1,550,4,0.04,1.0
0.1,550,4,0.05,1.0
0.1,550,4,0.060000000000000005,1.0
0.1,550,4,0.06999999999999999,1.0
0.1,550,4,0.08,1.0
0.1,550,4,0.09,1.0
0.1,550,4,0.09999999999999999,1.0
0.1,550,4,0.11,1.0
0.1,550,4,0.12,1.0
0.1,550,4,0.13,1.0
0.1,550,4,0.14,1.0
0.1,550,5,0.01,0.8498
0.1,550,5,0.02,0.9994
0.1,550,5,0.03,1.0
0.1,550,5,0.04,1.0
0.1,550,5,0.05,1.0
0.1,550,5,0.060000000000000005,1.0
0.1,550,5,0.06999999999999999,1.0
0.1,550,5,0.08,1.0
0.1,550,5,0.09,1.0
0.1,550,5,0.09999999999999999,1.0
0.1,550,5,0.11,1.0
0.1,550,5,0.12,1.0
0.1,550,5,0.13,1.0
0.1,550,5,0.14,1.0
0.1,550,6,0.01,0.6994
0.1,550,6,0.02,0.998
0.1,550,6,0.03,1.0
0.1,550,6,0.04,1.0
0.1,550,6,0.05,1.0
0.1,550,6,0.060000000000000005,1.0
0.1,550,6,0.06999999999999999,1.0
0.1,550,6,0.08,1.0
0.1,550,6,0.09,1.0
0.1,550,6,0.09999999999999999,1.0
0.1,550,6,0.11,1.0
0.1,550,6,0.12,1.0
0.1,550,6,0.13,1.0
0.1,550,6,0.14,1.0
0.1,550,7,0.01,0.5043
0.1,550,7,0.02,0.9918
0.1,550,7,0.03,1.0
0.1,550,7,0.04,1.0
0.1,550,7,0.05,1.0
0.1,550,7,0.060000000000000005,1.0
0.1,550,7,0.06999999999999999,1.0
0.1,550,7,0.08,1.0
0.1,550,7,0.09,1.0
0.1,550,7,0.09999999999999999,1.0
0.1,550,7,0.11,1.0
0.1,550,7,0.12,1.0
0.1,550,7,0.13,1.0
0.1,550,7,0.14,1.0
0.1,550,8,0.01,0.3135
0.1,550,8,0.02,0.9793
0.1,550,8,0.03,1.0
0.1,550,8,0.04,1.0
0.1,550,8,0.05,1.0
0.1,550,8,0.060000000000000005,1.0
0.1,550,8,0.06999999999999999,1.0
0.1,550,8,0.08,1.0
0.1,550,8,0.09,1.0
0.1,550,8,0.09999999999999999,1.0
0.1,550,8,0.11,1.0
0.1,550,8,0.12,1.0
0.1,550,8,0.13,1.0
0.1,550,8,0.14,1.0
0.1,600,3,0.01,0.9909
0.1,600,3,0.02,1.0
0.1,600,3,0.03,1.0
0.1,600,3,0.04,1.0
0.1,600,3,0.05,1.0
0.1,600,3,0.060000000000000005,1.0
0.1,600,3,0.06999999999999999,1.0
0.1,600,3,0.08,1.0
0.1,600,3,0.09,1.0
0.1,600,3,0.09999999999999999,1.0
0.1,600,3,0.11,1.0
0.1,600,3,0.12,1.0
0.1,600,3,0.13,1.0
0.1,600,3,0.14,1.0
0.1,600,4,0.01,0.9635
0.1,600,4,0.02,0.9999
0.1,600,4,0.03,1.0
0.1,600,4,0.04,1.0
0.1,600,4,0.05,1.0
0.1,600,4,0.060000000000000005,1.0
0.1,600,4,0.06999999999999999,1.0
0.1,600,4,0.08,1.0
0.1,600,4,0.09,1.0
0.1,600,4,0.09999999999999999,1.0
0.1,600,4,0.11,1.0
0.1,600,4,0.12,1.0
0.1,600,4,0.13,1.0
0.1,600,4,0.14,1.0
0.1,600,5,0.01,0.8948
0.1,600,5,0.02,0.9999
0.1,600,5,0.03,1.0
0.1,600,5,0.04,1.0
0.1,600,5,0.05,1.0
0.1,600,5,0.060000000000000005,1.0
0.1,600,5,0.06999999999999999,1.0
0.1,600,5,0.08,1.0
0.1,600,5,0.09,1.0
0.1,600,5,0.09999999999999999,1.0
0.1,600,5,0.11,1.0
0.1,600,5,0.12,1.0
0.1,600,5,0.13,1.0
0.1,600,5,0.14,1.0
0.1,600,6,0.01,0.7723
0.1,600,6,0.02,0.9992
0.1,600,6,0.03,1.0
0.1,600,6,0.04,1.0
0.1,600,6,0.05,1.0
0.1,600,6,0.060000000000000005,1.0
0.1,600,6,0.06999999999999999,1.0
0.1,600,6,0.08,1.0
0.1,600,6,0.09,1.0
0.1,600,6,0.09999999999999999,1.0
0.1,600,6,0.11,1.0
0.1,600,6,0.12,1.0
0.1,600,6,0.13,1.0
0.1,600,6,0.14,1.0
0.1,600,7,0.01,0.5947
0.1,600,7,0.02,0.9971
0.1,600,7,0.03,1.0
0.1,600,7,0.04,1.0
0.1,600,7,0.05,1.0
0.1,600,7,0.060000000000000005,1.0
0.1,600,7,0.06999999999999999,1.0
0.1,600,7,0.08,1.0
0.1,600,7,0.09,1.0
0.1,600,7,0.09999999999999999,1.0
0.1,600,7,0.11,1.0
0.1,600,7,0.12,1.0
0.1,600,7,0.13,1.0
0.1,600,7,0.14,1.0
0.1,600,8,0.01,0.397
0.1,600,8,0.02,0.9905
0.1,600,8,0.03,1.0
0.1,600,8,0.04,1.0
0.1,600,8,0.05,1.0
0.1,600,8,0.060000000000000005,1.0
0.1,600,8,0.06999999999999999,1.0
0.1,600,8,0.08,1.0
0.1,600,8,0.09,1.0
0.1,600,8,0.09999999999999999,1.0
0.1,600,8,0.11,1.0
0.1,600,8,0.12,1.0
0.1,600,8,0.13,1.0
0.1,600,8,0.14,1.0
0.1,650,3,0.01,0.9949
0.1,650,3,0.02,1.0
0.1,650,3,0.03,1.0
0.1,650,3,0.04,1.0
0.1,650,3,0.05,1.0
0.1,650,3,0.060000000000000005,1.0
0.1,650,3,0.06999999999999999,1.0
0.1,650,3,0.08,1.0
0.1,650,3,0.09,1.0
0.1,650,3,0.09999999999999999,1.0
0.1,650,3,0.11,1.0
0.1,650,3,0.12,1.0
0.1,650,3,0.13,1.0
0.1,650,3,0.14,1.0
0.1,650,4,0.01,0.9768
0.1,650,4,0.02,1.0
0.1,650,4,0.03,1.0
0.1,650,4,0.04,1.0
0.1,650,4,0.05,1.0
0.1,650,4,0.060000000000000005,1.0
0.1,650,4,0.06999999999999999,1.0
0.1,650,4,0.08,1.0
0.1,650,4,0.09,1.0
0.1,650,4,0.09999999999999999,1.0
0.1,650,4,0.11,1.0
0.1,650,4,0.12,1.0
0.1,650,4,0.13,1.0
0.1,650,4,0.14,1.0
0.1,650,5,0.01,0.93
0.1,650,5,0.02,0.9999
0.1,650,5,0.03,1.0
0.1,650,5,0.04,1.0
0.1,650,5,0.05,1.0
0.1,650,5,0.060000000000000005,1.0
0.1,650,5,0.06999999999999999,1.0
0.1,650,5,0.08,1.0
0.1,650,5,0.09,1.0
0.1,650,5,0.09999999999999999,1.0
0.1,650,5,0.11,1.0
0.1,650,5,0.12,1.0
0.1,650,5,0.13,1.0
0.1,650,5,0.14,1.0
0.1,650,6,0.01,0.8329
0.1,650,6,0.02,0.9999
0.1,650,6,0.03,1.0
0.1,650,6,0.04,1.0
0.1,650,6,0.05,1.0
0.1,650,6,0.060000000000000005,1.0
0.1,650,6,0.06999999999999999,1.0
0.1,650,6,0.08,1.0
0.1,650,6,0.09,1.0
0.1,650,6,0.09999999999999999,1.0
0.1,650,6,0.11,1.0
0.1,650,6,0.12,1.0
0.1,650,6,0.13,1.0
0.1,650,6,0.14,1.0
0.1,650,7,0.01,0.6802
0.1,650,7,0.02,0.9993
0.1,650,7,0.03,1.0
0.1,650,7,0.04,1.0
0.1,650,7,0.05,1.0
0.1,650,7,0.060000000000000005,1.0
0.1,650,7,0.06999999999999999,1.0
0.1,650,7,0.08,1.0
0.1,650,7,0.09,1.0
0.1,650,7,0.09999999999999999,1.0
0.1,650,7,0.11,1.0
0.1,650,7,0.12,1.0
0.1,650,7,0.13,1.0
0.1,650,7,0.14,1.0
0.1,650,8,0.01,0.4847
0.1,650,8,0.02,0.997
0.1,650,8,0.03,1.0
0.1,650,8,0.04,1.0
0.1,650,8,0.05,1.0
0.1,650,8,0.060000000000000005,1.0
0.1,650,8,0.06999999999999999,1.0
0.1,650,8,0.08,1.0
0.1,650,8,0.09,1.0
0.1,650,8,0.09999999999999999,1.0
0.1,650,8,0.11,1.0
0.1,650,8,0.12,1.0
0.1,650,8,0.13,1.0
0.1,650,8,0.14,1.0
0.20000000000000004,50,3,0.01,0.1546
0.20000000000000004,50,3,0.02,0.4549
0.20000000000000004,50,3,0.03,0.6687
0.20000000000000004,50,3,0.04,0.8108
0.20000000000000004,50,3,0.05,0.8911
0.20000000000000004,50,3,0.060000000000000005,0.9421
0.20000000000000004,50,3,0.06999999999999999,0.9679
0.20000000000000004,50,3,0.08,0.9832
0.20000000000000004,50,3,0.09,0.9908
0.20000000000000004,50,3,0.09999999999999999,0.9943
0.20000000000000004,50,3,0.11,0.9967
0.20000000000000004,50,3,0.12,0.9976
0.20000000000000004,50,3,0.13,0.9981
0.20000000000000004,50,3,0.14,0.9989
0.20000000000000004,50,4,0.01,0.0432
0.20000000000000004,50,4,0.02,0.2316
0.20000000000000004,50,4,0.03,0.4429
0.20000000000000004,50,4,0.04,0.625
0.20000000000000004,50,4,0.05,0.7505
0.20000000000000004,50,4,0.060000000000000005,0.8415
0.20000000000000004,50,4,0.06999999999999999,0.9036
0.20000000000000004,50,4,0.08,0.9407
0.20000000000000004,50,4,0.09,0.9642
0.20000000000000004,50,4,0.09999999999999999,0.9784
0.20000000000000004,50,4,0.11,0.988
0.20000000000000004,50,4,0.12,0.9917
0.20000000000000004,50,4,0.13,0.9951
0.20000000000000004,50,4,0.14,0.9959
0.20000000000000004,50,5,0.01,0.0092
0.20000000000000004,50,5,0.02,0.0956
0.20000000000000004,50,5,0.03,0.2453
0.20000000000000004,50,5,0.04,0.4223
0.20000000000000004,50,5,0.05,0.5679
0.20000000000000004,50,5,0.060000000000000005,0.693
0.20000000000000004,50,5,0.06999999999999999,0.7891
0.20000000000000004,50,5,0.08,0.8582
0.20000000000000004,50,5,0.09,0.9038
0.20000000000000004,50,5,0.09999999999999999,0.9334
0.20000000000000004,50,5,0.11,0.9572
0.20000000000000004,50,5,0.12,0.9704
0.20000000000000004,50,5,0.13,0.982
0.20000000000000004,50,5,0.14,0.9878
0.20000000000000004,50,6,0.01,0.0018
0.20000000000000004,50,6,0.02,0.0332
0.20000000000000004,50,6,0.03,0.1173
0.20000000000000004,50,6,0.04,0.2467
0.20000000000000004,50,6,0.05,0.3835
0.20000000000000004,50,6,0.060000000000000005,0.5168
0.20000000000000004,50,6,0.06999999999999999,0.6341
0.20000000000000004,50,6,0.08,0.7269
0.20000000000000004,50,6,0.09,0.8037
0.20000000000000004,50,6,0.09999999999999999,0.8553
0.20000000000000004,50,6,0.11,0.8971
0.20000000000000004,50,6,0.12,0.9256
0.20000000000000004,50,6,0.13,0.9494
0.20000000000000004,50,6,0.14,0.9636
0.20000000000000004,50,7,0.01,0.0002
0.20000000000000004,50,7,0.02,0.0081
0.20000000000000004,50,7,0.03,0.0434
0.20000000000000004,50,7,0.04,0.1214
0.20000000000000004,50,7,0.05,0.2255
0.20000000000000004,50,7,0.060000000000000005,0.3522
0.20000000000000004,50,7,0.06999999999999999,0.4666
0.20000000000000004,50,7,0.08,0.5667
0.20000000000000004,50,7,0.09,0.6637
0.20000000000000004,50,7,0.09999999999999999,0.7379
0.20000000000000004,50,7,0.11,0.8045
0.20000000000000004,50,7,0.12,0.8487
0.20000000000000004,50,7,0.13,0.8864
0.20000000000000004,50,7,0.14,0.9154
0.20000000000000004,50,8,0.01,0.0
0.20000000000000004,50,8,0.02,0.0022
0.20000000000000004,50,8,0.03,0.0128
0.20000000000000004,50,8,0.04,0.0532
0.20000000000000004,50,8,0.05,0.1153
0.20000000000000004,50,8,0.060000000000000005,0.2079
0.20000000000000004,50,8,0.06999999999999999,0.3102
0.20000000000000004,50,8,0.08,0.4078
0.20000000000000004,50,8,0.09,0.5074
0.20000000000000004,50,8,0.09999999999999999,0.598
0.20000000000000004,50,8,0.11,0.6723
0.20000000000000004,50,8,0.12,0.7354
0.20000000000000004,50,8,0.13,0.791
0.20000000000000004,50,8,0.14,0.8406
0.20000000000000004,100,3,0.01,0.4551
0.20000000000000004,100,3,0.02,0.8438
0.20000000000000004,100,3,0.03,0.9555
0.20000000000000004,100,3,0.04,0.9888
0.20000000000000004,100,3,0.05,0.9969
0.20000000000000004,100,3,0.060000000000000005,0.9992
0.20000000000000004,100,3,0.06999999999999999,0.9998
0.20000000000000004,100,3,0.08,0.9999
0.20000000000000004,100,3,0.09,1.0
0.20000000000000004,100,3,0.09999999999999999,1.0
0.20000000000000004,100,3,0.11,1.0
0.20000000000000004,100,3,0.12,1.0
0.20000000000000004,100,3,0.13,1.0
0.20000000000000004,100,3,0.14,1.0
0.20000000000000004,100,4,0.01,0.2148
0.20000000000000004,100,4,0.02,0.669
0.20000000000000004,100,4,0.03,0.8793
0.20000000000000004,100,4,0.04,0.9641
0.20000000000000004,100,4,0.05,0.9884
0.20000000000000004,100,4,0.060000000000000005,0.997
0.20000000000000004,100,4,0.06999999999999999,0.9991
0.20000000000000004,100,4,0.08,0.9998
0.20000000000000004,100,4,0.09,0.9998
0.20000000000000004,100,4,0.09999999999999999,1.0
0.20000000000000004,100,4,0.11,1.0
0.20000000000000004,100,4,0.12,1.0
0.20000000000000004,100,4,0.13,1.0
0.20000000000000004,100,4,0.14,1.0
0.20000000000000004,100,5,0.01,0.083
0.20000000000000004,100,5,0.02,0.4672
0.20000000000000004,100,5,0.03,0.755
0.20000000000000004,100,5,0.04,0.9053
0.20000000000000004,100,5,0.05,0.9636
0.20000000000000004,100,5,0.060000000000000005,0.9875
0.20000000000000004,100,5,0.06999999999999999,0.9957
0.20000000000000004,100,5,0.08,0.9989
0.20000000000000004,100,5,0.09,0.9994
0.20000000000000004,100,5,0.09999999999999999,0.9999
0.20000000000000004,100,5,0.11,1.0
0.20000000000000004,100,5,0.12,1.0
0.20000000000000004,100,5,0.13,1.0
0.20000000000000004,100,5,0.14,1.0
0.20000000000000004,100,6,0.01,0.0263
0.20000000000000004,100,6,0.02,0.2797
0.20000000000000004,100,6,0.03,0.5974
0.20000000000000004,100,6,0.04,0.8153
0.20000000000000004,100,6,0.05,0.9189
0.20000000000000004,100,6,0.060000000000000005,0.9674
0.20000000000000004,100,6,0.06999999999999999,0.9869
0.20000000000000004,100,6,0.08,0.9961
0.20000000000000004,100,6,0.09,0.9985
0.20000000000000004,100,6,0.09999999999999999,0.9997
0.20000000000000004,100,6,0.11,0.9999
0.20000000000000004,100,6,0.12,1.0
0.20000000000000004,100,6,0.13,1.0
0.20000000000000004,100,6,0.14,1.0
0.20000000000000004,100,7,0.01,0.0073
0.20000000000000004,100,7,0.02,0.1465
0.20000000000000004,100,7,0.03,0.4217
0.20000000000000004,100,7,0.04,0.6827
0.20000000000000004,100,7,0.05,0.8371
0.20000000000000004,100,7,0.060000000000000005,0.9263
0.20000000000000004,100,7,0.06999999999999999,0.9697
0.20000000000000004,100,7,0.08,0.9877
0.20000000000000004,100,7,0.09,0.9952
0.20000000000000004,100,7,0.09999999999999999,0.9982
0.20000000000000004,100,7,0.11,0.9992
0.20000000000000004,100,7,0.12,0.9997
0.20000000000000004,100,7,0.13,1.0
0.20000000000000004,100,7,0.14,1.0
0.20000000000000004,100,8,0.01,0.0013
0.20000000000000004,100,8,0.02,0.0636
0.20000000000000004,100,8,0.03,0.264
0.20000000000000004,100,8,0.04,0.5289
0.20000000000000004,100,8,0.05,0.7209
0.20000000000000004,100,8,0.060000000000000005,0.8588
0.20000000000000004,100,8,0.06999999999999999,0.9336
0.20000000000000004,100,8,0.08,0.9677
0.20000000000000004,100,8,0.09,0.9868
0.20000000000000004,100,8,0.09999999999999999,0.9945
0.20000000000000004,100,8,0.11,0.9979
0.20000000000000004,100,8,0.12,0.9985
0.20000000000000004,100,8,0.13,0.9996
0.20000000000000004,100,8,0.14,0.9998
0.20000000000000004,150,3,0.01,0.6882
0.20000000000000004,150,3,0.02,0.9629
0.20000000000000004,150,3,0.03,0.9943
0.20000000000000004,150,3,0.04,0.9993
0.20000000000000004,150,3,0.05,0.9999
0.20000000000000004,150,3,0.060000000000000005,1.0
0.20000000000000004,150,3,0.06999999999999999,1.0
0.20000000000000004,150,3,0.08,1.0
0.20000000000000004,150,3,0.09,1.0
0.20000000000000004,150,3,0.09999999999999999,1.0
0.20000000000000004,150,3,0.11,1.0
0.20000000000000004,150,3,0.12,1.0
0.20000000000000004,150,3,0.13,1.0
0.20000000000000004,150,3,0.14,1.0
0.20000000000000004,150,4,0.01,0.4424
0.20000000000000004,150,4,0.02,0.8957
0.20000000000000004,150,4,0.03,0.9818
0.20000000000000004,150,4,0.04,0.9975
0.20000000000000004,150,4,0.05,0.9996
0.20000000000000004,150,4,0.060000000000000005,1.0
0.20000000000000004,150,4,0.06999999999999999,1.0
0.20000000000000004,150,4,0.08,1.0
0.20000000000000004,150,4,0.09,1.0
0.20000000000000004,150,4,0.09999999999999999,1.0
0.20000000000000004,150,4,0.11,1.0
0.20000000000000004,150,4,0.12,1.0
0.20000000000000004,150,4,0.13,1.0
0.20000000000000004,150,4,0.14,1.0
0.20000000000000004,150,5,0.01,0.2311
0.20000000000000004,150,5,0.02,0.7722
0.20000000000000004,150,5,0.03,0.9499
0.20000000000000004,150,5,0.04,0.9914
0.20000000000000004,150,5,0.05,0.9986
0.20000000000000004,150,5,0.060000000000000005,0.9999
0.20000000000000004,150,5,0.06999999999999999,1.0
0.20000000000000004,150,5,0.08,1.0
0.20000000000000004,150,5,0.09,1.0
0.20000000000000004,150,5,0.09999999999999999,1.0
0.20000000000000004,150,5,0.11,1.0
0.20000000000000004,150,5,0.12,1.0
0.20000000000000004,150,5,0.13,1.0
0.20000000000000004,150,5,0.14,1.0
0.20000000000000004,150,6,0.01,0.102
0.20000000000000004,150,6,0.02,0.6113
0.20000000000000004,150,6,0.03,0.8844
0.20000000000000004,150,6,0.04,0.9736
0.20000000000000004,150,6,0.05,0.9947
0.20000000000000004,150,6,0.060000000000000005,0.9992
0.20000000000000004,150,6,0.06999999999999999,1.0
0.20000000000000004,150,6,0.08,1.0
0.20000000000000004,150,6,0.09,1.0
0.20000000000000004,150,6,0.09999999999999999,1.0
0.20000000000000004,150,6,0.11,1.0
0.20000000000000004,150,6,0.12,1.0
0.20000000000000004,150,6,0.13,1.0
0.20000000000000004,150,6,0.14,1.0
0.20000000000000004,150,7,0.01,0.0367
0.20000000000000004,150,7,0.02,0.4312
0.20000000000000004,150,7,0.03,0.7832
0.20000000000000004,150,7,0.04,0.9417
0.20000000000000004,150,7,0.05,0.9857
0.20000000000000004,150,7,0.060000000000000005,0.997
0.20000000000000004,150,7,0.06999999999999999,0.9996
0.20000000000000004,150,7,0.08,1.0
0.20000000000000004,150,7,0.09,1.0
0.20000000000000004,150,7,0.09999999999999999,1.0
0.20000000000000004,150,7,0.11,1.0
0.20000000000000004,150,7,0.12,1.0
0.20000000000000004,150,7,0.13,1.0
0.20000000000000004,150,7,0.14,1.0
0.20000000000000004,150,8,0.01,0.0092
0.20000000000000004,150,8,0.02,0.2686
0.20000000000000004,150,8,0.03,0.6581
0.20000000000000004,150,8,0.04,0.8847
0.20000000000000004,150,8,0.05,0.9643
0.20000000000000004,150,8,0.060000000000000005,0.9912
0.20000000000000004,150,8,0.06999999999999999,0.9982
0.20000000000000004,150,8,0.08,0.9995
0.20000000000000004,150,8,0.09,1.0
0.20000000000000004,150,8,0.09999999999999999,1.0
0.20000000000000004,150,8,0.11,1.0
0.20000000000000004,150,8,0.12,1.0
0.20000000000000004,150,8,0.13,1.0
0.20000000000000004,150,8,0.14,1.0
0.20000000000000004,200,3,0.01,0.8341
0.20000000000000004,200,3,0.02,0.9931
0.20000000000000004,200,3,0.03,0.9996
0.20000000000000004,200,3,0.04,1.0
0.20000000000000004,200,3,0.05,1.0
0.20000000000000004,200,3,0.060000000000000005,1.0
0.20000000000000004,200,3,0.06999999999999999,1.0
0.20000000000000004,200,3,0.08,1.0
0.20000000000000004,200,3,0.09,1.0
0.20000000000000004,200,3,0.09999999999999999,1.0
0.20000000000000004,200,3,0.11,1.0
0.20000000000000004,200,3,0.12,1.0
0.20000000000000004,200,3,0.13,1.0
0.20000000000000004,200,3,0.14,1.0
0.20000000000000004,200,4,0.01,0.6424
0.20000000000000004,200,4,0.02,0.9721
0.20000000000000004,200,4,0.03,0.9983
0.20000000000000004,200,4,0.04,1.0
0.20000000000000004,200,4,0.05,1.0
0.20000000000000004,200,4,0.060000000000000005,1.0
0.20000000000000004,200,4,0.06999999999999999,1.0
0.20000000000000004,200,4,0.08,1.0
0.20000000000000004,200,4,0.09,1.0
0.20000000000000004,200,4,0.09999999999999999,1.0
0.20000000000000004,200,4,0.11,1.0
0.20000000000000004,200,4,0.12,1.0
0.20000000000000004,200,4,0.13,1.0
0.20000000000000004,200,4,0.14,1.0
0.20000000000000004,200,5,0.01,0.4101
0.20000000000000004,200,5,0.02,0.9192
0.20000000000000004,200,5,0.03,0.9913
0.20000000000000004,200,5,0.04,0.9998
0.20000000000000004,200,5,0.05,1.0
0.20000000000000004,200,5,0.060000000000000005,1.0
0.20000000000000004,200,5,0.06999999999999999,1.0
0.20000000000000004,200,5,0.08,1.0
0.20000000000000004,200,5,0.09,1.0
0.20000000000000004,200,5,0.09999999999999999,1.0
0.20000000000000004,200,5,0.11,1.0
0.20000000000000004,200,5,0.12,1.0
0.20000000000000004,200,5,0.13,1.0
0.20000000000000004,200,5,0.14,1.0
0.20000000000000004,200,6,0.01,0.2195
0.20000000000000004,200,6,0.02,0.8279
0.20000000000000004,200,6,0.03,0.9768
0.20000000000000004,200,6,0.04,0.9975
0.20000000000000004,200,6,0.05,0.9998
0.20000000000000004,200,6,0.060000000000000005,1.0
0.20000000000000004,200,6,0.06999999999999999,1.0
0.20000000000000004,200,6,0.08,1.0
0.20000000000000004,200,6,0.09,1.0
0.20000000000000004,200,6,0.09999999999999999,1.0
0.20000000000000004,200,6,0.11,1.0
0.20000000000000004,200,6,0.12,1.0
0.20000000000000004,200,6,0.13,1.0
0.20000000000000004,200,6,0.14,1.0
0.20000000000000004,200,7,0.01,0.0992
0.20000000000000004,200,7,0.02,0.6919
0.20000000000000004,200,7,0.03,0.9419
0.20000000000000004,200,7,0.04,0.9921
0.20000000000000004,200,7,0.05,0.9993
0.20000000000000004,200,7,0.060000000000000005,1.0
0.20000000000000004,200,7,0.06999999999999999,1.0
0.20000000000000004,200,7,0.08,1.0
0.20000000000000004,200,7,0.09,1.0
0.20000000000000004,200,7,0.09999999999999999,1.0
0.20000000000000004,200,7,0.11,1.0
0.20000000000000004,200,7,0.12,1.0
0.20000000000000004,200,7,0.13,1.0
0.20000000000000004,200,7,0.14,1.0
0.20000000000000004,200,8,0.01,0.0367
0.20000000000000004,200,8,0.02,0.5345
0.20000000000000004,200,8,0.03,0.8803
0.20000000000000004,200,8,0.04,0.9819
0.20000000000000004,200,8,0.05,0.9972
0.20000000000000004,200,8,0.060000000000000005,0.9997
0.20000000000000004,200,8,0.06999999999999999,1.0
0.20000000000000004,200,8,0.08,1.0
0.20000000000000004,200,8,0.09,1.0
0.20000000000000004,200,8,0.09999999999999999,1.0
0.20000000000000004,200,8,0.11,1.0
0.20000000000000004,200,8,0.12,1.0
0.20000000000000004,200,8,0.13,1.0
0.20000000000000004,200,8,0.14,1.0
0.20000000000000004,250,3,0.01,0.9157
0.20000000000000004,250,3,0.02,0.9985
0.20000000000000004,250,3,0.03,1.0
0.20000000000000004,250,3,0.04,1.0
0.20000000000000004,250,3,0.05,1.0
0.20000000000000004,250,3,0.060000000000000005,1.0
0.20000000000000004,250,3,0.06999999999999999,1.0
0.20000000000000004,250,3,0.08,1.0
0.20000000000000004,250,3,0.09,1.0
0.20000000000000004,250,3,0.09999999999999999,1.0
0.20000000000000004,250,3,0.11,1.0
0.20000000000000004,250,3,0.12,1.0
0.20000000000000004,250,3,0.13,1.0
0.20000000000000004,250,3,0.14,1.0
0.20000000000000004,250,4,0.01,0.782
0.20000000000000004,250,4,0.02,0.9921
0.20000000000000004,250,4,0.03,0.9999
0.20000000000000004,250,4,0.04,1.0
0.20000000000000004,250,4,0.05,1.0
0.20000000000000004,250,4,0.060000000000000005,1.0
0.20000000000000004,250,4,0.06999999999999999,1.0
0.20000000000000004,250,4,0.08,1.0
0.20000000000000004,250,4,0.09,1.0
0.20000000000000004,250,4,0.09999999999999999,1.0
0.20000000000000004,250,4,0.11,1.0
0.20000000000000004,250,4,0.12,1.0
0.20000000000000004,250,4,0.13,1.0
0.20000000000000004,250,4,0.14,1.0
0.20000000000000004,250,5,0.01,0.5786
0.20000000000000004,250,5,0.02,0.9747
0.20000000000000004,250,5,0.03,0.9986
0.20000000000000004,250,5,0.04,1.0
0.20000000000000004,250,5,0.05,1.0
0.20000000000000004,250,5,0.060000000000000005,1.0
0.20000000000000004,250,5,0.06999999999999999,1.0
0.20000000000000004,250,5,0.08,1.0
0.20000000000000004,250,5,0.09,1.0
0.20000000000000004,250,5,0.09999999999999999,1.0
0.20000000000000004,250,5,0.11,1.0
0.20000000000000004,250,5,0.12,1.0
0.20000000000000004,250,5,0.13,1.0
0.20000000000000004,250,5,0.14,1.0
0.20000000000000004,250,6,0.01,0.3664
0.20000000000000004,250,6,0.02,0.933
0.20000000000000004,250,6,0.03,0.9955
0.20000000000000004,250,6,0.04,0.9998
0.20000000000000004,250,6,0.05,1.0
0.20000000000000004,250,6,0.060000000000000005,1.0
0.20000000000000004,250,6,0.06999999999999999,1.0
0.20000000000000004,250,6,0.08,1.0
0.20000000000000004,250,6,0.09,1.0
0.20000000000000004,250,6,0.09999999999999999,1.0
0.20000000000000004,250,6,0.11,1.0
0.20000000000000004,250,6,0.12,1.0
0.20000000000000004,250,6,0.13,1.0
0.20000000000000004,250,6,0.14,1.0
0.20000000000000004,250,7,0.01,0.198
0.20000000000000004,250,7,0.02,0.8597
0.20000000000000004,250,7,0.03,0.9868
0.20000000000000004,250,7,0.04,0.9995
0.20000000000000004,250,7,0.05,0.9999
0.20000000000000004,250,7,0.060000000000000005,1.0
0.20000000000000004,250,7,0.06999999999999999,1.0
0.20000000000000004,250,7,0.08,1.0
0.20000000000000004,250,7,0.09,1.0
0.20000000000000004,250,7,0.09999999999999999,1.0
0.20000000000000004,250,7,0.11,1.0
0.20000000000000004,250,7,0.12,1.0
0.20000000000000004,250,7,0.13,1.0
0.20000000000000004,250,7,0.14,1.0
0.20000000000000004,250,8,0.01,0.0876
0.20000000000000004,250,8,0.02,0.7498
0.20000000000000004,250,8,0.03,0.9663
0.20000000000000004,250,8,0.04,0.998
0.20000000000000004,250,8,0.05,0.9997
0.20000000000000004,250,8,0.060000000000000005,1.0
0.20000000000000004,250,8,0.06999999999999999,1.0
0.20000000000000004,250,8,0.08,1.0
0.20000000000000004,250,8,0.09,1.0
0.20000000000000004,250,8,0.09999999999999999,1.0
0.20000000000000004,250,8,0.11,1.0
0.20000000000000004,250,8,0.12,1.0
0.20000000000000004,250,8,0.13,1.0
0.20000000000000004,250,8,0.14,1.0
0.20000000000000004,300,3,0.01,0.9559
0.20000000000000004,300,3,0.02,0.9997
0.20000000000000004,300,3,0.03,1.0
0.20000000000000004,300,3,0.04,1.0
0.20000000000000004,300,3,0.05,1.0
0.20000000000000004,300,3,0.060000000000000005,1.0
0.20000000000000004,300,3,0.06999999999999999,1.0
0.20000000000000004,300,3,0.08,1.0
0.20000000000000004,300,3,0.09,1.0
0.20000000000000004,300,3,0.09999999999999999,1.0
0.20000000000000004,300,3,0.11,1.0
0.20000000000000004,300,3,0.12,1.0
0.20000000000000004,300,3,0.13,1.0
0.20000000000000004,300,3,0.14,1.0
0.20000000000000004,300,4,0.01,0.87
0.20000000000000004,300,4,0.02,0.998
0.20000000000000004,300,4,0.03,1.0
0.20000000000000004,300,4,0.04,1.0
0.20000000000000004,300,4,0.05,1.0
0.20000000000000004,300,4,0.060000000000000005,1.0
0.20000000000000004,300,4,0.06999999999999999,1.0
0.20000000000000004,300,4,0.08,1.0
0.20000000000000004,300,4,0.09,1.0
0.20000000000000004,300,4,0.09999999999999999,1.0
0.20000000000000004,300,4,0.11,1.0
0.20000000000000004,300,4,0.12,1.0
0.20000000000000004,300,4,0.13,1.0
0.20000000000000004,300,4,0.14,1.0
0.20000000000000004,300,5,0.01,0.714
0.20000000000000004,300,5,0.02,0.9921
0.20000000000000004,300,5,0.03,0.9999
0.20000000000000004,300,5,0.04,1.0
0.20000000000000004,300,5,0.05,1.0
0.20000000000000004,300,5,0.060000000000000005,1.0
0.20000000000000004,300,5,0.06999999999999999,1.0
0.20000000000000004,300,5,0.08,1.0
0.20000000000000004,300,5,0.09,1.0
0.20000000000000004,300,5,0.09999999999999999,1.0
0.20000000000000004,300,5,0.11,1.0
0.20000000000000004,300,5,0.12,1.0
0.20000000000000004,300,5,0.13,1.0
0.20000000000000004,300,5,0.14,1.0
0.20000000000000004,300,6,0.01,0.5069
0.20000000000000004,300,6,0.02,0.9761
0.20000000000000004,300,6,0.03,0.9992
0.20000000000000004,300,6,0.04,1.0
0.20000000000000004,300,6,0.05,1.0
0.20000000000000004,300,6,0.060000000000000005,1.0
0.20000000000000004,300,6,0.06999999999999999,1.0
0.20000000000000004,300,6,0.08,1.0
0.20000000000000004,300,6,0.09,1.0
0.20000000000000004,300,6,0.09999999999999999,1.0
0.20000000000000004,300,6,0.11,1.0
0.20000000000000004,300,6,0.12,1.0
0.20000000000000004,300,6,0.13,1.0
0.20000000000000004,300,6,0.14,1.0
0.20000000000000004,300,7,0.01,0.3122
0.20000000000000004,300,7,0.02,0.9422
0.20000000000000004,300,7,0.03,0.9964
0.20000000000000004,300,7,0.04,0.9999
0.20000000000000004,300,7,0.05,1.0
0.20000000000000004,300,7,0.060000000000000005,1.0
0.20000000000000004,300,7,0.06999999999999999,1.0
0.20000000000000004,300,7,0.08,1.0
0.20000000000000004,300,7,0.09,1.0
0.20000000000000004,300,7,0.09999999999999999,1.0
0.20000000000000004,300,7,0.11,1.0
0.20000000000000004,300,7,0.12,1.0
0.20000000000000004,300,7,0.13,1.0
0.20000000000000004,300,7,0.14,1.0
0.20000000000000004,300,8,0.01,0.166
0.20000000000000004,300,8,0.02,0.8785
0.20000000000000004,300,8,0.03,0.9926
0.20000000000000004,300,8,0.04,0.9997
0.20000000000000004,300,8,0.05,1.0
0.20000000000000004,300,8,0.060000000000000005,1.0
0.20000000000000004,300,8,0.06999999999999999,1.0
0.20000000000000004,300,8,0.08,1.0
0.20000000000000004,300,8,0.09,1.0
0.20000000000000004,300,8,0.09999999999999999,1.0
0.20000000000000004,300,8,0.11,1.0
0.20000000000000004,300,8,0.12,1.0
0.20000000000000004,300,8,0.13,1.0
0.20000000000000004,300,8,0.14,1.0
0.20000000000000004,350,3,0.01,0.9762
0.20000000000000004,350,3,0.02,0.9999
0.20000000000000004,350,3,0.03,1.0
0.20000000000000004,350,3,0.04,1.0
0.20000000000000004,350,3,0.05,1.0
0.20000000000000004,350,3,0.060000000000000005,1.0
0.20000000000000004,350,3,0.06999999999999999,1.0
0.20000000000000004,350,3,0.08,1.0
0.20000000000000004,350,3,0.09,1.0
0.20000000000000004,350,3,0.09999999999999999,1.0
0.20000000000000004,350,3,0.11,1.0
0.20000000000000004,350,3,0.12,1.0
0.20000000000000004,350,3,0.13,1.0
0.20000000000000004,350,3,0.14,1.0
0.20000000000000004,350,4,0.01,0.9228
0.20000000000000004,350,4,0.02,0.9995
0.20000000000000004,350,4,0.03,1.0
0.20000000000000004,350,4,0.04,1.0
0.20000000000000004,350,4,0.05,1.0
0.20000000000000004,350,4,0.060000000000000005,1.0
0.20000000000000004,350,4,0.06999999999999999,1.0
0.20000000000000004,350,4,0.08,1.0
0.20000000000000004,350,4,0.09,1.0
0.20000000000000004,350,4,0.09999999999999999,1.0
0.20000000000000004,350,4,0.11,1.0
0.20000000000000004,350,4,0.12,1.0
0.20000000000000004,350,4,0.13,1.0
0.20000000000000004,350,4,0.14,1.0
0.20000000000000004,350,5,0.01,0.8153
0.20000000000000004,350,5,0.02,0.9974
0.20000000000000004,350,5,0.03,0.9999
0.20000000000000004,350,5,0.04,1.0
0.20000000000000004,350,5,0.05,1.0
0.20000000000000004,350,5,0.060000000000000005,1.0
0.20000000000000004,350,5,0.06999999999999999,1.0
0.20000000000000004,350,5,0.08,1.0
0.20000000000000004,350,5,0.09,1.0
0.20000000000000004,350,5,0.09999999999999999,1.0
0.20000000000000004,350,5,0.11,1.0
0.20000000000000004,350,5,0.12,1.0
0.20000000000000004,350,5,0.13,1.0
0.20000000000000004,350,5,0.14,1.0
0.20000000000000004,350,6,0.01,0.6316
0.20000000000000004,350,6,0.02,0.9905
0.20000000000000004,350,6,0.03,0.9998
0.20000000000000004,350,6,0.04,1.0
0.20000000000000004,350,6,0.05,1.0
0.20000000000000004,350,6,0.060000000000000005,1.0
0.20000000000000004,350,6,0.06999999999999999,1.0
0.20000000000000004,350,6,0.08,1.0
0.20000000000000004,350,6,0.09,1.0
0.20000000000000004,350,6,0.09999999999999999,1.0
0.20000000000000004,350,6,0.11,1.0
0.20000000000000004,350,6,0.12,1.0
0.20000000000000004,350,6,0.13,1.0
0.20000000000000004,350,6,0.14,1.0
0.20000000000000004,350,7,0.01,0.4308
0.20000000000000004,350,7,0.02,0.9773
0.20000000000000004,350,7,0.03,0.9992
0.20000000000000004,350,7,0.04,1.0
0.20000000000000004,350,7,0.05,1.0
0.20000000000000004,350,7,0.060000000000000005,1.0
0.20000000000000004,350,7,0.06999999999999999,1.0
0.20000000000000004,350,7,0.08,1.0
0.20000000000000004,350,7,0.09,1.0
0.20000000000000004,350,7,0.09999999999999999,1.0
0.20000000000000004,350,7,0.11,1.0
0.20000000000000004,350,7,0.12,1.0
0.20000000000000004,350,7,0.13,1.0
0.20000000000000004,350,7,0.14,1.0
0.20000000000000004,350,8,0.01,0.2526
0.20000000000000004,350,8,0.02,0.9455
0.20000000000000004,350,8,0.03,0.9979
0.20000000000000004,350,8,0.04,0.9999
0.20000000000000004,350,8,0.05,1.0
0.20000000000000004,350,8,0.060000000000000005,1.0
0.20000000000000004,350,8,0.06999999999999999,1.0
0.20000000000000004,350,8,0.08,1.0
0.20000000000000004,350,8,0.09,1.0
0.20000000000000004,350,8,0.09999999999999999,1.0
0.20000000000000004,350,8,0.11,1.0
0.20000000000000004,350,8,0.12,1.0
0.20000000000000004,350,8,0.13,1.0
0.20000000000000004,350,8,0.14,1.0
0.20000000000000004,400,3,0.01,0.9862
0.20000000000000004,400,3,0.02,1.0
0.20000000000000004,400,3,0.03,1.0
0.20000000000000004,400,3,0.04,1.0
0.20000000000000004,400,3,0.05,1.0
0.20000000000000004,400,3,0.060000000000000005,1.0
0.20000000000000004,400,3,0.06999999999999999,1.0
0.20000000000000004,400,3,0.08,1.0
0.20000000000000004,400,3,0.09,1.0
0.20000000000000004,400,3,0.09999999999999999,1.0
0.20000000000000004,400,3,0.11,1.0
0.20000000000000004,400,3,0.12,1.0
0.20000000000000004,400,3,0.13,1.0
0.20000000000000004,400,3,0.14,1.0
0.20000000000000004,400,4,0.01,0.953
0.20000000000000004,400,4,0.02,0.9998
0.20000000000000004,400,4,0.03,1.0
0.20000000000000004,400,4,0.04,1.0
0.20000000000000004,400,4,0.05,1.0
0.20000000000000004,400,4,0.060000000000000005,1.0
0.20000000000000004,400,4,0.06999999999999999,1.0
0.20000000000000004,400,4,0.08,1.0
0.20000000000000004,400,4,0.09,1.0
0.20000000000000004,400,4,0.09999999999999999,1.0
0.20000000000000004,400,4,0.11,1.0
0.20000000000000004,400,4,0.12,1.0
0.20000000000000004,400,4,0.13,1.0
0.20000000000000004,400,4,0.14,1.0
0.20000000000000004,400,5,0.01,0.8776
0.20000000000000004,400,5,0.02,0.9988
0.20000000000000004,400,5,0.03,1.0
0.20000000000000004,400,5,0.04,1.0
0.20000000000000004,400,5,0.05,1.0
0.20000000000000004,400,5,0.060000000000000005,1.0
0.20000000000000004,400,5,0.06999999999999999,1.0
0.20000000000000004,400,5,0.08,1.0
0.20000000000000004,400,5,0.09,1.0
0.20000000000000004,400,5,0.09999999999999999,1.0
0.20000000000000004,400,5,0.11,1.0
0.20000000000000004,400,5,0.12,1.0
0.20000000000000004,400,5,0.13,1.0
0.20000000000000004,400,5,0.14,1.0
0.20000000000000004,400,6,0.01,0.7345
0.20000000000000004,400,6,0.02,0.9967
0.20000000000000004,400,6,0.03,0.9999
0.20000000000000004,400,6,0.04,1.0
0.20000000000000004,400,6,0.05,1.0
0.20000000000000004,400,6,0.060000000000000005,1.0
0.20000000000000004,400,6,0.06999999999999999,1.0
0.20000000000000004,400,6,0.08,1.0
0.20000000000000004,400,6,0.09,1.0
0.20000000000000004,400,6,0.09999999999999999,1.0
0.20000000000000004,400,6,0.11,1.0
0.20000000000000004,400,6,0.12,1.0
0.20000000000000004,400,6,0.13,1.0
0.20000000000000004,400,6,0.14,1.0
0.20000000000000004,400,7,0.01,0.5497
0.20000000000000004,400,7,0.02,0.9914
0.20000000000000004,400,7,0.03,0.9999
0.20000000000000004,400,7,0.04,1.0
0.20000000000000004,400,7,0.05,1.0
0.20000000000000004,400,7,0.060000000000000005,1.0
0.20000000000000004,400,7,0.06999999999999999,1.0
0.20000000000000004,400,7,0.08,1.0
0.20000000000000004,400,7,0.09,1.0
0.20000000000000004,400,7,0.09999999999999999,1.0
0.20000000000000004,400,7,0.11,1.0
0.20000000000000004,400,7,0.12,1.0
0.20000000000000004,400,7,0.13,1.0
0.20000000000000004,400,7,0.14,1.0
0.20000000000000004,400,8,0.01,0.3548
0.20000000000000004,400,8,0.02,0.9771
0.20000000000000004,400,8,0.03,0.9993
0.20000000000000004,400,8,0.04,1.0
0.20000000000000004,400,8,0.05,1.0
0.20000000000000004,400,8,0.060000000000000005,1.0
0.20000000000000004,400,8,0.06999999999999999,1.0
0.20000000000000004,400,8,0.08,1.0
0.20000000000000004,400,8,0.09,1.0
0.20000000000000004,400,8,0.09999999999999999,1.0
0.20000000000000004,400,8,0.11,1.0
0.20000000000000004,400,8,0.12,1.0
0.20000000000000004,400,8,0.13,1.0
0.20000000000000004,400,8,0.14,1.0
0.20000000000000004,450,3,0.01,0.9927
0.20000000000000004,450,3,0.02,1.0
0.20000000000000004,450,3,0.03,1.0
0.20000000000000004,450,3,0.04,1.0
0.20000000000000004,450,3,0.05,1.0
0.20000000000000004,450,3,0.060000000000000005,1.0
0.20000000000000004,450,3,0.06999999999999999,1.0
0.20000000000000004,450,3,0.08,1.0
0.20000000000000004,450,3,0.09,1.0
0.20000000000000004,450,3,0.09999999999999999,1.0
0.20000000000000004,450,3,0.11,1.0
0.20000000000000004,450,3,0.12,1.0
0.20000000000000004,450,3,0.13,1.0
0.20000000000000004,450,3,0.14,1.0
0.20000000000000004,450,4,0.01,0.9726
0.20000000000000004,450,4,0.02,1.0
0.20000000000000004,450,4,0.03,1.0
0.20000000000000004,450,4,0.04,1.0
0.20000000000000004,450,4,0.05,1.0
0.20000000000000004,450,4,0.060000000000000005,1.0
0.20000000000000004,450,4,0.06999999999999999,1.0
0.20000000000000004,450,4,0.08,1.0
0.20000000000000004,450,4,0.09,1.0
0.20000000000000004,450,4,0.09999999999999999,1.0
0.20000000000000004,450,4,0.11,1.0
0.20000000000000004,450,4,0.12,1.0
0.20000000000000004,450,4,0.13,1.0
0.20000000000000004,450,4,0.14,1.0
0.20000000000000004,450,5,0.01,0.9158
0.20000000000000004,450,5,0.02,0.9997
0.20000000000000004,450,5,0.03,1.0
0.20000000000000004,450,5,0.04,1.0
0.20000000000000004,450,5,0.05,1.0
0.20000000000000004,450,5,0.060000000000000005,1.0
0.20000000000000004,450,5,0.06999999999999999,1.0
0.20000000000000004,450,5,0.08,1.0
0.20000000000000004,450,5,0.09,1.0
0.20000000000000004,450,5,0.09999999999999999,1.0
0.20000000000000004,450,5,0.11,1.0
0.20000000000000004,450,5,0.12,1.0
0.20000000000000004,450,5,0.13,1.0
0.20000000000000004,450,5,0.14,1.0
0.20000000000000004,450,6,0.01,0.8046
0.20000000000000004,450,6,0.02,0.9987
0.20000000000000004,450,6,0.03,1.0
0.20000000000000004,450,6,0.04,1.0
0.20000000000000004,450,6,0.05,1.0
0.20000000000000004,450,6,0.060000000000000005,1.0
0.20000000000000004,450,6,0.06999999999999999,1.0
0.20000000000000004,450,6,0.08,1.0
0.20000000000000004,450,6,0.09,1.0
0.20000000000000004,450,6,0.09999999999999999,1.0
0.20000000000000004,450,6,0.11,1.0
0.20000000000000004,450,6,0.12,1.0
0.20000000000000004,450,6,0.13,1.0
0.20000000000000004,450,6,0.14,1.0
0.20000000000000004,450,7,0.01,0.6403
0.20000000000000004,450,7,0.02,0.9961
0.20000000000000004,450,7,0.03,0.9999
0.20000000000000004,450,7,0.04,1.0
0.20000000000000004,450,7,0.05,1.0
0.20000000000000004,450,7,0.060000000000000005,1.0
0.20000000000000004,450,7,0.06999999999999999,1.0
0.20000000000000004,450,7,0.08,1.0
0.20000000000000004,450,7,0.09,1.0
0.20000000000000004,450,7,0.09999999999999999,1.0
0.20000000000000004,450,7,0.11,1.0
0.20000000000000004,450,7,0.12,1.0
0.20000000000000004,450,7,0.13,1.0
0.20000000000000004,450,7,0.14,1.0
0.20000000000000004,450,8,0.01,0.4455
0.20000000000000004,450,8,0.02,0.9912
0.20000000000000004,450,8,0.03,0.9998
0.20000000000000004,450,8,0.04,1.0
0.20000000000000004,450,8,0.05,1.0
0.20000000000000004,450,8,0.060000000000000005,1.0
0.20000000000000004,450,8,0.06999999999999999,1.0
0.20000000000000004,450,8,0.08,1.0
0.20000000000000004,450,8,0.09,1.0
0.20000000000000004,450,8,0.09999999999999999,1.0
0.20000000000000004,450,8,0.11,1.0
0.20000000000000004,450,8,0.12,1.0
0.20000000000000004,450,8,0.13,1.0
0.20000000000000004,450,8,0.14,1.0
0.20000000000000004,500,3,0.01,0.9962
0.20000000000000004,500,3,0.02,1.0
0.20000000000000004,500,3,0.03,1.0
0.20000000000000004,500,3,0.04,1.0
0.20000000000000004,500,3,0.05,1.0
0.20000000000000004,500,3,0.060000000000000005,1.0
0.20000000000000004,500,3,0.06999999999999999,1.0
0.20000000000000004,500,3,0.08,1.0
0.20000000000000004,500,3,0.09,1.0
0.20000000000000004,500,3,0.09999999999999999,1.0
0.20000000000000004,500,3,0.11,1.0
0.20000000000000004,500,3,0.12,1.0
0.20000000000000004,500,3,0.13,1.0
0.20000000000000004,500,3,0.14,1.0
0.20000000000000004,500,4,0.01,0.9834
0.20000000000000004,500,4,0.02,1.0
0.20000000000000004,500,4,0.03,1.0
0.20000000000000004,500,4,0.04,1.0
0.20000000000000004,500,4,0.05,1.0
0.20000000000000004,500,4,0.060000000000000005,1.0
0.20000000000000004,500,4,0.06999999999999999,1.0
0.20000000000000004,500,4,0.08,1.0
0.20000000000000004,500,4,0.09,1.0
0.20000000000000004,500,4,0.09999999999999999,1.0
0.20000000000000004,500,4,0.11,1.0
0.20000000000000004,500,4,0.12,1.0
0.20000000000000004,500,4,0.13,1.0
0.20000000000000004,500,4,0.14,1.0
0.20000000000000004,500,5,0.01,0.9429
0.20000000000000004,500,5,0.02,1.0
0.20000000000000004,500,5,0.03,1.0
0.20000000000000004,500,5,0.04,1.0
0.20000000000000004,500,5,0.05,1.0
0.20000000000000004,500,5,0.060000000000000005,1.0
0.20000000000000004,500,5,0.06999999999999999,1.0
0.20000000000000004,500,5,0.08,1.0
0.20000000000000004,500,5,0.09,1.0
0.20000000000000004,500,5,0.09999999999999999,1.0
0.20000000000000004,500,5,0.11,1.0
0.20000000000000004,500,5,0.12,1.0
0.20000000000000004,500,5,0.13,1.0
0.20000000000000004,500,5,0.14,1.0
0.20000000000000004,500,6,0.01,0.8574
0.20000000000000004,500,6,0.02,0.9998
0.20000000000000004,500,6,0.03,1.0
0.20000000000000004,500,6,0.04,1.0
0.20000000000000004,500,6,0.05,1.0
0.20000000000000004,500,6,0.060000000000000005,1.0
0.20000000000000004,500,6,0.06999999999999999,1.0
0.20000000000000004,500,6,0.08,1.0
0.20000000000000004,500,6,0.09,1.0
0.20000000000000004,500,6,0.09999999999999999,1.0
0.20000000000000004,500,6,0.11,1.0
0.20000000000000004,500,6,0.12,1.0
0.20000000000000004,500,6,0.13,1.0
0.20000000000000004,500,6,0.14,1.0
0.20000000000000004,500,7,0.01,0.7167
0.20000000000000004,500,7,0.02,0.9987
0.20000000000000004,500,7,0.03,1.0
0.20000000000000004,500,7,0.04,1.0
0.20000000000000004,500,7,0.05,1.0
0.20000000000000004,500,7,0.060000000000000005,1.0
0.20000000000000004,500,7,0.06999999999999999,1.0
0.20000000000000004,500,7,0.08,1.0
0.20000000000000004,500,7,0.09,1.0
0.20000000000000004,500,7,0.09999999999999999,1.0
0.20000000000000004,500,7,0.11,1.0
0.20000000000000004,500,7,0.12,1.0
0.20000000000000004,500,7,0.13,1.0
0.20000000000000004,500,7,0.14,1.0
0.20000000000000004,500,8,0.01,0.5309
0.20000000000000004,500,8,0.02,0.9953
0.20000000000000004,500,8,0.03,1.0
0.20000000000000004,500,8,0.04,1.0
0.20000000000000004,500,8,0.05,1.0
0.20000000000000004,500,8,0.060000000000000005,1.0
0.20000000000000004,500,8,0.06999999999999999,1.0
0.20000000000000004,500,8,0.08,1.0
0.20000000000000004,500,8,0.09,1.0
0.20000000000000004,500,8,0.09999999999999999,1.0
0.20000000000000004,500,8,0.11,1.0
0.20000000000000004,500,8,0.12,1.0
0.20000000000000004,500,8,0.13,1.0
0.20000000000000004,500,8,0.14,1.0
0.20000000000000004,550,3,0.01,0.9979
0.20000000000000004,550,3,0.02,1.0
0.20000000000000004,550,3,0.03,1.0
0.20000000000000004,550,3,0.04,1.0
0.20000000000000004,550,3,0.05,1.0
0.20000000000000004,550,3,0.060000000000000005,1.0
0.20000000000000004,550,3,0.06999999999999999,1.0
0.20000000000000004,550,3,0.08,1.0
0.20000000000000004,550,3,0.09,1.0
0.20000000000000004,550,3,0.09999999999999999,1.0
0.20000000000000004,550,3,0.11,1.0
0.20000000000000004,550,3,0.12,1.0
0.20000000000000004,550,3,0.13,1.0
0.20000000000000004,550,3,0.14,1.0
0.20000000000000004,550,4,0.01,0.9904
0.20000000000000004,550,4,0.02,1.0
0.20000000000000004,550,4,0.03,1.0
0.20000000000000004,550,4,0.04,1.0
0.20000000000000004,550,4,0.05,1.0
0.20000000000000004,550,4,0.060000000000000005,1.0
0.20000000000000004,550,4,0.06999999999999999,1.0
0.20000000000000004,550,4,0.08,1.0
0.20000000000000004,550,4,0.09,1.0
0.20000000000000004,550,4,0.09999999999999999,1.0
0.20000000000000004,550,4,0.11,1.0
0.20000000000000004,550,4,0.12,1.0
0.20000000000000004,550,4,0.13,1.0
0.20000000000000004,550,4,0.14,1.0
0.20000000000000004,550,5,0.01,0.9612
0.20000000000000004,550,5,0.02,1.0
0.20000000000000004,550,5,0.03,1.0
0.20000000000000004,550,5,0.04,1.0
0.20000000000000004,550,5,0.05,1.0
0.20000000000000004,550,5,0.060000000000000005,1.0
0.20000000000000004,550,5,0.06999999999999999,1.0
0.20000000000000004,550,5,0.08,1.0
0.20000000000000004,550,5,0.09,1.0
0.20000000000000004,550,5,0.09999999999999999,1.0
0.20000000000000004,550,5,0.11,1.0
0.20000000000000004,550,5,0.12,1.0
0.20000000000000004,550,5,0.13,1.0
0.20000000000000004,550,5,0.14,1.0
0.20000000000000004,550,6,0.01,0.8949
0.20000000000000004,550,6,0.02,0.9999
0.20000000000000004,550,6,0.03,1.0
0.20000000000000004,550,6,0.04,1.0
0.20000000000000004,550,6,0.05,1.0
0.20000000000000004,550,6,0.060000000000000005,1.0
0.20000000000000004,550,6,0.06999999999999999,1.0
0.20000000000000004,550,6,0.08,1.0
0.20000000000000004,550,6,0.09,1.0
0.20000000000000004,550,6,0.09999999999999999,1.0
0.20000000000000004,550,6,0.11,1.0
0.20000000000000004,550,6,0.12,1.0
0.20000000000000004,550,6,0.13,1.0
0.20000000000000004,550,6,0.14,1.0
0.20000000000000004,550,7,0.01,0.7807
0.20000000000000004,550,7,0.02,0.9995
0.20000000000000004,550,7,0.03,1.0
0.20000000000000004,550,7,0.04,1.0
0.20000000000000004,550,7,0.05,1.0
0.20000000000000004,550,7,0.060000000000000005,1.0
0.20000000000000004,550,7,0.06999999999999999,1.0
0.20000000000000004,550,7,0.08,1.0
0.20000000000000004,550,7,0.09,1.0
0.20000000000000004,550,7,0.09999999999999999,1.0
0.20000000000000004,550,7,0.11,1.0
0.20000000000000004,550,7,0.12,1.0
0.20000000000000004,550,7,0.13,1.0
0.20000000000000004,550,7,0.14,1.0
0.20000000000000004,550,8,0.01,0.608
0.20000000000000004,550,8,0.02,0.9979
0.20000000000000004,550,8,0.03,1.0
0.20000000000000004,550,8,0.04,1.0
0.20000000000000004,550,8,0.05,1.0
0.20000000000000004,550,8,0.060000000000000005,1.0
0.20000000000000004,550,8,0.06999999999999999,1.0
0.20000000000000004,550,8,0.08,1.0
0.20000000000000004,550,8,0.09,1.0
0.20000000000000004,550,8,0.09999999999999999,1.0
0.20000000000000004,550,8,0.11,1.0
0.20000000000000004,550,8,0.12,1.0
0.20000000000000004,550,8,0.13,1.0
0.20000000000000004,550,8,0.14,1.0
0.20000000000000004,600,3,0.01,0.9983
0.20000000000000004,600,3,0.02,1.0
0.20000000000000004,600,3,0.03,1.0
0.20000000000000004,600,3,0.04,1.0
0.20000000000000004,600,3,0.05,1.0
0.20000000000000004,600,3,0.060000000000000005,1.0
0.20000000000000004,600,3,0.06999999999999999,1.0
0.20000000000000004,600,3,0.08,1.0
0.20000000000000004,600,3,0.09,1.0
0.20000000000000004,600,3,0.09999999999999999,1.0
0.20000000000000004,600,3,0.11,1.0
0.20000000000000004,600,3,0.12,1.0
0.20000000000000004,600,3,0.13,1.0
0.20000000000000004,600,3,0.14,1.0
0.20000000000000004,600,4,0.01,0.9943
0.20000000000000004,600,4,0.02,1.0
0.20000000000000004,600,4,0.03,1.0
0.20000000000000004,600,4,0.04,1.0
0.20000000000000004,600,4,0.05,1.0
0.20000000000000004,600,4,0.060000000000000005,1.0
0.20000000000000004,600,4,0.06999999999999999,1.0
0.20000000000000004,600,4,0.08,1.0
0.20000000000000004,600,4,0.09,1.0
0.20000000000000004,600,4,0.09999999999999999,1.0
0.20000000000000004,600,4,0.11,1.0
0.20000000000000004,600,4,0.12,1.0
0.20000000000000004,600,4,0.13,1.0
0.20000000000000004,600,4,0.14,1.0
0.20000000000000004,600,5,0.01,0.9743
0.20000000000000004,600,5,0.02,1.0
0.20000000000000004,600,5,0.03,1.0
0.20000000000000004,600,5,0.04,1.0
0.20000000000000004,600,5,0.05,1.0
0.20000000000000004,600,5,0.060000000000000005,1.0
0.20000000000000004,600,5,0.06999999999999999,1.0
0.20000000000000004,600,5,0.08,1.0
0.20000000000000004,600,5,0.09,1.0
0.20000000000000004,600,5,0.09999999999999999,1.0
0.20000000000000004,600,5,0.11,1.0
0.20000000000000004,600,5,0.12,1.0
0.20000000000000004,600,5,0.13,1.0
0.20000000000000004,600,5,0.14,1.0
0.20000000000000004,600,6,0.01,0.9256
0.20000000000000004,600,6,0.02,1.0
0.20000000000000004,600,6,0.03,1.0
0.20000000000000004,600,6,0.04,1.0
0.20000000000000004,600,6,0.05,1.0
0.20000000000000004,600,6,0.060000000000000005,1.0
0.20000000000000004,600,6,0.06999999999999999,1.0
0.20000000000000004,600,6,0.08,1.0
0.20000000000000004,600,6,0.09,1.0
0.20000000000000004,600,6,0.09999999999999999,1.0
0.20000000000000004,600,6,0.11,1.0
0.20000000000000004,600,6,0.12,1.0
0.20000000000000004,600,6,0.13,1.0
0.20000000000000004,600,6,0.14,1.0
0.20000000000000004,600,7,0.01,0.8295
0.20000000000000004,600,7,0.02,0.9999
0.20000000000000004,600,7,0.03,1.0
0.20000000000000004,600,7,0.04,1.0
0.20000000000000004,600,7,0.05,1.0
0.20000000000000004,600,7,0.060000000000000005,1.0
0.20000000000000004,600,7,0.06999999999999999,1.0
0.20000000000000004,600,7,0.08,1.0
0.20000000000000004,600,7,0.09,1.0
0.20000000000000004,600,7,0.09999999999999999,1.0
0.20000000000000004,600,7,0.11,1.0
0.20000000000000004,600,7,0.12,1.0
0.20000000000000004,600,7,0.13,1.0
0.20000000000000004,600,7,0.14,1.0
0.20000000000000004,600,8,0.01,0.6842
0.20000000000000004,600,8,0.02,0.9994
0.20000000000000004,600,8,0.03,1.0
0.20000000000000004,600,8,0.04,1.0
0.20000000000000004,600,8,0.05,1.0
0.20000000000000004,600,8,0.060000000000000005,1.0
0.20000000000000004,600,8,0.06999999999999999,1.0
0.20000000000000004,600,8,0.08,1.0
0.20000000000000004,600,8,0.09,1.0
0.20000000000000004,600,8,0.09999999999999999,1.0
0.20000000000000004,600,8,0.11,1.0
0.20000000000000004,600,8,0.12,1.0
0.20000000000000004,600,8,0.13,1.0
0.20000000000000004,600,8,0.14,1.0
0.20000000000000004,650,3,0.01,0.9994
0.20000000000000004,650,3,0.02,1.0
0.20000000000000004,650,3,0.03,1.0
0.20000000000000004,650,3,0.04,1.0
0.20000000000000004,650,3,0.05,1.0
0.20000000000000004,650,3,0.060000000000000005,1.0
0.20000000000000004,650,3,0.06999999999999999,1.0
0.20000000000000004,650,3,0.08,1.0
0.20000000000000004,650,3,0.09,1.0
0.20000000000000004,650,3,0.09999999999999999,1.0
0.20000000000000004,650,3,0.11,1.0
0.20000000000000004,650,3,0.12,1.0
0.20000000000000004,650,3,0.13,1.0
0.20000000000000004,650,3,0.14,1.0
0.20000000000000004,650,4,0.01,0.9967
0.20000000000000004,650,4,0.02,1.0
0.20000000000000004,650,4,0.03,1.0
0.20000000000000004,650,4,0.04,1.0
0.20000000000000004,650,4,0.05,1.0
0.20000000000000004,650,4,0.060000000000000005,1.0
0.20000000000000004,650,4,0.06999999999999999,1.0
0.20000000000000004,650,4,0.08,1.0
0.20000000000000004,650,4,0.09,1.0
0.20000000000000004,650,4,0.09999999999999999,1.0
0.20000000000000004,650,4,0.11,1.0
0.20000000000000004,650,4,0.12,1.0
0.20000000000000004,650,4,0.13,1.0
0.20000000000000004,650,4,0.14,1.0
0.20000000000000004,650,5,0.01,0.9827
0.20000000000000004,650,5,0.02,1.0
0.20000000000000004,650,5,0.03,1.0
0.20000000000000004,650,5,0.04,1.0
0.20000000000000004,650,5,0.05,1.0
0.20000000000000004,650,5,0.060000000000000005,1.0
0.20000000000000004,650,5,0.06999999999999999,1.0
0.20000000000000004,650,5,0.08,1.0
0.20000000000000004,650,5,0.09,1.0
0.20000000000000004,650,5,0.09999999999999999,1.0
0.20000000000000004,650,5,0.11,1.0
0.20000000000000004,650,5,0.12,1.0
0.20000000000000004,650,5,0.13,1.0
0.20000000000000004,650,5,0.14,1.0
0.20000000000000004,650,6,0.01,0.9496
0.20000000000000004,650,6,0.02,1.0
0.20000000000000004,650,6,0.03,1.0
0.20000000000000004,650,6,0.04,1.0
0.20000000000000004,650,6,0.05,1.0
0.20000000000000004,650,6,0.060000000000000005,1.0
0.20000000000000004,650,6,0.06999999999999999,1.0
0.20000000000000004,650,6,0.08,1.0
0.20000000000000004,650,6,0.09,1.0
0.20000000000000004,650,6,0.09999999999999999,1.0
0.20000000000000004,650,6,0.11,1.0
0.20000000000000004,650,6,0.12,1.0
0.20000000000000004,650,6,0.13,1.0
0.20000000000000004,650,6,0.14,1.0
0.20000000000000004,650,7,0.01,0.8754
0.20000000000000004,650,7,0.02,1.0
0.20000000000000004,650,7,0.03,1.0
0.20000000000000004,650,7,0.04,1.0
0.20000000000000004,650,7,0.05,1.0
0.20000000000000004,650,7,0.060000000000000005,1.0
0.20000000000000004,650,7,0.06999999999999999,1.0
0.20000000000000004,650,7,0.08,1.0
0.20000000000000004,650,7,0.09,1.0
0.20000000000000004,650,7,0.09999999999999999,1.0
0.20000000000000004,650,7,0.11,1.0
0.20000000000000004,650,7,0.12,1.0
0.20000000000000004,650,7,0.13,1.0
0.20000000000000004,650,7,0.14,1.0
0.20000000000000004,650,8,0.01,0.7466
0.20000000000000004,650,8,0.02,0.9998
0.20000000000000004,650,8,0.03,1.0
0.20000000000000004,650,8,0.04,1.0
0.20000000000000004,650,8,0.05,1.0
0.20000000000000004,650,8,0.060000000000000005,1.0
0.20000000000000004,650,8,0.06999999999999999,1.0
0.20000000000000004,650,8,0.08,1.0
0.20000000000000004,650,8,0.09,1.0
0.20000000000000004,650,8,0.09999999999999999,1.0
0.20000000000000004,650,8,0.11,1.0
0.20000000000000004,650,8,0.12,1.0
0.20000000000000004,650,8,0.13,1.0
0.20000000000000004,650,8,0.14,1.0
0.30000000000000004,50,3,0.01,0.3674
0.30000000000000004,50,3,0.02,0.7156
0.30000000000000004,50,3,0.03,0.8723
0.30000000000000004,50,3,0.04,0.9459
0.30000000000000004,50,3,0.05,0.9745
0.30000000000000004,50,3,0.060000000000000005,0.9888
0.30000000000000004,50,3,0.06999999999999999,0.9937
0.30000000000000004,50,3,0.08,0.9966
0.30000000000000004,50,3,0.09,0.9976
0.30000000000000004,50,3,0.09999999999999999,0.9986
0.30000000000000004,50,3,0.11,0.9993
0.30000000000000004,50,3,0.12,0.9996
0.30000000000000004,50,3,0.13,0.9998
0.30000000000000004,50,3,0.14,0.9999
0.30000000000000004,50,4,0.01,0.1563
0.30000000000000004,50,4,0.02,0.4967
0.30000000000000004,50,4,0.03,0.7173
0.30000000000000004,50,4,0.04,0.8517
0.30000000000000004,50,4,0.05,0.918
0.30000000000000004,50,4,0.060000000000000005,0.9576
0.30000000000000004,50,4,0.06999999999999999,0.977
0.30000000000000004,50,4,0.08,0.9885
0.30000000000000004,50,4,0.09,0.9932
0.30000000000000004,50,4,0.09999999999999999,0.9958
0.30000000000000004,50,4,0.11,0.9973
0.30000000000000004,50,4,0.12,0.9985
0.30000000000000004,50,4,0.13,0.9992
0.30000000000000004,50,4,0.14,0.9999
0.30000000000000004,50,5,0.01,0.0515
0.30000000000000004,50,5,0.02,0.2934
0.30000000000000004,50,5,0.03,0.5216
0.30000000000000004,50,5,0.04,0.7047
0.30000000000000004,50,5,0.05,0.8146
0.30000000000000004,50,5,0.060000000000000005,0.8906
0.30000000000000004,50,5,0.06999999999999999,0.9321
0.30000000000000004,50,5,0.08,0.9578
0.30000000000000004,50,5,0.09,0.9746
0.30000000000000004,50,5,0.09999999999999999,0.9851
0.30000000000000004,50,5,0.11,0.9922
0.30000000000000004,50,5,0.12,0.9962
0.30000000000000004,50,5,0.13,0.9981
0.30000000000000004,50,5,0.14,0.9994
0.30000000000000004,50,6,0.01,0.013
0.30000000000000004,50,6,0.02,0.1423
0.30000000000000004,50,6,0.03,0.3396
0.30000000000000004,50,6,0.04,0.5293
0.30000000000000004,50,6,0.05,0.6683
0.30000000000000004,50,6,0.060000000000000005,0.7794
0.30000000000000004,50,6,0.06999999999999999,0.8529
0.30000000000000004,50,6,0.08,0.9001
0.30000000000000004,50,6,0.09,0.9344
0.30000000000000004,50,6,0.09999999999999999,0.9586
0.30000000000000004,50,6,0.11,0.9733
0.30000000000000004,50,6,0.12,0.9872
0.30000000000000004,50,6,0.13,0.9942
0.30000000000000004,50,6,0.14,0.9982
0.30000000000000004,50,7,0.01,0.0027
0.30000000000000004,50,7,0.02,0.0583
0.30000000000000004,50,7,0.03,0.1846
0.30000000000000004,50,7,0.04,0.3574
0.30000000000000004,50,7,0.05,0.5017
0.30000000000000004,50,7,0.060000000000000005,0.6328
0.30000000000000004,50,7,0.06999999999999999,0.7317
0.30000000000000004,50,7,0.08,0.8038
0.30000000000000004,50,7,0.09,0.8626
0.30000000000000004,50,7,0.09999999999999999,0.904
0.30000000000000004,50,7,0.11,0.936
0.30000000000000004,50,7,0.12,0.9633
0.30000000000000004,50,7,0.13,0.9846
0.30000000000000004,50,7,0.14,0.9955
0.30000000000000004,50,8,0.01,0.0004
0.30000000000000004,50,8,0.02,0.0186
0.30000000000000004,50,8,0.03,0.0889
0.30000000000000004,50,8,0.04,0.2125
0.30000000000000004,50,8,0.05,0.3418
0.30000000000000004,50,8,0.060000000000000005,0.4666
0.30000000000000004,50,8,0.06999999999999999,0.5884
0.30000000000000004,50,8,0.08,0.6783
0.30000000000000004,50,8,0.09,0.7554
0.30000000000000004,50,8,0.09999999999999999,0.8186
0.30000000000000004,50,8,0.11,0.8751
0.30000000000000004,50,8,0.12,0.9176
0.30000000000000004,50,8,0.13,0.9591
0.30000000000000004,50,8,0.14,0.9852
0.30000000000000004,100,3,0.01,0.7407
0.30000000000000004,100,3,0.02,0.9646
0.30000000000000004,100,3,0.03,0.9936
0.30000000000000004,100,3,0.04,0.999
0.30000000000000004,100,3,0.05,0.9998
0.30000000000000004,100,3,0.060000000000000005,0.9999
0.30000000000000004,100,3,0.06999999999999999,1.0
0.30000000000000004,100,3,0.08,1.0
0.30000000000000004,100,3,0.09,1.0
0.30000000000000004,100,3,0.09999999999999999,1.0
0.30000000000000004,100,3,0.11,1.0
0.30000000000000004,100,3,0.12,1.0
0.30000000000000004,100,3,0.13,1.0
0.30000000000000004,100,3,0.14,1.0
0.30000000000000004,100,4,0.01,0.5105
0.30000000000000004,100,4,0.02,0.8939
0.30000000000000004,100,4,0.03,0.979
0.30000000000000004,100,4,0.04,0.9964
0.30000000000000004,100,4,0.05,0.999
0.30000000000000004,100,4,0.060000000000000005,0.9998
0.30000000000000004,100,4,0.06999999999999999,0.9999
0.30000000000000004,100,4,0.08,1.0
0.30000000000000004,100,4,0.09,1.0
0.30000000000000004,100,4,0.09999999999999999,1.0
0.30000000000000004,100,4,0.11,1.0
0.30000000000000004,100,4,0.12,1.0
0.30000000000000004,100,4,0.13,1.0
0.30000000000000004,100,4,0.14,1.0
0.30000000000000004,100,5,0.01,0.2862
0.30000000000000004,100,5,0.02,0.7767
0.30000000000000004,100,5,0.03,0.941
0.30000000000000004,100,5,0.04,0.9862
0.30000000000000004,100,5,0.05,0.9967
0.30000000000000004,100,5,0.060000000000000005,0.9992
0.30000000000000004,100,5,0.06999999999999999,0.9997
0.30000000000000004,100,5,0.08,1.0
0.30000000000000004,100,5,0.09,1.0
0.30000000000000004,100,5,0.09999999999999999,1.0
0.30000000000000004,100,5,0.11,1.0
0.30000000000000004,100,5,0.12,1.0
0.30000000000000004,100,5,0.13,1.0
0.30000000000000004,100,5,0.14,1.0
0.30000000000000004,100,6,0.01,0.1321
0.30000000000000004,100,6,0.02,0.6229
0.30000000000000004,100,6,0.03,0.8708
0.30000000000000004,100,6,0.04,0.9623
0.30000000000000004,100,6,0.05,0.988
0.30000000000000004,100,6,0.060000000000000005,0.9973
0.30000000000000004,100,6,0.06999999999999999,0.999
0.30000000000000004,100,6,0.08,0.9999
0.30000000000000004,100,6,0.09,1.0
0.30000000000000004,100,6,0.09999999999999999,1.0
0.30000000000000004,100,6,0.11,1.0
0.30000000000000004,100,6,0.12,1.0
0.30000000000000004,100,6,0.13,1.0
0.30000000000000004,100,6,0.14,1.0
0.30000000000000004,100,7,0.01,0.0483
0.30000000000000004,100,7,0.02,0.4426
0.30000000000000004,100,7,0.03,0.7626
0.30000000000000004,100,7,0.04,0.916
0.30000000000000004,100,7,0.05,0.9712
0.30000000000000004,100,7,0.060000000000000005,0.991
0.30000000000000004,100,7,0.06999999999999999,0.9975
0.30000000000000004,100,7,0.08,0.9991
0.30000000000000004,100,7,0.09,0.9998
0.30000000000000004,100,7,0.09999999999999999,0.9999
0.30000000000000004,100,7,0.11,1.0
0.30000000000000004,100,7,0.12,1.0
0.30000000000000004,100,7,0.13,1.0
0.30000000000000004,100,7,0.14,1.0
0.30000000000000004,100,8,0.01,0.0153
0.30000000000000004,100,8,0.02,0.278
0.30000000000000004,100,8,0.03,0.6156
0.30000000000000004,100,8,0.04,0.838
0.30000000000000004,100,8,0.05,0.934
0.30000000000000004,100,8,0.060000000000000005,0.9748
0.30000000000000004,100,8,0.06999999999999999,0.9915
0.30000000000000004,100,8,0.08,0.9973
0.30000000000000004,100,8,0.09,0.9988
0.30000000000000004,100,8,0.09999999999999999,0.9996
0.30000000000000004,100,8,0.11,0.9998
0.30000000000000004,100,8,0.12,1.0
0.30000000000000004,100,8,0.13,1.0
0.30000000000000004,100,8,0.14,1.0
0.30000000000000004,150,3,0.01,0.9024
0.30000000000000004,150,3,0.02,0.9955
0.30000000000000004,150,3,0.03,0.9998
0.30000000000000004,150,3,0.04,1.0
0.30000000000000004,150,3,0.05,1.0
0.30000000000000004,150,3,0.060000000000000005,1.0
0.30000000000000004,150,3,0.06999999999999999,1.0
0.30000000000000004,150,3,0.08,1.0
0.30000000000000004,150,3,0.09,1.0
0.30000000000000004,150,3,0.09999999999999999,1.0
0.30000000000000004,150,3,0.11,1.0
0.30000000000000004,150,3,0.12,1.0
0.30000000000000004,150,3,0.13,1.0
0.30000000000000004,150,3,0.14,1.0
0.30000000000000004,150,4,0.01,0.7572
0.30000000000000004,150,4,0.02,0.9845
0.30000000000000004,150,4,0.03,0.9984
0.30000000000000004,150,4,0.04,0.9999
0.30000000000000004,150,4,0.05,1.0
0.30000000000000004,150,4,0.060000000000000005,1.0
0.30000000000000004,150,4,0.06999999999999999,1.0
0.30000000000000004,150,4,0.08,1.0
0.30000000000000004,150,4,0.09,1.0
0.30000000000000004,150,4,0.09999999999999999,1.0
0.30000000000000004,150,4,0.11,1.0
0.30000000000000004,150,4,0.12,1.0
0.30000000000000004,150,4,0.13,1.0
0.30000000000000004,150,4,0.14,1.0
0.30000000000000004,150,5,0.01,0.5546
0.30000000000000004,150,5,0.02,0.9491
0.30000000000000004,150,5,0.03,0.9948
0.30000000000000004,150,5,0.04,0.9998
0.30000000000000004,150,5,0.05,1.0
0.30000000000000004,150,5,0.060000000000000005,1.0
0.30000000000000004,150,5,0.06999999999999999,1.0
0.30000000000000004,150,5,0.08,1.0
0.30000000000000004,150,5,0.09,1.0
0.30000000000000004,150,5,0.09999999999999999,1.0
0.30000000000000004,150,5,0.11,1.0
0.30000000000000004,150,5,0.12,1.0
0.30000000000000004,150,5,0.13,1.0
0.30000000000000004,150,5,0.14,1.0
0.30000000000000004,150,6,0.01,0.3446
0.30000000000000004,150,6,0.02,0.8865
0.30000000000000004,150,6,0.03,0.9833
0.30000000000000004,150,6,0.04,0.9984
0.30000000000000004,150,6,0.05,0.9999
0.30000000000000004,150,6,0.060000000000000005,1.0
0.30000000000000004,150,6,0.06999999999999999,1.0
0.30000000000000004,150,6,0.08,1.0
0.30000000000000004,150,6,0.09,1.0
0.30000000000000004,150,6,0.09999999999999999,1.0
0.30000000000000004,150,6,0.11,1.0
0.30000000000000004,150,6,0.12,1.0
0.30000000000000004,150,6,0.13,1.0
0.30000000000000004,150,6,0.14,1.0
0.30000000000000004,150,7,0.01,0.1837
0.30000000000000004,150,7,0.02,0.7834
0.30000000000000004,150,7,0.03,0.9612
0.30000000000000004,150,7,0.04,0.9949
0.30000000000000004,150,7,0.05,0.9995
0.30000000000000004,150,7,0.060000000000000005,1.0
0.30000000000000004,150,7,0.06999999999999999,1.0
0.30000000000000004,150,7,0.08,1.0
0.30000000000000004,150,7,0.09,1.0
0.30000000000000004,150,7,0.09999999999999999,1.0
0.30000000000000004,150,7,0.11,1.0
0.30000000000000004,150,7,0.12,1.0
0.30000000000000004,150,7,0.13,1.0
0.30000000000000004,150,7,0.14,1.0
0.30000000000000004,150,8,0.01,0.0804
0.30000000000000004,150,8,0.02,0.6443
0.30000000000000004,150,8,0.03,0.9184
0.30000000000000004,150,8,0.04,0.9857
0.30000000000000004,150,8,0.05,0.9977
0.30000000000000004,150,8,0.060000000000000005,0.9998
0.30000000000000004,150,8,0.06999999999999999,1.0
0.30000000000000004,150,8,0.08,1.0
0.30000000000000004,150,8,0.09,1.0
0.30000000000000004,150,8,0.09999999999999999,1.0
0.30000000000000004,150,8,0.11,1.0
0.30000000000000004,150,8,0.12,1.0
0.30000000000000004,150,8,0.13,1.0
0.30000000000000004,150,8,0.14,1.0
0.30000000000000004,200,3,0.01,0.9665
0.30000000000000004,200,3,0.02,0.9994
0.30000000000000004,200,3,0.03,1.0
0.30000000000000004,200,3,0.04,1.0
0.30000000000000004,200,3,0.05,1.0
0.30000000000000004,200,3,0.060000000000000005,1.0
0.30000000000000004,200,3,0.06999999999999999,1.0
0.30000000000000004,200,3,0.08,1.0
0.30000000000000004,200,3,0.09,1.0
0.30000000000000004,200,3,0.09999999999999999,1.0
0.30000000000000004,200,3,0.11,1.0
0.30000000000000004,200,3,0.12,1.0
0.30000000000000004,200,3,0.13,1.0
0.30000000000000004,200,3,0.14,1.0
0.30000000000000004,200,4,0.01,0.8874
0.30000000000000004,200,4,0.02,0.9979
0.30000000000000004,200,4,0.03,1.0
0.30000000000000004,200,4,0.04,1.0
0.30000000000000004,200,4,0.05,1.0
0.30000000000000004,200,4,0.060000000000000005,1.0
0.30000000000000004,200,4,0.06999999999999999,1.0
0.30000000000000004,200,4,0.08,1.0
0.30000000000000004,200,4,0.09,1.0
0.30000000000000004,200,4,0.09999999999999999,1.0
0.30000000000000004,200,4,0.11,1.0
0.30000000000000004,200,4,0.12,1.0
0.30000000000000004,200,4,0.13,1.0
0.30000000000000004,200,4,0.14,1.0
0.30000000000000004,200,5,0.01,0.7501
0.30000000000000004,200,5,0.02,0.9912
0.30000000000000004,200,5,0.03,0.9998
0.30000000000000004,200,5,0.04,1.0
0.30000000000000004,200,5,0.05,1.0
0.30000000000000004,200,5,0.060000000000000005,1.0
0.30000000000000004,200,5,0.06999999999999999,1.0
0.30000000000000004,200,5,0.08,1.0
0.30000000000000004,200,5,0.09,1.0
0.30000000000000004,200,5,0.09999999999999999,1.0
0.30000000000000004,200,5,0.11,1.0
0.30000000000000004,200,5,0.12,1.0
0.30000000000000004,200,5,0.13,1.0
0.30000000000000004,200,5,0.14,1.0
0.30000000000000004,200,6,0.01,0.5596
0.30000000000000004,200,6,0.02,0.973
0.30000000000000004,200,6,0.03,0.9988
0.30000000000000004,200,6,0.04,1.0
0.30000000000000004,200,6,0.05,1.0
0.30000000000000004,200,6,0.060000000000000005,1.0
0.30000000000000004,200,6,0.06999999999999999,1.0
0.30000000000000004,200,6,0.08,1.0
0.30000000000000004,200,6,0.09,1.0
0.30000000000000004,200,6,0.09999999999999999,1.0
0.30000000000000004,200,6,0.11,1.0
0.30000000000000004,200,6,0.12,1.0
0.30000000000000004,200,6,0.13,1.0
0.30000000000000004,200,6,0.14,1.0
0.30000000000000004,200,7,0.01,0.3612
0.30000000000000004,200,7,0.02,0.9343
0.30000000000000004,200,7,0.03,0.9954
0.30000000000000004,200,7,0.04,0.9998
0.30000000000000004,200,7,0.05,1.0
0.30000000000000004,200,7,0.060000000000000005,1.0
0.30000000000000004,200,7,0.06999999999999999,1.0
0.30000000000000004,200,7,0.08,1.0
0.30000000000000004,200,7,0.09,1.0
0.30000000000000004,200,7,0.09999999999999999,1.0
0.30000000000000004,200,7,0.11,1.0
0.30000000000000004,200,7,0.12,1.0
0.30000000000000004,200,7,0.13,1.0
0.30000000000000004,200,7,0.14,1.0
0.30000000000000004,200,8,0.01,0.1996
0.30000000000000004,200,8,0.02,0.8649
0.30000000000000004,200,8,0.03,0.9867
0.30000000000000004,200,8,0.04,0.9991
0.30000000000000004,200,8,0.05,1.0
0.30000000000000004,200,8,0.060000000000000005,1.0
0.30000000000000004,200,8,0.06999999999999999,1.0
0.30000000000000004,200,8,0.08,1.0
0.30000000000000004,200,8,0.09,1.0
0.30000000000000004,200,8,0.09999999999999999,1.0
0.30000000000000004,200,8,0.11,1.0
0.30000000000000004,200,8,0.12,1.0
0.30000000000000004,200,8,0.13,1.0
0.30000000000000004,200,8,0.14,1.0
0.30000000000000004,250,3,0.01,0.9881
0.30000000000000004,250,3,0.02,1.0
0.30000000000000004,250,3,0.03,1.0
0.30000000000000004,250,3,0.04,1.0
0.30000000000000004,250,3,0.05,1.0
0.30000000000000004,250,3,0.060000000000000005,1.0
0.30000000000000004,250,3,0.06999999999999999,1.0
0.30000000000000004,250,3,0.08,1.0
0.30000000000000004,250,3,0.09,1.0
0.30000000000000004,250,3,0.09999999999999999,1.0
0.30000000000000004,250,3,0.11,1.0
0.30000000000000004,250,3,0.12,1.0
0.30000000000000004,250,3,0.13,1.0
0.30000000000000004,250,3,0.14,1.0
0.30000000000000004,250,4,0.01,0.9501
0.30000000000000004,250,4,0.02,0.9995
0.30000000000000004,250,4,0.03,1.0
0.30000000000000004,250,4,0.04,1.0
0.30000000000000004,250,4,0.05,1.0
0.30000000000000004,250,4,0.060000000000000005,1.0
0.30000000000000004,250,4,0.06999999999999999,1.0
0.30000000000000004,250,4,0.08,1.0
0.30000000000000004,250,4,0.09,1.0
0.30000000000000004,250,4,0.09999999999999999,1.0
0.30000000000000004,250,4,0.11,1.0
0.30000000000000004,250,4,0.12,1.0
0.30000000000000004,250,4,0.13,1.0
0.30000000000000004,250,4,0.14,1.0
0.30000000000000004,250,5,0.01,0.8705
0.30000000000000004,250,5,0.02,0.9984
0.30000000000000004,250,5,0.03,1.0
0.30000000000000004,250,5,0.04,1.0
0.30000000000000004,250,5,0.05,1.0
0.30000000000000004,250,5,0.060000000000000005,1.0
0.30000000000000004,250,5,0.06999999999999999,1.0
0.30000000000000004,250,5,0.08,1.0
0.30000000000000004,250,5,0.09,1.0
0.30000000000000004,250,5,0.09999999999999999,1.0
0.30000000000000004,250,5,0.11,1.0
0.30000000000000004,250,5,0.12,1.0
0.30000000000000004,250,5,0.13,1.0
0.30000000000000004,250,5,0.14,1.0
0.30000000000000004,250,6,0.01,0.7233
0.30000000000000004,250,6,0.02,0.9941
0.30000000000000004,250,6,0.03,1.0
0.30000000000000004,250,6,0.04,1.0
0.30000000000000004,250,6,0.05,1.0
0.30000000000000004,250,6,0.060000000000000005,1.0
0.30000000000000004,250,6,0.06999999999999999,1.0
0.30000000000000004,250,6,0.08,1.0
0.30000000000000004,250,6,0.09,1.0
0.30000000000000004,250,6,0.09999999999999999,1.0
0.30000000000000004,250,6,0.11,1.0
0.30000000000000004,250,6,0.12,1.0
0.30000000000000004,250,6,0.13,1.0
0.30000000000000004,250,6,0.14,1.0
0.30000000000000004,250,7,0.01,0.5356
0.30000000000000004,250,7,0.02,0.9826
0.30000000000000004,250,7,0.03,0.9996
0.30000000000000004,250,7,0.04,1.0
0.30000000000000004,250,7,0.05,1.0
0.30000000000000004,250,7,0.060000000000000005,1.0
0.30000000000000004,250,7,0.06999999999999999,1.0
0.30000000000000004,250,7,0.08,1.0
0.30000000000000004,250,7,0.09,1.0
0.30000000000000004,250,7,0.09999999999999999,1.0
0.30000000000000004,250,7,0.11,1.0
0.30000000000000004,250,7,0.12,1.0
0.30000000000000004,250,7,0.13,1.0
0.30000000000000004,250,7,0.14,1.0
0.30000000000000004,250,8,0.01,0.3496
0.30000000000000004,250,8,0.02,0.9547
0.30000000000000004,250,8,0.03,0.9983
0.30000000000000004,250,8,0.04,0.9999
0.30000000000000004,250,8,0.05,1.0
0.30000000000000004,250,8,0.060000000000000005,1.0
0.30000000000000004,250,8,0.06999999999999999,1.0
0.30000000000000004,250,8,0.08,1.0
0.30000000000000004,250,8,0.09,1.0
0.30000000000000004,250,8,0.09999999999999999,1.0
0.30000000000000004,250,8,0.11,1.0
0.30000000000000004,250,8,0.12,1.0
0.30000000000000004,250,8,0.13,1.0
0.30000000000000004,250,8,0.14,1.0
0.30000000000000004,300,3,0.01,0.9954
0.30000000000000004,300,3,0.02,1.0
0.30000000000000004,300,3,0.03,1.0
0.30000000000000004,300,3,0.04,1.0
0.30000000000000004,300,3,0.05,1.0
0.30000000000000004,300,3,0.060000000000000005,1.0
0.30000000000000004,300,3,0.06999999999999999,1.0
0.30000000000000004,300,3,0.08,1.0
0.30000000000000004,300,3,0.09,1.0
0.30000000000000004,300,3,0.09999999999999999,1.0
0.30000000000000004,300,3,0.11,1.0
0.30000000000000004,300,3,0.12,1.0
0.30000000000000004,300,3,0.13,1.0
0.30000000000000004,300,3,0.14,1.0
0.30000000000000004,300,4,0.01,0.9764
0.30000000000000004,300,4,0.02,0.9999
0.30000000000000004,300,4,0.03,1.0
0.30000000000000004,300,4,0.04,1.0
0.30000000000000004,300,4,0.05,1.0
0.30000000000000004,300,4,0.060000000000000005,1.0
0.30000000000000004,300,4,0.06999999999999999,1.0
0.30000000000000004,300,4,0.08,1.0
0.30000000000000004,300,4,0.09,1.0
0.30000000000000004,300,4,0.09999999999999999,1.0
0.30000000000000004,300,4,0.11,1.0
0.30000000000000004,300,4,0.12,1.0
0.30000000000000004,300,4,0.13,1.0
0.30000000000000004,300,4,0.14,1.0
0.30000000000000004,300,5,0.01,0.9295
0.30000000000000004,300,5,0.02,0.9997
0.30000000000000004,300,5,0.03,1.0
0.30000000000000004,300,5,0.04,1.0
0.30000000000000004,300,5,0.05,1.0
0.30000000000000004,300,5,0.060000000000000005,1.0
0.30000000000000004,300,5,0.06999999999999999,1.0
0.30000000000000004,300,5,0.08,1.0
0.30000000000000004,300,5,0.09,1.0
0.30000000000000004,300,5,0.09999999999999999,1.0
0.30000000000000004,300,5,0.11,1.0
0.30000000000000004,300,5,0.12,1.0
0.30000000000000004,300,5,0.13,1.0
0.30000000000000004,300,5,0.14,1.0
0.30000000000000004,300,6,0.01,0.8366
0.30000000000000004,300,6,0.02,0.9984
0.30000000000000004,300,6,0.03,1.0
0.30000000000000004,300,6,0.04,1.0
0.30000000000000004,300,6,0.05,1.0
0.30000000000000004,300,6,0.060000000000000005,1.0
0.30000000000000004,300,6,0.06999999999999999,1.0
0.30000000000000004,300,6,0.08,1.0
0.30000000000000004,300,6,0.09,1.0
0.30000000000000004,300,6,0.09999999999999999,1.0
0.30000000000000004,300,6,0.11,1.0
0.30000000000000004,300,6,0.12,1.0
0.30000000000000004,300,6,0.13,1.0
0.30000000000000004,300,6,0.14,1.0
0.30000000000000004,300,7,0.01,0.6778
0.30000000000000004,300,7,0.02,0.9956
0.30000000000000004,300,7,0.03,0.9999
0.30000000000000004,300,7,0.04,1.0
0.30000000000000004,300,7,0.05,1.0
0.30000000000000004,300,7,0.060000000000000005,1.0
0.30000000000000004,300,7,0.06999999999999999,1.0
0.30000000000000004,300,7,0.08,1.0
0.30000000000000004,300,7,0.09,1.0
0.30000000000000004,300,7,0.09999999999999999,1.0
0.30000000000000004,300,7,0.11,1.0
0.30000000000000004,300,7,0.12,1.0
0.30000000000000004,300,7,0.13,1.0
0.30000000000000004,300,7,0.14,1.0
0.30000000000000004,300,8,0.01,0.4902
0.30000000000000004,300,8,0.02,0.9862
0.30000000000000004,300,8,0.03,0.9997
0.30000000000000004,300,8,0.04,1.0
0.30000000000000004,300,8,0.05,1.0
0.30000000000000004,300,8,0.060000000000000005,1.0
0.30000000000000004,300,8,0.06999999999999999,1.0
0.30000000000000004,300,8,0.08,1.0
0.30000000000000004,300,8,0.09,1.0
0.30000000000000004,300,8,0.09999999999999999,1.0
0.30000000000000004,300,8,0.11,1.0
0.30000000000000004,300,8,0.12,1.0
0.30000000000000004,300,8,0.13,1.0
0.30000000000000004,300,8,0.14,1.0
0.30000000000000004,350,3,0.01,0.9981
0.30000000000000004,350,3,0.02,1.0
0.30000000000000004,350,3,0.03,1.0
0.30000000000000004,350,3,0.04,1.0
0.30000000000000004,350,3,0.05,1.0
0.30000000000000004,350,3,0.060000000000000005,1.0
0.30000000000000004,350,3,0.06999999999999999,1.0
0.30000000000000004,350,3,0.08,1.0
0.30000000000000004,350,3,0.09,1.0
0.30000000000000004,350,3,0.09999999999999999,1.0
0.30000000000000004,350,3,0.11,1.0
0.30000000000000004,350,3,0.12,1.0
0.30000000000000004,350,3,0.13,1.0
0.30000000000000004,350,3,0.14,1.0
0.30000000000000004,350,4,0.01,0.9889
0.30000000000000004,350,4,0.02,1.0
0.30000000000000004,350,4,0.03,1.0
0.30000000000000004,350,4,0.04,1.0
0.30000000000000004,350,4,0.05,1.0
0.30000000000000004,350,4,0.060000000000000005,1.0
0.30000000000000004,350,4,0.06999999999999999,1.0
0.30000000000000004,350,4,0.08,1.0
0.30000000000000004,350,4,0.09,1.0
0.30000000000000004,350,4,0.09999999999999999,1.0
0.30000000000000004,350,4,0.11,1.0
0.30000000000000004,350,4,0.12,1.0
0.30000000000000004,350,4,0.13,1.0
0.30000000000000004,350,4,0.14,1.0
0.30000000000000004,350,5,0.01,0.9626
0.30000000000000004,350,5,0.02,0.9998
0.30000000000000004,350,5,0.03,1.0
0.30000000000000004,350,5,0.04,1.0
0.30000000000000004,350,5,0.05,1.0
0.30000000000000004,350,5,0.060000000000000005,1.0
0.30000000000000004,350,5,0.06999999999999999,1.0
0.30000000000000004,350,5,0.08,1.0
0.30000000000000004,350,5,0.09,1.0
0.30000000000000004,350,5,0.09999999999999999,1.0
0.30000000000000004,350,5,0.11,1.0
0.30000000000000004,350,5,0.12,1.0
0.30000000000000004,350,5,0.13,1.0
0.30000000000000004,350,5,0.14,1.0
0.30000000000000004,350,6,0.01,0.9019
0.30000000000000004,350,6,0.02,0.9996
0.30000000000000004,350,6,0.03,1.0
0.30000000000000004,350,6,0.04,1.0
0.30000000000000004,350,6,0.05,1.0
0.30000000000000004,350,6,0.060000000000000005,1.0
0.30000000000000004,350,6,0.06999999999999999,1.0
0.30000000000000004,350,6,0.08,1.0
0.30000000000000004,350,6,0.09,1.0
0.30000000000000004,350,6,0.09999999999999999,1.0
0.30000000000000004,350,6,0.11,1.0
0.30000000000000004,350,6,0.12,1.0
0.30000000000000004,350,6,0.13,1.0
0.30000000000000004,350,6,0.14,1.0
0.30000000000000004,350,7,0.01,0.7859
0.30000000000000004,350,7,0.02,0.9986
0.30000000000000004,350,7,0.03,1.0
0.30000000000000004,350,7,0.04,1.0
0.30000000000000004,350,7,0.05,1.0
0.30000000000000004,350,7,0.060000000000000005,1.0
0.30000000000000004,350,7,0.06999999999999999,1.0
0.30000000000000004,350,7,0.08,1.0
0.30000000000000004,350,7,0.09,1.0
0.30000000000000004,350,7,0.09999999999999999,1.0
0.30000000000000004,350,7,0.11,1.0
0.30000000000000004,350,7,0.12,1.0
0.30000000000000004,350,7,0.13,1.0
0.30000000000000004,350,7,0.14,1.0
0.30000000000000004,350,8,0.01,0.6173
0.30000000000000004,350,8,0.02,0.9956
0.30000000000000004,350,8,0.03,0.9999
0.30000000000000004,350,8,0.04,1.0
0.30000000000000004,350,8,0.05,1.0
0.30000000000000004,350,8,0.060000000000000005,1.0
0.30000000000000004,350,8,0.06999999999999999,1.0
0.30000000000000004,350,8,0.08,1.0
0.30000000000000004,350,8,0.09,1.0
0.30000000000000004,350,8,0.09999999999999999,1.0
0.30000000000000004,350,8,0.11,1.0
0.30000000000000004,350,8,0.12,1.0
0.30000000000000004,350,8,0.13,1.0
0.30000000000000004,350,8,0.14,1.0
0.30000000000000004,400,3,0.01,0.9989
0.30000000000000004,400,3,0.02,1.0
0.30000000000000004,400,3,0.03,1.0
0.30000000000000004,400,3,0.04,1.0
0.30000000000000004,400,3,0.05,1.0
0.30000000000000004,400,3,0.060000000000000005,1.0
0.30000000000000004,400,3,0.06999999999999999,1.0
0.30000000000000004,400,3,0.08,1.0
0.30000000000000004,400,3,0.09,1.0
0.30000000000000004,400,3,0.09999999999999999,1.0
0.30000000000000004,400,3,0.11,1.0
0.30000000000000004,400,3,0.12,1.0
0.30000000000000004,400,3,0.13,1.0
0.30000000000000004,400,3,0.14,1.0
0.30000000000000004,400,4,0.01,0.9947
0.30000000000000004,400,4,0.02,1.0
0.30000000000000004,400,4,0.03,1.0
0.30000000000000004,400,4,0.04,1.0
0.30000000000000004,400,4,0.05,1.0
0.30000000000000004,400,4,0.060000000000000005,1.0
0.30000000000000004,400,4,0.06999999999999999,1.0
0.30000000000000004,400,4,0.08,1.0
0.30000000000000004,400,4,0.09,1.0
0.30000000000000004,400,4,0.09999999999999999,1.0
0.30000000000000004,400,4,0.11,1.0
0.30000000000000004,400,4,0.12,1.0
0.30000000000000004,400,4,0.13,1.0
0.30000000000000004,400,4,0.14,1.0
0.30000000000000004,400,5,0.01,0.9788
0.30000000000000004,400,5,0.02,1.0
0.30000000000000004,400,5,0.03,1.0
0.30000000000000004,400,5,0.04,1.0
0.30000000000000004,400,5,0.05,1.0
0.30000000000000004,400,5,0.060000000000000005,1.0
0.30000000000000004,400,5,0.06999999999999999,1.0
0.30000000000000004,400,5,0.08,1.0
0.30000000000000004,400,5,0.09,1.0
0.30000000000000004,400,5,0.09999999999999999,1.0
0.30000000000000004,400,5,0.11,1.0
0.30000000000000004,400,5,0.12,1.0
0.30000000000000004,400,5,0.13,1.0
0.30000000000000004,400,5,0.14,1.0
0.30000000000000004,400,6,0.01,0.9398
0.30000000000000004,400,6,0.02,0.9997
0.30000000000000004,400,6,0.03,1.0
0.30000000000000004,400,6,0.04,1.0
0.30000000000000004,400,6,0.05,1.0
0.30000000000000004,400,6,0.060000000000000005,1.0
0.30000000000000004,400,6,0.06999999999999999,1.0
0.30000000000000004,400,6,0.08,1.0
0.30000000000000004,400,6,0.09,1.0
0.30000000000000004,400,6,0.09999999999999999,1.0
0.30000000000000004,400,6,0.11,1.0
0.30000000000000004,400,6,0.12,1.0
0.30000000000000004,400,6,0.13,1.0
0.30000000000000004,400,6,0.14,1.0
0.30000000000000004,400,7,0.01,0.8539
0.30000000000000004,400,7,0.02,0.9996
0.30000000000000004,400,7,0.03,1.0
0.30000000000000004,400,7,0.04,1.0
0.30000000000000004,400,7,0.05,1.0
0.30000000000000004,400,7,0.060000000000000005,1.0
0.30000000000000004,400,7,0.06999999999999999,1.0
0.30000000000000004,400,7,0.08,1.0
0.30000000000000004,400,7,0.09,1.0
0.30000000000000004,400,7,0.09999999999999999,1.0
0.30000000000000004,400,7,0.11,1.0
0.30000000000000004,400,7,0.12,1.0
0.30000000000000004,400,7,0.13,1.0
0.30000000000000004,400,7,0.14,1.0
0.30000000000000004,400,8,0.01,0.7162
0.30000000000000004,400,8,0.02,0.9986
0.30000000000000004,400,8,0.03,1.0
0.30000000000000004,400,8,0.04,1.0
0.30000000000000004,400,8,0.05,1.0
0.30000000000000004,400,8,0.060000000000000005,1.0
0.30000000000000004,400,8,0.06999999999999999,1.0
0.30000000000000004,400,8,0.08,1.0
0.30000000000000004,400,8,0.09,1.0
0.30000000000000004,400,8,0.09999999999999999,1.0
0.30000000000000004,400,8,0.11,1.0
0.30000000000000004,400,8,0.12,1.0
0.30000000000000004,400,8,0.13,1.0
0.30000000000000004,400,8,0.14,1.0
0.30000000000000004,450,3,0.01,0.9998
0.30000000000000004,450,3,0.02,1.0
0.30000000000000004,450,3,0.03,1.0
0.30000000000000004,450,3,0.04,1.0
0.30000000000000004,450,3,0.05,1.0
0.30000000000000004,450,3,0.060000000000000005,1.0
0.30000000000000004,450,3,0.06999999999999999,1.0
0.30000000000000004,450,3,0.08,1.0
0.30000000000000004,450,3,0.09,1.0
0.30000000000000004,450,3,0.09999999999999999,1.0
0.30000000000000004,450,3,0.11,1.0
0.30000000000000004,450,3,0.12,1.0
0.30000000000000004,450,3,0.13,1.0
0.30000000000000004,450,3,0.14,1.0
0.30000000000000004,450,4,0.01,0.9972
0.30000000000000004,450,4,0.02,1.0
0.30000000000000004,450,4,0.03,1.0
0.30000000000000004,450,4,0.04,1.0
0.30000000000000004,450,4,0.05,1.0
0.30000000000000004,450,4,0.060000000000000005,1.0
0.30000000000000004,450,4,0.06999999999999999,1.0
0.30000000000000004,450,4,0.08,1.0
0.30000000000000004,450,4,0.09,1.0
0.30000000000000004,450,4,0.09999999999999999,1.0
0.30000000000000004,450,4,0.11,1.0
0.30000000000000004,450,4,0.12,1.0
0.30000000000000004,450,4,0.13,1.0
0.30000000000000004,450,4,0.14,1.0
0.30000000000000004,450,5,0.01,0.9878
0.30000000000000004,450,5,0.02,1.0
0.30000000000000004,450,5,0.03,1.0
0.30000000000000004,450,5,0.04,1.0
0.30000000000000004,450,5,0.05,1.0
0.30000000000000004,450,5,0.060000000000000005,1.0
0.30000000000000004,450,5,0.06999999999999999,1.0
0.30000000000000004,450,5,0.08,1.0
0.30000000000000004,450,5,0.09,1.0
0.30000000000000004,450,5,0.09999999999999999,1.0
0.30000000000000004,450,5,0.11,1.0
0.30000000000000004,450,5,0.12,1.0
0.30000000000000004,450,5,0.13,1.0
0.30000000000000004,450,5,0.14,1.0
0.30000000000000004,450,6,0.01,0.9611
0.30000000000000004,450,6,0.02,0.9999
0.30000000000000004,450,6,0.03,1.0
0.30000000000000004,450,6,0.04,1.0
0.30000000000000004,450,6,0.05,1.0
0.30000000000000004,450,6,0.060000000000000005,1.0
0.30000000000000004,450,6,0.06999999999999999,1.0
0.30000000000000004,450,6,0.08,1.0
0.30000000000000004,450,6,0.09,1.0
0.30000000000000004,450,6,0.09999999999999999,1.0
0.30000000000000004,450,6,0.11,1.0
0.30000000000000004,450,6,0.12,1.0
0.30000000000000004,450,6,0.13,1.0
0.30000000000000004,450,6,0.14,1.0
0.30000000000000004,450,7,0.01,0.8949
0.30000000000000004,450,7,0.02,0.9998
0.30000000000000004,450,7,0.03,1.0
0.30000000000000004,450,7,0.04,1.0
0.30000000000000004,450,7,0.05,1.0
0.30000000000000004,450,7,0.060000000000000005,1.0
0.30000000000000004,450,7,0.06999999999999999,1.0
0.30000000000000004,450,7,0.08,1.0
0.30000000000000004,450,7,0.09,1.0
0.30000000000000004,450,7,0.09999999999999999,1.0
0.30000000000000004,450,7,0.11,1.0
0.30000000000000004,450,7,0.12,1.0
0.30000000000000004,450,7,0.13,1.0
0.30000000000000004,450,7,0.14,1.0
0.30000000000000004,450,8,0.01,0.7839
0.30000000000000004,450,8,0.02,0.9993
0.30000000000000004,450,8,0.03,1.0
0.30000000000000004,450,8,0.04,1.0
0.30000000000000004,450,8,0.05,1.0
0.30000000000000004,450,8,0.060000000000000005,1.0
0.30000000000000004,450,8,0.06999999999999999,1.0
0.30000000000000004,450,8,0.08,1.0
0.30000000000000004,450,8,0.09,1.0
0.30000000000000004,450,8,0.09999999999999999,1.0
0.30000000000000004,450,8,0.11,1.0
0.30000000000000004,450,8,0.12,1.0
0.30000000000000004,450,8,0.13,1.0
0.30000000000000004,450,8,0.14,1.0
0.30000000000000004,500,3,0.01,0.9999
0.30000000000000004,500,3,0.02,1.0
0.30000000000000004,500,3,0.03,1.0
0.30000000000000004,500,3,0.04,1.0
0.30000000000000004,500,3,0.05,1.0
0.30000000000000004,500,3,0.060000000000000005,1.0
0.30000000000000004,500,3,0.06999999999999999,1.0
0.30000000000000004,500,3,0.08,1.0
0.30000000000000004,500,3,0.09,1.0
0.30000000000000004,500,3,0.09999999999999999,1.0
0.30000000000000004,500,3,0.11,1.0
0.30000000000000004,500,3,0.12,1.0
0.30000000000000004,500,3,0.13,1.0
0.30000000000000004,500,3,0.14,1.0
0.30000000000000004,500,4,0.01,0.9986
0.30000000000000004,500,4,0.02,1.0
0.30000000000000004,500,4,0.03,1.0
0.30000000000000004,500,4,0.04,1.0
0.30000000000000004,500,4,0.05,1.0
0.30000000000000004,500,4,0.060000000000000005,1.0
0.30000000000000004,500,4,0.06999999999999999,1.0
0.30000000000000004,500,4,0.08,1.0
0.30000000000000004,500,4,0.09,1.0
0.30000000000000004,500,4,0.09999999999999999,1.0
0.30000000000000004,500,4,0.11,1.0
0.30000000000000004,500,4,0.12,1.0
0.30000000000000004,500,4,0.13,1.0
0.30000000000000004,500,4,0.14,1.0
0.30000000000000004,500,5,0.01,0.9928
0.30000000000000004,500,5,0.02,1.0
0.30000000000000004,500,5,0.03,1.0
0.30000000000000004,500,5,0.04,1.0
0.30000000000000004,500,5,0.05,1.0
0.30000000000000004,500,5,0.060000000000000005,1.0
0.30000000000000004,500,5,0.06999999999999999,1.0
0.30000000000000004,500,5,0.08,1.0
0.30000000000000004,500,5,0.09,1.0
0.30000000000000004,500,5,0.09999999999999999,1.0
0.30000000000000004,500,5,0.11,1.0
0.30000000000000004,500,5,0.12,1.0
0.30000000000000004,500,5,0.13,1.0
0.30000000000000004,500,5,0.14,1.0
0.30000000000000004,500,6,0.01,0.9743
0.30000000000000004,500,6,0.02,0.9999
0.30000000000000004,500,6,0.03,1.0
0.30000000000000004,500,6,0.04,1.0
0.30000000000000004,500,6,0.05,1.0
0.30000000000000004,500,6,0.060000000000000005,1.0
0.30000000000000004,500,6,0.06999999999999999,1.0
0.30000000000000004,500,6,0.08,1.0
0.30000000000000004,500,6,0.09,1.0
0.30000000000000004,500,6,0.09999999999999999,1.0
0.30000000000000004,500,6,0.11,1.0
0.30000000000000004,500,6,0.12,1.0
0.30000000000000004,500,6,0.13,1.0
0.30000000000000004,500,6,0.14,1.0
0.30000000000000004,500,7,0.01,0.9247
0.30000000000000004,500,7,0.02,0.9999
0.30000000000000004,500,7,0.03,1.0
0.30000000000000004,500,7,0.04,1.0
0.30000000000000004,500,7,0.05,1.0
0.30000000000000004,500,7,0.060000000000000005,1.0
0.30000000000000004,500,7,0.06999999999999999,1.0
0.30000000000000004,500,7,0.08,1.0
0.30000000000000004,500,7,0.09,1.0
0.30000000000000004,500,7,0.09999999999999999,1.0
0.30000000000000004,500,7,0.11,1.0
0.30000000000000004,500,7,0.12,1.0
0.30000000000000004,500,7,0.13,1.0
0.30000000000000004,500,7,0.14,1.0
0.30000000000000004,500,8,0.01,0.8337
0.30000000000000004,500,8,0.02,0.9999
0.30000000000000004,500,8,0.03,1.0
0.30000000000000004,500,8,0.04,1.0
0.30000000000000004,500,8,0.05,1.0
0.30000000000000004,500,8,0.060000000000000005,1.0
0.30000000000000004,500,8,0.06999999999999999,1.0
0.30000000000000004,500,8,0.08,1.0
0.30000000000000004,500,8,0.09,1.0
0.30000000000000004,500,8,0.09999999999999999,1.0
0.30000000000000004,500,8,0.11,1.0
0.30000000000000004,500,8,0.12,1.0
0.30000000000000004,500,8,0.13,1.0
0.30000000000000004,500,8,0.14,1.0
0.30000000000000004,550,3,0.01,0.9999
0.30000000000000004,550,3,0.02,1.0
0.30000000000000004,550,3,0.03,1.0
0.30000000000000004,550,3,0.04,1.0
0.30000000000000004,550,3,0.05,1.0
0.30000000000000004,550,3,0.060000000000000005,1.0
0.30000000000000004,550,3,0.06999999999999999,1.0
0.30000000000000004,550,3,0.08,1.0
0.30000000000000004,550,3,0.09,1.0
0.30000000000000004,550,3,0.09999999999999999,1.0
0.30000000000000004,550,3,0.11,1.0
0.30000000000000004,550,3,0.12,1.0
0.30000000000000004,550,3,0.13,1.0
0.30000000000000004,550,3,0.14,1.0
0.30000000000000004,550,4,0.01,0.9995
0.30000000000000004,550,4,0.02,1.0
0.30000000000000004,550,4,0.03,1.0
0.30000000000000004,550,4,0.04,1.0
0.30000000000000004,550,4,0.05,1.0
0.30000000000000004,550,4,0.060000000000000005,1.0
0.30000000000000004,550,4,0.06999999999999999,1.0
0.30000000000000004,550,4,0.08,1.0
0.30000000000000004,550,4,0.09,1.0
0.30000000000000004,550,4,0.09999999999999999,1.0
0.30000000000000004,550,4,0.11,1.0
0.30000000000000004,550,4,0.12,1.0
0.30000000000000004,550,4,0.13,1.0
0.30000000000000004,550,4,0.14,1.0
0.30000000000000004,550,5,0.01,0.9956
0.30000000000000004,550,5,0.02,1.0
0.30000000000000004,550,5,0.03,1.0
0.30000000000000004,550,5,0.04,1.0
0.30000000000000004,550,5,0.05,1.0
0.30000000000000004,550,5,0.060000000000000005,1.0
0.30000000000000004,550,5,0.06999999999999999,1.0
0.30000000000000004,550,5,0.08,1.0
0.30000000000000004,550,5,0.09,1.0
0.30000000000000004,550,5,0.09999999999999999,1.0
0.30000000000000004,550,5,0.11,1.0
0.30000000000000004,550,5,0.12,1.0
0.30000000000000004,550,5,0.13,1.0
0.30000000000000004,550,5,0.14,1.0
0.30000000000000004,550,6,0.01,0.9819
0.30000000000000004,550,6,0.02,1.0
0.30000000000000004,550,6,0.03,1.0
0.30000000000000004,550,6,0.04,1.0
0.30000000000000004,550,6,0.05,1.0
0.30000000000000004,550,6,0.060000000000000005,1.0
0.30000000000000004,550,6,0.06999999999999999,1.0
0.30000000000000004,550,6,0.08,1.0
0.30000000000000004,550,6,0.09,1.0
0.30000000000000004,550,6,0.09999999999999999,1.0
0.30000000000000004,550,6,0.11,1.0
0.30000000000000004,550,6,0.12,1.0
0.30000000000000004,550,6,0.13,1.0
0.30000000000000004,550,6,0.14,1.0
0.30000000000000004,550,7,0.01,0.9458
0.30000000000000004,550,7,0.02,0.9999
0.30000000000000004,550,7,0.03,1.0
0.30000000000000004,550,7,0.04,1.0
0.30000000000000004,550,7,0.05,1.0
0.30000000000000004,550,7,0.060000000000000005,1.0
0.30000000000000004,550,7,0.06999999999999999,1.0
0.30000000000000004,550,7,0.08,1.0
0.30000000000000004,550,7,0.09,1.0
0.30000000000000004,550,7,0.09999999999999999,1.0
0.30000000000000004,550,7,0.11,1.0
0.30000000000000004,550,7,0.12,1.0
0.30000000000000004,550,7,0.13,1.0
0.30000000000000004,550,7,0.14,1.0
0.30000000000000004,550,8,0.01,0.8728
0.30000000000000004,550,8,0.02,0.9999
0.30000000000000004,550,8,0.03,1.0
0.30000000000000004,550,8,0.04,1.0
0.30000000000000004,550,8,0.05,1.0
0.30000000000000004,550,8,0.060000000000000005,1.0
0.30000000000000004,550,8,0.06999999999999999,1.0
0.30000000000000004,550,8,0.08,1.0
0.30000000000000004,550,8,0.09,1.0
0.30000000000000004,550,8,0.09999999999999999,1.0
0.30000000000000004,550,8,0.11,1.0
0.30000000000000004,550,8,0.12,1.0
0.30000000000000004,550,8,0.13,1.0
0.30000000000000004,550,8,0.14,1.0
0.30000000000000004,600,3,0.01,0.9999
0.30000000000000004,600,3,0.02,1.0
0.30000000000000004,600,3,0.03,1.0
0.30000000000000004,600,3,0.04,1.0
0.30000000000000004,600,3,0.05,1.0
0.30000000000000004,600,3,0.060000000000000005,1.0
0.30000000000000004,600,3,0.06999999999999999,1.0
0.30000000000000004,600,3,0.08,1.0
0.30000000000000004,600,3,0.09,1.0
0.30000000000000004,600,3,0.09999999999999999,1.0
0.30000000000000004,600,3,0.11,1.0
0.30000000000000004,600,3,0.12,1.0
0.30000000000000004,600,3,0.13,1.0
0.30000000000000004,600,3,0.14,1.0
0.30000000000000004,600,4,0.01,0.9998
0.30000000000000004,600,4,0.02,1.0
0.30000000000000004,600,4,0.03,1.0
0.30000000000000004,600,4,0.04,1.0
0.30000000000000004,600,4,0.05,1.0
0.30000000000000004,600,4,0.060000000000000005,1.0
0.30000000000000004,600,4,0.06999999999999999,1.0
0.30000000000000004,600,4,0.08,1.0
0.30000000000000004,600,4,0.09,1.0
0.30000000000000004,600,4,0.09999999999999999,1.0
0.30000000000000004,600,4,0.11,1.0
0.30000000000000004,600,4,0.12,1.0
0.30000000000000004,600,4,0.13,1.0
0.30000000000000004,600,4,0.14,1.0
0.30000000000000004,600,5,0.01,0.9973
0.30000000000000004,600,5,0.02,1.0
0.30000000000000004,600,5,0.03,1.0
0.30000000000000004,600,5,0.04,1.0
0.30000000000000004,600,5,0.05,1.0
0.30000000000000004,600,5,0.060000000000000005,1.0
0.30000000000000004,600,5,0.06999999999999999,1.0
0.30000000000000004,600,5,0.08,1.0
0.30000000000000004,600,5,0.09,1.0
0.30000000000000004,600,5,0.09999999999999999,1.0
0.30000000000000004,600,5,0.11,1.0
0.30000000000000004,600,5,0.12,1.0
0.30000000000000004,600,5,0.13,1.0
0.30000000000000004,600,5,0.14,1.0
0.30000000000000004,600,6,0.01,0.9877
0.30000000000000004,600,6,0.02,1.0
0.30000000000000004,600,6,0.03,1.0
0.30000000000000004,600,6,0.04,1.0
0.30000000000000004,600,6,0.05,1.0
0.30000000000000004,600,6,0.060000000000000005,1.0
0.30000000000000004,600,6,0.06999999999999999,1.0
0.30000000000000004,600,6,0.08,1.0
0.30000000000000004,600,6,0.09,1.0
0.30000000000000004,600,6,0.09999999999999999,1.0
0.30000000000000004,600,6,0.11,1.0
0.30000000000000004,600,6,0.12,1.0
0.30000000000000004,600,6,0.13,1.0
0.30000000000000004,600,6,0.14,1.0
0.30000000000000004,600,7,0.01,0.9606
0.30000000000000004,600,7,0.02,1.0
0.30000000000000004,600,7,0.03,1.0
0.30000000000000004,600,7,0.04,1.0
0.30000000000000004,600,7,0.05,1.0
0.30000000000000004,600,7,0.060000000000000005,1.0
0.30000000000000004,600,7,0.06999999999999999,1.0
0.30000000000000004,600,7,0.08,1.0
0.30000000000000004,600,7,0.09,1.0
0.30000000000000004,600,7,0.09999999999999999,1.0
0.30000000000000004,600,7,0.11,1.0
0.30000000000000004,600,7,0.12,1.0
0.30000000000000004,600,7,0.13,1.0
0.30000000000000004,600,7,0.14,1.0
0.30000000000000004,600,8,0.01,0.9022
0.30000000000000004,600,8,0.02,0.9999
0.30000000000000004,600,8,0.03,1.0
0.30000000000000004,600,8,0.04,1.0
0.30000000000000004,600,8,0.05,1.0
0.30000000000000004,600,8,0.060000000000000005,1.0
0.30000000000000004,600,8,0.06999999999999999,1.0
0.30000000000000004,600,8,0.08,1.0
0.30000000000000004,600,8,0.09,1.0
0.30000000000000004,600,8,0.09999999999999999,1.0
0.30000000000000004,600,8,0.11,1.0
0.30000000000000004,600,8,0.12,1.0
0.30000000000000004,600,8,0.13,1.0
0.30000000000000004,600,8,0.14,1.0
0.30000000000000004,650,3,0.01,1.0
0.30000000000000004,650,3,0.02,1.0
0.30000000000000004,650,3,0.03,1.0
0.30000000000000004,650,3,0.04,1.0
0.30000000000000004,650,3,0.05,1.0
0.30000000000000004,650,3,0.060000000000000005,1.0
0.30000000000000004,650,3,0.06999999999999999,1.0
0.30000000000000004,650,3,0.08,1.0
0.30000000000000004,650,3,0.09,1.0
0.30000000000000004,650,3,0.09999999999999999,1.0
0.30000000000000004,650,3,0.11,1.0
0.30000000000000004,650,3,0.12,1.0
0.30000000000000004,650,3,0.13,1.0
0.30000000000000004,650,3,0.14,1.0
0.30000000000000004,650,4,0.01,0.9999
0.30000000000000004,650,4,0.02,1.0
0.30000000000000004,650,4,0.03,1.0
0.30000000000000004,650,4,0.04,1.0
0.30000000000000004,650,4,0.05,1.0
0.30000000000000004,650,4,0.060000000000000005,1.0
0.30000000000000004,650,4,0.06999999999999999,1.0
0.30000000000000004,650,4,0.08,1.0
0.30000000000000004,650,4,0.09,1.0
0.30000000000000004,650,4,0.09999999999999999,1.0
0.30000000000000004,650,4,0.11,1.0
0.30000000000000004,650,4,0.12,1.0
0.30000000000000004,650,4,0.13,1.0
0.30000000000000004,650,4,0.14,1.0
0.30000000000000004,650,5,0.01,0.9986
0.30000000000000004,650,5,0.02,1.0
0.30000000000000004,650,5,0.03,1.0
0.30000000000000004,650,5,0.04,1.0
0.30000000000000004,650,5,0.05,1.0
0.30000000000000004,650,5,0.060000000000000005,1.0
0.30000000000000004,650,5,0.06999999999999999,1.0
0.30000000000000004,650,5,0.08,1.0
0.30000000000000004,650,5,0.09,1.0
0.30000000000000004,650,5,0.09999999999999999,1.0
0.30000000000000004,650,5,0.11,1.0
0.30000000000000004,650,5,0.12,1.0
0.30000000000000004,650,5,0.13,1.0
0.30000000000000004,650,5,0.14,1.0
0.30000000000000004,650,6,0.01,0.9919
0.30000000000000004,650,6,0.02,1.0
0.30000000000000004,650,6,0.03,1.0
0.30000000000000004,650,6,0.04,1.0
0.30000000000000004,650,6,0.05,1.0
0.30000000000000004,650,6,0.060000000000000005,1.0
0.30000000000000004,650,6,0.06999999999999999,1.0
0.30000000000000004,650,6,0.08,1.0
0.30000000000000004,650,6,0.09,1.0
0.30000000000000004,650,6,0.09999999999999999,1.0
0.30000000000000004,650,6,0.11,1.0
0.30000000000000004,650,6,0.12,1.0
0.30000000000000004,650,6,0.13,1.0
0.30000000000000004,650,6,0.14,1.0
0.30000000000000004,650,7,0.01,0.9726
0.30000000000000004,650,7,0.02,1.0
0.30000000000000004,650,7,0.03,1.0
0.30000000000000004,650,7,0.04,1.0
0.30000000000000004,650,7,0.05,1.0
0.30000000000000004,650,7,0.060000000000000005,1.0
0.30000000000000004,650,7,0.06999999999999999,1.0
0.30000000000000004,650,7,0.08,1.0
0.30000000000000004,650,7,0.09,1.0
0.30000000000000004,650,7,0.09999999999999999,1.0
0.30000000000000004,650,7,0.11,1.0
0.30000000000000004,650,7,0.12,1.0
0.30000000000000004,650,7,0.13,1.0
0.30000000000000004,650,7,0.14,1.0
0.30000000000000004,650,8,0.01,0.9291
0.30000000000000004,650,8,0.02,1.0
0.30000000000000004,650,8,0.03,1.0
0.30000000000000004,650,8,0.04,1.0
0.30000000000000004,650,8,0.05,1.0
0.30000000000000004,650,8,0.060000000000000005,1.0
0.30000000000000004,650,8,0.06999999999999999,1.0
0.30000000000000004,650,8,0.08,1.0
0.30000000000000004,650,8,0.09,1.0
0.30000000000000004,650,8,0.09999999999999999,1.0
0.30000000000000004,650,8,0.11,1.0
0.30000000000000004,650,8,0.12,1.0
0.30000000000000004,650,8,0.13,1.0
0.30000000000000004,650,8,0.14,1.0
0.4,50,3,0.01,0.6312
0.4,50,3,0.02,0.9039
0.4,50,3,0.03,0.9696
0.4,50,3,0.04,0.9901
0.4,50,3,0.05,0.9962
0.4,50,3,0.060000000000000005,0.9982
0.4,50,3,0.06999999999999999,0.9994
0.4,50,3,0.08,0.9999
0.4,50,3,0.09,0.9999
0.4,50,3,0.09999999999999999,1.0
0.4,50,3,0.11,1.0
0.4,50,3,0.12,1.0
0.4,50,3,0.13,1.0
0.4,50,3,0.14,1.0
0.4,50,4,0.01,0.3854
0.4,50,4,0.02,0.771
0.4,50,4,0.03,0.9083
0.4,50,4,0.04,0.964
0.4,50,4,0.05,0.9863
0.4,50,4,0.060000000000000005,0.9945
0.4,50,4,0.06999999999999999,0.9979
0.4,50,4,0.08,0.9995
0.4,50,4,0.09,0.9999
0.4,50,4,0.09999999999999999,1.0
0.4,50,4,0.11,1.0
0.4,50,4,0.12,1.0
0.4,50,4,0.13,1.0
0.4,50,4,0.14,1.0
0.4,50,5,0.01,0.1928
0.4,50,5,0.02,0.5863
0.4,50,5,0.03,0.795
0.4,50,5,0.04,0.9009
0.4,50,5,0.05,0.9524
0.4,50,5,0.060000000000000005,0.9796
0.4,50,5,0.06999999999999999,0.993
0.4,50,5,0.08,0.9978
0.4,50,5,0.09,0.9998
0.4,50,5,0.09999999999999999,1.0
0.4,50,5,0.11,1.0
0.4,50,5,0.12,1.0
0.4,50,5,0.13,1.0
0.4,50,5,0.14,1.0
0.4,50,6,0.01,0.076
0.4,50,6,0.02,0.391
0.4,50,6,0.03,0.637
0.4,50,6,0.04,0.7984
0.4,50,6,0.05,0.8862
0.4,50,6,0.060000000000000005,0.9431
0.4,50,6,0.06999999999999999,0.9767
0.4,50,6,0.08,0.9929
0.4,50,6,0.09,0.9985
0.4,50,6,0.09999999999999999,0.9999
0.4,50,6,0.11,1.0
0.4,50,6,0.12,1.0
0.4,50,6,0.13,1.0
0.4,50,6,0.14,1.0
0.4,50,7,0.01,0.0222
0.4,50,7,0.02,0.228
0.4,50,7,0.03,0.464
0.4,50,7,0.04,0.6566
0.4,50,7,0.05,0.7844
0.4,50,7,0.060000000000000005,0.8795
0.4,50,7,0.06999999999999999,0.9442
0.4,50,7,0.08,0.9787
0.4,50,7,0.09,0.9957
0.4,50,7,0.09999999999999999,0.9992
0.4,50,7,0.11,0.9999
0.4,50,7,0.12,1.0
0.4,50,7,0.13,1.0
0.4,50,7,0.14,1.0
0.4,50,8,0.01,0.0057
0.4,50,8,0.02,0.1135
0.4,50,8,0.03,0.3033
0.4,50,8,0.04,0.4975
0.4,50,8,0.05,0.6492
0.4,50,8,0.060000000000000005,0.7819
0.4,50,8,0.06999999999999999,0.8865
0.4,50,8,0.08,0.952
0.4,50,8,0.09,0.9869
0.4,50,8,0.09999999999999999,0.998
0.4,50,8,0.11,0.9998
0.4,50,8,0.12,1.0
0.4,50,8,0.13,1.0
0.4,50,8,0.14,1.0
0.4,100,3,0.01,0.9231
0.4,100,3,0.02,0.9957
0.4,100,3,0.03,0.9995
0.4,100,3,0.04,0.9999
0.4,100,3,0.05,1.0
0.4,100,3,0.060000000000000005,1.0
0.4,100,3,0.06999999999999999,1.0
0.4,100,3,0.08,1.0
0.4,100,3,0.09,1.0
0.4,100,3,0.09999999999999999,1.0
0.4,100,3,0.11,1.0
0.4,100,3,0.12,1.0
0.4,100,3,0.13,1.0
0.4,100,3,0.14,1.0
0.4,100,4,0.01,0.7968
0.4,100,4,0.02,0.9837
0.4,100,4,0.03,0.998
0.4,100,4,0.04,0.9997
0.4,100,4,0.05,1.0
0.4,100,4,0.060000000000000005,1.0
0.4,100,4,0.06999999999999999,1.0
0.4,100,4,0.08,1.0
0.4,100,4,0.09,1.0
0.4,100,4,0.09999999999999999,1.0
0.4,100,4,0.11,1.0
0.4,100,4,0.12,1.0
0.4,100,4,0.13,1.0
0.4,100,4,0.14,1.0
0.4,100,5,0.01,0.6105
0.4,100,5,0.02,0.9532
0.4,100,5,0.03,0.9945
0.4,100,5,0.04,0.999
0.4,100,5,0.05,0.9998
0.4,100,5,0.060000000000000005,1.0
0.4,100,5,0.06999999999999999,1.0
0.4,100,5,0.08,1.0
0.4,100,5,0.09,1.0
0.4,100,5,0.09999999999999999,1.0
0.4,100,5,0.11,1.0
0.4,100,5,0.12,1.0
0.4,100,5,0.13,1.0
0.4,100,5,0.14,1.0
0.4,100,6,0.01,0.4096
0.4,100,6,0.02,0.8902
0.4,100,6,0.03,0.9817
0.4,100,6,0.04,0.9969
0.4,100,6,0.05,0.9992
0.4,100,6,0.060000000000000005,1.0
0.4,100,6,0.06999999999999999,1.0
0.4,100,6,0.08,1.0
0.4,100,6,0.09,1.0
0.4,100,6,0.09999999999999999,1.0
0.4,100,6,0.11,1.0
0.4,100,6,0.12,1.0
0.4,100,6,0.13,1.0
0.4,100,6,0.14,1.0
0.4,100,7,0.01,0.2212
0.4,100,7,0.02,0.7883
0.4,100,7,0.03,0.9522
0.4,100,7,0.04,0.9907
0.4,100,7,0.05,0.9977
0.4,100,7,0.060000000000000005,0.9999
0.4,100,7,0.06999999999999999,1.0
0.4,100,7,0.08,1.0
0.4,100,7,0.09,1.0
0.4,100,7,0.09999999999999999,1.0
0.4,100,7,0.11,1.0
0.4,100,7,0.12,1.0
0.4,100,7,0.13,1.0
0.4,100,7,0.14,1.0
0.4,100,8,0.01,0.0995
0.4,100,8,0.02,0.6441
0.4,100,8,0.03,0.8966
0.4,100,8,0.04,0.9739
0.4,100,8,0.05,0.994
0.4,100,8,0.060000000000000005,0.9982
0.4,100,8,0.06999999999999999,0.9999
0.4,100,8,0.08,1.0
0.4,100,8,0.09,1.0
0.4,100,8,0.09999999999999999,1.0
0.4,100,8,0.11,1.0
0.4,100,8,0.12,1.0
0.4,100,8,0.13,1.0
0.4,100,8,0.14,1.0
0.4,150,3,0.01,0.9849
0.4,150,3,0.02,0.9999
0.4,150,3,0.03,1.0
0.4,150,3,0.04,1.0
0.4,150,3,0.05,1.0
0.4,150,3,0.060000000000000005,1.0
0.4,150,3,0.06999999999999999,1.0
0.4,150,3,0.08,1.0
0.4,150,3,0.09,1.0
0.4,150,3,0.09999999999999999,1.0
0.4,150,3,0.11,1.0
0.4,150,3,0.12,1.0
0.4,150,3,0.13,1.0
0.4,150,3,0.14,1.0
0.4,150,4,0.01,0.9452
0.4,150,4,0.02,0.999
0.4,150,4,0.03,0.9999
0.4,150,4,0.04,1.0
0.4,150,4,0.05,1.0
0.4,150,4,0.060000000000000005,1.0
0.4,150,4,0.06999999999999999,1.0
0.4,150,4,0.08,1.0
0.4,150,4,0.09,1.0
0.4,150,4,0.09999999999999999,1.0
0.4,150,4,0.11,1.0
0.4,150,4,0.12,1.0
0.4,150,4,0.13,1.0
0.4,150,4,0.14,1.0
0.4,150,5,0.01,0.8549
0.4,150,5,0.02,0.9959
0.4,150,5,0.03,0.9999
0.4,150,5,0.04,1.0
0.4,150,5,0.05,1.0
0.4,150,5,0.060000000000000005,1.0
0.4,150,5,0.06999999999999999,1.0
0.4,150,5,0.08,1.0
0.4,150,5,0.09,1.0
0.4,150,5,0.09999999999999999,1.0
0.4,150,5,0.11,1.0
0.4,150,5,0.12,1.0
0.4,150,5,0.13,1.0
0.4,150,5,0.14,1.0
0.4,150,6,0.01,0.7032
0.4,150,6,0.02,0.9868
0.4,150,6,0.03,0.9992
0.4,150,6,0.04,0.9999
0.4,150,6,0.05,1.0
0.4,150,6,0.060000000000000005,1.0
0.4,150,6,0.06999999999999999,1.0
0.4,150,6,0.08,1.0
0.4,150,6,0.09,1.0
0.4,150,6,0.09999999999999999,1.0
0.4,150,6,0.11,1.0
0.4,150,6,0.12,1.0
0.4,150,6,0.13,1.0
0.4,150,6,0.14,1.0
0.4,150,7,0.01,0.5114
0.4,150,7,0.02,0.965
0.4,150,7,0.03,0.9973
0.4,150,7,0.04,0.9999
0.4,150,7,0.05,1.0
0.4,150,7,0.060000000000000005,1.0
0.4,150,7,0.06999999999999999,1.0
0.4,150,7,0.08,1.0
0.4,150,7,0.09,1.0
0.4,150,7,0.09999999999999999,1.0
0.4,150,7,0.11,1.0
0.4,150,7,0.12,1.0
0.4,150,7,0.13,1.0
0.4,150,7,0.14,1.0
0.4,150,8,0.01,0.3257
0.4,150,8,0.02,0.9223
0.4,150,8,0.03,0.9925
0.4,150,8,0.04,0.9996
0.4,150,8,0.05,1.0
0.4,150,8,0.060000000000000005,1.0
0.4,150,8,0.06999999999999999,1.0
0.4,150,8,0.08,1.0
0.4,150,8,0.09,1.0
0.4,150,8,0.09999999999999999,1.0
0.4,150,8,0.11,1.0
0.4,150,8,0.12,1.0
0.4,150,8,0.13,1.0
0.4,150,8,0.14,1.0
0.4,200,3,0.01,0.9968
0.4,200,3,0.02,1.0
0.4,200,3,0.03,1.0
0.4,200,3,0.04,1.0
0.4,200,3,0.05,1.0
0.4,200,3,0.060000000000000005,1.0
0.4,200,3,0.06999999999999999,1.0
0.4,200,3,0.08,1.0
0.4,200,3,0.09,1.0
0.4,200,3,0.09999999999999999,1.0
0.4,200,3,0.11,1.0
0.4,200,3,0.12,1.0
0.4,200,3,0.13,1.0
0.4,200,3,0.14,1.0
0.4,200,4,0.01,0.9856
0.4,200,4,0.02,1.0
0.4,200,4,0.03,1.0
0.4,200,4,0.04,1.0
0.4,200,4,0.05,1.0
0.4,200,4,0.060000000000000005,1.0
0.4,200,4,0.06999999999999999,1.0
0.4,200,4,0.08,1.0
0.4,200,4,0.09,1.0
0.4,200,4,0.09999999999999999,1.0
0.4,200,4,0.11,1.0
0.4,200,4,0.12,1.0
0.4,200,4,0.13,1.0
0.4,200,4,0.14,1.0
0.4,200,5,0.01,0.9517
0.4,200,5,0.02,0.9997
0.4,200,5,0.03,1.0
0.4,200,5,0.04,1.0
0.4,200,5,0.05,1.0
0.4,200,5,0.060000000000000005,1.0
0.4,200,5,0.06999999999999999,1.0
0.4,200,5,0.08,1.0
0.4,200,5,0.09,1.0
0.4,200,5,0.09999999999999999,1.0
0.4,200,5,0.11,1.0
0.4,200,5,0.12,1.0
0.4,200,5,0.13,1.0
0.4,200,5,0.14,1.0
0.4,200,6,0.01,0.8696
0.4,200,6,0.02,0.9989
0.4,200,6,0.03,1.0
0.4,200,6,0.04,1.0
0.4,200,6,0.05,1.0
0.4,200,6,0.060000000000000005,1.0
0.4,200,6,0.06999999999999999,1.0
0.4,200,6,0.08,1.0
0.4,200,6,0.09,1.0
0.4,200,6,0.09999999999999999,1.0
0.4,200,6,0.11,1.0
0.4,200,6,0.12,1.0
0.4,200,6,0.13,1.0
0.4,200,6,0.14,1.0
0.4,200,7,0.01,0.7343
0.4,200,7,0.02,0.9955
0.4,200,7,0.03,0.9999
0.4,200,7,0.04,1.0
0.4,200,7,0.05,1.0
0.4,200,7,0.060000000000000005,1.0
0.4,200,7,0.06999999999999999,1.0
0.4,200,7,0.08,1.0
0.4,200,7,0.09,1.0
0.4,200,7,0.09999999999999999,1.0
0.4,200,7,0.11,1.0
0.4,200,7,0.12,1.0
0.4,200,7,0.13,1.0
0.4,200,7,0.14,1.0
0.4,200,8,0.01,0.5594
0.4,200,8,0.02,0.9876
0.4,200,8,0.03,0.9994
0.4,200,8,0.04,1.0
0.4,200,8,0.05,1.0
0.4,200,8,0.060000000000000005,1.0
0.4,200,8,0.06999999999999999,1.0
0.4,200,8,0.08,1.0
0.4,200,8,0.09,1.0
0.4,200,8,0.09999999999999999,1.0
0.4,200,8,0.11,1.0
0.4,200,8,0.12,1.0
0.4,200,8,0.13,1.0
0.4,200,8,0.14,1.0
0.4,250,3,0.01,0.9987
0.4,250,3,0.02,1.0
0.4,250,3,0.03,1.0
0.4,250,3,0.04,1.0
0.4,250,3,0.05,1.0
0.4,250,3,0.060000000000000005,1.0
0.4,250,3,0.06999999999999999,1.0
0.4,250,3,0.08,1.0
0.4,250,3,0.09,1.0
0.4,250,3,0.09999999999999999,1.0
0.4,250,3,0.11,1.0
0.4,250,3,0.12,1.0
0.4,250,3,0.13,1.0
0.4,250,3,0.14,1.0
0.4,250,4,0.01,0.9958
0.4,250,4,0.02,1.0
0.4,250,4,0.03,1.0
0.4,250,4,0.04,1.0
0.4,250,4,0.05,1.0
0.4,250,4,0.060000000000000005,1.0
0.4,250,4,0.06999999999999999,1.0
0.4,250,4,0.08,1.0
0.4,250,4,0.09,1.0
0.4,250,4,0.09999999999999999,1.0
0.4,250,4,0.11,1.0
0.4,250,4,0.12,1.0
0.4,250,4,0.13,1.0
0.4,250,4,0.14,1.0
0.4,250,5,0.01,0.984
0.4,250,5,0.02,1.0
0.4,250,5,0.03,1.0
0.4,250,5,0.04,1.0
0.4,250,5,0.05,1.0
0.4,250,5,0.060000000000000005,1.0
0.4,250,5,0.06999999999999999,1.0
0.4,250,5,0.08,1.0
0.4,250,5,0.09,1.0
0.4,250,5,0.09999999999999999,1.0
0.4,250,5,0.11,1.0
0.4,250,5,0.12,1.0
0.4,250,5,0.13,1.0
0.4,250,5,0.14,1.0
0.4,250,6,0.01,0.9479
0.4,250,6,0.02,1.0
0.4,250,6,0.03,1.0
0.4,250,6,0.04,1.0
0.4,250,6,0.05,1.0
0.4,250,6,0.060000000000000005,1.0
0.4,250,6,0.06999999999999999,1.0
0.4,250,6,0.08,1.0
0.4,250,6,0.09,1.0
0.4,250,6,0.09999999999999999,1.0
0.4,250,6,0.11,1.0
0.4,250,6,0.12,1.0
0.4,250,6,0.13,1.0
0.4,250,6,0.14,1.0
0.4,250,7,0.01,0.8657
0.4,250,7,0.02,0.9995
0.4,250,7,0.03,1.0
0.4,250,7,0.04,1.0
0.4,250,7,0.05,1.0
0.4,250,7,0.060000000000000005,1.0
0.4,250,7,0.06999999999999999,1.0
0.4,250,7,0.08,1.0
0.4,250,7,0.09,1.0
0.4,250,7,0.09999999999999999,1.0
0.4,250,7,0.11,1.0
0.4,250,7,0.12,1.0
0.4,250,7,0.13,1.0
0.4,250,7,0.14,1.0
0.4,250,8,0.01,0.7364
0.4,250,8,0.02,0.9979
0.4,250,8,0.03,1.0
0.4,250,8,0.04,1.0
0.4,250,8,0.05,1.0
0.4,250,8,0.060000000000000005,1.0
0.4,250,8,0.06999999999999999,1.0
0.4,250,8,0.08,1.0
0.4,250,8,0.09,1.0
0.4,250,8,0.09999999999999999,1.0
0.4,250,8,0.11,1.0
0.4,250,8,0.12,1.0
0.4,250,8,0.13,1.0
0.4,250,8,0.14,1.0
0.4,300,3,0.01,0.9998
0.4,300,3,0.02,1.0
0.4,300,3,0.03,1.0
0.4,300,3,0.04,1.0
0.4,300,3,0.05,1.0
0.4,300,3,0.060000000000000005,1.0
0.4,300,3,0.06999999999999999,1.0
0.4,300,3,0.08,1.0
0.4,300,3,0.09,1.0
0.4,300,3,0.09999999999999999,1.0
0.4,300,3,0.11,1.0
0.4,300,3,0.12,1.0
0.4,300,3,0.13,1.0
0.4,300,3,0.14,1.0
0.4,300,4,0.01,0.9984
0.4,300,4,0.02,1.0
0.4,300,4,0.03,1.0
0.4,300,4,0.04,1.0
0.4,300,4,0.05,1.0
0.4,300,4,0.060000000000000005,1.0
0.4,300,4,0.06999999999999999,1.0
0.4,300,4,0.08,1.0
0.4,300,4,0.09,1.0
0.4,300,4,0.09999999999999999,1.0
0.4,300,4,0.11,1.0
0.4,300,4,0.12,1.0
0.4,300,4,0.13,1.0
0.4,300,4,0.14,1.0
0.4,300,5,0.01,0.9933
0.4,300,5,0.02,1.0
0.4,300,5,0.03,1.0
0.4,300,5,0.04,1.0
0.4,300,5,0.05,1.0
0.4,300,5,0.060000000000000005,1.0
0.4,300,5,0.06999999999999999,1.0
0.4,300,5,0.08,1.0
0.4,300,5,0.09,1.0
0.4,300,5,0.09999999999999999,1.0
0.4,300,5,0.11,1.0
0.4,300,5,0.12,1.0
0.4,300,5,0.13,1.0
0.4,300,5,0.14,1.0
0.4,300,6,0.01,0.9771
0.4,300,6,0.02,1.0
0.4,300,6,0.03,1.0
0.4,300,6,0.04,1.0
0.4,300,6,0.05,1.0
0.4,300,6,0.060000000000000005,1.0
0.4,300,6,0.06999999999999999,1.0
0.4,300,6,0.08,1.0
0.4,300,6,0.09,1.0
0.4,300,6,0.09999999999999999,1.0
0.4,300,6,0.11,1.0
0.4,300,6,0.12,1.0
0.4,300,6,0.13,1.0
0.4,300,6,0.14,1.0
0.4,300,7,0.01,0.9355
0.4,300,7,0.02,1.0
0.4,300,7,0.03,1.0
0.4,300,7,0.04,1.0
0.4,300,7,0.05,1.0
0.4,300,7,0.060000000000000005,1.0
0.4,300,7,0.06999999999999999,1.0
0.4,300,7,0.08,1.0
0.4,300,7,0.09,1.0
0.4,300,7,0.09999999999999999,1.0
0.4,300,7,0.11,1.0
0.4,300,7,0.12,1.0
0.4,300,7,0.13,1.0
0.4,300,7,0.14,1.0
0.4,300,8,0.01,0.8452
0.4,300,8,0.02,0.9998
0.4,300,8,0.03,1.0
0.4,300,8,0.04,1.0
0.4,300,8,0.05,1.0
0.4,300,8,0.060000000000000005,1.0
0.4,300,8,0.06999999999999999,1.0
0.4,300,8,0.08,1.0
0.4,300,8,0.09,1.0
0.4,300,8,0.09999999999999999,1.0
0.4,300,8,0.11,1.0
0.4,300,8,0.12,1.0
0.4,300,8,0.13,1.0
0.4,300,8,0.14,1.0
0.4,350,3,0.01,0.9999
0.4,350,3,0.02,1.0
0.4,350,3,0.03,1.0
0.4,350,3,0.04,1.0
0.4,350,3,0.05,1.0
0.4,350,3,0.060000000000000005,1.0
0.4,350,3,0.06999999999999999,1.0
0.4,350,3,0.08,1.0
0.4,350,3,0.09,1.0
0.4,350,3,0.09999999999999999,1.0
0.4,350,3,0.11,1.0
0.4,350,3,0.12,1.0
0.4,350,3,0.13,1.0
0.4,350,3,0.14,1.0
0.4,350,4,0.01,0.9997
0.4,350,4,0.02,1.0
0.4,350,4,0.03,1.0
0.4,350,4,0.04,1.0
0.4,350,4,0.05,1.0
0.4,350,4,0.060000000000000005,1.0
0.4,350,4,0.06999999999999999,1.0
0.4,350,4,0.08,1.0
0.4,350,4,0.09,1.0
0.4,350,4,0.09999999999999999,1.0
0.4,350,4,0.11,1.0
0.4,350,4,0.12,1.0
0.4,350,4,0.13,1.0
0.4,350,4,0.14,1.0
0.4,350,5,0.01,0.9973
0.4,350,5,0.02,1.0
0.4,350,5,0.03,1.0
0.4,350,5,0.04,1.0
0.4,350,5,0.05,1.0
0.4,350,5,0.060000000000000005,1.0
0.4,350,5,0.06999999999999999,1.0
0.4,350,5,0.08,1.0
0.4,350,5,0.09,1.0
0.4,350,5,0.09999999999999999,1.0
0.4,350,5,0.11,1.0
0.4,350,5,0.12,1.0
0.4,350,5,0.13,1.0
0.4,350,5,0.14,1.0
0.4,350,6,0.01,0.9898
0.4,350,6,0.02,1.0
0.4,350,6,0.03,1.0
0.4,350,6,0.04,1.0
0.4,350,6,0.05,1.0
0.4,350,6,0.060000000000000005,1.0
0.4,350,6,0.06999999999999999,1.0
0.4,350,6,0.08,1.0
0.4,350,6,0.09,1.0
0.4,350,6,0.09999999999999999,1.0
0.4,350,6,0.11,1.0
0.4,350,6,0.12,1.0
0.4,350,6,0.13,1.0
0.4,350,6,0.14,1.0
0.4,350,7,0.01,0.969
0.4,350,7,0.02,1.0
0.4,350,7,0.03,1.0
0.4,350,7,0.04,1.0
0.4,350,7,0.05,1.0
0.4,350,7,0.060000000000000005,1.0
0.4,350,7,0.06999999999999999,1.0
0.4,350,7,0.08,1.0
0.4,350,7,0.09,1.0
0.4,350,7,0.09999999999999999,1.0
0.4,350,7,0.11,1.0
0.4,350,7,0.12,1.0
0.4,350,7,0.13,1.0
0.4,350,7,0.14,1.0
0.4,350,8,0.01,0.9104
0.4,350,8,0.02,1.0
0.4,350,8,0.03,1.0
0.4,350,8,0.04,1.0
0.4,350,8,0.05,1.0
0.4,350,8,0.060000000000000005,1.0
0.4,350,8,0.06999999999999999,1.0
0.4,350,8,0.08,1.0
0.4,350,8,0.09,1.0
0.4,350,8,0.09999999999999999,1.0
0.4,350,8,0.11,1.0
0.4,350,8,0.12,1.0
0.4,350,8,0.13,1.0
0.4,350,8,0.14,1.0
0.4,400,3,0.01,1.0
0.4,400,3,0.02,1.0
0.4,400,3,0.03,1.0
0.4,400,3,0.04,1.0
0.4,400,3,0.05,1.0
0.4,400,3,0.060000000000000005,1.0
0.4,400,3,0.06999999999999999,1.0
0.4,400,3,0.08,1.0
0.4,400,3,0.09,1.0
0.4,400,3,0.09999999999999999,1.0
0.4,400,3,0.11,1.0
0.4,400,3,0.12,1.0
0.4,400,3,0.13,1.0
0.4,400,3,0.14,1.0
0.4,400,4,0.01,0.9997
0.4,400,4,0.02,1.0
0.4,400,4,0.03,1.0
0.4,400,4,0.04,1.0
0.4,400,4,0.05,1.0
0.4,400,4,0.060000000000000005,1.0
0.4,400,4,0.06999999999999999,1.0
0.4,400,4,0.08,1.0
0.4,400,4,0.09,1.0
0.4,400,4,0.09999999999999999,1.0
0.4,400,4,0.11,1.0
0.4,400,4,0.12,1.0
0.4,400,4,0.13,1.0
0.4,400,4,0.14,1.0
0.4,400,5,0.01,0.9988
0.4,400,5,0.02,1.0
0.4,400,5,0.03,1.0
0.4,400,5,0.04,1.0
0.4,400,5,0.05,1.0
0.4,400,5,0.060000000000000005,1.0
0.4,400,5,0.06999999999999999,1.0
0.4,400,5,0.08,1.0
0.4,400,5,0.09,1.0
0.4,400,5,0.09999999999999999,1.0
0.4,400,5,0.11,1.0
0.4,400,5,0.12,1.0
0.4,400,5,0.13,1.0
0.4,400,5,0.14,1.0
0.4,400,6,0.01,0.9948
0.4,400,6,0.02,1.0
0.4,400,6,0.03,1.0
0.4,400,6,0.04,1.0
0.4,400,6,0.05,1.0
0.4,400,6,0.060000000000000005,1.0
0.4,400,6,0.06999999999999999,1.0
0.4,400,6,0.08,1.0
0.4,400,6,0.09,1.0
0.4,400,6,0.09999999999999999,1.0
0.4,400,6,0.11,1.0
0.4,400,6,0.12,1.0
0.4,400,6,0.13,1.0
0.4,400,6,0.14,1.0
0.4,400,7,0.01,0.9842
0.4,400,7,0.02,1.0
0.4,400,7,0.03,1.0
0.4,400,7,0.04,1.0
0.4,400,7,0.05,1.0
0.4,400,7,0.060000000000000005,1.0
0.4,400,7,0.06999999999999999,1.0
0.4,400,7,0.08,1.0
0.4,400,7,0.09,1.0
0.4,400,7,0.09999999999999999,1.0
0.4,400,7,0.11,1.0
0.4,400,7,0.12,1.0
0.4,400,7,0.13,1.0
0.4,400,7,0.14,1.0
0.4,400,8,0.01,0.9473
0.4,400,8,0.02,1.0
0.4,400,8,0.03,1.0
0.4,400,8,0.04,1.0
0.4,400,8,0.05,1.0
0.4,400,8,0.060000000000000005,1.0
0.4,400,8,0.06999999999999999,1.0
0.4,400,8,0.08,1.0
0.4,400,8,0.09,1.0
0.4,400,8,0.09999999999999999,1.0
0.4,400,8,0.11,1.0
0.4,400,8,0.12,1.0
0.4,400,8,0.13,1.0
0.4,400,8,0.14,1.0
0.4,450,3,0.01,1.0
0.4,450,3,0.02,1.0
0.4,450,3,0.03,1.0
0.4,450,3,0.04,1.0
0.4,450,3,0.05,1.0
0.4,450,3,0.060000000000000005,1.0
0.4,450,3,0.06999999999999999,1.0
0.4,450,3,0.08,1.0
0.4,450,3,0.09,1.0
0.4,450,3,0.09999999999999999,1.0
0.4,450,3,0.11,1.0
0.4,450,3,0.12,1.0
0.4,450,3,0.13,1.0
0.4,450,3,0.14,1.0
0.4,450,4,0.01,1.0
0.4,450,4,0.02,1.0
0.4,450,4,0.03,1.0
0.4,450,4,0.04,1.0
0.4,450,4,0.05,1.0
0.4,450,4,0.060000000000000005,1.0
0.4,450,4,0.06999999999999999,1.0
0.4,450,4,0.08,1.0
0.4,450,4,0.09,1.0
0.4,450,4,0.09999999999999999,1.0
0.4,450,4,0.11,1.0
0.4,450,4,0.12,1.0
0.4,450,4,0.13,1.0
0.4,450,4,0.14,1.0
0.4,450,5,0.01,0.9994
0.4,450,5,0.02,1.0
0.4,450,5,0.03,1.0
0.4,450,5,0.04,1.0
0.4,450,5,0.05,1.0
0.4,450,5,0.060000000000000005,1.0
0.4,450,5,0.06999999999999999,1.0
0.4,450,5,0.08,1.0
0.4,450,5,0.09,1.0
0.4,450,5,0.09999999999999999,1.0
0.4,450,5,0.11,1.0
0.4,450,5,0.12,1.0
0.4,450,5,0.13,1.0
0.4,450,5,0.14,1.0
0.4,450,6,0.01,0.9968
0.4,450,6,0.02,1.0
0.4,450,6,0.03,1.0
0.4,450,6,0.04,1.0
0.4,450,6,0.05,1.0
0.4,450,6,0.060000000000000005,1.0
0.4,450,6,0.06999999999999999,1.0
0.4,450,6,0.08,1.0
0.4,450,6,0.09,1.0
0.4,450,6,0.09999999999999999,1.0
0.4,450,6,0.11,1.0
0.4,450,6,0.12,1.0
0.4,450,6,0.13,1.0
0.4,450,6,0.14,1.0
0.4,450,7,0.01,0.99
0.4,450,7,0.02,1.0
0.4,450,7,0.03,1.0
0.4,450,7,0.04,1.0
0.4,450,7,0.05,1.0
0.4,450,7,0.060000000000000005,1.0
0.4,450,7,0.06999999999999999,1.0
0.4,450,7,0.08,1.0
0.4,450,7,0.09,1.0
0.4,450,7,0.09999999999999999,1.0
0.4,450,7,0.11,1.0
0.4,450,7,0.12,1.0
0.4,450,7,0.13,1.0
0.4,450,7,0.14,1.0
0.4,450,8,0.01,0.9648
0.4,450,8,0.02,1.0
0.4,450,8,0.03,1.0
0.4,450,8,0.04,1.0
0.4,450,8,0.05,1.0
0.4,450,8,0.060000000000000005,1.0
0.4,450,8,0.06999999999999999,1.0
0.4,450,8,0.08,1.0
0.4,450,8,0.09,1.0
0.4,450,8,0.09999999999999999,1.0
0.4,450,8,0.11,1.0
0.4,450,8,0.12,1.0
0.4,450,8,0.13,1.0
0.4,450,8,0.14,1.0
0.4,500,3,0.01,1.0
0.4,500,3,0.02,1.0
0.4,500,3,0.03,1.0
0.4,500,3,0.04,1.0
0.4,500,3,0.05,1.0
0.4,500,3,0.060000000000000005,1.0
0.4,500,3,0.06999999999999999,1.0
0.4,500,3,0.08,1.0
0.4,500,3,0.09,1.0
0.4,500,3,0.09999999999999999,1.0
0.4,500,3,0.11,1.0
0.4,500,3,0.12,1.0
0.4,500,3,0.13,1.0
0.4,500,3,0.14,1.0
0.4,500,4,0.01,1.0
0.4,500,4,0.02,1.0
0.4,500,4,0.03,1.0
0.4,500,4,0.04,1.0
0.4,500,4,0.05,1.0
0.4,500,4,0.060000000000000005,1.0
0.4,500,4,0.06999999999999999,1.0
0.4,500,4,0.08,1.0
0.4,500,4,0.09,1.0
0.4,500,4,0.09999999999999999,1.0
0.4,500,4,0.11,1.0
0.4,500,4,0.12,1.0
0.4,500,4,0.13,1.0
0.4,500,4,0.14,1.0
0.4,500,5,0.01,0.9996
0.4,500,5,0.02,1.0
0.4,500,5,0.03,1.0
0.4,500,5,0.04,1.0
0.4,500,5,0.05,1.0
0.4,500,5,0.060000000000000005,1.0
0.4,500,5,0.06999999999999999,1.0
0.4,500,5,0.08,1.0
0.4,500,5,0.09,1.0
0.4,500,5,0.09999999999999999,1.0
0.4,500,5,0.11,1.0
0.4,500,5,0.12,1.0
0.4,500,5,0.13,1.0
0.4,500,5,0.14,1.0
0.4,500,6,0.01,0.9983
0.4,500,6,0.02,1.0
0.4,500,6,0.03,1.0
0.4,500,6,0.04,1.0
0.4,500,6,0.05,1.0
0.4,500,6,0.060000000000000005,1.0
0.4,500,6,0.06999999999999999,1.0
0.4,500,6,0.08,1.0
0.4,500,6,0.09,1.0
0.4,500,6,0.09999999999999999,1.0
0.4,500,6,0.11,1.0
0.4,500,6,0.12,1.0
0.4,500,6,0.13,1.0
0.4,500,6,0.14,1.0
0.4,500,7,0.01,0.9933
0.4,500,7,0.02,1.0
0.4,500,7,0.03,1.0
0.4,500,7,0.04,1.0
0.4,500,7,0.05,1.0
0.4,500,7,0.060000000000000005,1.0
0.4,500,7,0.06999999999999999,1.0
0.4,500,7,0.08,1.0
0.4,500,7,0.09,1.0
0.4,500,7,0.09999999999999999,1.0
0.4,500,7,0.11,1.0
0.4,500,7,0.12,1.0
0.4,500,7,0.13,1.0
0.4,500,7,0.14,1.0
0.4,500,8,0.01,0.9773
0.4,500,8,0.02,1.0
0.4,500,8,0.03,1.0
0.4,500,8,0.04,1.0
0.4,500,8,0.05,1.0
0.4,500,8,0.060000000000000005,1.0
0.4,500,8,0.06999999999999999,1.0
0.4,500,8,0.08,1.0
0.4,500,8,0.09,1.0
0.4,500,8,0.09999999999999999,1.0
0.4,500,8,0.11,1.0
0.4,500,8,0.12,1.0
0.4,500,8,0.13,1.0
0.4,500,8,0.14,1.0
0.4,550,3,0.01,1.0
0.4,550,3,0.02,1.0
0.4,550,3,0.03,1.0
0.4,550,3,0.04,1.0
0.4,550,3,0.05,1.0
0.4,550,3,0.060000000000000005,1.0
0.4,550,3,0.06999999999999999,1.0
0.4,550,3,0.08,1.0
0.4,550,3,0.09,1.0
0.4,550,3,0.09999999999999999,1.0
0.4,550,3,0.11,1.0
0.4,550,3,0.12,1.0
0.4,550,3,0.13,1.0
0.4,550,3,0.14,1.0
0.4,550,4,0.01,1.0
0.4,550,4,0.02,1.0
0.4,550,4,0.03,1.0
0.4,550,4,0.04,1.0
0.4,550,4,0.05,1.0
0.4,550,4,0.060000000000000005,1.0
0.4,550,4,0.06999999999999999,1.0
0.4,550,4,0.08,1.0
0.4,550,4,0.09,1.0
0.4,550,4,0.09999999999999999,1.0
0.4,550,4,0.11,1.0
0.4,550,4,0.12,1.0
0.4,550,4,0.13,1.0
0.4,550,4,0.14,1.0
0.4,550,5,0.01,0.9999
0.4,550,5,0.02,1.0
0.4,550,5,0.03,1.0
0.4,550,5,0.04,1.0
0.4,550,5,0.05,1.0
0.4,550,5,0.060000000000000005,1.0
0.4,550,5,0.06999999999999999,1.0
0.4,550,5,0.08,1.0
0.4,550,5,0.09,1.0
0.4,550,5,0.09999999999999999,1.0
0.4,550,5,0.11,1.0
0.4,550,5,0.12,1.0
0.4,550,5,0.13,1.0
0.4,550,5,0.14,1.0
0.4,550,6,0.01,0.9985
0.4,550,6,0.02,1.0
0.4,550,6,0.03,1.0
0.4,550,6,0.04,1.0
0.4,550,6,0.05,1.0
0.4,550,6,0.060000000000000005,1.0
0.4,550,6,0.06999999999999999,1.0
0.4,550,6,0.08,1.0
0.4,550,6,0.09,1.0
0.4,550,6,0.09999999999999999,1.0
0.4,550,6,0.11,1.0
0.4,550,6,0.12,1.0
0.4,550,6,0.13,1.0
0.4,550,6,0.14,1.0
0.4,550,7,0.01,0.9965
0.4,550,7,0.02,1.0
0.4,550,7,0.03,1.0
0.4,550,7,0.04,1.0
0.4,550,7,0.05,1.0
0.4,550,7,0.060000000000000005,1.0
0.4,550,7,0.06999999999999999,1.0
0.4,550,7,0.08,1.0
0.4,550,7,0.09,1.0
0.4,550,7,0.09999999999999999,1.0
0.4,550,7,0.11,1.0
0.4,550,7,0.12,1.0
0.4,550,7,0.13,1.0
0.4,550,7,0.14,1.0
0.4,550,8,0.01,0.9841
0.4,550,8,0.02,1.0
0.4,550,8,0.03,1.0
0.4,550,8,0.04,1.0
0.4,550,8,0.05,1.0
0.4,550,8,0.060000000000000005,1.0
0.4,550,8,0.06999999999999999,1.0
0.4,550,8,0.08,1.0
0.4,550,8,0.09,1.0
0.4,550,8,0.09999999999999999,1.0
0.4,550,8,0.11,1.0
0.4,550,8,0.12,1.0
0.4,550,8,0.13,1.0
0.4,550,8,0.14,1.0
0.4,600,3,0.01,1.0
0.4,600,3,0.02,1.0
0.4,600,3,0.03,1.0
0.4,600,3,0.04,1.0
0.4,600,3,0.05,1.0
0.4,600,3,0.060000000000000005,1.0
0.4,600,3,0.06999999999999999,1.0
0.4,600,3,0.08,1.0
0.4,600,3,0.09,1.0
0.4,600,3,0.09999999999999999,1.0
0.4,600,3,0.11,1.0
0.4,600,3,0.12,1.0
0.4,600,3,0.13,1.0
0.4,600,3,0.14,1.0
0.4,600,4,0.01,1.0
0.4,600,4,0.02,1.0
0.4,600,4,0.03,1.0
0.4,600,4,0.04,1.0
0.4,600,4,0.05,1.0
0.4,600,4,0.060000000000000005,1.0
0.4,600,4,0.06999999999999999,1.0
0.4,600,4,0.08,1.0
0.4,600,4,0.09,1.0
0.4,600,4,0.09999999999999999,1.0
0.4,600,4,0.11,1.0
0.4,600,4,0.12,1.0
0.4,600,4,0.13,1.0
0.4,600,4,0.14,1.0
0.4,600,5,0.01,0.9999
0.4,600,5,0.02,1.0
0.4,600,5,0.03,1.0
0.4,600,5,0.04,1.0
0.4,600,5,0.05,1.0
0.4,600,5,0.060000000000000005,1.0
0.4,600,5,0.06999999999999999,1.0
0.4,600,5,0.08,1.0
0.4,600,5,0.09,1.0
0.4,600,5,0.09999999999999999,1.0
0.4,600,5,0.11,1.0
0.4,600,5,0.12,1.0
0.4,600,5,0.13,1.0
0.4,600,5,0.14,1.0
0.4,600,6,0.01,0.9992
0.4,600,6,0.02,1.0
0.4,600,6,0.03,1.0
0.4,600,6,0.04,1.0
0.4,600,6,0.05,1.0
0.4,600,6,0.060000000000000005,1.0
0.4,600,6,0.06999999999999999,1.0
0.4,600,6,0.08,1.0
0.4,600,6,0.09,1.0
0.4,600,6,0.09999999999999999,1.0
0.4,600,6,0.11,1.0
0.4,600,6,0.12,1.0
0.4,600,6,0.13,1.0
0.4,600,6,0.14,1.0
0.4,600,7,0.01,0.9976
0.4,600,7,0.02,1.0
0.4,600,7,0.03,1.0
0.4,600,7,0.04,1.0
0.4,600,7,0.05,1.0
0.4,600,7,0.060000000000000005,1.0
0.4,600,7,0.06999999999999999,1.0
0.4,600,7,0.08,1.0
0.4,600,7,0.09,1.0
0.4,600,7,0.09999999999999999,1.0
0.4,600,7,0.11,1.0
0.4,600,7,0.12,1.0
0.4,600,7,0.13,1.0
0.4,600,7,0.14,1.0
0.4,600,8,0.01,0.9889
0.4,600,8,0.02,1.0
0.4,600,8,0.03,1.0
0.4,600,8,0.04,1.0
0.4,600,8,0.05,1.0
0.4,600,8,0.060000000000000005,1.0
0.4,600,8,0.06999999999999999,1.0
0.4,600,8,0.08,1.0
0.4,600,8,0.09,1.0
0.4,600,8,0.09999999999999999,1.0
0.4,600,8,0.11,1.0
0.4,600,8,0.12,1.0
0.4,600,8,0.13,1.0
0.4,600,8,0.14,1.0
0.4,650,3,0.01,1.0
0.4,650,3,0.02,1.0
0.4,650,3,0.03,1.0
0.4,650,3,0.04,1.0
0.4,650,3,0.05,1.0
0.4,650,3,0.060000000000000005,1.0
0.4,650,3,0.06999999999999999,1.0
0.4,650,3,0.08,1.0
0.4,650,3,0.09,1.0
0.4,650,3,0.09999999999999999,1.0
0.4,650,3,0.11,1.0
0.4,650,3,0.12,1.0
0.4,650,3,0.13,1.0
0.4,650,3,0.14,1.0
0.4,650,4,0.01,1.0
0.4,650,4,0.02,1.0
0.4,650,4,0.03,1.0
0.4,650,4,0.04,1.0
0.4,650,4,0.05,1.0
0.4,650,4,0.060000000000000005,1.0
0.4,650,4,0.06999999999999999,1.0
0.4,650,4,0.08,1.0
0.4,650,4,0.09,1.0
0.4,650,4,0.09999999999999999,1.0
0.4,650,4,0.11,1.0
0.4,650,4,0.12,1.0
0.4,650,4,0.13,1.0
0.4,650,4,0.14,1.0
0.4,650,5,0.01,1.0
0.4,650,5,0.02,1.0
0.4,650,5,0.03,1.0
0.4,650,5,0.04,1.0
0.4,650,5,0.05,1.0
0.4,650,5,0.060000000000000005,1.0
0.4,650,5,0.06999999999999999,1.0
0.4,650,5,0.08,1.0
0.4,650,5,0.09,1.0
0.4,650,5,0.09999999999999999,1.0
0.4,650,5,0.11,1.0
0.4,650,5,0.12,1.0
0.4,650,5,0.13,1.0
0.4,650,5,0.14,1.0
0.4,650,6,0.01,0.9996
0.4,650,6,0.02,1.0
0.4,650,6,0.03,1.0
0.4,650,6,0.04,1.0
0.4,650,6,0.05,1.0
0.4,650,6,0.060000000000000005,1.0
0.4,650,6,0.06999999999999999,1.0
0.4,650,6,0.08,1.0
0.4,650,6,0.09,1.0
0.4,650,6,0.09999999999999999,1.0
0.4,650,6,0.11,1.0
0.4,650,6,0.12,1.0
0.4,650,6,0.13,1.0
0.4,650,6,0.14,1.0
0.4,650,7,0.01,0.9981
0.4,650,7,0.02,1.0
0.4,650,7,0.03,1.0
0.4,650,7,0.04,1.0
0.4,650,7,0.05,1.0
0.4,650,7,0.060000000000000005,1.0
0.4,650,7,0.06999999999999999,1.0
0.4,650,7,0.08,1.0
0.4,650,7,0.09,1.0
0.4,650,7,0.09999999999999999,1.0
0.4,650,7,0.11,1.0
0.4,650,7,0.12,1.0
0.4,650,7,0.13,1.0
0.4,650,7,0.14,1.0
0.4,650,8,0.01,0.9923
0.4,650,8,0.02,1.0
0.4,650,8,0.03,1.0
0.4,650,8,0.04,1.0
0.4,650,8,0.05,1.0
0.4,650,8,0.060000000000000005,1.0
0.4,650,8,0.06999999999999999,1.0
0.4,650,8,0.08,1.0
0.4,650,8,0.09,1.0
0.4,650,8,0.09999999999999999,1.0
0.4,650,8,0.11,1.0
0.4,650,8,0.12,1.0
0.4,650,8,0.13,1.0
0.4,650,8,0.14,1.0
0.5000000000000001,50,3,0.01,0.8544
0.5000000000000001,50,3,0.02,0.9842
0.5000000000000001,50,3,0.03,0.9978
0.5000000000000001,50,3,0.04,0.9998
0.5000000000000001,50,3,0.05,1.0
0.5000000000000001,50,3,0.060000000000000005,1.0
0.5000000000000001,50,3,0.06999999999999999,1.0
0.5000000000000001,50,3,0.08,1.0
0.5000000000000001,50,3,0.09,1.0
0.5000000000000001,50,3,0.09999999999999999,1.0
0.5000000000000001,50,3,0.11,1.0
0.5000000000000001,50,3,0.12,1.0
0.5000000000000001,50,3,0.13,1.0
0.5000000000000001,50,3,0.14,1.0
0.5000000000000001,50,4,0.01,0.6763
0.5000000000000001,50,4,0.02,0.9444
0.5000000000000001,50,4,0.03,0.9903
0.5000000000000001,50,4,0.04,0.9988
0.5000000000000001,50,4,0.05,1.0
0.5000000000000001,50,4,0.060000000000000005,1.0
0.5000000000000001,50,4,0.06999999999999999,1.0
0.5000000000000001,50,4,0.08,1.0
0.5000000000000001,50,4,0.09,1.0
0.5000000000000001,50,4,0.09999999999999999,1.0
0.5000000000000001,50,4,0.11,1.0
0.5000000000000001,50,4,0.12,1.0
0.5000000000000001,50,4,0.13,1.0
0.5000000000000001,50,4,0.14,1.0
0.5000000000000001,50,5,0.01,0.4557
0.5000000000000001,50,5,0.02,0.8549
0.5000000000000001,50,5,0.03,0.9668
0.5000000000000001,50,5,0.04,0.9949
0.5000000000000001,50,5,0.05,0.9997
0.5000000000000001,50,5,0.060000000000000005,1.0
0.5000000000000001,50,5,0.06999999999999999,1.0
0.5000000000000001,50,5,0.08,1.0
0.5000000000000001,50,5,0.09,1.0
0.5000000000000001,50,5,0.09999999999999999,1.0
0.5000000000000001,50,5,0.11,1.0
0.5000000000000001,50,5,0.12,1.0
0.5000000000000001,50,5,0.13,1.0
0.5000000000000001,50,5,0.14,1.0
0.5000000000000001,50,6,0.01,0.2594
0.5000000000000001,50,6,0.02,0.7177
0.5000000000000001,50,6,0.03,0.9154
0.5000000000000001,50,6,0.04,0.9864
0.5000000000000001,50,6,0.05,0.9982
0.5000000000000001,50,6,0.060000000000000005,1.0
0.5000000000000001,50,6,0.06999999999999999,1.0
0.5000000000000001,50,6,0.08,1.0
0.5000000000000001,50,6,0.09,1.0
0.5000000000000001,50,6,0.09999999999999999,1.0
0.5000000000000001,50,6,0.11,1.0
0.5000000000000001,50,6,0.12,1.0
0.5000000000000001,50,6,0.13,1.0
0.5000000000000001,50,6,0.14,1.0
0.5000000000000001,50,7,0.01,0.1203
0.5000000000000001,50,7,0.02,0.5569
0.5000000000000001,50,7,0.03,0.8254
0.5000000000000001,50,7,0.04,0.9605
0.5000000000000001,50,7,0.05,0.9955
0.5000000000000001,50,7,0.060000000000000005,1.0
0.5000000000000001,50,7,0.06999999999999999,1.0
0.5000000000000001,50,7,0.08,1.0
0.5000000000000001,50,7,0.09,1.0
0.5000000000000001,50,7,0.09999999999999999,1.0
0.5000000000000001,50,7,0.11,1.0
0.5000000000000001,50,7,0.12,1.0
0.5000000000000001,50,7,0.13,1.0
0.5000000000000001,50,7,0.14,1.0
0.5000000000000001,50,8,0.01,0.0444
0.5000000000000001,50,8,0.02,0.3844
0.5000000000000001,50,8,0.03,0.6977
0.5000000000000001,50,8,0.04,0.9121
0.5000000000000001,50,8,0.05,0.9855
0.5000000000000001,50,8,0.060000000000000005,0.9992
0.5000000000000001,50,8,0.06999999999999999,1.0
0.5000000000000001,50,8,0.08,1.0
0.5000000000000001,50,8,0.09,1.0
0.5000000000000001,50,8,0.09999999999999999,1.0
0.5000000000000001,50,8,0.11,1.0
0.5000000000000001,50,8,0.12,1.0
0.5000000000000001,50,8,0.13,1.0
0.5000000000000001,50,8,0.14,1.0
0.5000000000000001,100,3,0.01,0.988
0.5000000000000001,100,3,0.02,0.9998
0.5000000000000001,100,3,0.03,1.0
0.5000000000000001,100,3,0.04,1.0
0.5000000000000001,100,3,0.05,1.0
0.5000000000000001,100,3,0.060000000000000005,1.0
0.5000000000000001,100,3,0.06999999999999999,1.0
0.5000000000000001,100,3,0.08,1.0
0.5000000000000001,100,3,0.09,1.0
0.5000000000000001,100,3,0.09999999999999999,1.0
0.5000000000000001,100,3,0.11,1.0
0.5000000000000001,100,3,0.12,1.0
0.5000000000000001,100,3,0.13,1.0
0.5000000000000001,100,3,0.14,1.0
0.5000000000000001,100,4,0.01,0.9592
0.5000000000000001,100,4,0.02,0.9993
0.5000000000000001,100,4,0.03,0.9999
0.5000000000000001,100,4,0.04,1.0
0.5000000000000001,100,4,0.05,1.0
0.5000000000000001,100,4,0.060000000000000005,1.0
0.5000000000000001,100,4,0.06999999999999999,1.0
0.5000000000000001,100,4,0.08,1.0
0.5000000000000001,100,4,0.09,1.0
0.5000000000000001,100,4,0.09999999999999999,1.0
0.5000000000000001,100,4,0.11,1.0
0.5000000000000001,100,4,0.12,1.0
0.5000000000000001,100,4,0.13,1.0
0.5000000000000001,100,4,0.14,1.0
0.5000000000000001,100,5,0.01,0.8839
0.5000000000000001,100,5,0.02,0.9967
0.5000000000000001,100,5,0.03,0.9999
0.5000000000000001,100,5,0.04,1.0
0.5000000000000001,100,5,0.05,1.0
0.5000000000000001,100,5,0.060000000000000005,1.0
0.5000000000000001,100,5,0.06999999999999999,1.0
0.5000000000000001,100,5,0.08,1.0
0.5000000000000001,100,5,0.09,1.0
0.5000000000000001,100,5,0.09999999999999999,1.0
0.5000000000000001,100,5,0.11,1.0
0.5000000000000001,100,5,0.12,1.0
0.5000000000000001,100,5,0.13,1.0
0.5000000000000001,100,5,0.14,1.0
0.5000000000000001,100,6,0.01,0.7525
0.5000000000000001,100,6,0.02,0.9887
0.5000000000000001,100,6,0.03,0.9994
0.5000000000000001,100,6,0.04,1.0
0.5000000000000001,100,6,0.05,1.0
0.5000000000000001,100,6,0.060000000000000005,1.0
0.5000000000000001,100,6,0.06999999999999999,1.0
0.5000000000000001,100,6,0.08,1.0
0.5000000000000001,100,6,0.09,1.0
0.5000000000000001,100,6,0.09999999999999999,1.0
0.5000000000000001,100,6,0.11,1.0
0.5000000000000001,100,6,0.12,1.0
0.5000000000000001,100,6,0.13,1.0
0.5000000000000001,100,6,0.14,1.0
0.5000000000000001,100,7,0.01,0.5722
0.5000000000000001,100,7,0.02,0.9692
0.5000000000000001,100,7,0.03,0.9982
0.5000000000000001,100,7,0.04,0.9999
0.5000000000000001,100,7,0.05,1.0
0.5000000000000001,100,7,0.060000000000000005,1.0
0.5000000000000001,100,7,0.06999999999999999,1.0
0.5000000000000001,100,7,0.08,1.0
0.5000000000000001,100,7,0.09,1.0
0.5000000000000001,100,7,0.09999999999999999,1.0
0.5000000000000001,100,7,0.11,1.0
0.5000000000000001,100,7,0.12,1.0
0.5000000000000001,100,7,0.13,1.0
0.5000000000000001,100,7,0.14,1.0
0.5000000000000001,100,8,0.01,0.3812
0.5000000000000001,100,8,0.02,0.9269
0.5000000000000001,100,8,0.03,0.9931
0.5000000000000001,100,8,0.04,0.9998
0.5000000000000001,100,8,0.05,1.0
0.5000000000000001,100,8,0.060000000000000005,1.0
0.5000000000000001,100,8,0.06999999999999999,1.0
0.5000000000000001,100,8,0.08,1.0
0.5000000000000001,100,8,0.09,1.0
0.5000000000000001,100,8,0.09999999999999999,1.0
0.5000000000000001,100,8,0.11,1.0
0.5000000000000001,100,8,0.12,1.0
0.5000000000000001,100,8,0.13,1.0
0.5000000000000001,100,8,0.14,1.0
0.5000000000000001,150,3,0.01,0.9991
0.5000000000000001,150,3,0.02,1.0
0.5000000000000001,150,3,0.03,1.0
0.5000000000000001,150,3,0.04,1.0
0.5000000000000001,150,3,0.05,1.0
0.5000000000000001,150,3,0.060000000000000005,1.0
0.5000000000000001,150,3,0.06999999999999999,1.0
0.5000000000000001,150,3,0.08,1.0
0.5000000000000001,150,3,0.09,1.0
0.5000000000000001,150,3,0.09999999999999999,1.0
0.5000000000000001,150,3,0.11,1.0
0.5000000000000001,150,3,0.12,1.0
0.5000000000000001,150,3,0.13,1.0
0.5000000000000001,150,3,0.14,1.0
0.5000000000000001,150,4,0.01,0.994
0.5000000000000001,150,4,0.02,1.0
0.5000000000000001,150,4,0.03,1.0
0.5000000000000001,150,4,0.04,1.0
0.5000000000000001,150,4,0.05,1.0
0.5000000000000001,150,4,0.060000000000000005,1.0
0.5000000000000001,150,4,0.06999999999999999,1.0
0.5000000000000001,150,4,0.08,1.0
0.5000000000000001,150,4,0.09,1.0
0.5000000000000001,150,4,0.09999999999999999,1.0
0.5000000000000001,150,4,0.11,1.0
0.5000000000000001,150,4,0.12,1.0
0.5000000000000001,150,4,0.13,1.0
0.5000000000000001,150,4,0.14,1.0
0.5000000000000001,150,5,0.01,0.9817
0.5000000000000001,150,5,0.02,0.9998
0.5000000000000001,150,5,0.03,1.0
0.5000000000000001,150,5,0.04,1.0
0.5000000000000001,150,5,0.05,1.0
0.5000000000000001,150,5,0.060000000000000005,1.0
0.5000000000000001,150,5,0.06999999999999999,1.0
0.5000000000000001,150,5,0.08,1.0
0.5000000000000001,150,5,0.09,1.0
0.5000000000000001,150,5,0.09999999999999999,1.0
0.5000000000000001,150,5,0.11,1.0
0.5000000000000001,150,5,0.12,1.0
0.5000000000000001,150,5,0.13,1.0
0.5000000000000001,150,5,0.14,1.0
0.5000000000000001,150,6,0.01,0.9414
0.5000000000000001,150,6,0.02,0.9997
0.5000000000000001,150,6,0.03,1.0
0.5000000000000001,150,6,0.04,1.0
0.5000000000000001,150,6,0.05,1.0
0.5000000000000001,150,6,0.060000000000000005,1.0
0.5000000000000001,150,6,0.06999999999999999,1.0
0.5000000000000001,150,6,0.08,1.0
0.5000000000000001,150,6,0.09,1.0
0.5000000000000001,150,6,0.09999999999999999,1.0
0.5000000000000001,150,6,0.11,1.0
0.5000000000000001,150,6,0.12,1.0
0.5000000000000001,150,6,0.13,1.0
0.5000000000000001,150,6,0.14,1.0
0.5000000000000001,150,7,0.01,0.858
0.5000000000000001,150,7,0.02,0.9979
0.5000000000000001,150,7,0.03,1.0
0.5000000000000001,150,7,0.04,1.0
0.5000000000000001,150,7,0.05,1.0
0.5000000000000001,150,7,0.060000000000000005,1.0
0.5000000000000001,150,7,0.06999999999999999,1.0
0.5000000000000001,150,7,0.08,1.0
0.5000000000000001,150,7,0.09,1.0
0.5000000000000001,150,7,0.09999999999999999,1.0
0.5000000000000001,150,7,0.11,1.0
0.5000000000000001,150,7,0.12,1.0
0.5000000000000001,150,7,0.13,1.0
0.5000000000000001,150,7,0.14,1.0
0.5000000000000001,150,8,0.01,0.7215
0.5000000000000001,150,8,0.02,0.9949
0.5000000000000001,150,8,0.03,0.9998
0.5000000000000001,150,8,0.04,1.0
0.5000000000000001,150,8,0.05,1.0
0.5000000000000001,150,8,0.060000000000000005,1.0
0.5000000000000001,150,8,0.06999999999999999,1.0
0.5000000000000001,150,8,0.08,1.0
0.5000000000000001,150,8,0.09,1.0
0.5000000000000001,150,8,0.09999999999999999,1.0
0.5000000000000001,150,8,0.11,1.0
0.5000000000000001,150,8,0.12,1.0
0.5000000000000001,150,8,0.13,1.0
0.5000000000000001,150,8,0.14,1.0
0.5000000000000001,200,3,0.01,0.9999
0.5000000000000001,200,3,0.02,1.0
0.5000000000000001,200,3,0.03,1.0
0.5000000000000001,200,3,0.04,1.0
0.5000000000000001,200,3,0.05,1.0
0.5000000000000001,200,3,0.060000000000000005,1.0
0.5000000000000001,200,3,0.06999999999999999,1.0
0.5000000000000001,200,3,0.08,1.0
0.5000000000000001,200,3,0.09,1.0
0.5000000000000001,200,3,0.09999999999999999,1.0
0.5000000000000001,200,3,0.11,1.0
0.5000000000000001,200,3,0.12,1.0
0.5000000000000001,200,3,0.13,1.0
0.5000000000000001,200,3,0.14,1.0
0.5000000000000001,200,4,0.01,0.9995
0.5000000000000001,200,4,0.02,1.0
0.5000000000000001,200,4,0.03,1.0
0.5000000000000001,200,4,0.04,1.0
0.5000000000000001,200,4,0.05,1.0
0.5000000000000001,200,4,0.060000000000000005,1.0
0.5000000000000001,200,4,0.06999999999999999,1.0
0.5000000000000001,200,4,0.08,1.0
0.5000000000000001,200,4,0.09,1.0
0.5000000000000001,200,4,0.09999999999999999,1.0
0.5000000000000001,200,4,0.11,1.0
0.5000000000000001,200,4,0.12,1.0
0.5000000000000001,200,4,0.13,1.0
0.5000000000000001,200,4,0.14,1.0
0.5000000000000001,200,5,0.01,0.9973
0.5000000000000001,200,5,0.02,1.0
0.5000000000000001,200,5,0.03,1.0
0.5000000000000001,200,5,0.04,1.0
0.5000000000000001,200,5,0.05,1.0
0.5000000000000001,200,5,0.060000000000000005,1.0
0.5000000000000001,200,5,0.06999999999999999,1.0
0.5000000000000001,200,5,0.08,1.0
0.5000000000000001,200,5,0.09,1.0
0.5000000000000001,200,5,0.09999999999999999,1.0
0.5000000000000001,200,5,0.11,1.0
0.5000000000000001,200,5,0.12,1.0
0.5000000000000001,200,5,0.13,1.0
0.5000000000000001,200,5,0.14,1.0
0.5000000000000001,200,6,0.01,0.988
0.5000000000000001,200,6,0.02,1.0
0.5000000000000001,200,6,0.03,1.0
0.5000000000000001,200,6,0.04,1.0
0.5000000000000001,200,6,0.05,1.0
0.5000000000000001,200,6,0.060000000000000005,1.0
0.5000000000000001,200,6,0.06999999999999999,1.0
0.5000000000000001,200,6,0.08,1.0
0.5000000000000001,200,6,0.09,1.0
0.5000000000000001,200,6,0.09999999999999999,1.0
0.5000000000000001,200,6,0.11,1.0
0.5000000000000001,200,6,0.12,1.0
0.5000000000000001,200,6,0.13,1.0
0.5000000000000001,200,6,0.14,1.0
0.5000000000000001,200,7,0.01,0.96
0.5000000000000001,200,7,0.02,0.9999
0.5000000000000001,200,7,0.03,1.0
0.5000000000000001,200,7,0.04,1.0
0.5000000000000001,200,7,0.05,1.0
0.5000000000000001,200,7,0.060000000000000005,1.0
0.5000000000000001,200,7,0.06999999999999999,1.0
0.5000000000000001,200,7,0.08,1.0
0.5000000000000001,200,7,0.09,1.0
0.5000000000000001,200,7,0.09999999999999999,1.0
0.5000000000000001,200,7,0.11,1.0
0.5000000000000001,200,7,0.12,1.0
0.5000000000000001,200,7,0.13,1.0
0.5000000000000001,200,7,0.14,1.0
0.5000000000000001,200,8,0.01,0.8972
0.5000000000000001,200,8,0.02,0.9997
0.5000000000000001,200,8,0.03,1.0
0.5000000000000001,200,8,0.04,1.0
0.5000000000000001,200,8,0.05,1.0
0.5000000000000001,200,8,0.060000000000000005,1.0
0.5000000000000001,200,8,0.06999999999999999,1.0
0.5000000000000001,200,8,0.08,1.0
0.5000000000000001,200,8,0.09,1.0
0.5000000000000001,200,8,0.09999999999999999,1.0
0.5000000000000001,200,8,0.11,1.0
0.5000000000000001,200,8,0.12,1.0
0.5000000000000001,200,8,0.13,1.0
0.5000000000000001,200,8,0.14,1.0
0.5000000000000001,250,3,0.01,1.0
0.5000000000000001,250,3,0.02,1.0
0.5000000000000001,250,3,0.03,1.0
0.5000000000000001,250,3,0.04,1.0
0.5000000000000001,250,3,0.05,1.0
0.5000000000000001,250,3,0.060000000000000005,1.0
0.5000000000000001,250,3,0.06999999999999999,1.0
0.5000000000000001,250,3,0.08,1.0
0.5000000000000001,250,3,0.09,1.0
0.5000000000000001,250,3,0.09999999999999999,1.0
0.5000000000000001,250,3,0.11,1.0
0.5000000000000001,250,3,0.12,1.0
0.5000000000000001,250,3,0.13,1.0
0.5000000000000001,250,3,0.14,1.0
0.5000000000000001,250,4,0.01,0.9999
0.5000000000000001,250,4,0.02,1.0
0.5000000000000001,250,4,0.03,1.0
0.5000000000000001,250,4,0.04,1.0
0.5000000000000001,250,4,0.05,1.0
0.5000000000000001,250,4,0.060000000000000005,1.0
0.5000000000000001,250,4,0.06999999999999999,1.0
0.5000000000000001,250,4,0.08,1.0
0.5000000000000001,250,4,0.09,1.0
0.5000000000000001,250,4,0.09999999999999999,1.0
0.5000000000000001,250,4,0.11,1.0
0.5000000000000001,250,4,0.12,1.0
0.5000000000000001,250,4,0.13,1.0
0.5000000000000001,250,4,0.14,1.0
0.5000000000000001,250,5,0.01,0.9995
0.5000000000000001,250,5,0.02,1.0
0.5000000000000001,250,5,0.03,1.0
0.5000000000000001,250,5,0.04,1.0
0.5000000000000001,250,5,0.05,1.0
0.5000000000000001,250,5,0.060000000000000005,1.0
0.5000000000000001,250,5,0.06999999999999999,1.0
0.5000000000000001,250,5,0.08,1.0
0.5000000000000001,250,5,0.09,1.0
0.5000000000000001,250,5,0.09999999999999999,1.0
0.5000000000000001,250,5,0.11,1.0
0.5000000000000001,250,5,0.12,1.0
0.5000000000000001,250,5,0.13,1.0
0.5000000000000001,250,5,0.14,1.0
0.5000000000000001,250,6,0.01,0.9976
0.5000000000000001,250,6,0.02,1.0
0.5000000000000001,250,6,0.03,1.0
0.5000000000000001,250,6,0.04,1.0
0.5000000000000001,250,6,0.05,1.0
0.5000000000000001,250,6,0.060000000000000005,1.0
0.5000000000000001,250,6,0.06999999999999999,1.0
0.5000000000000001,250,6,0.08,1.0
0.5000000000000001,250,6,0.09,1.0
0.5000000000000001,250,6,0.09999999999999999,1.0
0.5000000000000001,250,6,0.11,1.0
0.5000000000000001,250,6,0.12,1.0
0.5000000000000001,250,6,0.13,1.0
0.5000000000000001,250,6,0.14,1.0
0.5000000000000001,250,7,0.01,0.9881
0.5000000000000001,250,7,0.02,1.0
0.5000000000000001,250,7,0.03,1.0
0.5000000000000001,250,7,0.04,1.0
0.5000000000000001,250,7,0.05,1.0
0.5000000000000001,250,7,0.060000000000000005,1.0
0.5000000000000001,250,7,0.06999999999999999,1.0
0.5000000000000001,250,7,0.08,1.0
0.5000000000000001,250,7,0.09,1.0
0.5000000000000001,250,7,0.09999999999999999,1.0
0.5000000000000001,250,7,0.11,1.0
0.5000000000000001,250,7,0.12,1.0
0.5000000000000001,250,7,0.13,1.0
0.5000000000000001,250,7,0.14,1.0
0.5000000000000001,250,8,0.01,0.9641
0.5000000000000001,250,8,0.02,1.0
0.5000000000000001,250,8,0.03,1.0
0.5000000000000001,250,8,0.04,1.0
0.5000000000000001,250,8,0.05,1.0
0.5000000000000001,250,8,0.060000000000000005,1.0
0.5000000000000001,250,8,0.06999999999999999,1.0
0.5000000000000001,250,8,0.08,1.0
0.5000000000000001,250,8,0.09,1.0
0.5000000000000001,250,8,0.09999999999999999,1.0
0.5000000000000001,250,8,0.11,1.0
0.5000000000000001,250,8,0.12,1.0
0.5000000000000001,250,8,0.13,1.0
0.5000000000000001,250,8,0.14,1.0
0.5000000000000001,300,3,0.01,1.0
0.5000000000000001,300,3,0.02,1.0
0.5000000000000001,300,3,0.03,1.0
0.5000000000000001,300,3,0.04,1.0
0.5000000000000001,300,3,0.05,1.0
0.5000000000000001,300,3,0.060000000000000005,1.0
0.5000000000000001,300,3,0.06999999999999999,1.0
0.5000000000000001,300,3,0.08,1.0
0.5000000000000001,300,3,0.09,1.0
0.5000000000000001,300,3,0.09999999999999999,1.0
0.5000000000000001,300,3,0.11,1.0
0.5000000000000001,300,3,0.12,1.0
0.5000000000000001,300,3,0.13,1.0
0.5000000000000001,300,3,0.14,1.0
0.5000000000000001,300,4,0.01,1.0
0.5000000000000001,300,4,0.02,1.0
0.5000000000000001,300,4,0.03,1.0
0.5000000000000001,300,4,0.04,1.0
0.5000000000000001,300,4,0.05,1.0
0.5000000000000001,300,4,0.060000000000000005,1.0
0.5000000000000001,300,4,0.06999999999999999,1.0
0.5000000000000001,300,4,0.08,1.0
0.5000000000000001,300,4,0.09,1.0
0.5000000000000001,300,4,0.09999999999999999,1.0
0.5000000000000001,300,4,0.11,1.0
0.5000000000000001,300,4,0.12,1.0
0.5000000000000001,300,4,0.13,1.0
0.5000000000000001,300,4,0.14,1.0
0.5000000000000001,300,5,0.01,0.9999
0.5000000000000001,300,5,0.02,1.0
0.5000000000000001,300,5,0.03,1.0
0.5000000000000001,300,5,0.04,1.0
0.5000000000000001,300,5,0.05,1.0
0.5000000000000001,300,5,0.060000000000000005,1.0
0.5000000000000001,300,5,0.06999999999999999,1.0
0.5000000000000001,300,5,0.08,1.0
0.5000000000000001,300,5,0.09,1.0
0.5000000000000001,300,5,0.09999999999999999,1.0
0.5000000000000001,300,5,0.11,1.0
0.5000000000000001,300,5,0.12,1.0
0.5000000000000001,300,5,0.13,1.0
0.5000000000000001,300,5,0.14,1.0
0.5000000000000001,300,6,0.01,0.9992
0.5000000000000001,300,6,0.02,1.0
0.5000000000000001,300,6,0.03,1.0
0.5000000000000001,300,6,0.04,1.0
0.5000000000000001,300,6,0.05,1.0
0.5000000000000001,300,6,0.060000000000000005,1.0
0.5000000000000001,300,6,0.06999999999999999,1.0
0.5000000000000001,300,6,0.08,1.0
0.5000000000000001,300,6,0.09,1.0
0.5000000000000001,300,6,0.09999999999999999,1.0
0.5000000000000001,300,6,0.11,1.0
0.5000000000000001,300,6,0.12,1.0
0.5000000000000001,300,6,0.13,1.0
0.5000000000000001,300,6,0.14,1.0
0.5000000000000001,300,7,0.01,0.9972
0.5000000000000001,300,7,0.02,1.0
0.5000000000000001,300,7,0.03,1.0
0.5000000000000001,300,7,0.04,1.0
0.5000000000000001,300,7,0.05,1.0
0.5000000000000001,300,7,0.060000000000000005,1.0
0.5000000000000001,300,7,0.06999999999999999,1.0
0.5000000000000001,300,7,0.08,1.0
0.5000000000000001,300,7,0.09,1.0
0.5000000000000001,300,7,0.09999999999999999,1.0
0.5000000000000001,300,7,0.11,1.0
0.5000000000000001,300,7,0.12,1.0
0.5000000000000001,300,7,0.13,1.0
0.5000000000000001,300,7,0.14,1.0
0.5000000000000001,300,8,0.01,0.9859
0.5000000000000001,300,8,0.02,1.0
0.5000000000000001,300,8,0.03,1.0
0.5000000000000001,300,8,0.04,1.0
0.5000000000000001,300,8,0.05,1.0
0.5000000000000001,300,8,0.060000000000000005,1.0
0.5000000000000001,300,8,0.06999999999999999,1.0
0.5000000000000001,300,8,0.08,1.0
0.5000000000000001,300,8,0.09,1.0
0.5000000000000001,300,8,0.09999999999999999,1.0
0.5000000000000001,300,8,0.11,1.0
0.5000000000000001,300,8,0.12,1.0
0.5000000000000001,300,8,0.13,1.0
0.5000000000000001,300,8,0.14,1.0
0.5000000000000001,350,3,0.01,1.0
0.5000000000000001,350,3,0.02,1.0
0.5000000000000001,350,3,0.03,1.0
0.5000000000000001,350,3,0.04,1.0
0.5000000000000001,350,3,0.05,1.0
0.5000000000000001,350,3,0.060000000000000005,1.0
0.5000000000000001,350,3,0.06999999999999999,1.0
0.5000000000000001,350,3,0.08,1.0
0.5000000000000001,350,3,0.09,1.0
0.5000000000000001,350,3,0.09999999999999999,1.0
0.5000000000000001,350,3,0.11,1.0
0.5000000000000001,350,3,0.12,1.0
0.5000000000000001,350,3,0.13,1.0
0.5000000000000001,350,3,0.14,1.0
0.5000000000000001,350,4,0.01,1.0
0.5000000000000001,350,4,0.02,1.0
0.5000000000000001,350,4,0.03,1.0
0.5000000000000001,350,4,0.04,1.0
0.5000000000000001,350,4,0.05,1.0
0.5000000000000001,350,4,0.060000000000000005,1.0
0.5000000000000001,350,4,0.06999999999999999,1.0
0.5000000000000001,350,4,0.08,1.0
0.5000000000000001,350,4,0.09,1.0
0.5000000000000001,350,4,0.09999999999999999,1.0
0.5000000000000001,350,4,0.11,1.0
0.5000000000000001,350,4,0.12,1.0
0.5000000000000001,350,4,0.13,1.0
0.5000000000000001,350,4,0.14,1.0
0.5000000000000001,350,5,0.01,1.0
0.5000000000000001,350,5,0.02,1.0
0.5000000000000001,350,5,0.03,1.0
0.5000000000000001,350,5,0.04,1.0
0.5000000000000001,350,5,0.05,1.0
0.5000000000000001,350,5,0.060000000000000005,1.0
0.5000000000000001,350,5,0.06999999999999999,1.0
0.5000000000000001,350,5,0.08,1.0
0.5000000000000001,350,5,0.09,1.0
0.5000000000000001,350,5,0.09999999999999999,1.0
0.5000000000000001,350,5,0.11,1.0
0.5000000000000001,350,5,0.12,1.0
0.5000000000000001,350,5,0.13,1.0
0.5000000000000001,350,5,0.14,1.0
0.5000000000000001,350,6,0.01,0.9998
0.5000000000000001,350,6,0.02,1.0
0.5000000000000001,350,6,0.03,1.0
0.5000000000000001,350,6,0.04,1.0
0.5000000000000001,350,6,0.05,1.0
0.5000000000000001,350,6,0.060000000000000005,1.0
0.5000000000000001,350,6,0.06999999999999999,1.0
0.5000000000000001,350,6,0.08,1.0
0.5000000000000001,350,6,0.09,1.0
0.5000000000000001,350,6,0.09999999999999999,1.0
0.5000000000000001,350,6,0.11,1.0
0.5000000000000001,350,6,0.12,1.0
0.5000000000000001,350,6,0.13,1.0
0.5000000000000001,350,6,0.14,1.0
0.5000000000000001,350,7,0.01,0.9993
0.5000000000000001,350,7,0.02,1.0
0.5000000000000001,350,7,0.03,1.0
0.5000000000000001,350,7,0.04,1.0
0.5000000000000001,350,7,0.05,1.0
0.5000000000000001,350,7,0.060000000000000005,1.0
0.5000000000000001,350,7,0.06999999999999999,1.0
0.5000000000000001,350,7,0.08,1.0
0.5000000000000001,350,7,0.09,1.0
0.5000000000000001,350,7,0.09999999999999999,1.0
0.5000000000000001,350,7,0.11,1.0
0.5000000000000001,350,7,0.12,1.0
0.5000000000000001,350,7,0.13,1.0
0.5000000000000001,350,7,0.14,1.0
0.5000000000000001,350,8,0.01,0.995
0.5000000000000001,350,8,0.02,1.0
0.5000000000000001,350,8,0.03,1.0
0.5000000000000001,350,8,0.04,1.0
0.5000000000000001,350,8,0.05,1.0
0.5000000000000001,350,8,0.060000000000000005,1.0
0.5000000000000001,350,8,0.06999999999999999,1.0
0.5000000000000001,350,8,0.08,1.0
0.5000000000000001,350,8,0.09,1.0
0.5000000000000001,350,8,0.09999999999999999,1.0
0.5000000000000001,350,8,0.11,1.0
0.5000000000000001,350,8,0.12,1.0
0.5000000000000001,350,8,0.13,1.0
0.5000000000000001,350,8,0.14,1.0
0.5000000000000001,400,3,0.01,1.0
0.5000000000000001,400,3,0.02,1.0
0.5000000000000001,400,3,0.03,1.0
0.5000000000000001,400,3,0.04,1.0
0.5000000000000001,400,3,0.05,1.0
0.5000000000000001,400,3,0.060000000000000005,1.0
0.5000000000000001,400,3,0.06999999999999999,1.0
0.5000000000000001,400,3,0.08,1.0
0.5000000000000001,400,3,0.09,1.0
0.5000000000000001,400,3,0.09999999999999999,1.0
0.5000000000000001,400,3,0.11,1.0
0.5000000000000001,400,3,0.12,1.0
0.5000000000000001,400,3,0.13,1.0
0.5000000000000001,400,3,0.14,1.0
0.5000000000000001,400,4,0.01,1.0
0.5000000000000001,400,4,0.02,1.0
0.5000000000000001,400,4,0.03,1.0
0.5000000000000001,400,4,0.04,1.0
0.5000000000000001,400,4,0.05,1.0
0.5000000000000001,400,4,0.060000000000000005,1.0
0.5000000000000001,400,4,0.06999999999999999,1.0
0.5000000000000001,400,4,0.08,1.0
0.5000000000000001,400,4,0.09,1.0
0.5000000000000001,400,4,0.09999999999999999,1.0
0.5000000000000001,400,4,0.11,1.0
0.5000000000000001,400,4,0.12,1.0
0.5000000000000001,400,4,0.13,1.0
0.5000000000000001,400,4,0.14,1.0
0.5000000000000001,400,5,0.01,1.0
0.5000000000000001,400,5,0.02,1.0
0.5000000000000001,400,5,0.03,1.0
0.5000000000000001,400,5,0.04,1.0
0.5000000000000001,400,5,0.05,1.0
0.5000000000000001,400,5,0.060000000000000005,1.0
0.5000000000000001,400,5,0.06999999999999999,1.0
0.5000000000000001,400,5,0.08,1.0
0.5000000000000001,400,5,0.09,1.0
0.5000000000000001,400,5,0.09999999999999999,1.0
0.5000000000000001,400,5,0.11,1.0
0.5000000000000001,400,5,0.12,1.0
0.5000000000000001,400,5,0.13,1.0
0.5000000000000001,400,5,0.14,1.0
0.5000000000000001,400,6,0.01,0.9999
0.5000000000000001,400,6,0.02,1.0
0.5000000000000001,400,6,0.03,1.0
0.5000000000000001,400,6,0.04,1.0
0.5000000000000001,400,6,0.05,1.0
0.5000000000000001,400,6,0.060000000000000005,1.0
0.5000000000000001,400,6,0.06999999999999999,1.0
0.5000000000000001,400,6,0.08,1.0
0.5000000000000001,400,6,0.09,1.0
0.5000000000000001,400,6,0.09999999999999999,1.0
0.5000000000000001,400,6,0.11,1.0
0.5000000000000001,400,6,0.12,1.0
0.5000000000000001,400,6,0.13,1.0
0.5000000000000001,400,6,0.14,1.0
0.5000000000000001,400,7,0.01,0.9998
0.5000000000000001,400,7,0.02,1.0
0.5000000000000001,400,7,0.03,1.0
0.5000000000000001,400,7,0.04,1.0
0.5000000000000001,400,7,0.05,1.0
0.5000000000000001,400,7,0.060000000000000005,1.0
0.5000000000000001,400,7,0.06999999999999999,1.0
0.5000000000000001,400,7,0.08,1.0
0.5000000000000001,400,7,0.09,1.0
0.5000000000000001,400,7,0.09999999999999999,1.0
0.5000000000000001,400,7,0.11,1.0
0.5000000000000001,400,7,0.12,1.0
0.5000000000000001,400,7,0.13,1.0
0.5000000000000001,400,7,0.14,1.0
0.5000000000000001,400,8,0.01,0.998
0.5000000000000001,400,8,0.02,1.0
0.5000000000000001,400,8,0.03,1.0
0.5000000000000001,400,8,0.04,1.0
0.5000000000000001,400,8,0.05,1.0
0.5000000000000001,400,8,0.060000000000000005,1.0
0.5000000000000001,400,8,0.06999999999999999,1.0
0.5000000000000001,400,8,0.08,1.0
0.5000000000000001,400,8,0.09,1.0
0.5000000000000001,400,8,0.09999999999999999,1.0
0.5000000000000001,400,8,0.11,1.0
0.5000000000000001,400,8,0.12,1.0
0.5000000000000001,400,8,0.13,1.0
0.5000000000000001,400,8,0.14,1.0
0.5000000000000001,450,3,0.01,1.0
0.5000000000000001,450,3,0.02,1.0
0.5000000000000001,450,3,0.03,1.0
0.5000000000000001,450,3,0.04,1.0
0.5000000000000001,450,3,0.05,1.0
0.5000000000000001,450,3,0.060000000000000005,1.0
0.5000000000000001,450,3,0.06999999999999999,1.0
0.5000000000000001,450,3,0.08,1.0
0.5000000000000001,450,3,0.09,1.0
0.5000000000000001,450,3,0.09999999999999999,1.0
0.5000000000000001,450,3,0.11,1.0
0.5000000000000001,450,3,0.12,1.0
0.5000000000000001,450,3,0.13,1.0
0.5000000000000001,450,3,0.14,1.0
0.5000000000000001,450,4,0.01,1.0
0.5000000000000001,450,4,0.02,1.0
0.5000000000000001,450,4,0.03,1.0
0.5000000000000001,450,4,0.04,1.0
0.5000000000000001,450,4,0.05,1.0
0.5000000000000001,450,4,0.060000000000000005,1.0
0.5000000000000001,450,4,0.06999999999999999,1.0
0.5000000000000001,450,4,0.08,1.0
0.5000000000000001,450,4,0.09,1.0
0.5000000000000001,450,4,0.09999999999999999,1.0
0.5000000000000001,450,4,0.11,1.0
0.5000000000000001,450,4,0.12,1.0
0.5000000000000001,450,4,0.13,1.0
0.5000000000000001,450,4,0.14,1.0
0.5000000000000001,450,5,0.01,1.0
0.5000000000000001,450,5,0.02,1.0
0.5000000000000001,450,5,0.03,1.0
0.5000000000000001,450,5,0.04,1.0
0.5000000000000001,450,5,0.05,1.0
0.5000000000000001,450,5,0.060000000000000005,1.0
0.5000000000000001,450,5,0.06999999999999999,1.0
0.5000000000000001,450,5,0.08,1.0
0.5000000000000001,450,5,0.09,1.0
0.5000000000000001,450,5,0.09999999999999999,1.0
0.5000000000000001,450,5,0.11,1.0
0.5000000000000001,450,5,0.12,1.0
0.5000000000000001,450,5,0.13,1.0
0.5000000000000001,450,5,0.14,1.0
0.5000000000000001,450,6,0.01,0.9999
0.5000000000000001,450,6,0.02,1.0
0.5000000000000001,450,6,0.03,1.0
0.5000000000000001,450,6,0.04,1.0
0.5000000000000001,450,6,0.05,1.0
0.5000000000000001,450,6,0.060000000000000005,1.0
0.5000000000000001,450,6,0.06999999999999999,1.0
0.5000000000000001,450,6,0.08,1.0
0.5000000000000001,450,6,0.09,1.0
0.5000000000000001,450,6,0.09999999999999999,1.0
0.5000000000000001,450,6,0.11,1.0
0.5000000000000001,450,6,0.12,1.0
0.5000000000000001,450,6,0.13,1.0
0.5000000000000001,450,6,0.14,1.0
0.5000000000000001,450,7,0.01,0.9998
0.5000000000000001,450,7,0.02,1.0
0.5000000000000001,450,7,0.03,1.0
0.5000000000000001,450,7,0.04,1.0
0.5000000000000001,450,7,0.05,1.0
0.5000000000000001,450,7,0.060000000000000005,1.0
0.5000000000000001,450,7,0.06999999999999999,1.0
0.5000000000000001,450,7,0.08,1.0
0.5000000000000001,450,7,0.09,1.0
0.5000000000000001,450,7,0.09999999999999999,1.0
0.5000000000000001,450,7,0.11,1.0
0.5000000000000001,450,7,0.12,1.0
0.5000000000000001,450,7,0.13,1.0
0.5000000000000001,450,7,0.14,1.0
0.5000000000000001,450,8,0.01,0.9988
0.5000000000000001,450,8,0.02,1.0
0.5000000000000001,450,8,0.03,1.0
0.5000000000000001,450,8,0.04,1.0
0.5000000000000001,450,8,0.05,1.0
0.5000000000000001,450,8,0.060000000000000005,1.0
0.5000000000000001,450,8,0.06999999999999999,1.0
0.5000000000000001,450,8,0.08,1.0
0.5000000000000001,450,8,0.09,1.0
0.5000000000000001,450,8,0.09999999999999999,1.0
0.5000000000000001,450,8,0.11,1.0
0.5000000000000001,450,8,0.12,1.0
0.5000000000000001,450,8,0.13,1.0
0.5000000000000001,450,8,0.14,1.0
0.5000000000000001,500,3,0.01,1.0
0.5000000000000001,500,3,0.02,1.0
0.5000000000000001,500,3,0.03,1.0
0.5000000000000001,500,3,0.04,1.0
0.5000000000000001,500,3,0.05,1.0
0.5000000000000001,500,3,0.060000000000000005,1.0
0.5000000000000001,500,3,0.06999999999999999,1.0
0.5000000000000001,500,3,0.08,1.0
0.5000000000000001,500,3,0.09,1.0
0.5000000000000001,500,3,0.09999999999999999,1.0
0.5000000000000001,500,3,0.11,1.0
0.5000000000000001,500,3,0.12,1.0
0.5000000000000001,500,3,0.13,1.0
0.5000000000000001,500,3,0.14,1.0
0.5000000000000001,500,4,0.01,1.0
0.5000000000000001,500,4,0.02,1.0
0.5000000000000001,500,4,0.03,1.0
0.5000000000000001,500,4,0.04,1.0
0.5000000000000001,500,4,0.05,1.0
0.5000000000000001,500,4,0.060000000000000005,1.0
0.5000000000000001,500,4,0.06999999999999999,1.0
0.5000000000000001,500,4,0.08,1.0
0.5000000000000001,500,4,0.09,1.0
0.5000000000000001,500,4,0.09999999999999999,1.0
0.5000000000000001,500,4,0.11,1.0
0.5000000000000001,500,4,0.12,1.0
0.5000000000000001,500,4,0.13,1.0
0.5000000000000001,500,4,0.14,1.0
0.5000000000000001,500,5,0.01,1.0
0.5000000000000001,500,5,0.02,1.0
0.5000000000000001,500,5,0.03,1.0
0.5000000000000001,500,5,0.04,1.0
0.5000000000000001,500,5,0.05,1.0
0.5000000000000001,500,5,0.060000000000000005,1.0
0.5000000000000001,500,5,0.06999999999999999,1.0
0.5000000000000001,500,5,0.08,1.0
0.5000000000000001,500,5,0.09,1.0
0.5000000000000001,500,5,0.09999999999999999,1.0
0.5000000000000001,500,5,0.11,1.0
0.5000000000000001,500,5,0.12,1.0
0.5000000000000001,500,5,0.13,1.0
0.5000000000000001,500,5,0.14,1.0
0.5000000000000001,500,6,0.01,1.0
0.5000000000000001,500,6,0.02,1.0
0.5000000000000001,500,6,0.03,1.0
0.5000000000000001,500,6,0.04,1.0
0.5000000000000001,500,6,0.05,1.0
0.5000000000000001,500,6,0.060000000000000005,1.0
0.5000000000000001,500,6,0.06999999999999999,1.0
0.5000000000000001,500,6,0.08,1.0
0.5000000000000001,500,6,0.09,1.0
0.5000000000000001,500,6,0.09999999999999999,1.0
0.5000000000000001,500,6,0.11,1.0
0.5000000000000001,500,6,0.12,1.0
0.5000000000000001,500,6,0.13,1.0
0.5000000000000001,500,6,0.14,1.0
0.5000000000000001,500,7,0.01,0.9999
0.5000000000000001,500,7,0.02,1.0
0.5000000000000001,500,7,0.03,1.0
0.5000000000000001,500,7,0.04,1.0
0.5000000000000001,500,7,0.05,1.0
0.5000000000000001,500,7,0.060000000000000005,1.0
0.5000000000000001,500,7,0.06999999999999999,1.0
0.5000000000000001,500,7,0.08,1.0
0.5000000000000001,500,7,0.09,1.0
0.5000000000000001,500,7,0.09999999999999999,1.0
0.5000000000000001,500,7,0.11,1.0
0.5000000000000001,500,7,0.12,1.0
0.5000000000000001,500,7,0.13,1.0
0.5000000000000001,500,7,0.14,1.0
0.5000000000000001,500,8,0.01,0.9991
0.5000000000000001,500,8,0.02,1.0
0.5000000000000001,500,8,0.03,1.0
0.5000000000000001,500,8,0.04,1.0
0.5000000000000001,500,8,0.05,1.0
0.5000000000000001,500,8,0.060000000000000005,1.0
0.5000000000000001,500,8,0.06999999999999999,1.0
0.5000000000000001,500,8,0.08,1.0
0.5000000000000001,500,8,0.09,1.0
0.5000000000000001,500,8,0.09999999999999999,1.0
0.5000000000000001,500,8,0.11,1.0
0.5000000000000001,500,8,0.12,1.0
0.5000000000000001,500,8,0.13,1.0
0.5000000000000001,500,8,0.14,1.0
0.5000000000000001,550,3,0.01,1.0
0.5000000000000001,550,3,0.02,1.0
0.5000000000000001,550,3,0.03,1.0
0.5000000000000001,550,3,0.04,1.0
0.5000000000000001,550,3,0.05,1.0
0.5000000000000001,550,3,0.060000000000000005,1.0
0.5000000000000001,550,3,0.06999999999999999,1.0
0.5000000000000001,550,3,0.08,1.0
0.5000000000000001,550,3,0.09,1.0
0.5000000000000001,550,3,0.09999999999999999,1.0
0.5000000000000001,550,3,0.11,1.0
0.5000000000000001,550,3,0.12,1.0
0.5000000000000001,550,3,0.13,1.0
0.5000000000000001,550,3,0.14,1.0
0.5000000000000001,550,4,0.01,1.0
0.5000000000000001,550,4,0.02,1.0
0.5000000000000001,550,4,0.03,1.0
0.5000000000000001,550,4,0.04,1.0
0.5000000000000001,550,4,0.05,1.0
0.5000000000000001,550,4,0.060000000000000005,1.0
0.5000000000000001,550,4,0.06999999999999999,1.0
0.5000000000000001,550,4,0.08,1.0
0.5000000000000001,550,4,0.09,1.0
0.5000000000000001,550,4,0.09999999999999999,1.0
0.5000000000000001,550,4,0.11,1.0
0.5000000000000001,550,4,0.12,1.0
0.5000000000000001,550,4,0.13,1.0
0.5000000000000001,550,4,0.14,1.0
0.5000000000000001,550,5,0.01,1.0
0.5000000000000001,550,5,0.02,1.0
0.5000000000000001,550,5,0.03,1.0
0.5000000000000001,550,5,0.04,1.0
0.5000000000000001,550,5,0.05,1.0
0.5000000000000001,550,5,0.060000000000000005,1.0
0.5000000000000001,550,5,0.06999999999999999,1.0
0.5000000000000001,550,5,0.08,1.0
0.5000000000000001,550,5,0.09,1.0
0.5000000000000001,550,5,0.09999999999999999,1.0
0.5000000000000001,550,5,0.11,1.0
0.5000000000000001,550,5,0.12,1.0
0.5000000000000001,550,5,0.13,1.0
0.5000000000000001,550,5,0.14,1.0
0.5000000000000001,550,6,0.01,1.0
0.5000000000000001,550,6,0.02,1.0
0.5000000000000001,550,6,0.03,1.0
0.5000000000000001,550,6,0.04,1.0
0.5000000000000001,550,6,0.05,1.0
0.5000000000000001,550,6,0.060000000000000005,1.0
0.5000000000000001,550,6,0.06999999999999999,1.0
0.5000000000000001,550,6,0.08,1.0
0.5000000000000001,550,6,0.09,1.0
0.5000000000000001,550,6,0.09999999999999999,1.0
0.5000000000000001,550,6,0.11,1.0
0.5000000000000001,550,6,0.12,1.0
0.5000000000000001,550,6,0.13,1.0
0.5000000000000001,550,6,0.14,1.0
0.5000000000000001,550,7,0.01,0.9999
0.5000000000000001,550,7,0.02,1.0
0.5000000000000001,550,7,0.03,1.0
0.5000000000000001,550,7,0.04,1.0
0.5000000000000001,550,7,0.05,1.0
0.5000000000000001,550,7,0.060000000000000005,1.0
0.5000000000000001,550,7,0.06999999999999999,1.0
0.5000000000000001,550,7,0.08,1.0
0.5000000000000001,550,7,0.09,1.0
0.5000000000000001,550,7,0.09999999999999999,1.0
0.5000000000000001,550,7,0.11,1.0
0.5000000000000001,550,7,0.12,1.0
0.5000000000000001,550,7,0.13,1.0
0.5000000000000001,550,7,0.14,1.0
0.5000000000000001,550,8,0.01,0.9995
0.5000000000000001,550,8,0.02,1.0
0.5000000000000001,550,8,0.03,1.0
0.5000000000000001,550,8,0.04,1.0
0.5000000000000001,550,8,0.05,1.0
0.5000000000000001,550,8,0.060000000000000005,1.0
0.5000000000000001,550,8,0.06999999999999999,1.0
0.5000000000000001,550,8,0.08,1.0
0.5000000000000001,550,8,0.09,1.0
0.5000000000000001,550,8,0.09999999999999999,1.0
0.5000000000000001,550,8,0.11,1.0
0.5000000000000001,550,8,0.12,1.0
0.5000000000000001,550,8,0.13,1.0
0.5000000000000001,550,8,0.14,1.0
0.5000000000000001,600,3,0.01,1.0
0.5000000000000001,600,3,0.02,1.0
0.5000000000000001,600,3,0.03,1.0
0.5000000000000001,600,3,0.04,1.0
0.5000000000000001,600,3,0.05,1.0
0.5000000000000001,600,3,0.060000000000000005,1.0
0.5000000000000001,600,3,0.06999999999999999,1.0
0.5000000000000001,600,3,0.08,1.0
0.5000000000000001,600,3,0.09,1.0
0.5000000000000001,600,3,0.09999999999999999,1.0
0.5000000000000001,600,3,0.11,1.0
0.5000000000000001,600,3,0.12,1.0
0.5000000000000001,600,3,0.13,1.0
0.5000000000000001,600,3,0.14,1.0
0.5000000000000001,600,4,0.01,1.0
0.5000000000000001,600,4,0.02,1.0
0.5000000000000001,600,4,0.03,1.0
0.5000000000000001,600,4,0.04,1.0
0.5000000000000001,600,4,0.05,1.0
0.5000000000000001,600,4,0.060000000000000005,1.0
0.5000000000000001,600,4,0.06999999999999999,1.0
0.5000000000000001,600,4,0.08,1.0
0.5000000000000001,600,4,0.09,1.0
0.5000000000000001,600,4,0.09999999999999999,1.0
0.5000000000000001,600,4,0.11,1.0
0.5000000000000001,600,4,0.12,1.0
0.5000000000000001,600,4,0.13,1.0
0.5000000000000001,600,4,0.14,1.0
0.5000000000000001,600,5,0.01,1.0
0.5000000000000001,600,5,0.02,1.0
0.5000000000000001,600,5,0.03,1.0
0.5000000000000001,600,5,0.04,1.0
0.5000000000000001,600,5,0.05,1.0
0.5000000000000001,600,5,0.060000000000000005,1.0
0.5000000000000001,600,5,0.06999999999999999,1.0
0.5000000000000001,600,5,0.08,1.0
0.5000000000000001,600,5,0.09,1.0
0.5000000000000001,600,5,0.09999999999999999,1.0
0.5000000000000001,600,5,0.11,1.0
0.5000000000000001,600,5,0.12,1.0
0.5000000000000001,600,5,0.13,1.0
0.5000000000000001,600,5,0.14,1.0
0.5000000000000001,600,6,0.01,1.0
0.5000000000000001,600,6,0.02,1.0
0.5000000000000001,600,6,0.03,1.0
0.5000000000000001,600,6,0.04,1.0
0.5000000000000001,600,6,0.05,1.0
0.5000000000000001,600,6,0.060000000000000005,1.0
0.5000000000000001,600,6,0.06999999999999999,1.0
0.5000000000000001,600,6,0.08,1.0
0.5000000000000001,600,6,0.09,1.0
0.5000000000000001,600,6,0.09999999999999999,1.0
0.5000000000000001,600,6,0.11,1.0
0.5000000000000001,600,6,0.12,1.0
0.5000000000000001,600,6,0.13,1.0
0.5000000000000001,600,6,0.14,1.0
0.5000000000000001,600,7,0.01,1.0
0.5000000000000001,600,7,0.02,1.0
0.5000000000000001,600,7,0.03,1.0
0.5000000000000001,600,7,0.04,1.0
0.5000000000000001,600,7,0.05,1.0
0.5000000000000001,600,7,0.060000000000000005,1.0
0.5000000000000001,600,7,0.06999999999999999,1.0
0.5000000000000001,600,7,0.08,1.0
0.5000000000000001,600,7,0.09,1.0
0.5000000000000001,600,7,0.09999999999999999,1.0
0.5000000000000001,600,7,0.11,1.0
0.5000000000000001,600,7,0.12,1.0
0.5000000000000001,600,7,0.13,1.0
0.5000000000000001,600,7,0.14,1.0
0.5000000000000001,600,8,0.01,0.9998
0.5000000000000001,600,8,0.02,1.0
0.5000000000000001,600,8,0.03,1.0
0.5000000000000001,600,8,0.04,1.0
0.5000000000000001,600,8,0.05,1.0
0.5000000000000001,600,8,0.060000000000000005,1.0
0.5000000000000001,600,8,0.06999999999999999,1.0
0.5000000000000001,600,8,0.08,1.0
0.5000000000000001,600,8,0.09,1.0
0.5000000000000001,600,8,0.09999999999999999,1.0
0.5000000000000001,600,8,0.11,1.0
0.5000000000000001,600,8,0.12,1.0
0.5000000000000001,600,8,0.13,1.0
0.5000000000000001,600,8,0.14,1.0
0.5000000000000001,650,3,0.01,1.0
0.5000000000000001,650,3,0.02,1.0
0.5000000000000001,650,3,0.03,1.0
0.5000000000000001,650,3,0.04,1.0
0.5000000000000001,650,3,0.05,1.0
0.5000000000000001,650,3,0.060000000000000005,1.0
0.5000000000000001,650,3,0.06999999999999999,1.0
0.5000000000000001,650,3,0.08,1.0
0.5000000000000001,650,3,0.09,1.0
0.5000000000000001,650,3,0.09999999999999999,1.0
0.5000000000000001,650,3,0.11,1.0
0.5000000000000001,650,3,0.12,1.0
0.5000000000000001,650,3,0.13,1.0
0.5000000000000001,650,3,0.14,1.0
0.5000000000000001,650,4,0.01,1.0
0.5000000000000001,650,4,0.02,1.0
0.5000000000000001,650,4,0.03,1.0
0.5000000000000001,650,4,0.04,1.0
0.5000000000000001,650,4,0.05,1.0
0.5000000000000001,650,4,0.060000000000000005,1.0
0.5000000000000001,650,4,0.06999999999999999,1.0
0.5000000000000001,650,4,0.08,1.0
0.5000000000000001,650,4,0.09,1.0
0.5000000000000001,650,4,0.09999999999999999,1.0
0.5000000000000001,650,4,0.11,1.0
0.5000000000000001,650,4,0.12,1.0
0.5000000000000001,650,4,0.13,1.0
0.5000000000000001,650,4,0.14,1.0
0.5000000000000001,650,5,0.01,1.0
0.5000000000000001,650,5,0.02,1.0
0.5000000000000001,650,5,0.03,1.0
0.5000000000000001,650,5,0.04,1.0
0.5000000000000001,650,5,0.05,1.0
0.5000000000000001,650,5,0.060000000000000005,1.0
0.5000000000000001,650,5,0.06999999999999999,1.0
0.5000000000000001,650,5,0.08,1.0
0.5000000000000001,650,5,0.09,1.0
0.5000000000000001,650,5,0.09999999999999999,1.0
0.5000000000000001,650,5,0.11,1.0
0.5000000000000001,650,5,0.12,1.0
0.5000000000000001,650,5,0.13,1.0
0.5000000000000001,650,5,0.14,1.0
0.5000000000000001,650,6,0.01,1.0
0.5000000000000001,650,6,0.02,1.0
0.5000000000000001,650,6,0.03,1.0
0.5000000000000001,650,6,0.04,1.0
0.5000000000000001,650,6,0.05,1.0
0.5000000000000001,650,6,0.060000000000000005,1.0
0.5000000000000001,650,6,0.06999999999999999,1.0
0.5000000000000001,650,6,0.08,1.0
0.5000000000000001,650,6,0.09,1.0
0.5000000000000001,650,6,0.09999999999999999,1.0
0.5000000000000001,650,6,0.11,1.0
0.5000000000000001,650,6,0.12,1.0
0.5000000000000001,650,6,0.13,1.0
0.5000000000000001,650,6,0.14,1.0
0.5000000000000001,650,7,0.01,1.0
0.5000000000000001,650,7,0.02,1.0
0.5000000000000001,650,7,0.03,1.0
0.5000000000000001,650,7,0.04,1.0
0.5000000000000001,650,7,0.05,1.0
0.5000000000000001,650,7,0.060000000000000005,1.0
0.5000000000000001,650,7,0.06999999999999999,1.0
0.5000000000000001,650,7,0.08,1.0
0.5000000000000001,650,7,0.09,1.0
0.5000000000000001,650,7,0.09999999999999999,1.0
0.5000000000000001,650,7,0.11,1.0
0.5000000000000001,650,7,0.12,1.0
0.5000000000000001,650,7,0.13,1.0
0.5000000000000001,650,7,0.14,1.0
0.5000000000000001,650,8,0.01,0.9999
0.5000000000000001,650,8,0.02,1.0
0.5000000000000001,650,8,0.03,1.0
0.5000000000000001,650,8,0.04,1.0
0.5000000000000001,650,8,0.05,1.0
0.5000000000000001,650,8,0.060000000000000005,1.0
0.5000000000000001,650,8,0.06999999999999999,1.0
0.5000000000000001,650,8,0.08,1.0
0.5000000000000001,650,8,0.09,1.0
0.5000000000000001,650,8,0.09999999999999999,1.0
0.5000000000000001,650,8,0.11,1.0
0.5000000000000001,650,8,0.12,1.0
0.5000000000000001,650,8,0.13,1.0
0.5000000000000001,650,8,0.14,1.0
0.6000000000000001,50,3,0.01,0.9768
0.6000000000000001,50,3,0.02,0.9999
0.6000000000000001,50,3,0.03,1.0
0.6000000000000001,50,3,0.04,1.0
0.6000000000000001,50,3,0.05,1.0
0.6000000000000001,50,3,0.060000000000000005,1.0
0.6000000000000001,50,3,0.06999999999999999,1.0
0.6000000000000001,50,3,0.08,1.0
0.6000000000000001,50,3,0.09,1.0
0.6000000000000001,50,3,0.09999999999999999,1.0
0.6000000000000001,50,3,0.11,1.0
0.6000000000000001,50,3,0.12,1.0
0.6000000000000001,50,3,0.13,1.0
0.6000000000000001,50,3,0.14,1.0
0.6000000000000001,50,4,0.01,0.9209
0.6000000000000001,50,4,0.02,0.999
0.6000000000000001,50,4,0.03,1.0
0.6000000000000001,50,4,0.04,1.0
0.6000000000000001,50,4,0.05,1.0
0.6000000000000001,50,4,0.060000000000000005,1.0
0.6000000000000001,50,4,0.06999999999999999,1.0
0.6000000000000001,50,4,0.08,1.0
0.6000000000000001,50,4,0.09,1.0
0.6000000000000001,50,4,0.09999999999999999,1.0
0.6000000000000001,50,4,0.11,1.0
0.6000000000000001,50,4,0.12,1.0
0.6000000000000001,50,4,0.13,1.0
0.6000000000000001,50,4,0.14,1.0
0.6000000000000001,50,5,0.01,0.7963
0.6000000000000001,50,5,0.02,0.9958
0.6000000000000001,50,5,0.03,1.0
0.6000000000000001,50,5,0.04,1.0
0.6000000000000001,50,5,0.05,1.0
0.6000000000000001,50,5,0.060000000000000005,1.0
0.6000000000000001,50,5,0.06999999999999999,1.0
0.6000000000000001,50,5,0.08,1.0
0.6000000000000001,50,5,0.09,1.0
0.6000000000000001,50,5,0.09999999999999999,1.0
0.6000000000000001,50,5,0.11,1.0
0.6000000000000001,50,5,0.12,1.0
0.6000000000000001,50,5,0.13,1.0
0.6000000000000001,50,5,0.14,1.0
0.6000000000000001,50,6,0.01,0.6176
0.6000000000000001,50,6,0.02,0.9852
0.6000000000000001,50,6,0.03,1.0
0.6000000000000001,50,6,0.04,1.0
0.6000000000000001,50,6,0.05,1.0
0.6000000000000001,50,6,0.060000000000000005,1.0
0.6000000000000001,50,6,0.06999999999999999,1.0
0.6000000000000001,50,6,0.08,1.0
0.6000000000000001,50,6,0.09,1.0
0.6000000000000001,50,6,0.09999999999999999,1.0
0.6000000000000001,50,6,0.11,1.0
0.6000000000000001,50,6,0.12,1.0
0.6000000000000001,50,6,0.13,1.0
0.6000000000000001,50,6,0.14,1.0
0.6000000000000001,50,7,0.01,0.4185
0.6000000000000001,50,7,0.02,0.9587
0.6000000000000001,50,7,0.03,0.9994
0.6000000000000001,50,7,0.04,1.0
0.6000000000000001,50,7,0.05,1.0
0.6000000000000001,50,7,0.060000000000000005,1.0
0.6000000000000001,50,7,0.06999999999999999,1.0
0.6000000000000001,50,7,0.08,1.0
0.6000000000000001,50,7,0.09,1.0
0.6000000000000001,50,7,0.09999999999999999,1.0
0.6000000000000001,50,7,0.11,1.0
0.6000000000000001,50,7,0.12,1.0
0.6000000000000001,50,7,0.13,1.0
0.6000000000000001,50,7,0.14,1.0
0.6000000000000001,50,8,0.01,0.2375
0.6000000000000001,50,8,0.02,0.9042
0.6000000000000001,50,8,0.03,0.9982
0.6000000000000001,50,8,0.04,1.0
0.6000000000000001,50,8,0.05,1.0
0.6000000000000001,50,8,0.060000000000000005,1.0
0.6000000000000001,50,8,0.06999999999999999,1.0
0.6000000000000001,50,8,0.08,1.0
0.6000000000000001,50,8,0.09,1.0
0.6000000000000001,50,8,0.09999999999999999,1.0
0.6000000000000001,50,8,0.11,1.0
0.6000000000000001,50,8,0.12,1.0
0.6000000000000001,50,8,0.13,1.0
0.6000000000000001,50,8,0.14,1.0
0.6000000000000001,100,3,0.01,0.9995
0.6000000000000001,100,3,0.02,1.0
0.6000000000000001,100,3,0.03,1.0
0.6000000000000001,100,3,0.04,1.0
0.6000000000000001,100,3,0.05,1.0
0.6000000000000001,100,3,0.060000000000000005,1.0
0.6000000000000001,100,3,0.06999999999999999,1.0
0.6000000000000001,100,3,0.08,1.0
0.6000000000000001,100,3,0.09,1.0
0.6000000000000001,100,3,0.09999999999999999,1.0
0.6000000000000001,100,3,0.11,1.0
0.6000000000000001,100,3,0.12,1.0
0.6000000000000001,100,3,0.13,1.0
0.6000000000000001,100,3,0.14,1.0
0.6000000000000001,100,4,0.01,0.998
0.6000000000000001,100,4,0.02,1.0
0.6000000000000001,100,4,0.03,1.0
0.6000000000000001,100,4,0.04,1.0
0.6000000000000001,100,4,0.05,1.0
0.6000000000000001,100,4,0.060000000000000005,1.0
0.6000000000000001,100,4,0.06999999999999999,1.0
0.6000000000000001,100,4,0.08,1.0
0.6000000000000001,100,4,0.09,1.0
0.6000000000000001,100,4,0.09999999999999999,1.0
0.6000000000000001,100,4,0.11,1.0
0.6000000000000001,100,4,0.12,1.0
0.6000000000000001,100,4,0.13,1.0
0.6000000000000001,100,4,0.14,1.0
0.6000000000000001,100,5,0.01,0.99
0.6000000000000001,100,5,0.02,1.0
0.6000000000000001,100,5,0.03,1.0
0.6000000000000001,100,5,0.04,1.0
0.6000000000000001,100,5,0.05,1.0
0.6000000000000001,100,5,0.060000000000000005,1.0
0.6000000000000001,100,5,0.06999999999999999,1.0
0.6000000000000001,100,5,0.08,1.0
0.6000000000000001,100,5,0.09,1.0
0.6000000000000001,100,5,0.09999999999999999,1.0
0.6000000000000001,100,5,0.11,1.0
0.6000000000000001,100,5,0.12,1.0
0.6000000000000001,100,5,0.13,1.0
0.6000000000000001,100,5,0.14,1.0
0.6000000000000001,100,6,0.01,0.9636
0.6000000000000001,100,6,0.02,1.0
0.6000000000000001,100,6,0.03,1.0
0.6000000000000001,100,6,0.04,1.0
0.6000000000000001,100,6,0.05,1.0
0.6000000000000001,100,6,0.060000000000000005,1.0
0.6000000000000001,100,6,0.06999999999999999,1.0
0.6000000000000001,100,6,0.08,1.0
0.6000000000000001,100,6,0.09,1.0
0.6000000000000001,100,6,0.09999999999999999,1.0
0.6000000000000001,100,6,0.11,1.0
0.6000000000000001,100,6,0.12,1.0
0.6000000000000001,100,6,0.13,1.0
0.6000000000000001,100,6,0.14,1.0
0.6000000000000001,100,7,0.01,0.9022
0.6000000000000001,100,7,0.02,0.9998
0.6000000000000001,100,7,0.03,1.0
0.6000000000000001,100,7,0.04,1.0
0.6000000000000001,100,7,0.05,1.0
0.6000000000000001,100,7,0.060000000000000005,1.0
0.6000000000000001,100,7,0.06999999999999999,1.0
0.6000000000000001,100,7,0.08,1.0
0.6000000000000001,100,7,0.09,1.0
0.6000000000000001,100,7,0.09999999999999999,1.0
0.6000000000000001,100,7,0.11,1.0
0.6000000000000001,100,7,0.12,1.0
0.6000000000000001,100,7,0.13,1.0
0.6000000000000001,100,7,0.14,1.0
0.6000000000000001,100,8,0.01,0.7909
0.6000000000000001,100,8,0.02,0.9995
0.6000000000000001,100,8,0.03,1.0
0.6000000000000001,100,8,0.04,1.0
0.6000000000000001,100,8,0.05,1.0
0.6000000000000001,100,8,0.060000000000000005,1.0
0.6000000000000001,100,8,0.06999999999999999,1.0
0.6000000000000001,100,8,0.08,1.0
0.6000000000000001,100,8,0.09,1.0
0.6000000000000001,100,8,0.09999999999999999,1.0
0.6000000000000001,100,8,0.11,1.0
0.6000000000000001,100,8,0.12,1.0
0.6000000000000001,100,8,0.13,1.0
0.6000000000000001,100,8,0.14,1.0
0.6000000000000001,150,3,0.01,1.0
0.6000000000000001,150,3,0.02,1.0
0.6000000000000001,150,3,0.03,1.0
0.6000000000000001,150,3,0.04,1.0
0.6000000000000001,150,3,0.05,1.0
0.6000000000000001,150,3,0.060000000000000005,1.0
0.6000000000000001,150,3,0.06999999999999999,1.0
0.6000000000000001,150,3,0.08,1.0
0.6000000000000001,150,3,0.09,1.0
0.6000000000000001,150,3,0.09999999999999999,1.0
0.6000000000000001,150,3,0.11,1.0
0.6000000000000001,150,3,0.12,1.0
0.6000000000000001,150,3,0.13,1.0
0.6000000000000001,150,3,0.14,1.0
0.6000000000000001,150,4,0.01,1.0
0.6000000000000001,150,4,0.02,1.0
0.6000000000000001,150,4,0.03,1.0
0.6000000000000001,150,4,0.04,1.0
0.6000000000000001,150,4,0.05,1.0
0.6000000000000001,150,4,0.060000000000000005,1.0
0.6000000000000001,150,4,0.06999999999999999,1.0
0.6000000000000001,150,4,0.08,1.0
0.6000000000000001,150,4,0.09,1.0
0.6000000000000001,150,4,0.09999999999999999,1.0
0.6000000000000001,150,4,0.11,1.0
0.6000000000000001,150,4,0.12,1.0
0.6000000000000001,150,4,0.13,1.0
0.6000000000000001,150,4,0.14,1.0
0.6000000000000001,150,5,0.01,0.9999
0.6000000000000001,150,5,0.02,1.0
0.6000000000000001,150,5,0.03,1.0
0.6000000000000001,150,5,0.04,1.0
0.6000000000000001,150,5,0.05,1.0
0.6000000000000001,150,5,0.060000000000000005,1.0
0.6000000000000001,150,5,0.06999999999999999,1.0
0.6000000000000001,150,5,0.08,1.0
0.6000000000000001,150,5,0.09,1.0
0.6000000000000001,150,5,0.09999999999999999,1.0
0.6000000000000001,150,5,0.11,1.0
0.6000000000000001,150,5,0.12,1.0
0.6000000000000001,150,5,0.13,1.0
0.6000000000000001,150,5,0.14,1.0
0.6000000000000001,150,6,0.01,0.9976
0.6000000000000001,150,6,0.02,1.0
0.6000000000000001,150,6,0.03,1.0
0.6000000000000001,150,6,0.04,1.0
0.6000000000000001,150,6,0.05,1.0
0.6000000000000001,150,6,0.060000000000000005,1.0
0.6000000000000001,150,6,0.06999999999999999,1.0
0.6000000000000001,150,6,0.08,1.0
0.6000000000000001,150,6,0.09,1.0
0.6000000000000001,150,6,0.09999999999999999,1.0
0.6000000000000001,150,6,0.11,1.0
0.6000000000000001,150,6,0.12,1.0
0.6000000000000001,150,6,0.13,1.0
0.6000000000000001,150,6,0.14,1.0
0.6000000000000001,150,7,0.01,0.99
0.6000000000000001,150,7,0.02,1.0
0.6000000000000001,150,7,0.03,1.0
0.6000000000000001,150,7,0.04,1.0
0.6000000000000001,150,7,0.05,1.0
0.6000000000000001,150,7,0.060000000000000005,1.0
0.6000000000000001,150,7,0.06999999999999999,1.0
0.6000000000000001,150,7,0.08,1.0
0.6000000000000001,150,7,0.09,1.0
0.6000000000000001,150,7,0.09999999999999999,1.0
0.6000000000000001,150,7,0.11,1.0
0.6000000000000001,150,7,0.12,1.0
0.6000000000000001,150,7,0.13,1.0
0.6000000000000001,150,7,0.14,1.0
0.6000000000000001,150,8,0.01,0.9672
0.6000000000000001,150,8,0.02,0.9999
0.6000000000000001,150,8,0.03,1.0
0.6000000000000001,150,8,0.04,1.0
0.6000000000000001,150,8,0.05,1.0
0.6000000000000001,150,8,0.060000000000000005,1.0
0.6000000000000001,150,8,0.06999999999999999,1.0
0.6000000000000001,150,8,0.08,1.0
0.6000000000000001,150,8,0.09,1.0
0.6000000000000001,150,8,0.09999999999999999,1.0
0.6000000000000001,150,8,0.11,1.0
0.6000000000000001,150,8,0.12,1.0
0.6000000000000001,150,8,0.13,1.0
0.6000000000000001,150,8,0.14,1.0
0.6000000000000001,200,3,0.01,1.0
0.6000000000000001,200,3,0.02,1.0
0.6000000000000001,200,3,0.03,1.0
0.6000000000000001,200,3,0.04,1.0
0.6000000000000001,200,3,0.05,1.0
0.6000000000000001,200,3,0.060000000000000005,1.0
0.6000000000000001,200,3,0.06999999999999999,1.0
0.6000000000000001,200,3,0.08,1.0
0.6000000000000001,200,3,0.09,1.0
0.6000000000000001,200,3,0.09999999999999999,1.0
0.6000000000000001,200,3,0.11,1.0
0.6000000000000001,200,3,0.12,1.0
0.6000000000000001,200,3,0.13,1.0
0.6000000000000001,200,3,0.14,1.0
0.6000000000000001,200,4,0.01,1.0
0.6000000000000001,200,4,0.02,1.0
0.6000000000000001,200,4,0.03,1.0
0.6000000000000001,200,4,0.04,1.0
0.6000000000000001,200,4,0.05,1.0
0.6000000000000001,200,4,0.060000000000000005,1.0
0.6000000000000001,200,4,0.06999999999999999,1.0
0.6000000000000001,200,4,0.08,1.0
0.6000000000000001,200,4,0.09,1.0
0.6000000000000001,200,4,0.09999999999999999,1.0
0.6000000000000001,200,4,0.11,1.0
0.6000000000000001,200,4,0.12,1.0
0.6000000000000001,200,4,0.13,1.0
0.6000000000000001,200,4,0.14,1.0
0.6000000000000001,200,5,0.01,1.0
0.6000000000000001,200,5,0.02,1.0
0.6000000000000001,200,5,0.03,1.0
0.6000000000000001,200,5,0.04,1.0
0.6000000000000001,200,5,0.05,1.0
0.6000000000000001,200,5,0.060000000000000005,1.0
0.6000000000000001,200,5,0.06999999999999999,1.0
0.6000000000000001,200,5,0.08,1.0
0.6000000000000001,200,5,0.09,1.0
0.6000000000000001,200,5,0.09999999999999999,1.0
0.6000000000000001,200,5,0.11,1.0
0.6000000000000001,200,5,0.12,1.0
0.6000000000000001,200,5,0.13,1.0
0.6000000000000001,200,5,0.14,1.0
0.6000000000000001,200,6,0.01,1.0
0.6000000000000001,200,6,0.02,1.0
0.6000000000000001,200,6,0.03,1.0
0.6000000000000001,200,6,0.04,1.0
0.6000000000000001,200,6,0.05,1.0
0.6000000000000001,200,6,0.060000000000000005,1.0
0.6000000000000001,200,6,0.06999999999999999,1.0
0.6000000000000001,200,6,0.08,1.0
0.6000000000000001,200,6,0.09,1.0
0.6000000000000001,200,6,0.09999999999999999,1.0
0.6000000000000001,200,6,0.11,1.0
0.6000000000000001,200,6,0.12,1.0
0.6000000000000001,200,6,0.13,1.0
0.6000000000000001,200,6,0.14,1.0
0.6000000000000001,200,7,0.01,0.9998
0.6000000000000001,200,7,0.02,1.0
0.6000000000000001,200,7,0.03,1.0
0.6000000000000001,200,7,0.04,1.0
0.6000000000000001,200,7,0.05,1.0
0.6000000000000001,200,7,0.060000000000000005,1.0
0.6000000000000001,200,7,0.06999999999999999,1.0
0.6000000000000001,200,7,0.08,1.0
0.6000000000000001,200,7,0.09,1.0
0.6000000000000001,200,7,0.09999999999999999,1.0
0.6000000000000001,200,7,0.11,1.0
0.6000000000000001,200,7,0.12,1.0
0.6000000000000001,200,7,0.13,1.0
0.6000000000000001,200,7,0.14,1.0
0.6000000000000001,200,8,0.01,0.9957
0.6000000000000001,200,8,0.02,1.0
0.6000000000000001,200,8,0.03,1.0
0.6000000000000001,200,8,0.04,1.0
0.6000000000000001,200,8,0.05,1.0
0.6000000000000001,200,8,0.060000000000000005,1.0
0.6000000000000001,200,8,0.06999999999999999,1.0
0.6000000000000001,200,8,0.08,1.0
0.6000000000000001,200,8,0.09,1.0
0.6000000000000001,200,8,0.09999999999999999,1.0
0.6000000000000001,200,8,0.11,1.0
0.6000000000000001,200,8,0.12,1.0
0.6000000000000001,200,8,0.13,1.0
0.6000000000000001,200,8,0.14,1.0
0.6000000000000001,250,3,0.01,1.0
0.6000000000000001,250,3,0.02,1.0
0.6000000000000001,250,3,0.03,1.0
0.6000000000000001,250,3,0.04,1.0
0.6000000000000001,250,3,0.05,1.0
0.6000000000000001,250,3,0.060000000000000005,1.0
0.6000000000000001,250,3,0.06999999999999999,1.0
0.6000000000000001,250,3,0.08,1.0
0.6000000000000001,250,3,0.09,1.0
0.6000000000000001,250,3,0.09999999999999999,1.0
0.6000000000000001,250,3,0.11,1.0
0.6000000000000001,250,3,0.12,1.0
0.6000000000000001,250,3,0.13,1.0
0.6000000000000001,250,3,0.14,1.0
0.6000000000000001,250,4,0.01,1.0
0.6000000000000001,250,4,0.02,1.0
0.6000000000000001,250,4,0.03,1.0
0.6000000000000001,250,4,0.04,1.0
0.6000000000000001,250,4,0.05,1.0
0.6000000000000001,250,4,0.060000000000000005,1.0
0.6000000000000001,250,4,0.06999999999999999,1.0
0.6000000000000001,250,4,0.08,1.0
0.6000000000000001,250,4,0.09,1.0
0.6000000000000001,250,4,0.09999999999999999,1.0
0.6000000000000001,250,4,0.11,1.0
0.6000000000000001,250,4,0.12,1.0
0.6000000000000001,250,4,0.13,1.0
0.6000000000000001,250,4,0.14,1.0
0.6000000000000001,250,5,0.01,1.0
0.6000000000000001,250,5,0.02,1.0
0.6000000000000001,250,5,0.03,1.0
0.6000000000000001,250,5,0.04,1.0
0.6000000000000001,250,5,0.05,1.0
0.6000000000000001,250,5,0.060000000000000005,1.0
0.6000000000000001,250,5,0.06999999999999999,1.0
0.6000000000000001,250,5,0.08,1.0
0.6000000000000001,250,5,0.09,1.0
0.6000000000000001,250,5,0.09999999999999999,1.0
0.6000000000000001,250,5,0.11,1.0
0.6000000000000001,250,5,0.12,1.0
0.6000000000000001,250,5,0.13,1.0
0.6000000000000001,250,5,0.14,1.0
0.6000000000000001,250,6,0.01,1.0
0.6000000000000001,250,6,0.02,1.0
0.6000000000000001,250,6,0.03,1.0
0.6000000000000001,250,6,0.04,1.0
0.6000000000000001,250,6,0.05,1.0
0.6000000000000001,250,6,0.060000000000000005,1.0
0.6000000000000001,250,6,0.06999999999999999,1.0
0.6000000000000001,250,6,0.08,1.0
0.6000000000000001,250,6,0.09,1.0
0.6000000000000001,250,6,0.09999999999999999,1.0
0.6000000000000001,250,6,0.11,1.0
0.6000000000000001,250,6,0.12,1.0
0.6000000000000001,250,6,0.13,1.0
0.6000000000000001,250,6,0.14,1.0
0.6000000000000001,250,7,0.01,1.0
0.6000000000000001,250,7,0.02,1.0
0.6000000000000001,250,7,0.03,1.0
0.6000000000000001,250,7,0.04,1.0
0.6000000000000001,250,7,0.05,1.0
0.6000000000000001,250,7,0.060000000000000005,1.0
0.6000000000000001,250,7,0.06999999999999999,1.0
0.6000000000000001,250,7,0.08,1.0
0.6000000000000001,250,7,0.09,1.0
0.6000000000000001,250,7,0.09999999999999999,1.0
0.6000000000000001,250,7,0.11,1.0
0.6000000000000001,250,7,0.12,1.0
0.6000000000000001,250,7,0.13,1.0
0.6000000000000001,250,7,0.14,1.0
0.6000000000000001,250,8,0.01,0.9997
0.6000000000000001,250,8,0.02,1.0
0.6000000000000001,250,8,0.03,1.0
0.6000000000000001,250,8,0.04,1.0
0.6000000000000001,250,8,0.05,1.0
0.6000000000000001,250,8,0.060000000000000005,1.0
0.6000000000000001,250,8,0.06999999999999999,1.0
0.6000000000000001,250,8,0.08,1.0
0.6000000000000001,250,8,0.09,1.0
0.6000000000000001,250,8,0.09999999999999999,1.0
0.6000000000000001,250,8,0.11,1.0
0.6000000000000001,250,8,0.12,1.0
0.6000000000000001,250,8,0.13,1.0
0.6000000000000001,250,8,0.14,1.0
0.6000000000000001,300,3,0.01,1.0
0.6000000000000001,300,3,0.02,1.0
0.6000000000000001,300,3,0.03,1.0
0.6000000000000001,300,3,0.04,1.0
0.6000000000000001,300,3,0.05,1.0
0.6000000000000001,300,3,0.060000000000000005,1.0
0.6000000000000001,300,3,0.06999999999999999,1.0
0.6000000000000001,300,3,0.08,1.0
0.6000000000000001,300,3,0.09,1.0
0.6000000000000001,300,3,0.09999999999999999,1.0
0.6000000000000001,300,3,0.11,1.0
0.6000000000000001,300,3,0.12,1.0
0.6000000000000001,300,3,0.13,1.0
0.6000000000000001,300,3,0.14,1.0
0.6000000000000001,300,4,0.01,1.0
0.6000000000000001,300,4,0.02,1.0
0.6000000000000001,300,4,0.03,1.0
0.6000000000000001,300,4,0.04,1.0
0.6000000000000001,300,4,0.05,1.0
0.6000000000000001,300,4,0.060000000000000005,1.0
0.6000000000000001,300,4,0.06999999999999999,1.0
0.6000000000000001,300,4,0.08,1.0
0.6000000000000001,300,4,0.09,1.0
0.6000000000000001,300,4,0.09999999999999999,1.0
0.6000000000000001,300,4,0.11,1.0
0.6000000000000001,300,4,0.12,1.0
0.6000000000000001,300,4,0.13,1.0
0.6000000000000001,300,4,0.14,1.0
0.6000000000000001,300,5,0.01,1.0
0.6000000000000001,300,5,0.02,1.0
0.6000000000000001,300,5,0.03,1.0
0.6000000000000001,300,5,0.04,1.0
0.6000000000000001,300,5,0.05,1.0
0.6000000000000001,300,5,0.060000000000000005,1.0
0.6000000000000001,300,5,0.06999999999999999,1.0
0.6000000000000001,300,5,0.08,1.0
0.6000000000000001,300,5,0.09,1.0
0.6000000000000001,300,5,0.09999999999999999,1.0
0.6000000000000001,300,5,0.11,1.0
0.6000000000000001,300,5,0.12,1.0
0.6000000000000001,300,5,0.13,1.0
0.6000000000000001,300,5,0.14,1.0
0.6000000000000001,300,6,0.01,1.0
0.6000000000000001,300,6,0.02,1.0
0.6000000000000001,300,6,0.03,1.0
0.6000000000000001,300,6,0.04,1.0
0.6000000000000001,300,6,0.05,1.0
0.6000000000000001,300,6,0.060000000000000005,1.0
0.6000000000000001,300,6,0.06999999999999999,1.0
0.6000000000000001,300,6,0.08,1.0
0.6000000000000001,300,6,0.09,1.0
0.6000000000000001,300,6,0.09999999999999999,1.0
0.6000000000000001,300,6,0.11,1.0
0.6000000000000001,300,6,0.12,1.0
0.6000000000000001,300,6,0.13,1.0
0.6000000000000001,300,6,0.14,1.0
0.6000000000000001,300,7,0.01,1.0
0.6000000000000001,300,7,0.02,1.0
0.6000000000000001,300,7,0.03,1.0
0.6000000000000001,300,7,0.04,1.0
0.6000000000000001,300,7,0.05,1.0
0.6000000000000001,300,7,0.060000000000000005,1.0
0.6000000000000001,300,7,0.06999999999999999,1.0
0.6000000000000001,300,7,0.08,1.0
0.6000000000000001,300,7,0.09,1.0
0.6000000000000001,300,7,0.09999999999999999,1.0
0.6000000000000001,300,7,0.11,1.0
0.6000000000000001,300,7,0.12,1.0
0.6000000000000001,300,7,0.13,1.0
0.6000000000000001,300,7,0.14,1.0
0.6000000000000001,300,8,0.01,1.0
0.6000000000000001,300,8,0.02,1.0
0.6000000000000001,300,8,0.03,1.0
0.6000000000000001,300,8,0.04,1.0
0.6000000000000001,300,8,0.05,1.0
0.6000000000000001,300,8,0.060000000000000005,1.0
0.6000000000000001,300,8,0.06999999999999999,1.0
0.6000000000000001,300,8,0.08,1.0
0.6000000000000001,300,8,0.09,1.0
0.6000000000000001,300,8,0.09999999999999999,1.0
0.6000000000000001,300,8,0.11,1.0
0.6000000000000001,300,8,0.12,1.0
0.6000000000000001,300,8,0.13,1.0
0.6000000000000001,300,8,0.14,1.0
0.6000000000000001,350,3,0.01,1.0
0.6000000000000001,350,3,0.02,1.0
0.6000000000000001,350,3,0.03,1.0
0.6000000000000001,350,3,0.04,1.0
0.6000000000000001,350,3,0.05,1.0
0.6000000000000001,350,3,0.060000000000000005,1.0
0.6000000000000001,350,3,0.06999999999999999,1.0
0.6000000000000001,350,3,0.08,1.0
0.6000000000000001,350,3,0.09,1.0
0.6000000000000001,350,3,0.09999999999999999,1.0
0.6000000000000001,350,3,0.11,1.0
0.6000000000000001,350,3,0.12,1.0
0.6000000000000001,350,3,0.13,1.0
0.6000000000000001,350,3,0.14,1.0
0.6000000000000001,350,4,0.01,1.0
0.6000000000000001,350,4,0.02,1.0
0.6000000000000001,350,4,0.03,1.0
0.6000000000000001,350,4,0.04,1.0
0.6000000000000001,350,4,0.05,1.0
0.6000000000000001,350,4,0.060000000000000005,1.0
0.6000000000000001,350,4,0.06999999999999999,1.0
0.6000000000000001,350,4,0.08,1.0
0.6000000000000001,350,4,0.09,1.0
0.6000000000000001,350,4,0.09999999999999999,1.0
0.6000000000000001,350,4,0.11,1.0
0.6000000000000001,350,4,0.12,1.0
0.6000000000000001,350,4,0.13,1.0
0.6000000000000001,350,4,0.14,1.0
0.6000000000000001,350,5,0.01,1.0
0.6000000000000001,350,5,0.02,1.0
0.6000000000000001,350,5,0.03,1.0
0.6000000000000001,350,5,0.04,1.0
0.6000000000000001,350,5,0.05,1.0
0.6000000000000001,350,5,0.060000000000000005,1.0
0.6000000000000001,350,5,0.06999999999999999,1.0
0.6000000000000001,350,5,0.08,1.0
0.6000000000000001,350,5,0.09,1.0
0.6000000000000001,350,5,0.09999999999999999,1.0
0.6000000000000001,350,5,0.11,1.0
0.6000000000000001,350,5,0.12,1.0
0.6000000000000001,350,5,0.13,1.0
0.6000000000000001,350,5,0.14,1.0
0.6000000000000001,350,6,0.01,1.0
0.6000000000000001,350,6,0.02,1.0
0.6000000000000001,350,6,0.03,1.0
0.6000000000000001,350,6,0.04,1.0
0.6000000000000001,350,6,0.05,1.0
0.6000000000000001,350,6,0.060000000000000005,1.0
0.6000000000000001,350,6,0.06999999999999999,1.0
0.6000000000000001,350,6,0.08,1.0
0.6000000000000001,350,6,0.09,1.0
0.6000000000000001,350,6,0.09999999999999999,1.0
0.6000000000000001,350,6,0.11,1.0
0.6000000000000001,350,6,0.12,1.0
0.6000000000000001,350,6,0.13,1.0
0.6000000000000001,350,6,0.14,1.0
0.6000000000000001,350,7,0.01,1.0
0.6000000000000001,350,7,0.02,1.0
0.6000000000000001,350,7,0.03,1.0
0.6000000000000001,350,7,0.04,1.0
0.6000000000000001,350,7,0.05,1.0
0.6000000000000001,350,7,0.060000000000000005,1.0
0.6000000000000001,350,7,0.06999999999999999,1.0
0.6000000000000001,350,7,0.08,1.0
0.6000000000000001,350,7,0.09,1.0
0.6000000000000001,350,7,0.09999999999999999,1.0
0.6000000000000001,350,7,0.11,1.0
0.6000000000000001,350,7,0.12,1.0
0.6000000000000001,350,7,0.13,1.0
0.6000000000000001,350,7,0.14,1.0
0.6000000000000001,350,8,0.01,1.0
0.6000000000000001,350,8,0.02,1.0
0.6000000000000001,350,8,0.03,1.0
0.6000000000000001,350,8,0.04,1.0
0.6000000000000001,350,8,0.05,1.0
0.6000000000000001,350,8,0.060000000000000005,1.0
0.6000000000000001,350,8,0.06999999999999999,1.0
0.6000000000000001,350,8,0.08,1.0
0.6000000000000001,350,8,0.09,1.0
0.6000000000000001,350,8,0.09999999999999999,1.0
0.6000000000000001,350,8,0.11,1.0
0.6000000000000001,350,8,0.12,1.0
0.6000000000000001,350,8,0.13,1.0
0.6000000000000001,350,8,0.14,1.0
0.6000000000000001,400,3,0.01,1.0
0.6000000000000001,400,3,0.02,1.0
0.6000000000000001,400,3,0.03,1.0
0.6000000000000001,400,3,0.04,1.0
0.6000000000000001,400,3,0.05,1.0
0.6000000000000001,400,3,0.060000000000000005,1.0
0.6000000000000001,400,3,0.06999999999999999,1.0
0.6000000000000001,400,3,0.08,1.0
0.6000000000000001,400,3,0.09,1.0
0.6000000000000001,400,3,0.09999999999999999,1.0
0.6000000000000001,400,3,0.11,1.0
0.6000000000000001,400,3,0.12,1.0
0.6000000000000001,400,3,0.13,1.0
0.6000000000000001,400,3,0.14,1.0
0.6000000000000001,400,4,0.01,1.0
0.6000000000000001,400,4,0.02,1.0
0.6000000000000001,400,4,0.03,1.0
0.6000000000000001,400,4,0.04,1.0
0.6000000000000001,400,4,0.05,1.0
0.6000000000000001,400,4,0.060000000000000005,1.0
0.6000000000000001,400,4,0.06999999999999999,1.0
0.6000000000000001,400,4,0.08,1.0
0.6000000000000001,400,4,0.09,1.0
0.6000000000000001,400,4,0.09999999999999999,1.0
0.6000000000000001,400,4,0.11,1.0
0.6000000000000001,400,4,0.12,1.0
0.6000000000000001,400,4,0.13,1.0
0.6000000000000001,400,4,0.14,1.0
0.6000000000000001,400,5,0.01,1.0
0.6000000000000001,400,5,0.02,1.0
0.6000000000000001,400,5,0.03,1.0
0.6000000000000001,400,5,0.04,1.0
0.6000000000000001,400,5,0.05,1.0
0.6000000000000001,400,5,0.060000000000000005,1.0
0.6000000000000001,400,5,0.06999999999999999,1.0
0.6000000000000001,400,5,0.08,1.0
0.6000000000000001,400,5,0.09,1.0
0.6000000000000001,400,5,0.09999999999999999,1.0
0.6000000000000001,400,5,0.11,1.0
0.6000000000000001,400,5,0.12,1.0
0.6000000000000001,400,5,0.13,1.0
0.6000000000000001,400,5,0.14,1.0
0.6000000000000001,400,6,0.01,1.0
0.6000000000000001,400,6,0.02,1.0
0.6000000000000001,400,6,0.03,1.0
0.6000000000000001,400,6,0.04,1.0
0.6000000000000001,400,6,0.05,1.0
0.6000000000000001,400,6,0.060000000000000005,1.0
0.6000000000000001,400,6,0.06999999999999999,1.0
0.6000000000000001,400,6,0.08,1.0
0.6000000000000001,400,6,0.09,1.0
0.6000000000000001,400,6,0.09999999999999999,1.0
0.6000000000000001,400,6,0.11,1.0
0.6000000000000001,400,6,0.12,1.0
0.6000000000000001,400,6,0.13,1.0
0.6000000000000001,400,6,0.14,1.0
0.6000000000000001,400,7,0.01,1.0
0.6000000000000001,400,7,0.02,1.0
0.6000000000000001,400,7,0.03,1.0
0.6000000000000001,400,7,0.04,1.0
0.6000000000000001,400,7,0.05,1.0
0.6000000000000001,400,7,0.060000000000000005,1.0
0.6000000000000001,400,7,0.06999999999999999,1.0
0.6000000000000001,400,7,0.08,1.0
0.6000000000000001,400,7,0.09,1.0
0.6000000000000001,400,7,0.09999999999999999,1.0
0.6000000000000001,400,7,0.11,1.0
0.6000000000000001,400,7,0.12,1.0
0.6000000000000001,400,7,0.13,1.0
0.6000000000000001,400,7,0.14,1.0
0.6000000000000001,400,8,0.01,1.0
0.6000000000000001,400,8,0.02,1.0
0.6000000000000001,400,8,0.03,1.0
0.6000000000000001,400,8,0.04,1.0
0.6000000000000001,400,8,0.05,1.0
0.6000000000000001,400,8,0.060000000000000005,1.0
0.6000000000000001,400,8,0.06999999999999999,1.0
0.6000000000000001,400,8,0.08,1.0
0.6000000000000001,400,8,0.09,1.0
0.6000000000000001,400,8,0.09999999999999999,1.0
0.6000000000000001,400,8,0.11,1.0
0.6000000000000001,400,8,0.12,1.0
0.6000000000000001,400,8,0.13,1.0
0.6000000000000001,400,8,0.14,1.0
0.6000000000000001,450,3,0.01,1.0
0.6000000000000001,450,3,0.02,1.0
0.6000000000000001,450,3,0.03,1.0
0.6000000000000001,450,3,0.04,1.0
0.6000000000000001,450,3,0.05,1.0
0.6000000000000001,450,3,0.060000000000000005,1.0
0.6000000000000001,450,3,0.06999999999999999,1.0
0.6000000000000001,450,3,0.08,1.0
0.6000000000000001,450,3,0.09,1.0
0.6000000000000001,450,3,0.09999999999999999,1.0
0.6000000000000001,450,3,0.11,1.0
0.6000000000000001,450,3,0.12,1.0
0.6000000000000001,450,3,0.13,1.0
0.6000000000000001,450,3,0.14,1.0
0.6000000000000001,450,4,0.01,1.0
0.6000000000000001,450,4,0.02,1.0
0.6000000000000001,450,4,0.03,1.0
0.6000000000000001,450,4,0.04,1.0
0.6000000000000001,450,4,0.05,1.0
0.6000000000000001,450,4,0.060000000000000005,1.0
0.6000000000000001,450,4,0.06999999999999999,1.0
0.6000000000000001,450,4,0.08,1.0
0.6000000000000001,450,4,0.09,1.0
0.6000000000000001,450,4,0.09999999999999999,1.0
0.6000000000000001,450,4,0.11,1.0
0.6000000000000001,450,4,0.12,1.0
0.6000000000000001,450,4,0.13,1.0
0.6000000000000001,450,4,0.14,1.0
0.6000000000000001,450,5,0.01,1.0
0.6000000000000001,450,5,0.02,1.0
0.6000000000000001,450,5,0.03,1.0
0.6000000000000001,450,5,0.04,1.0
0.6000000000000001,450,5,0.05,1.0
0.6000000000000001,450,5,0.060000000000000005,1.0
0.6000000000000001,450,5,0.06999999999999999,1.0
0.6000000000000001,450,5,0.08,1.0
0.6000000000000001,450,5,0.09,1.0
0.6000000000000001,450,5,0.09999999999999999,1.0
0.6000000000000001,450,5,0.11,1.0
0.6000000000000001,450,5,0.12,1.0
0.6000000000000001,450,5,0.13,1.0
0.6000000000000001,450,5,0.14,1.0
0.6000000000000001,450,6,0.01,1.0
0.6000000000000001,450,6,0.02,1.0
0.6000000000000001,450,6,0.03,1.0
0.6000000000000001,450,6,0.04,1.0
0.6000000000000001,450,6,0.05,1.0
0.6000000000000001,450,6,0.060000000000000005,1.0
0.6000000000000001,450,6,0.06999999999999999,1.0
0.6000000000000001,450,6,0.08,1.0
0.6000000000000001,450,6,0.09,1.0
0.6000000000000001,450,6,0.09999999999999999,1.0
0.6000000000000001,450,6,0.11,1.0
0.6000000000000001,450,6,0.12,1.0
0.6000000000000001,450,6,0.13,1.0
0.6000000000000001,450,6,0.14,1.0
0.6000000000000001,450,7,0.01,1.0
0.6000000000000001,450,7,0.02,1.0
0.6000000000000001,450,7,0.03,1.0
0.6000000000000001,450,7,0.04,1.0
0.6000000000000001,450,7,0.05,1.0
0.6000000000000001,450,7,0.060000000000000005,1.0
0.6000000000000001,450,7,0.06999999999999999,1.0
0.6000000000000001,450,7,0.08,1.0
0.6000000000000001,450,7,0.09,1.0
0.6000000000000001,450,7,0.09999999999999999,1.0
0.6000000000000001,450,7,0.11,1.0
0.6000000000000001,450,7,0.12,1.0
0.6000000000000001,450,7,0.13,1.0
0.6000000000000001,450,7,0.14,1.0
0.6000000000000001,450,8,0.01,1.0
0.6000000000000001,450,8,0.02,1.0
0.6000000000000001,450,8,0.03,1.0
0.6000000000000001,450,8,0.04,1.0
0.6000000000000001,450,8,0.05,1.0
0.6000000000000001,450,8,0.060000000000000005,1.0
0.6000000000000001,450,8,0.06999999999999999,1.0
0.6000000000000001,450,8,0.08,1.0
0.6000000000000001,450,8,0.09,1.0
0.6000000000000001,450,8,0.09999999999999999,1.0
0.6000000000000001,450,8,0.11,1.0
0.6000000000000001,450,8,0.12,1.0
0.6000000000000001,450,8,0.13,1.0
0.6000000000000001,450,8,0.14,1.0
0.6000000000000001,500,3,0.01,1.0
0.6000000000000001,500,3,0.02,1.0
0.6000000000000001,500,3,0.03,1.0
0.6000000000000001,500,3,0.04,1.0
0.6000000000000001,500,3,0.05,1.0
0.6000000000000001,500,3,0.060000000000000005,1.0
0.6000000000000001,500,3,0.06999999999999999,1.0
0.6000000000000001,500,3,0.08,1.0
0.6000000000000001,500,3,0.09,1.0
0.6000000000000001,500,3,0.09999999999999999,1.0
0.6000000000000001,500,3,0.11,1.0
0.6000000000000001,500,3,0.12,1.0
0.6000000000000001,500,3,0.13,1.0
0.6000000000000001,500,3,0.14,1.0
0.6000000000000001,500,4,0.01,1.0
0.6000000000000001,500,4,0.02,1.0
0.6000000000000001,500,4,0.03,1.0
0.6000000000000001,500,4,0.04,1.0
0.6000000000000001,500,4,0.05,1.0
0.6000000000000001,500,4,0.060000000000000005,1.0
0.6000000000000001,500,4,0.06999999999999999,1.0
0.6000000000000001,500,4,0.08,1.0
0.6000000000000001,500,4,0.09,1.0
0.6000000000000001,500,4,0.09999999999999999,1.0
0.6000000000000001,500,4,0.11,1.0
0.6000000000000001,500,4,0.12,1.0
0.6000000000000001,500,4,0.13,1.0
0.6000000000000001,500,4,0.14,1.0
0.6000000000000001,500,5,0.01,1.0
0.6000000000000001,500,5,0.02,1.0
0.6000000000000001,500,5,0.03,1.0
0.6000000000000001,500,5,0.04,1.0
0.6000000000000001,500,5,0.05,1.0
0.6000000000000001,500,5,0.060000000000000005,1.0
0.6000000000000001,500,5,0.06999999999999999,1.0
0.6000000000000001,500,5,0.08,1.0
0.6000000000000001,500,5,0.09,1.0
0.6000000000000001,500,5,0.09999999999999999,1.0
0.6000000000000001,500,5,0.11,1.0
0.6000000000000001,500,5,0.12,1.0
0.6000000000000001,500,5,0.13,1.0
0.6000000000000001,500,5,0.14,1.0
0.6000000000000001,500,6,0.01,1.0
0.6000000000000001,500,6,0.02,1.0
0.6000000000000001,500,6,0.03,1.0
0.6000000000000001,500,6,0.04,1.0
0.6000000000000001,500,6,0.05,1.0
0.6000000000000001,500,6,0.060000000000000005,1.0
0.6000000000000001,500,6,0.06999999999999999,1.0
0.6000000000000001,500,6,0.08,1.0
0.6000000000000001,500,6,0.09,1.0
0.6000000000000001,500,6,0.09999999999999999,1.0
0.6000000000000001,500,6,0.11,1.0
0.6000000000000001,500,6,0.12,1.0
0.6000000000000001,500,6,0.13,1.0
0.6000000000000001,500,6,0.14,1.0
0.6000000000000001,500,7,0.01,1.0
0.6000000000000001,500,7,0.02,1.0
0.6000000000000001,500,7,0.03,1.0
0.6000000000000001,500,7,0.04,1.0
0.6000000000000001,500,7,0.05,1.0
0.6000000000000001,500,7,0.060000000000000005,1.0
0.6000000000000001,500,7,0.06999999999999999,1.0
0.6000000000000001,500,7,0.08,1.0
0.6000000000000001,500,7,0.09,1.0
0.6000000000000001,500,7,0.09999999999999999,1.0
0.6000000000000001,500,7,0.11,1.0
0.6000000000000001,500,7,0.12,1.0
0.6000000000000001,500,7,0.13,1.0
0.6000000000000001,500,7,0.14,1.0
0.6000000000000001,500,8,0.01,1.0
0.6000000000000001,500,8,0.02,1.0
0.6000000000000001,500,8,0.03,1.0
0.6000000000000001,500,8,0.04,1.0
0.6000000000000001,500,8,0.05,1.0
0.6000000000000001,500,8,0.060000000000000005,1.0
0.6000000000000001,500,8,0.06999999999999999,1.0
0.6000000000000001,500,8,0.08,1.0
0.6000000000000001,500,8,0.09,1.0
0.6000000000000001,500,8,0.09999999999999999,1.0
0.6000000000000001,500,8,0.11,1.0
0.6000000000000001,500,8,0.12,1.0
0.6000000000000001,500,8,0.13,1.0
0.6000000000000001,500,8,0.14,1.0
0.6000000000000001,550,3,0.01,1.0
0.6000000000000001,550,3,0.02,1.0
0.6000000000000001,550,3,0.03,1.0
0.6000000000000001,550,3,0.04,1.0
0.6000000000000001,550,3,0.05,1.0
0.6000000000000001,550,3,0.060000000000000005,1.0
0.6000000000000001,550,3,0.06999999999999999,1.0
0.6000000000000001,550,3,0.08,1.0
0.6000000000000001,550,3,0.09,1.0
0.6000000000000001,550,3,0.09999999999999999,1.0
0.6000000000000001,550,3,0.11,1.0
0.6000000000000001,550,3,0.12,1.0
0.6000000000000001,550,3,0.13,1.0
0.6000000000000001,550,3,0.14,1.0
0.6000000000000001,550,4,0.01,1.0
0.6000000000000001,550,4,0.02,1.0
0.6000000000000001,550,4,0.03,1.0
0.6000000000000001,550,4,0.04,1.0
0.6000000000000001,550,4,0.05,1.0
0.6000000000000001,550,4,0.060000000000000005,1.0
0.6000000000000001,550,4,0.06999999999999999,1.0
0.6000000000000001,550,4,0.08,1.0
0.6000000000000001,550,4,0.09,1.0
0.6000000000000001,550,4,0.09999999999999999,1.0
0.6000000000000001,550,4,0.11,1.0
0.6000000000000001,550,4,0.12,1.0
0.6000000000000001,550,4,0.13,1.0
0.6000000000000001,550,4,0.14,1.0
0.6000000000000001,550,5,0.01,1.0
0.6000000000000001,550,5,0.02,1.0
0.6000000000000001,550,5,0.03,1.0
0.6000000000000001,550,5,0.04,1.0
0.6000000000000001,550,5,0.05,1.0
0.6000000000000001,550,5,0.060000000000000005,1.0
0.6000000000000001,550,5,0.06999999999999999,1.0
0.6000000000000001,550,5,0.08,1.0
0.6000000000000001,550,5,0.09,1.0
0.6000000000000001,550,5,0.09999999999999999,1.0
0.6000000000000001,550,5,0.11,1.0
0.6000000000000001,550,5,0.12,1.0
0.6000000000000001,550,5,0.13,1.0
0.6000000000000001,550,5,0.14,1.0
0.6000000000000001,550,6,0.01,1.0
0.6000000000000001,550,6,0.02,1.0
0.6000000000000001,550,6,0.03,1.0
0.6000000000000001,550,6,0.04,1.0
0.6000000000000001,550,6,0.05,1.0
0.6000000000000001,550,6,0.060000000000000005,1.0
0.6000000000000001,550,6,0.06999999999999999,1.0
0.6000000000000001,550,6,0.08,1.0
0.6000000000000001,550,6,0.09,1.0
0.6000000000000001,550,6,0.09999999999999999,1.0
0.6000000000000001,550,6,0.11,1.0
0.6000000000000001,550,6,0.12,1.0
0.6000000000000001,550,6,0.13,1.0
0.6000000000000001,550,6,0.14,1.0
0.6000000000000001,550,7,0.01,1.0
0.6000000000000001,550,7,0.02,1.0
0.6000000000000001,550,7,0.03,1.0
0.6000000000000001,550,7,0.04,1.0
0.6000000000000001,550,7,0.05,1.0
0.6000000000000001,550,7,0.060000000000000005,1.0
0.6000000000000001,550,7,0.06999999999999999,1.0
0.6000000000000001,550,7,0.08,1.0
0.6000000000000001,550,7,0.09,1.0
0.6000000000000001,550,7,0.09999999999999999,1.0
0.6000000000000001,550,7,0.11,1.0
0.6000000000000001,550,7,0.12,1.0
0.6000000000000001,550,7,0.13,1.0
0.6000000000000001,550,7,0.14,1.0
0.6000000000000001,550,8,0.01,1.0
0.6000000000000001,550,8,0.02,1.0
0.6000000000000001,550,8,0.03,1.0
0.6000000000000001,550,8,0.04,1.0
0.6000000000000001,550,8,0.05,1.0
0.6000000000000001,550,8,0.060000000000000005,1.0
0.6000000000000001,550,8,0.06999999999999999,1.0
0.6000000000000001,550,8,0.08,1.0
0.6000000000000001,550,8,0.09,1.0
0.6000000000000001,550,8,0.09999999999999999,1.0
0.6000000000000001,550,8,0.11,1.0
0.6000000000000001,550,8,0.12,1.0
0.6000000000000001,550,8,0.13,1.0
0.6000000000000001,550,8,0.14,1.0
0.6000000000000001,600,3,0.01,1.0
0.6000000000000001,600,3,0.02,1.0
0.6000000000000001,600,3,0.03,1.0
0.6000000000000001,600,3,0.04,1.0
0.6000000000000001,600,3,0.05,1.0
0.6000000000000001,600,3,0.060000000000000005,1.0
0.6000000000000001,600,3,0.06999999999999999,1.0
0.6000000000000001,600,3,0.08,1.0
0.6000000000000001,600,3,0.09,1.0
0.6000000000000001,600,3,0.09999999999999999,1.0
0.6000000000000001,600,3,0.11,1.0
0.6000000000000001,600,3,0.12,1.0
0.6000000000000001,600,3,0.13,1.0
0.6000000000000001,600,3,0.14,1.0
0.6000000000000001,600,4,0.01,1.0
0.6000000000000001,600,4,0.02,1.0
0.6000000000000001,600,4,0.03,1.0
0.6000000000000001,600,4,0.04,1.0
0.6000000000000001,600,4,0.05,1.0
0.6000000000000001,600,4,0.060000000000000005,1.0
0.6000000000000001,600,4,0.06999999999999999,1.0
0.6000000000000001,600,4,0.08,1.0
0.6000000000000001,600,4,0.09,1.0
0.6000000000000001,600,4,0.09999999999999999,1.0
0.6000000000000001,600,4,0.11,1.0
0.6000000000000001,600,4,0.12,1.0
0.6000000000000001,600,4,0.13,1.0
0.6000000000000001,600,4,0.14,1.0
0.6000000000000001,600,5,0.01,1.0
0.6000000000000001,600,5,0.02,1.0
0.6000000000000001,600,5,0.03,1.0
0.6000000000000001,600,5,0.04,1.0
0.6000000000000001,600,5,0.05,1.0
0.6000000000000001,600,5,0.060000000000000005,1.0
0.6000000000000001,600,5,0.06999999999999999,1.0
0.6000000000000001,600,5,0.08,1.0
0.6000000000000001,600,5,0.09,1.0
0.6000000000000001,600,5,0.09999999999999999,1.0
0.6000000000000001,600,5,0.11,1.0
0.6000000000000001,600,5,0.12,1.0
0.6000000000000001,600,5,0.13,1.0
0.6000000000000001,600,5,0.14,1.0
0.6000000000000001,600,6,0.01,1.0
0.6000000000000001,600,6,0.02,1.0
0.6000000000000001,600,6,0.03,1.0
0.6000000000000001,600,6,0.04,1.0
0.6000000000000001,600,6,0.05,1.0
0.6000000000000001,600,6,0.060000000000000005,1.0
0.6000000000000001,600,6,0.06999999999999999,1.0
0.6000000000000001,600,6,0.08,1.0
0.6000000000000001,600,6,0.09,1.0
0.6000000000000001,600,6,0.09999999999999999,1.0
0.6000000000000001,600,6,0.11,1.0
0.6000000000000001,600,6,0.12,1.0
0.6000000000000001,600,6,0.13,1.0
0.6000000000000001,600,6,0.14,1.0
0.6000000000000001,600,7,0.01,1.0
0.6000000000000001,600,7,0.02,1.0
0.6000000000000001,600,7,0.03,1.0
0.6000000000000001,600,7,0.04,1.0
0.6000000000000001,600,7,0.05,1.0
0.6000000000000001,600,7,0.060000000000000005,1.0
0.6000000000000001,600,7,0.06999999999999999,1.0
0.6000000000000001,600,7,0.08,1.0
0.6000000000000001,600,7,0.09,1.0
0.6000000000000001,600,7,0.09999999999999999,1.0
0.6000000000000001,600,7,0.11,1.0
0.6000000000000001,600,7,0.12,1.0
0.6000000000000001,600,7,0.13,1.0
0.6000000000000001,600,7,0.14,1.0
0.6000000000000001,600,8,0.01,1.0
0.6000000000000001,600,8,0.02,1.0
0.6000000000000001,600,8,0.03,1.0
0.6000000000000001,600,8,0.04,1.0
0.6000000000000001,600,8,0.05,1.0
0.6000000000000001,600,8,0.060000000000000005,1.0
0.6000000000000001,600,8,0.06999999999999999,1.0
0.6000000000000001,600,8,0.08,1.0
0.6000000000000001,600,8,0.09,1.0
0.6000000000000001,600,8,0.09999999999999999,1.0
0.6000000000000001,600,8,0.11,1.0
0.6000000000000001,600,8,0.12,1.0
0.6000000000000001,600,8,0.13,1.0
0.6000000000000001,600,8,0.14,1.0
0.6000000000000001,650,3,0.01,1.0
0.6000000000000001,650,3,0.02,1.0
0.6000000000000001,650,3,0.03,1.0
0.6000000000000001,650,3,0.04,1.0
0.6000000000000001,650,3,0.05,1.0
0.6000000000000001,650,3,0.060000000000000005,1.0
0.6000000000000001,650,3,0.06999999999999999,1.0
0.6000000000000001,650,3,0.08,1.0
0.6000000000000001,650,3,0.09,1.0
0.6000000000000001,650,3,0.09999999999999999,1.0
0.6000000000000001,650,3,0.11,1.0
0.6000000000000001,650,3,0.12,1.0
0.6000000000000001,650,3,0.13,1.0
0.6000000000000001,650,3,0.14,1.0
0.6000000000000001,650,4,0.01,1.0
0.6000000000000001,650,4,0.02,1.0
0.6000000000000001,650,4,0.03,1.0
0.6000000000000001,650,4,0.04,1.0
0.6000000000000001,650,4,0.05,1.0
0.6000000000000001,650,4,0.060000000000000005,1.0
0.6000000000000001,650,4,0.06999999999999999,1.0
0.6000000000000001,650,4,0.08,1.0
0.6000000000000001,650,4,0.09,1.0
0.6000000000000001,650,4,0.09999999999999999,1.0
0.6000000000000001,650,4,0.11,1.0
0.6000000000000001,650,4,0.12,1.0
0.6000000000000001,650,4,0.13,1.0
0.6000000000000001,650,4,0.14,1.0
0.6000000000000001,650,5,0.01,1.0
0.6000000000000001,650,5,0.02,1.0
0.6000000000000001,650,5,0.03,1.0
0.6000000000000001,650,5,0.04,1.0
0.6000000000000001,650,5,0.05,1.0
0.6000000000000001,650,5,0.060000000000000005,1.0
0.6000000000000001,650,5,0.06999999999999999,1.0
0.6000000000000001,650,5,0.08,1.0
0.6000000000000001,650,5,0.09,1.0
0.6000000000000001,650,5,0.09999999999999999,1.0
0.6000000000000001,650,5,0.11,1.0
0.6000000000000001,650,5,0.12,1.0
0.6000000000000001,650,5,0.13,1.0
0.6000000000000001,650,5,0.14,1.0
0.6000000000000001,650,6,0.01,1.0
0.6000000000000001,650,6,0.02,1.0
0.6000000000000001,650,6,0.03,1.0
0.6000000000000001,650,6,0.04,1.0
0.6000000000000001,650,6,0.05,1.0
0.6000000000000001,650,6,0.060000000000000005,1.0
0.6000000000000001,650,6,0.06999999999999999,1.0
0.6000000000000001,650,6,0.08,1.0
0.6000000000000001,650,6,0.09,1.0
0.6000000000000001,650,6,0.09999999999999999,1.0
0.6000000000000001,650,6,0.11,1.0
0.6000000000000001,650,6,0.12,1.0
0.6000000000000001,650,6,0.13,1.0
0.6000000000000001,650,6,0.14,1.0
0.6000000000000001,650,7,0.01,1.0
0.6000000000000001,650,7,0.02,1.0
0.6000000000000001,650,7,0.03,1.0
0.6000000000000001,650,7,0.04,1.0
0.6000000000000001,650,7,0.05,1.0
0.6000000000000001,650,7,0.060000000000000005,1.0
0.6000000000000001,650,7,0.06999999999999999,1.0
0.6000000000000001,650,7,0.08,1.0
0.6000000000000001,650,7,0.09,1.0
0.6000000000000001,650,7,0.09999999999999999,1.0
0.6000000000000001,650,7,0.11,1.0
0.6000000000000001,650,7,0.12,1.0
0.6000000000000001,650,7,0.13,1.0
0.6000000000000001,650,7,0.14,1.0
0.6000000000000001,650,8,0.01,1.0
0.6000000000000001,650,8,0.02,1.0
0.6000000000000001,650,8,0.03,1.0
0.6000000000000001,650,8,0.04,1.0
0.6000000000000001,650,8,0.05,1.0
0.6000000000000001,650,8,0.060000000000000005,1.0
0.6000000000000001,650,8,0.06999999999999999,1.0
0.6000000000000001,650,8,0.08,1.0
0.6000000000000001,650,8,0.09,1.0
0.6000000000000001,650,8,0.09999999999999999,1.0
0.6000000000000001,650,8,0.11,1.0
0.6000000000000001,650,8,0.12,1.0
0.6000000000000001,650,8,0.13,1.0
0.6000000000000001,650,8,0.14,1.0
