correlation,k1,k2,top_X_percent,probability
-0.1,50,3,0.01,0.0012
-0.1,50,3,0.02,0.0146
-0.1,50,3,0.03,0.0486
-0.1,50,3,0.04,0.1069
-0.1,50,3,0.05,0.1816
-0.1,50,3,0.060000000000000005,0.2752
-0.1,50,3,0.06999999999999999,0.3769
-0.1,50,3,0.08,0.4702
-0.1,50,3,0.09,0.561
-0.1,50,3,0.09999999999999999,0.6456
-0.1,50,3,0.11,0.7182
-0.1,50,3,0.12,0.7779
-0.1,50,3,0.13,0.8348
-0.1,50,3,0.14,0.8783
-0.1,50,4,0.01,0.0
-0.1,50,4,0.02,0.0017
-0.1,50,4,0.03,0.0095
-0.1,50,4,0.04,0.0286
-0.1,50,4,0.05,0.0572
-0.1,50,4,0.060000000000000005,0.109
-0.1,50,4,0.06999999999999999,0.1739
-0.1,50,4,0.08,0.2442
-0.1,50,4,0.09,0.3287
-0.1,50,4,0.09999999999999999,0.4152
-0.1,50,4,0.11,0.5019
-0.1,50,4,0.12,0.5821
-0.1,50,4,0.13,0.6606
-0.1,50,4,0.14,0.7333
-0.1,50,5,0.01,0.0
-0.1,50,5,0.02,0.0001
-0.1,50,5,0.03,0.0011
-0.1,50,5,0.04,0.005
-0.1,50,5,0.05,0.0156
-0.1,50,5,0.060000000000000005,0.0339
-0.1,50,5,0.06999999999999999,0.0633
-0.1,50,5,0.08,0.1068
-0.1,50,5,0.09,0.1624
-0.1,50,5,0.09999999999999999,0.2246
-0.1,50,5,0.11,0.3021
-0.1,50,5,0.12,0.3852
-0.1,50,5,0.13,0.4686
-0.1,50,5,0.14,0.5477
-0.1,50,6,0.01,0.0
-0.1,50,6,0.02,0.0
-0.1,50,6,0.03,0.0
-0.1,50,6,0.04,0.0003
-0.1,50,6,0.05,0.0031
-0.1,50,6,0.060000000000000005,0.0099
-0.1,50,6,0.06999999999999999,0.0224
-0.1,50,6,0.08,0.0393
-0.1,50,6,0.09,0.0695
-0.1,50,6,0.09999999999999999,0.1086
-0.1,50,6,0.11,0.1585
-0.1,50,6,0.12,0.2178
-0.1,50,6,0.13,0.2872
-0.1,50,6,0.14,0.3635
-0.1,50,7,0.01,0.0
-0.1,50,7,0.02,0.0
-0.1,50,7,0.03,0.0
-0.1,50,7,0.04,0.0
-0.1,50,7,0.05,0.0004
-0.1,50,7,0.060000000000000005,0.0015
-0.1,50,7,0.06999999999999999,0.0061
-0.1,50,7,0.08,0.0123
-0.1,50,7,0.09,0.023
-0.1,50,7,0.09999999999999999,0.0419
-0.1,50,7,0.11,0.0688
-0.1,50,7,0.12,0.1053
-0.1,50,7,0.13,0.1543
-0.1,50,7,0.14,0.213
-0.1,50,8,0.01,0.0
-0.1,50,8,0.02,0.0
-0.1,50,8,0.03,0.0
-0.1,50,8,0.04,0.0
-0.1,50,8,0.05,0.0
-0.1,50,8,0.060000000000000005,0.0003
-0.1,50,8,0.06999999999999999,0.001
-0.1,50,8,0.08,0.0032
-0.1,50,8,0.09,0.0077
-0.1,50,8,0.09999999999999999,0.0146
-0.1,50,8,0.11,0.0267
-0.1,50,8,0.12,0.0438
-0.1,50,8,0.13,0.0704
-0.1,50,8,0.14,0.108
-0.1,100,3,0.01,0.0127
-0.1,100,3,0.02,0.0987
-0.1,100,3,0.03,0.2521
-0.1,100,3,0.04,0.4419
-0.1,100,3,0.05,0.6103
-0.1,100,3,0.060000000000000005,0.7521
-0.1,100,3,0.06999999999999999,0.8464
-0.1,100,3,0.08,0.9045
-0.1,100,3,0.09,0.946
-0.1,100,3,0.09999999999999999,0.9705
-0.1,100,3,0.11,0.9849
-0.1,100,3,0.12,0.9918
-0.1,100,3,0.13,0.9964
-0.1,100,3,0.14,0.9988
-0.1,100,4,0.01,0.0015
-0.1,100,4,0.02,0.0257
-0.1,100,4,0.03,0.0954
-0.1,100,4,0.04,0.2253
-0.1,100,4,0.05,0.3792
-0.1,100,4,0.060000000000000005,0.5488
-0.1,100,4,0.06999999999999999,0.6852
-0.1,100,4,0.08,0.7902
-0.1,100,4,0.09,0.8684
-0.1,100,4,0.09999999999999999,0.9192
-0.1,100,4,0.11,0.9534
-0.1,100,4,0.12,0.9736
-0.1,100,4,0.13,0.9857
-0.1,100,4,0.14,0.9936
-0.1,100,5,0.01,0.0
-0.1,100,5,0.02,0.0052
-0.1,100,5,0.03,0.0291
-0.1,100,5,0.04,0.0953
-0.1,100,5,0.05,0.1992
-0.1,100,5,0.060000000000000005,0.3466
-0.1,100,5,0.06999999999999999,0.4968
-0.1,100,5,0.08,0.6258
-0.1,100,5,0.09,0.7391
-0.1,100,5,0.09999999999999999,0.8269
-0.1,100,5,0.11,0.891
-0.1,100,5,0.12,0.9329
-0.1,100,5,0.13,0.9613
-0.1,100,5,0.14,0.9799
-0.1,100,6,0.01,0.0
-0.1,100,6,0.02,0.0009
-0.1,100,6,0.03,0.007
-0.1,100,6,0.04,0.0322
-0.1,100,6,0.05,0.0902
-0.1,100,6,0.060000000000000005,0.1867
-0.1,100,6,0.06999999999999999,0.3161
-0.1,100,6,0.08,0.4484
-0.1,100,6,0.09,0.5868
-0.1,100,6,0.09999999999999999,0.6971
-0.1,100,6,0.11,0.7937
-0.1,100,6,0.12,0.8635
-0.1,100,6,0.13,0.9114
-0.1,100,6,0.14,0.9483
-0.1,100,7,0.01,0.0
-0.1,100,7,0.02,0.0001
-0.1,100,7,0.03,0.0019
-0.1,100,7,0.04,0.0115
-0.1,100,7,0.05,0.0339
-0.1,100,7,0.060000000000000005,0.0844
-0.1,100,7,0.06999999999999999,0.1749
-0.1,100,7,0.08,0.2865
-0.1,100,7,0.09,0.422
-0.1,100,7,0.09999999999999999,0.5497
-0.1,100,7,0.11,0.6669
-0.1,100,7,0.12,0.763
-0.1,100,7,0.13,0.8412
-0.1,100,7,0.14,0.8994
-0.1,100,8,0.01,0.0
-0.1,100,8,0.02,0.0
-0.1,100,8,0.03,0.0001
-0.1,100,8,0.04,0.0029
-0.1,100,8,0.05,0.0116
-0.1,100,8,0.060000000000000005,0.0358
-0.1,100,8,0.06999999999999999,0.0844
-0.1,100,8,0.08,0.1616
-0.1,100,8,0.09,0.2667
-0.1,100,8,0.09999999999999999,0.3877
-0.1,100,8,0.11,0.5147
-0.1,100,8,0.12,0.6256
-0.1,100,8,0.13,0.7331
-0.1,100,8,0.14,0.8173
-0.1,150,3,0.01,0.0424
-0.1,150,3,0.02,0.2582
-0.1,150,3,0.03,0.5205
-0.1,150,3,0.04,0.741
-0.1,150,3,0.05,0.8743
-0.1,150,3,0.060000000000000005,0.9456
-0.1,150,3,0.06999999999999999,0.9794
-0.1,150,3,0.08,0.9921
-0.1,150,3,0.09,0.9968
-0.1,150,3,0.09999999999999999,0.9988
-0.1,150,3,0.11,0.9996
-0.1,150,3,0.12,0.9998
-0.1,150,3,0.13,0.9999
-0.1,150,3,0.14,0.9999
-0.1,150,4,0.01,0.0069
-0.1,150,4,0.02,0.0961
-0.1,150,4,0.03,0.2917
-0.1,150,4,0.04,0.531
-0.1,150,4,0.05,0.7249
-0.1,150,4,0.060000000000000005,0.861
-0.1,150,4,0.06999999999999999,0.9363
-0.1,150,4,0.08,0.9717
-0.1,150,4,0.09,0.9885
-0.1,150,4,0.09999999999999999,0.9957
-0.1,150,4,0.11,0.9983
-0.1,150,4,0.12,0.9993
-0.1,150,4,0.13,0.9995
-0.1,150,4,0.14,0.9999
-0.1,150,5,0.01,0.0011
-0.1,150,5,0.02,0.03
-0.1,150,5,0.03,0.1337
-0.1,150,5,0.04,0.3356
-0.1,150,5,0.05,0.539
-0.1,150,5,0.060000000000000005,0.7284
-0.1,150,5,0.06999999999999999,0.8534
-0.1,150,5,0.08,0.9266
-0.1,150,5,0.09,0.9687
-0.1,150,5,0.09999999999999999,0.9871
-0.1,150,5,0.11,0.9946
-0.1,150,5,0.12,0.9975
-0.1,150,5,0.13,0.9988
-0.1,150,5,0.14,0.9994
-0.1,150,6,0.01,0.0
-0.1,150,6,0.02,0.0071
-0.1,150,6,0.03,0.0531
-0.1,150,6,0.04,0.1814
-0.1,150,6,0.05,0.3579
-0.1,150,6,0.060000000000000005,0.5586
-0.1,150,6,0.06999999999999999,0.731
-0.1,150,6,0.08,0.8443
-0.1,150,6,0.09,0.9226
-0.1,150,6,0.09999999999999999,0.9633
-0.1,150,6,0.11,0.984
-0.1,150,6,0.12,0.9923
-0.1,150,6,0.13,0.9972
-0.1,150,6,0.14,0.9989
-0.1,150,7,0.01,0.0
-0.1,150,7,0.02,0.0012
-0.1,150,7,0.03,0.0169
-0.1,150,7,0.04,0.0821
-0.1,150,7,0.05,0.2101
-0.1,150,7,0.060000000000000005,0.3909
-0.1,150,7,0.06999999999999999,0.5771
-0.1,150,7,0.08,0.7303
-0.1,150,7,0.09,0.8469
-0.1,150,7,0.09999999999999999,0.9198
-0.1,150,7,0.11,0.9615
-0.1,150,7,0.12,0.9825
-0.1,150,7,0.13,0.9929
-0.1,150,7,0.14,0.9971
-0.1,150,8,0.01,0.0
-0.1,150,8,0.02,0.0
-0.1,150,8,0.03,0.0051
-0.1,150,8,0.04,0.0318
-0.1,150,8,0.05,0.1085
-0.1,150,8,0.060000000000000005,0.2502
-0.1,150,8,0.06999999999999999,0.4258
-0.1,150,8,0.08,0.5925
-0.1,150,8,0.09,0.7424
-0.1,150,8,0.09999999999999999,0.8487
-0.1,150,8,0.11,0.9206
-0.1,150,8,0.12,0.961
-0.1,150,8,0.13,0.9829
-0.1,150,8,0.14,0.9932
-0.1,200,3,0.01,0.0958
-0.1,200,3,0.02,0.4387
-0.1,200,3,0.03,0.7398
-0.1,200,3,0.04,0.9086
-0.1,200,3,0.05,0.9667
-0.1,200,3,0.060000000000000005,0.9906
-0.1,200,3,0.06999999999999999,0.998
-0.1,200,3,0.08,0.9993
-0.1,200,3,0.09,0.9999
-0.1,200,3,0.09999999999999999,0.9999
-0.1,200,3,0.11,1.0
-0.1,200,3,0.12,1.0
-0.1,200,3,0.13,1.0
-0.1,200,3,0.14,1.0
-0.1,200,4,0.01,0.0199
-0.1,200,4,0.02,0.2223
-0.1,200,4,0.03,0.5278
-0.1,200,4,0.04,0.7796
-0.1,200,4,0.05,0.9123
-0.1,200,4,0.060000000000000005,0.9698
-0.1,200,4,0.06999999999999999,0.9908
-0.1,200,4,0.08,0.9969
-0.1,200,4,0.09,0.9992
-0.1,200,4,0.09999999999999999,0.9999
-0.1,200,4,0.11,1.0
-0.1,200,4,0.12,1.0
-0.1,200,4,0.13,1.0
-0.1,200,4,0.14,1.0
-0.1,200,5,0.01,0.0032
-0.1,200,5,0.02,0.0948
-0.1,200,5,0.03,0.3184
-0.1,200,5,0.04,0.6091
-0.1,200,5,0.05,0.806
-0.1,200,5,0.060000000000000005,0.9267
-0.1,200,5,0.06999999999999999,0.9732
-0.1,200,5,0.08,0.9889
-0.1,200,5,0.09,0.9966
-0.1,200,5,0.09999999999999999,0.999
-0.1,200,5,0.11,0.9999
-0.1,200,5,0.12,1.0
-0.1,200,5,0.13,1.0
-0.1,200,5,0.14,1.0
-0.1,200,6,0.01,0.0002
-0.1,200,6,0.02,0.0315
-0.1,200,6,0.03,0.1695
-0.1,200,6,0.04,0.4272
-0.1,200,6,0.05,0.6681
-0.1,200,6,0.060000000000000005,0.849
-0.1,200,6,0.06999999999999999,0.9404
-0.1,200,6,0.08,0.9754
-0.1,200,6,0.09,0.9911
-0.1,200,6,0.09999999999999999,0.9972
-0.1,200,6,0.11,0.9988
-0.1,200,6,0.12,0.9997
-0.1,200,6,0.13,1.0
-0.1,200,6,0.14,1.0
-0.1,200,7,0.01,0.0
-0.1,200,7,0.02,0.0083
-0.1,200,7,0.03,0.0772
-0.1,200,7,0.04,0.2688
-0.1,200,7,0.05,0.5033
-0.1,200,7,0.060000000000000005,0.7273
-0.1,200,7,0.06999999999999999,0.8732
-0.1,200,7,0.08,0.9476
-0.1,200,7,0.09,0.9791
-0.1,200,7,0.09999999999999999,0.9925
-0.1,200,7,0.11,0.9974
-0.1,200,7,0.12,0.9991
-0.1,200,7,0.13,0.9996
-0.1,200,7,0.14,0.9999
-0.1,200,8,0.01,0.0
-0.1,200,8,0.02,0.0016
-0.1,200,8,0.03,0.0302
-0.1,200,8,0.04,0.1475
-0.1,200,8,0.05,0.3427
-0.1,200,8,0.060000000000000005,0.5857
-0.1,200,8,0.06999999999999999,0.7801
-0.1,200,8,0.08,0.8964
-0.1,200,8,0.09,0.9555
-0.1,200,8,0.09999999999999999,0.9831
-0.1,200,8,0.11,0.9937
-0.1,200,8,0.12,0.9976
-0.1,200,8,0.13,0.9991
-0.1,200,8,0.14,0.9997
-0.1,250,3,0.01,0.1681
-0.1,250,3,0.02,0.6195
-0.1,250,3,0.03,0.876
-0.1,250,3,0.04,0.9714
-0.1,250,3,0.05,0.9934
-0.1,250,3,0.060000000000000005,0.9993
-0.1,250,3,0.06999999999999999,1.0
-0.1,250,3,0.08,1.0
-0.1,250,3,0.09,1.0
-0.1,250,3,0.09999999999999999,1.0
-0.1,250,3,0.11,1.0
-0.1,250,3,0.12,1.0
-0.1,250,3,0.13,1.0
-0.1,250,3,0.14,1.0
-0.1,250,4,0.01,0.0475
-0.1,250,4,0.02,0.3781
-0.1,250,4,0.03,0.7312
-0.1,250,4,0.04,0.9158
-0.1,250,4,0.05,0.9762
-0.1,250,4,0.060000000000000005,0.9952
-0.1,250,4,0.06999999999999999,0.9994
-0.1,250,4,0.08,0.9999
-0.1,250,4,0.09,0.9999
-0.1,250,4,0.09999999999999999,1.0
-0.1,250,4,0.11,1.0
-0.1,250,4,0.12,1.0
-0.1,250,4,0.13,1.0
-0.1,250,4,0.14,1.0
-0.1,250,5,0.01,0.0119
-0.1,250,5,0.02,0.2003
-0.1,250,5,0.03,0.5367
-0.1,250,5,0.04,0.818
-0.1,250,5,0.05,0.9382
-0.1,250,5,0.060000000000000005,0.9837
-0.1,250,5,0.06999999999999999,0.9963
-0.1,250,5,0.08,0.9993
-0.1,250,5,0.09,0.9999
-0.1,250,5,0.09999999999999999,0.9999
-0.1,250,5,0.11,1.0
-0.1,250,5,0.12,1.0
-0.1,250,5,0.13,1.0
-0.1,250,5,0.14,1.0
-0.1,250,6,0.01,0.0016
-0.1,250,6,0.02,0.0878
-0.1,250,6,0.03,0.3505
-0.1,250,6,0.04,0.6736
-0.1,250,6,0.05,0.8684
-0.1,250,6,0.060000000000000005,0.96
-0.1,250,6,0.06999999999999999,0.99
-0.1,250,6,0.08,0.9974
-0.1,250,6,0.09,0.9997
-0.1,250,6,0.09999999999999999,0.9999
-0.1,250,6,0.11,1.0
-0.1,250,6,0.12,1.0
-0.1,250,6,0.13,1.0
-0.1,250,6,0.14,1.0
-0.1,250,7,0.01,0.0001
-0.1,250,7,0.02,0.032
-0.1,250,7,0.03,0.2036
-0.1,250,7,0.04,0.5079
-0.1,250,7,0.05,0.763
-0.1,250,7,0.060000000000000005,0.9142
-0.1,250,7,0.06999999999999999,0.9739
-0.1,250,7,0.08,0.9911
-0.1,250,7,0.09,0.9983
-0.1,250,7,0.09999999999999999,0.9997
-0.1,250,7,0.11,1.0
-0.1,250,7,0.12,1.0
-0.1,250,7,0.13,1.0
-0.1,250,7,0.14,1.0
-0.1,250,8,0.01,0.0
-0.1,250,8,0.02,0.0086
-0.1,250,8,0.03,0.106
-0.1,250,8,0.04,0.3535
-0.1,250,8,0.05,0.6299
-0.1,250,8,0.060000000000000005,0.842
-0.1,250,8,0.06999999999999999,0.9448
-0.1,250,8,0.08,0.9817
-0.1,250,8,0.09,0.9954
-0.1,250,8,0.09999999999999999,0.999
-0.1,250,8,0.11,0.9999
-0.1,250,8,0.12,0.9999
-0.1,250,8,0.13,1.0
-0.1,250,8,0.14,1.0
-0.1,300,3,0.01,0.2601
-0.1,300,3,0.02,0.7609
-0.1,300,3,0.03,0.9477
-0.1,300,3,0.04,0.9923
-0.1,300,3,0.05,0.9985
-0.1,300,3,0.060000000000000005,0.9999
-0.1,300,3,0.06999999999999999,1.0
-0.1,300,3,0.08,1.0
-0.1,300,3,0.09,1.0
-0.1,300,3,0.09999999999999999,1.0
-0.1,300,3,0.11,1.0
-0.1,300,3,0.12,1.0
-0.1,300,3,0.13,1.0
-0.1,300,3,0.14,1.0
-0.1,300,4,0.01,0.0946
-0.1,300,4,0.02,0.5504
-0.1,300,4,0.03,0.8656
-0.1,300,4,0.04,0.9744
-0.1,300,4,0.05,0.9951
-0.1,300,4,0.060000000000000005,0.9994
-0.1,300,4,0.06999999999999999,0.9999
-0.1,300,4,0.08,1.0
-0.1,300,4,0.09,1.0
-0.1,300,4,0.09999999999999999,1.0
-0.1,300,4,0.11,1.0
-0.1,300,4,0.12,1.0
-0.1,300,4,0.13,1.0
-0.1,300,4,0.14,1.0
-0.1,300,5,0.01,0.0275
-0.1,300,5,0.02,0.3449
-0.1,300,5,0.03,0.7327
-0.1,300,5,0.04,0.9313
-0.1,300,5,0.05,0.984
-0.1,300,5,0.060000000000000005,0.9977
-0.1,300,5,0.06999999999999999,0.9998
-0.1,300,5,0.08,0.9999
-0.1,300,5,0.09,1.0
-0.1,300,5,0.09999999999999999,1.0
-0.1,300,5,0.11,1.0
-0.1,300,5,0.12,1.0
-0.1,300,5,0.13,1.0
-0.1,300,5,0.14,1.0
-0.1,300,6,0.01,0.0062
-0.1,300,6,0.02,0.1849
-0.1,300,6,0.03,0.5621
-0.1,300,6,0.04,0.8536
-0.1,300,6,0.05,0.9588
-0.1,300,6,0.060000000000000005,0.9923
-0.1,300,6,0.06999999999999999,0.9991
-0.1,300,6,0.08,0.9999
-0.1,300,6,0.09,1.0
-0.1,300,6,0.09999999999999999,1.0
-0.1,300,6,0.11,1.0
-0.1,300,6,0.12,1.0
-0.1,300,6,0.13,1.0
-0.1,300,6,0.14,1.0
-0.1,300,7,0.01,0.001
-0.1,300,7,0.02,0.0848
-0.1,300,7,0.03,0.3837
-0.1,300,7,0.04,0.7398
-0.1,300,7,0.05,0.915
-0.1,300,7,0.060000000000000005,0.9815
-0.1,300,7,0.06999999999999999,0.9977
-0.1,300,7,0.08,0.9996
-0.1,300,7,0.09,1.0
-0.1,300,7,0.09999999999999999,1.0
-0.1,300,7,0.11,1.0
-0.1,300,7,0.12,1.0
-0.1,300,7,0.13,1.0
-0.1,300,7,0.14,1.0
-0.1,300,8,0.01,0.0001
-0.1,300,8,0.02,0.0343
-0.1,300,8,0.03,0.2428
-0.1,300,8,0.04,0.5903
-0.1,300,8,0.05,0.842
-0.1,300,8,0.060000000000000005,0.9588
-0.1,300,8,0.06999999999999999,0.9906
-0.1,300,8,0.08,0.9981
-0.1,300,8,0.09,0.9997
-0.1,300,8,0.09999999999999999,1.0
-0.1,300,8,0.11,1.0
-0.1,300,8,0.12,1.0
-0.1,300,8,0.13,1.0
-0.1,300,8,0.14,1.0
-0.1,350,3,0.01,0.3598
-0.1,350,3,0.02,0.8598
-0.1,350,3,0.03,0.9805
-0.1,350,3,0.04,0.9981
-0.1,350,3,0.05,0.9997
-0.1,350,3,0.060000000000000005,1.0
-0.1,350,3,0.06999999999999999,1.0
-0.1,350,3,0.08,1.0
-0.1,350,3,0.09,1.0
-0.1,350,3,0.09999999999999999,1.0
-0.1,350,3,0.11,1.0
-0.1,350,3,0.12,1.0
-0.1,350,3,0.13,1.0
-0.1,350,3,0.14,1.0
-0.1,350,4,0.01,0.1581
-0.1,350,4,0.02,0.7
-0.1,350,4,0.03,0.9413
-0.1,350,4,0.04,0.9928
-0.1,350,4,0.05,0.9986
-0.1,350,4,0.060000000000000005,1.0
-0.1,350,4,0.06999999999999999,1.0
-0.1,350,4,0.08,1.0
-0.1,350,4,0.09,1.0
-0.1,350,4,0.09999999999999999,1.0
-0.1,350,4,0.11,1.0
-0.1,350,4,0.12,1.0
-0.1,350,4,0.13,1.0
-0.1,350,4,0.14,1.0
-0.1,350,5,0.01,0.0516
-0.1,350,5,0.02,0.501
-0.1,350,5,0.03,0.8574
-0.1,350,5,0.04,0.9778
-0.1,350,5,0.05,0.996
-0.1,350,5,0.060000000000000005,0.9995
-0.1,350,5,0.06999999999999999,1.0
-0.1,350,5,0.08,1.0
-0.1,350,5,0.09,1.0
-0.1,350,5,0.09999999999999999,1.0
-0.1,350,5,0.11,1.0
-0.1,350,5,0.12,1.0
-0.1,350,5,0.13,1.0
-0.1,350,5,0.14,1.0
-0.1,350,6,0.01,0.0156
-0.1,350,6,0.02,0.3163
-0.1,350,6,0.03,0.7376
-0.1,350,6,0.04,0.9441
-0.1,350,6,0.05,0.9891
-0.1,350,6,0.060000000000000005,0.9988
-0.1,350,6,0.06999999999999999,0.9998
-0.1,350,6,0.08,1.0
-0.1,350,6,0.09,1.0
-0.1,350,6,0.09999999999999999,1.0
-0.1,350,6,0.11,1.0
-0.1,350,6,0.12,1.0
-0.1,350,6,0.13,1.0
-0.1,350,6,0.14,1.0
-0.1,350,7,0.01,0.003
-0.1,350,7,0.02,0.1735
-0.1,350,7,0.03,0.5853
-0.1,350,7,0.04,0.8841
-0.1,350,7,0.05,0.9752
-0.1,350,7,0.060000000000000005,0.997
-0.1,350,7,0.06999999999999999,0.9996
-0.1,350,7,0.08,1.0
-0.1,350,7,0.09,1.0
-0.1,350,7,0.09999999999999999,1.0
-0.1,350,7,0.11,1.0
-0.1,350,7,0.12,1.0
-0.1,350,7,0.13,1.0
-0.1,350,7,0.14,1.0
-0.1,350,8,0.01,0.0001
-0.1,350,8,0.02,0.0822
-0.1,350,8,0.03,0.4223
-0.1,350,8,0.04,0.7904
-0.1,350,8,0.05,0.9474
-0.1,350,8,0.060000000000000005,0.9918
-0.1,350,8,0.06999999999999999,0.9992
-0.1,350,8,0.08,0.9997
-0.1,350,8,0.09,1.0
-0.1,350,8,0.09999999999999999,1.0
-0.1,350,8,0.11,1.0
-0.1,350,8,0.12,1.0
-0.1,350,8,0.13,1.0
-0.1,350,8,0.14,1.0
-0.1,400,3,0.01,0.4695
-0.1,400,3,0.02,0.9221
-0.1,400,3,0.03,0.9936
-0.1,400,3,0.04,0.9994
-0.1,400,3,0.05,1.0
-0.1,400,3,0.060000000000000005,1.0
-0.1,400,3,0.06999999999999999,1.0
-0.1,400,3,0.08,1.0
-0.1,400,3,0.09,1.0
-0.1,400,3,0.09999999999999999,1.0
-0.1,400,3,0.11,1.0
-0.1,400,3,0.12,1.0
-0.1,400,3,0.13,1.0
-0.1,400,3,0.14,1.0
-0.1,400,4,0.01,0.2355
-0.1,400,4,0.02,0.8147
-0.1,400,4,0.03,0.9764
-0.1,400,4,0.04,0.9983
-0.1,400,4,0.05,0.9997
-0.1,400,4,0.060000000000000005,1.0
-0.1,400,4,0.06999999999999999,1.0
-0.1,400,4,0.08,1.0
-0.1,400,4,0.09,1.0
-0.1,400,4,0.09999999999999999,1.0
-0.1,400,4,0.11,1.0
-0.1,400,4,0.12,1.0
-0.1,400,4,0.13,1.0
-0.1,400,4,0.14,1.0
-0.1,400,5,0.01,0.0916
-0.1,400,5,0.02,0.6523
-0.1,400,5,0.03,0.9345
-0.1,400,5,0.04,0.994
-0.1,400,5,0.05,0.9991
-0.1,400,5,0.060000000000000005,1.0
-0.1,400,5,0.06999999999999999,1.0
-0.1,400,5,0.08,1.0
-0.1,400,5,0.09,1.0
-0.1,400,5,0.09999999999999999,1.0
-0.1,400,5,0.11,1.0
-0.1,400,5,0.12,1.0
-0.1,400,5,0.13,1.0
-0.1,400,5,0.14,1.0
-0.1,400,6,0.01,0.0288
-0.1,400,6,0.02,0.4666
-0.1,400,6,0.03,0.8609
-0.1,400,6,0.04,0.9821
-0.1,400,6,0.05,0.9982
-0.1,400,6,0.060000000000000005,0.9998
-0.1,400,6,0.06999999999999999,1.0
-0.1,400,6,0.08,1.0
-0.1,400,6,0.09,1.0
-0.1,400,6,0.09999999999999999,1.0
-0.1,400,6,0.11,1.0
-0.1,400,6,0.12,1.0
-0.1,400,6,0.13,1.0
-0.1,400,6,0.14,1.0
-0.1,400,7,0.01,0.0078
-0.1,400,7,0.02,0.2966
-0.1,400,7,0.03,0.7503
-0.1,400,7,0.04,0.9562
-0.1,400,7,0.05,0.9936
-0.1,400,7,0.060000000000000005,0.9997
-0.1,400,7,0.06999999999999999,1.0
-0.1,400,7,0.08,1.0
-0.1,400,7,0.09,1.0
-0.1,400,7,0.09999999999999999,1.0
-0.1,400,7,0.11,1.0
-0.1,400,7,0.12,1.0
-0.1,400,7,0.13,1.0
-0.1,400,7,0.14,1.0
-0.1,400,8,0.01,0.0013
-0.1,400,8,0.02,0.1657
-0.1,400,8,0.03,0.6129
-0.1,400,8,0.04,0.9072
-0.1,400,8,0.05,0.9839
-0.1,400,8,0.060000000000000005,0.9984
-0.1,400,8,0.06999999999999999,0.9998
-0.1,400,8,0.08,1.0
-0.1,400,8,0.09,1.0
-0.1,400,8,0.09999999999999999,1.0
-0.1,400,8,0.11,1.0
-0.1,400,8,0.12,1.0
-0.1,400,8,0.13,1.0
-0.1,400,8,0.14,1.0
-0.1,450,3,0.01,0.573
-0.1,450,3,0.02,0.9619
-0.1,450,3,0.03,0.9981
-0.1,450,3,0.04,1.0
-0.1,450,3,0.05,1.0
-0.1,450,3,0.060000000000000005,1.0
-0.1,450,3,0.06999999999999999,1.0
-0.1,450,3,0.08,1.0
-0.1,450,3,0.09,1.0
-0.1,450,3,0.09999999999999999,1.0
-0.1,450,3,0.11,1.0
-0.1,450,3,0.12,1.0
-0.1,450,3,0.13,1.0
-0.1,450,3,0.14,1.0
-0.1,450,4,0.01,0.3272
-0.1,450,4,0.02,0.8941
-0.1,450,4,0.03,0.9923
-0.1,450,4,0.04,0.9998
-0.1,450,4,0.05,1.0
-0.1,450,4,0.060000000000000005,1.0
-0.1,450,4,0.06999999999999999,1.0
-0.1,450,4,0.08,1.0
-0.1,450,4,0.09,1.0
-0.1,450,4,0.09999999999999999,1.0
-0.1,450,4,0.11,1.0
-0.1,450,4,0.12,1.0
-0.1,450,4,0.13,1.0
-0.1,450,4,0.14,1.0
-0.1,450,5,0.01,0.1455
-0.1,450,5,0.02,0.7742
-0.1,450,5,0.03,0.9739
-0.1,450,5,0.04,0.9986
-0.1,450,5,0.05,0.9999
-0.1,450,5,0.060000000000000005,1.0
-0.1,450,5,0.06999999999999999,1.0
-0.1,450,5,0.08,1.0
-0.1,450,5,0.09,1.0
-0.1,450,5,0.09999999999999999,1.0
-0.1,450,5,0.11,1.0
-0.1,450,5,0.12,1.0
-0.1,450,5,0.13,1.0
-0.1,450,5,0.14,1.0
-0.1,450,6,0.01,0.0554
-0.1,450,6,0.02,0.611
-0.1,450,6,0.03,0.9374
-0.1,450,6,0.04,0.9961
-0.1,450,6,0.05,0.9998
-0.1,450,6,0.060000000000000005,1.0
-0.1,450,6,0.06999999999999999,1.0
-0.1,450,6,0.08,1.0
-0.1,450,6,0.09,1.0
-0.1,450,6,0.09999999999999999,1.0
-0.1,450,6,0.11,1.0
-0.1,450,6,0.12,1.0
-0.1,450,6,0.13,1.0
-0.1,450,6,0.14,1.0
-0.1,450,7,0.01,0.0165
-0.1,450,7,0.02,0.4359
-0.1,450,7,0.03,0.8686
-0.1,450,7,0.04,0.9853
-0.1,450,7,0.05,0.9994
-0.1,450,7,0.060000000000000005,1.0
-0.1,450,7,0.06999999999999999,1.0
-0.1,450,7,0.08,1.0
-0.1,450,7,0.09,1.0
-0.1,450,7,0.09999999999999999,1.0
-0.1,450,7,0.11,1.0
-0.1,450,7,0.12,1.0
-0.1,450,7,0.13,1.0
-0.1,450,7,0.14,1.0
-0.1,450,8,0.01,0.0045
-0.1,450,8,0.02,0.2818
-0.1,450,8,0.03,0.7685
-0.1,450,8,0.04,0.966
-0.1,450,8,0.05,0.9967
-0.1,450,8,0.060000000000000005,0.9999
-0.1,450,8,0.06999999999999999,1.0
-0.1,450,8,0.08,1.0
-0.1,450,8,0.09,1.0
-0.1,450,8,0.09999999999999999,1.0
-0.1,450,8,0.11,1.0
-0.1,450,8,0.12,1.0
-0.1,450,8,0.13,1.0
-0.1,450,8,0.14,1.0
-0.1,500,3,0.01,0.6671
-0.1,500,3,0.02,0.9841
-0.1,500,3,0.03,0.9994
-0.1,500,3,0.04,1.0
-0.1,500,3,0.05,1.0
-0.1,500,3,0.060000000000000005,1.0
-0.1,500,3,0.06999999999999999,1.0
-0.1,500,3,0.08,1.0
-0.1,500,3,0.09,1.0
-0.1,500,3,0.09999999999999999,1.0
-0.1,500,3,0.11,1.0
-0.1,500,3,0.12,1.0
-0.1,500,3,0.13,1.0
-0.1,500,3,0.14,1.0
-0.1,500,4,0.01,0.426
-0.1,500,4,0.02,0.9484
-0.1,500,4,0.03,0.9981
-0.1,500,4,0.04,1.0
-0.1,500,4,0.05,1.0
-0.1,500,4,0.060000000000000005,1.0
-0.1,500,4,0.06999999999999999,1.0
-0.1,500,4,0.08,1.0
-0.1,500,4,0.09,1.0
-0.1,500,4,0.09999999999999999,1.0
-0.1,500,4,0.11,1.0
-0.1,500,4,0.12,1.0
-0.1,500,4,0.13,1.0
-0.1,500,4,0.14,1.0
-0.1,500,5,0.01,0.217
-0.1,500,5,0.02,0.8646
-0.1,500,5,0.03,0.9916
-0.1,500,5,0.04,0.9997
-0.1,500,5,0.05,1.0
-0.1,500,5,0.060000000000000005,1.0
-0.1,500,5,0.06999999999999999,1.0
-0.1,500,5,0.08,1.0
-0.1,500,5,0.09,1.0
-0.1,500,5,0.09999999999999999,1.0
-0.1,500,5,0.11,1.0
-0.1,500,5,0.12,1.0
-0.1,500,5,0.13,1.0
-0.1,500,5,0.14,1.0
-0.1,500,6,0.01,0.0963
-0.1,500,6,0.02,0.7412
-0.1,500,6,0.03,0.9755
-0.1,500,6,0.04,0.9988
-0.1,500,6,0.05,1.0
-0.1,500,6,0.060000000000000005,1.0
-0.1,500,6,0.06999999999999999,1.0
-0.1,500,6,0.08,1.0
-0.1,500,6,0.09,1.0
-0.1,500,6,0.09999999999999999,1.0
-0.1,500,6,0.11,1.0
-0.1,500,6,0.12,1.0
-0.1,500,6,0.13,1.0
-0.1,500,6,0.14,1.0
-0.1,500,7,0.01,0.0303
-0.1,500,7,0.02,0.5822
-0.1,500,7,0.03,0.9414
-0.1,500,7,0.04,0.9957
-0.1,500,7,0.05,0.9998
-0.1,500,7,0.060000000000000005,1.0
-0.1,500,7,0.06999999999999999,1.0
-0.1,500,7,0.08,1.0
-0.1,500,7,0.09,1.0
-0.1,500,7,0.09999999999999999,1.0
-0.1,500,7,0.11,1.0
-0.1,500,7,0.12,1.0
-0.1,500,7,0.13,1.0
-0.1,500,7,0.14,1.0
-0.1,500,8,0.01,0.0097
-0.1,500,8,0.02,0.4129
-0.1,500,8,0.03,0.8807
-0.1,500,8,0.04,0.9899
-0.1,500,8,0.05,0.9994
-0.1,500,8,0.060000000000000005,1.0
-0.1,500,8,0.06999999999999999,1.0
-0.1,500,8,0.08,1.0
-0.1,500,8,0.09,1.0
-0.1,500,8,0.09999999999999999,1.0
-0.1,500,8,0.11,1.0
-0.1,500,8,0.12,1.0
-0.1,500,8,0.13,1.0
-0.1,500,8,0.14,1.0
-0.1,550,3,0.01,0.7579
-0.1,550,3,0.02,0.9923
-0.1,550,3,0.03,0.9998
-0.1,550,3,0.04,1.0
-0.1,550,3,0.05,1.0
-0.1,550,3,0.060000000000000005,1.0
-0.1,550,3,0.06999999999999999,1.0
-0.1,550,3,0.08,1.0
-0.1,550,3,0.09,1.0
-0.1,550,3,0.09999999999999999,1.0
-0.1,550,3,0.11,1.0
-0.1,550,3,0.12,1.0
-0.1,550,3,0.13,1.0
-0.1,550,3,0.14,1.0
-0.1,550,4,0.01,0.5302
-0.1,550,4,0.02,0.9771
-0.1,550,4,0.03,0.9992
-0.1,550,4,0.04,1.0
-0.1,550,4,0.05,1.0
-0.1,550,4,0.060000000000000005,1.0
-0.1,550,4,0.06999999999999999,1.0
-0.1,550,4,0.08,1.0
-0.1,550,4,0.09,1.0
-0.1,550,4,0.09999999999999999,1.0
-0.1,550,4,0.11,1.0
-0.1,550,4,0.12,1.0
-0.1,550,4,0.13,1.0
-0.1,550,4,0.14,1.0
-0.1,550,5,0.01,0.303
-0.1,550,5,0.02,0.9302
-0.1,550,5,0.03,0.9972
-0.1,550,5,0.04,1.0
-0.1,550,5,0.05,1.0
-0.1,550,5,0.060000000000000005,1.0
-0.1,550,5,0.06999999999999999,1.0
-0.1,550,5,0.08,1.0
-0.1,550,5,0.09,1.0
-0.1,550,5,0.09999999999999999,1.0
-0.1,550,5,0.11,1.0
-0.1,550,5,0.12,1.0
-0.1,550,5,0.13,1.0
-0.1,550,5,0.14,1.0
-0.1,550,6,0.01,0.1459
-0.1,550,6,0.02,0.8462
-0.1,550,6,0.03,0.992
-0.1,550,6,0.04,0.9998
-0.1,550,6,0.05,1.0
-0.1,550,6,0.060000000000000005,1.0
-0.1,550,6,0.06999999999999999,1.0
-0.1,550,6,0.08,1.0
-0.1,550,6,0.09,1.0
-0.1,550,6,0.09999999999999999,1.0
-0.1,550,6,0.11,1.0
-0.1,550,6,0.12,1.0
-0.1,550,6,0.13,1.0
-0.1,550,6,0.14,1.0
-0.1,550,7,0.01,0.0562
-0.1,550,7,0.02,0.716
-0.1,550,7,0.03,0.9773
-0.1,550,7,0.04,0.9992
-0.1,550,7,0.05,1.0
-0.1,550,7,0.060000000000000005,1.0
-0.1,550,7,0.06999999999999999,1.0
-0.1,550,7,0.08,1.0
-0.1,550,7,0.09,1.0
-0.1,550,7,0.09999999999999999,1.0
-0.1,550,7,0.11,1.0
-0.1,550,7,0.12,1.0
-0.1,550,7,0.13,1.0
-0.1,550,7,0.14,1.0
-0.1,550,8,0.01,0.019
-0.1,550,8,0.02,0.5621
-0.1,550,8,0.03,0.9477
-0.1,550,8,0.04,0.9974
-0.1,550,8,0.05,1.0
-0.1,550,8,0.060000000000000005,1.0
-0.1,550,8,0.06999999999999999,1.0
-0.1,550,8,0.08,1.0
-0.1,550,8,0.09,1.0
-0.1,550,8,0.09999999999999999,1.0
-0.1,550,8,0.11,1.0
-0.1,550,8,0.12,1.0
-0.1,550,8,0.13,1.0
-0.1,550,8,0.14,1.0
-0.1,600,3,0.01,0.827
-0.1,600,3,0.02,0.9963
-0.1,600,3,0.03,1.0
-0.1,600,3,0.04,1.0
-0.1,600,3,0.05,1.0
-0.1,600,3,0.060000000000000005,1.0
-0.1,600,3,0.06999999999999999,1.0
-0.1,600,3,0.08,1.0
-0.1,600,3,0.09,1.0
-0.1,600,3,0.09999999999999999,1.0
-0.1,600,3,0.11,1.0
-0.1,600,3,0.12,1.0
-0.1,600,3,0.13,1.0
-0.1,600,3,0.14,1.0
-0.1,600,4,0.01,0.6342
-0.1,600,4,0.02,0.9881
-0.1,600,4,0.03,0.9999
-0.1,600,4,0.04,1.0
-0.1,600,4,0.05,1.0
-0.1,600,4,0.060000000000000005,1.0
-0.1,600,4,0.06999999999999999,1.0
-0.1,600,4,0.08,1.0
-0.1,600,4,0.09,1.0
-0.1,600,4,0.09999999999999999,1.0
-0.1,600,4,0.11,1.0
-0.1,600,4,0.12,1.0
-0.1,600,4,0.13,1.0
-0.1,600,4,0.14,1.0
-0.1,600,5,0.01,0.4015
-0.1,600,5,0.02,0.9642
-0.1,600,5,0.03,0.9988
-0.1,600,5,0.04,1.0
-0.1,600,5,0.05,1.0
-0.1,600,5,0.060000000000000005,1.0
-0.1,600,5,0.06999999999999999,1.0
-0.1,600,5,0.08,1.0
-0.1,600,5,0.09,1.0
-0.1,600,5,0.09999999999999999,1.0
-0.1,600,5,0.11,1.0
-0.1,600,5,0.12,1.0
-0.1,600,5,0.13,1.0
-0.1,600,5,0.14,1.0
-0.1,600,6,0.01,0.2128
-0.1,600,6,0.02,0.913
-0.1,600,6,0.03,0.9969
-0.1,600,6,0.04,1.0
-0.1,600,6,0.05,1.0
-0.1,600,6,0.060000000000000005,1.0
-0.1,600,6,0.06999999999999999,1.0
-0.1,600,6,0.08,1.0
-0.1,600,6,0.09,1.0
-0.1,600,6,0.09999999999999999,1.0
-0.1,600,6,0.11,1.0
-0.1,600,6,0.12,1.0
-0.1,600,6,0.13,1.0
-0.1,600,6,0.14,1.0
-0.1,600,7,0.01,0.0947
-0.1,600,7,0.02,0.8256
-0.1,600,7,0.03,0.9919
-0.1,600,7,0.04,1.0
-0.1,600,7,0.05,1.0
-0.1,600,7,0.060000000000000005,1.0
-0.1,600,7,0.06999999999999999,1.0
-0.1,600,7,0.08,1.0
-0.1,600,7,0.09,1.0
-0.1,600,7,0.09999999999999999,1.0
-0.1,600,7,0.11,1.0
-0.1,600,7,0.12,1.0
-0.1,600,7,0.13,1.0
-0.1,600,7,0.14,1.0
-0.1,600,8,0.01,0.0354
-0.1,600,8,0.02,0.6989
-0.1,600,8,0.03,0.9781
-0.1,600,8,0.04,0.9992
-0.1,600,8,0.05,1.0
-0.1,600,8,0.060000000000000005,1.0
-0.1,600,8,0.06999999999999999,1.0
-0.1,600,8,0.08,1.0
-0.1,600,8,0.09,1.0
-0.1,600,8,0.09999999999999999,1.0
-0.1,600,8,0.11,1.0
-0.1,600,8,0.12,1.0
-0.1,600,8,0.13,1.0
-0.1,600,8,0.14,1.0
-0.1,650,3,0.01,0.8843
-0.1,650,3,0.02,0.9989
-0.1,650,3,0.03,1.0
-0.1,650,3,0.04,1.0
-0.1,650,3,0.05,1.0
-0.1,650,3,0.060000000000000005,1.0
-0.1,650,3,0.06999999999999999,1.0
-0.1,650,3,0.08,1.0
-0.1,650,3,0.09,1.0
-0.1,650,3,0.09999999999999999,1.0
-0.1,650,3,0.11,1.0
-0.1,650,3,0.12,1.0
-0.1,650,3,0.13,1.0
-0.1,650,3,0.14,1.0
-0.1,650,4,0.01,0.7205
-0.1,650,4,0.02,0.996
-0.1,650,4,0.03,1.0
-0.1,650,4,0.04,1.0
-0.1,650,4,0.05,1.0
-0.1,650,4,0.060000000000000005,1.0
-0.1,650,4,0.06999999999999999,1.0
-0.1,650,4,0.08,1.0
-0.1,650,4,0.09,1.0
-0.1,650,4,0.09999999999999999,1.0
-0.1,650,4,0.11,1.0
-0.1,650,4,0.12,1.0
-0.1,650,4,0.13,1.0
-0.1,650,4,0.14,1.0
-0.1,650,5,0.01,0.5068
-0.1,650,5,0.02,0.9849
-0.1,650,5,0.03,0.9999
-0.1,650,5,0.04,1.0
-0.1,650,5,0.05,1.0
-0.1,650,5,0.060000000000000005,1.0
-0.1,650,5,0.06999999999999999,1.0
-0.1,650,5,0.08,1.0
-0.1,650,5,0.09,1.0
-0.1,650,5,0.09999999999999999,1.0
-0.1,650,5,0.11,1.0
-0.1,650,5,0.12,1.0
-0.1,650,5,0.13,1.0
-0.1,650,5,0.14,1.0
-0.1,650,6,0.01,0.2985
-0.1,650,6,0.02,0.9556
-0.1,650,6,0.03,0.9992
-0.1,650,6,0.04,1.0
-0.1,650,6,0.05,1.0
-0.1,650,6,0.060000000000000005,1.0
-0.1,650,6,0.06999999999999999,1.0
-0.1,650,6,0.08,1.0
-0.1,650,6,0.09,1.0
-0.1,650,6,0.09999999999999999,1.0
-0.1,650,6,0.11,1.0
-0.1,650,6,0.12,1.0
-0.1,650,6,0.13,1.0
-0.1,650,6,0.14,1.0
-0.1,650,7,0.01,0.1473
-0.1,650,7,0.02,0.8981
-0.1,650,7,0.03,0.9976
-0.1,650,7,0.04,1.0
-0.1,650,7,0.05,1.0
-0.1,650,7,0.060000000000000005,1.0
-0.1,650,7,0.06999999999999999,1.0
-0.1,650,7,0.08,1.0
-0.1,650,7,0.09,1.0
-0.1,650,7,0.09999999999999999,1.0
-0.1,650,7,0.11,1.0
-0.1,650,7,0.12,1.0
-0.1,650,7,0.13,1.0
-0.1,650,7,0.14,1.0
-0.1,650,8,0.01,0.0619
-0.1,650,8,0.02,0.8136
-0.1,650,8,0.03,0.9931
-0.1,650,8,0.04,0.9998
-0.1,650,8,0.05,1.0
-0.1,650,8,0.060000000000000005,1.0
-0.1,650,8,0.06999999999999999,1.0
-0.1,650,8,0.08,1.0
-0.1,650,8,0.09,1.0
-0.1,650,8,0.09999999999999999,1.0
-0.1,650,8,0.11,1.0
-0.1,650,8,0.12,1.0
-0.1,650,8,0.13,1.0
-0.1,650,8,0.14,1.0
0.0,50,3,0.01,0.0112
0.0,50,3,0.02,0.0797
0.0,50,3,0.03,0.1879
0.0,50,3,0.04,0.3272
0.0,50,3,0.05,0.4592
0.0,50,3,0.060000000000000005,0.5821
0.0,50,3,0.06999999999999999,0.6907
0.0,50,3,0.08,0.7699
0.0,50,3,0.09,0.8385
0.0,50,3,0.09999999999999999,0.887
0.0,50,3,0.11,0.9233
0.0,50,3,0.12,0.9484
0.0,50,3,0.13,0.9662
0.0,50,3,0.14,0.9791
0.0,50,4,0.01,0.0009
0.0,50,4,0.02,0.018
0.0,50,4,0.03,0.0607
0.0,50,4,0.04,0.1409
0.0,50,4,0.05,0.2358
0.0,50,4,0.060000000000000005,0.3488
0.0,50,4,0.06999999999999999,0.4659
0.0,50,4,0.08,0.569
0.0,50,4,0.09,0.6625
0.0,50,4,0.09999999999999999,0.7453
0.0,50,4,0.11,0.8162
0.0,50,4,0.12,0.8637
0.0,50,4,0.13,0.9033
0.0,50,4,0.14,0.9329
0.0,50,5,0.01,0.0001
0.0,50,5,0.02,0.0028
0.0,50,5,0.03,0.0158
0.0,50,5,0.04,0.0468
0.0,50,5,0.05,0.1015
0.0,50,5,0.060000000000000005,0.1739
0.0,50,5,0.06999999999999999,0.2698
0.0,50,5,0.08,0.3687
0.0,50,5,0.09,0.4722
0.0,50,5,0.09999999999999999,0.5626
0.0,50,5,0.11,0.6524
0.0,50,5,0.12,0.7276
0.0,50,5,0.13,0.7968
0.0,50,5,0.14,0.8475
0.0,50,6,0.01,0.0
0.0,50,6,0.02,0.0004
0.0,50,6,0.03,0.0037
0.0,50,6,0.04,0.0141
0.0,50,6,0.05,0.0358
0.0,50,6,0.060000000000000005,0.0756
0.0,50,6,0.06999999999999999,0.1328
0.0,50,6,0.08,0.2027
0.0,50,6,0.09,0.2898
0.0,50,6,0.09999999999999999,0.3789
0.0,50,6,0.11,0.4739
0.0,50,6,0.12,0.5582
0.0,50,6,0.13,0.6435
0.0,50,6,0.14,0.7187
0.0,50,7,0.01,0.0
0.0,50,7,0.02,0.0
0.0,50,7,0.03,0.0005
0.0,50,7,0.04,0.0032
0.0,50,7,0.05,0.0115
0.0,50,7,0.060000000000000005,0.0262
0.0,50,7,0.06999999999999999,0.0542
0.0,50,7,0.08,0.097
0.0,50,7,0.09,0.154
0.0,50,7,0.09999999999999999,0.226
0.0,50,7,0.11,0.3063
0.0,50,7,0.12,0.3858
0.0,50,7,0.13,0.4724
0.0,50,7,0.14,0.5602
0.0,50,8,0.01,0.0
0.0,50,8,0.02,0.0
0.0,50,8,0.03,0.0001
0.0,50,8,0.04,0.0004
0.0,50,8,0.05,0.0031
0.0,50,8,0.060000000000000005,0.0083
0.0,50,8,0.06999999999999999,0.0204
0.0,50,8,0.08,0.0401
0.0,50,8,0.09,0.0744
0.0,50,8,0.09999999999999999,0.1146
0.0,50,8,0.11,0.1743
0.0,50,8,0.12,0.2418
0.0,50,8,0.13,0.3146
0.0,50,8,0.14,0.3984
0.0,100,3,0.01,0.0677
0.0,100,3,0.02,0.3211
0.0,100,3,0.03,0.5846
0.0,100,3,0.04,0.7736
0.0,100,3,0.05,0.8784
0.0,100,3,0.060000000000000005,0.942
0.0,100,3,0.06999999999999999,0.9731
0.0,100,3,0.08,0.9889
0.0,100,3,0.09,0.9952
0.0,100,3,0.09999999999999999,0.998
0.0,100,3,0.11,0.9995
0.0,100,3,0.12,1.0
0.0,100,3,0.13,1.0
0.0,100,3,0.14,1.0
0.0,100,4,0.01,0.015
0.0,100,4,0.02,0.1383
0.0,100,4,0.03,0.3469
0.0,100,4,0.04,0.5788
0.0,100,4,0.05,0.743
0.0,100,4,0.060000000000000005,0.8595
0.0,100,4,0.06999999999999999,0.9279
0.0,100,4,0.08,0.9634
0.0,100,4,0.09,0.9825
0.0,100,4,0.09999999999999999,0.9917
0.0,100,4,0.11,0.9968
0.0,100,4,0.12,0.9988
0.0,100,4,0.13,0.9995
0.0,100,4,0.14,0.9999
0.0,100,5,0.01,0.0019
0.0,100,5,0.02,0.0461
0.0,100,5,0.03,0.1727
0.0,100,5,0.04,0.3757
0.0,100,5,0.05,0.5634
0.0,100,5,0.060000000000000005,0.7242
0.0,100,5,0.06999999999999999,0.8407
0.0,100,5,0.08,0.9086
0.0,100,5,0.09,0.9532
0.0,100,5,0.09999999999999999,0.9759
0.0,100,5,0.11,0.9891
0.0,100,5,0.12,0.9956
0.0,100,5,0.13,0.9984
0.0,100,5,0.14,0.9996
0.0,100,6,0.01,0.0005
0.0,100,6,0.02,0.0133
0.0,100,6,0.03,0.0735
0.0,100,6,0.04,0.2078
0.0,100,6,0.05,0.38
0.0,100,6,0.060000000000000005,0.5613
0.0,100,6,0.06999999999999999,0.7159
0.0,100,6,0.08,0.8215
0.0,100,6,0.09,0.897
0.0,100,6,0.09999999999999999,0.9418
0.0,100,6,0.11,0.9678
0.0,100,6,0.12,0.9851
0.0,100,6,0.13,0.9936
0.0,100,6,0.14,0.9977
0.0,100,7,0.01,0.0
0.0,100,7,0.02,0.003
0.0,100,7,0.03,0.027
0.0,100,7,0.04,0.0976
0.0,100,7,0.05,0.2265
0.0,100,7,0.060000000000000005,0.3958
0.0,100,7,0.06999999999999999,0.5661
0.0,100,7,0.08,0.7034
0.0,100,7,0.09,0.8146
0.0,100,7,0.09999999999999999,0.8854
0.0,100,7,0.11,0.9359
0.0,100,7,0.12,0.9631
0.0,100,7,0.13,0.9814
0.0,100,7,0.14,0.9913
0.0,100,8,0.01,0.0
0.0,100,8,0.02,0.0006
0.0,100,8,0.03,0.008
0.0,100,8,0.04,0.0404
0.0,100,8,0.05,0.1175
0.0,100,8,0.060000000000000005,0.2437
0.0,100,8,0.06999999999999999,0.402
0.0,100,8,0.08,0.5549
0.0,100,8,0.09,0.6872
0.0,100,8,0.09999999999999999,0.7954
0.0,100,8,0.11,0.8754
0.0,100,8,0.12,0.9248
0.0,100,8,0.13,0.958
0.0,100,8,0.14,0.9768
0.0,150,3,0.01,0.1693
0.0,150,3,0.02,0.587
0.0,150,3,0.03,0.8362
0.0,150,3,0.04,0.9486
0.0,150,3,0.05,0.9848
0.0,150,3,0.060000000000000005,0.9963
0.0,150,3,0.06999999999999999,0.9989
0.0,150,3,0.08,0.9994
0.0,150,3,0.09,0.9998
0.0,150,3,0.09999999999999999,0.9999
0.0,150,3,0.11,1.0
0.0,150,3,0.12,1.0
0.0,150,3,0.13,1.0
0.0,150,3,0.14,1.0
0.0,150,4,0.01,0.051
0.0,150,4,0.02,0.3492
0.0,150,4,0.03,0.6617
0.0,150,4,0.04,0.8611
0.0,150,4,0.05,0.9485
0.0,150,4,0.060000000000000005,0.9853
0.0,150,4,0.06999999999999999,0.9954
0.0,150,4,0.08,0.9984
0.0,150,4,0.09,0.9995
0.0,150,4,0.09999999999999999,0.9997
0.0,150,4,0.11,0.9999
0.0,150,4,0.12,1.0
0.0,150,4,0.13,1.0
0.0,150,4,0.14,1.0
0.0,150,5,0.01,0.011
0.0,150,5,0.02,0.1753
0.0,150,5,0.03,0.466
0.0,150,5,0.04,0.7306
0.0,150,5,0.05,0.8798
0.0,150,5,0.060000000000000005,0.9564
0.0,150,5,0.06999999999999999,0.9855
0.0,150,5,0.08,0.9954
0.0,150,5,0.09,0.9982
0.0,150,5,0.09999999999999999,0.9993
0.0,150,5,0.11,0.9997
0.0,150,5,0.12,0.9999
0.0,150,5,0.13,1.0
0.0,150,5,0.14,1.0
0.0,150,6,0.01,0.0018
0.0,150,6,0.02,0.0721
0.0,150,6,0.03,0.2856
0.0,150,6,0.04,0.5628
0.0,150,6,0.05,0.7631
0.0,150,6,0.060000000000000005,0.8969
0.0,150,6,0.06999999999999999,0.9596
0.0,150,6,0.08,0.9843
0.0,150,6,0.09,0.995
0.0,150,6,0.09999999999999999,0.9977
0.0,150,6,0.11,0.9992
0.0,150,6,0.12,0.9996
0.0,150,6,0.13,0.9999
0.0,150,6,0.14,1.0
0.0,150,7,0.01,0.0004
0.0,150,7,0.02,0.025
0.0,150,7,0.03,0.151
0.0,150,7,0.04,0.388
0.0,150,7,0.05,0.6215
0.0,150,7,0.060000000000000005,0.8026
0.0,150,7,0.06999999999999999,0.9164
0.0,150,7,0.08,0.9626
0.0,150,7,0.09,0.9866
0.0,150,7,0.09999999999999999,0.9952
0.0,150,7,0.11,0.9983
0.0,150,7,0.12,0.9991
0.0,150,7,0.13,0.9999
0.0,150,7,0.14,1.0
0.0,150,8,0.01,0.0
0.0,150,8,0.02,0.0074
0.0,150,8,0.03,0.0689
0.0,150,8,0.04,0.2432
0.0,150,8,0.05,0.4666
0.0,150,8,0.060000000000000005,0.683
0.0,150,8,0.06999999999999999,0.8398
0.0,150,8,0.08,0.9235
0.0,150,8,0.09,0.9698
0.0,150,8,0.09999999999999999,0.9886
0.0,150,8,0.11,0.9964
0.0,150,8,0.12,0.9981
0.0,150,8,0.13,0.9992
0.0,150,8,0.14,0.9998
0.0,200,3,0.01,0.296
0.0,200,3,0.02,0.7798
0.0,200,3,0.03,0.9485
0.0,200,3,0.04,0.9909
0.0,200,3,0.05,0.998
0.0,200,3,0.060000000000000005,0.9997
0.0,200,3,0.06999999999999999,1.0
0.0,200,3,0.08,1.0
0.0,200,3,0.09,1.0
0.0,200,3,0.09999999999999999,1.0
0.0,200,3,0.11,1.0
0.0,200,3,0.12,1.0
0.0,200,3,0.13,1.0
0.0,200,3,0.14,1.0
0.0,200,4,0.01,0.1172
0.0,200,4,0.02,0.5801
0.0,200,4,0.03,0.8628
0.0,200,4,0.04,0.9664
0.0,200,4,0.05,0.9915
0.0,200,4,0.060000000000000005,0.9985
0.0,200,4,0.06999999999999999,0.9997
0.0,200,4,0.08,1.0
0.0,200,4,0.09,1.0
0.0,200,4,0.09999999999999999,1.0
0.0,200,4,0.11,1.0
0.0,200,4,0.12,1.0
0.0,200,4,0.13,1.0
0.0,200,4,0.14,1.0
0.0,200,5,0.01,0.0364
0.0,200,5,0.02,0.3617
0.0,200,5,0.03,0.7203
0.0,200,5,0.04,0.9192
0.0,200,5,0.05,0.9777
0.0,200,5,0.060000000000000005,0.9942
0.0,200,5,0.06999999999999999,0.9989
0.0,200,5,0.08,0.9998
0.0,200,5,0.09,0.9999
0.0,200,5,0.09999999999999999,1.0
0.0,200,5,0.11,1.0
0.0,200,5,0.12,1.0
0.0,200,5,0.13,1.0
0.0,200,5,0.14,1.0
0.0,200,6,0.01,0.0075
0.0,200,6,0.02,0.1996
0.0,200,6,0.03,0.5513
0.0,200,6,0.04,0.8288
0.0,200,6,0.05,0.9467
0.0,200,6,0.060000000000000005,0.9854
0.0,200,6,0.06999999999999999,0.9959
0.0,200,6,0.08,0.9987
0.0,200,6,0.09,0.9998
0.0,200,6,0.09999999999999999,0.9999
0.0,200,6,0.11,1.0
0.0,200,6,0.12,1.0
0.0,200,6,0.13,1.0
0.0,200,6,0.14,1.0
0.0,200,7,0.01,0.0015
0.0,200,7,0.02,0.0925
0.0,200,7,0.03,0.3794
0.0,200,7,0.04,0.7014
0.0,200,7,0.05,0.885
0.0,200,7,0.060000000000000005,0.9666
0.0,200,7,0.06999999999999999,0.9898
0.0,200,7,0.08,0.9971
0.0,200,7,0.09,0.9992
0.0,200,7,0.09999999999999999,0.9998
0.0,200,7,0.11,1.0
0.0,200,7,0.12,1.0
0.0,200,7,0.13,1.0
0.0,200,7,0.14,1.0
0.0,200,8,0.01,0.0003
0.0,200,8,0.02,0.0374
0.0,200,8,0.03,0.232
0.0,200,8,0.04,0.5501
0.0,200,8,0.05,0.7924
0.0,200,8,0.060000000000000005,0.9288
0.0,200,8,0.06999999999999999,0.9777
0.0,200,8,0.08,0.9928
0.0,200,8,0.09,0.9983
0.0,200,8,0.09999999999999999,0.9996
0.0,200,8,0.11,0.9998
0.0,200,8,0.12,1.0
0.0,200,8,0.13,1.0
0.0,200,8,0.14,1.0
0.0,250,3,0.01,0.4426
0.0,250,3,0.02,0.8899
0.0,250,3,0.03,0.9862
0.0,250,3,0.04,0.9995
0.0,250,3,0.05,1.0
0.0,250,3,0.060000000000000005,1.0
0.0,250,3,0.06999999999999999,1.0
0.0,250,3,0.08,1.0
0.0,250,3,0.09,1.0
0.0,250,3,0.09999999999999999,1.0
0.0,250,3,0.11,1.0
0.0,250,3,0.12,1.0
0.0,250,3,0.13,1.0
0.0,250,3,0.14,1.0
0.0,250,4,0.01,0.2077
0.0,250,4,0.02,0.7582
0.0,250,4,0.03,0.9539
0.0,250,4,0.04,0.9941
0.0,250,4,0.05,0.9995
0.0,250,4,0.060000000000000005,1.0
0.0,250,4,0.06999999999999999,1.0
0.0,250,4,0.08,1.0
0.0,250,4,0.09,1.0
0.0,250,4,0.09999999999999999,1.0
0.0,250,4,0.11,1.0
0.0,250,4,0.12,1.0
0.0,250,4,0.13,1.0
0.0,250,4,0.14,1.0
0.0,250,5,0.01,0.078
0.0,250,5,0.02,0.5649
0.0,250,5,0.03,0.8813
0.0,250,5,0.04,0.9786
0.0,250,5,0.05,0.9975
0.0,250,5,0.060000000000000005,0.9997
0.0,250,5,0.06999999999999999,1.0
0.0,250,5,0.08,1.0
0.0,250,5,0.09,1.0
0.0,250,5,0.09999999999999999,1.0
0.0,250,5,0.11,1.0
0.0,250,5,0.12,1.0
0.0,250,5,0.13,1.0
0.0,250,5,0.14,1.0
0.0,250,6,0.01,0.0235
0.0,250,6,0.02,0.3754
0.0,250,6,0.03,0.7683
0.0,250,6,0.04,0.9483
0.0,250,6,0.05,0.9895
0.0,250,6,0.060000000000000005,0.999
0.0,250,6,0.06999999999999999,0.9998
0.0,250,6,0.08,1.0
0.0,250,6,0.09,1.0
0.0,250,6,0.09999999999999999,1.0
0.0,250,6,0.11,1.0
0.0,250,6,0.12,1.0
0.0,250,6,0.13,1.0
0.0,250,6,0.14,1.0
0.0,250,7,0.01,0.0049
0.0,250,7,0.02,0.2153
0.0,250,7,0.03,0.6221
0.0,250,7,0.04,0.8893
0.0,250,7,0.05,0.9724
0.0,250,7,0.060000000000000005,0.9954
0.0,250,7,0.06999999999999999,0.9994
0.0,250,7,0.08,1.0
0.0,250,7,0.09,1.0
0.0,250,7,0.09999999999999999,1.0
0.0,250,7,0.11,1.0
0.0,250,7,0.12,1.0
0.0,250,7,0.13,1.0
0.0,250,7,0.14,1.0
0.0,250,8,0.01,0.0014
0.0,250,8,0.02,0.1134
0.0,250,8,0.03,0.4604
0.0,250,8,0.04,0.7989
0.0,250,8,0.05,0.9419
0.0,250,8,0.060000000000000005,0.9866
0.0,250,8,0.06999999999999999,0.9977
0.0,250,8,0.08,0.9997
0.0,250,8,0.09,1.0
0.0,250,8,0.09999999999999999,1.0
0.0,250,8,0.11,1.0
0.0,250,8,0.12,1.0
0.0,250,8,0.13,1.0
0.0,250,8,0.14,1.0
0.0,300,3,0.01,0.5706
0.0,300,3,0.02,0.954
0.0,300,3,0.03,0.9955
0.0,300,3,0.04,0.9999
0.0,300,3,0.05,1.0
0.0,300,3,0.060000000000000005,1.0
0.0,300,3,0.06999999999999999,1.0
0.0,300,3,0.08,1.0
0.0,300,3,0.09,1.0
0.0,300,3,0.09999999999999999,1.0
0.0,300,3,0.11,1.0
0.0,300,3,0.12,1.0
0.0,300,3,0.13,1.0
0.0,300,3,0.14,1.0
0.0,300,4,0.01,0.3258
0.0,300,4,0.02,0.8725
0.0,300,4,0.03,0.9874
0.0,300,4,0.04,0.999
0.0,300,4,0.05,0.9999
0.0,300,4,0.060000000000000005,1.0
0.0,300,4,0.06999999999999999,1.0
0.0,300,4,0.08,1.0
0.0,300,4,0.09,1.0
0.0,300,4,0.09999999999999999,1.0
0.0,300,4,0.11,1.0
0.0,300,4,0.12,1.0
0.0,300,4,0.13,1.0
0.0,300,4,0.14,1.0
0.0,300,5,0.01,0.1482
0.0,300,5,0.02,0.7351
0.0,300,5,0.03,0.9582
0.0,300,5,0.04,0.996
0.0,300,5,0.05,0.9998
0.0,300,5,0.060000000000000005,0.9999
0.0,300,5,0.06999999999999999,1.0
0.0,300,5,0.08,1.0
0.0,300,5,0.09,1.0
0.0,300,5,0.09999999999999999,1.0
0.0,300,5,0.11,1.0
0.0,300,5,0.12,1.0
0.0,300,5,0.13,1.0
0.0,300,5,0.14,1.0
0.0,300,6,0.01,0.0529
0.0,300,6,0.02,0.5659
0.0,300,6,0.03,0.9036
0.0,300,6,0.04,0.9879
0.0,300,6,0.05,0.9987
0.0,300,6,0.060000000000000005,0.9999
0.0,300,6,0.06999999999999999,1.0
0.0,300,6,0.08,1.0
0.0,300,6,0.09,1.0
0.0,300,6,0.09999999999999999,1.0
0.0,300,6,0.11,1.0
0.0,300,6,0.12,1.0
0.0,300,6,0.13,1.0
0.0,300,6,0.14,1.0
0.0,300,7,0.01,0.016
0.0,300,7,0.02,0.3866
0.0,300,7,0.03,0.8142
0.0,300,7,0.04,0.9699
0.0,300,7,0.05,0.9967
0.0,300,7,0.060000000000000005,0.9998
0.0,300,7,0.06999999999999999,0.9999
0.0,300,7,0.08,1.0
0.0,300,7,0.09,1.0
0.0,300,7,0.09999999999999999,1.0
0.0,300,7,0.11,1.0
0.0,300,7,0.12,1.0
0.0,300,7,0.13,1.0
0.0,300,7,0.14,1.0
0.0,300,8,0.01,0.0036
0.0,300,8,0.02,0.2349
0.0,300,8,0.03,0.6833
0.0,300,8,0.04,0.9317
0.0,300,8,0.05,0.9881
0.0,300,8,0.060000000000000005,0.9989
0.0,300,8,0.06999999999999999,0.9997
0.0,300,8,0.08,1.0
0.0,300,8,0.09,1.0
0.0,300,8,0.09999999999999999,1.0
0.0,300,8,0.11,1.0
0.0,300,8,0.12,1.0
0.0,300,8,0.13,1.0
0.0,300,8,0.14,1.0
0.0,350,3,0.01,0.6828
0.0,350,3,0.02,0.9806
0.0,350,3,0.03,0.9989
0.0,350,3,0.04,1.0
0.0,350,3,0.05,1.0
0.0,350,3,0.060000000000000005,1.0
0.0,350,3,0.06999999999999999,1.0
0.0,350,3,0.08,1.0
0.0,350,3,0.09,1.0
0.0,350,3,0.09999999999999999,1.0
0.0,350,3,0.11,1.0
0.0,350,3,0.12,1.0
0.0,350,3,0.13,1.0
0.0,350,3,0.14,1.0
0.0,350,4,0.01,0.4445
0.0,350,4,0.02,0.9378
0.0,350,4,0.03,0.9959
0.0,350,4,0.04,0.9997
0.0,350,4,0.05,1.0
0.0,350,4,0.060000000000000005,1.0
0.0,350,4,0.06999999999999999,1.0
0.0,350,4,0.08,1.0
0.0,350,4,0.09,1.0
0.0,350,4,0.09999999999999999,1.0
0.0,350,4,0.11,1.0
0.0,350,4,0.12,1.0
0.0,350,4,0.13,1.0
0.0,350,4,0.14,1.0
0.0,350,5,0.01,0.2347
0.0,350,5,0.02,0.8525
0.0,350,5,0.03,0.9866
0.0,350,5,0.04,0.9993
0.0,350,5,0.05,1.0
0.0,350,5,0.060000000000000005,1.0
0.0,350,5,0.06999999999999999,1.0
0.0,350,5,0.08,1.0
0.0,350,5,0.09,1.0
0.0,350,5,0.09999999999999999,1.0
0.0,350,5,0.11,1.0
0.0,350,5,0.12,1.0
0.0,350,5,0.13,1.0
0.0,350,5,0.14,1.0
0.0,350,6,0.01,0.1014
0.0,350,6,0.02,0.7213
0.0,350,6,0.03,0.9644
0.0,350,6,0.04,0.9975
0.0,350,6,0.05,1.0
0.0,350,6,0.060000000000000005,1.0
0.0,350,6,0.06999999999999999,1.0
0.0,350,6,0.08,1.0
0.0,350,6,0.09,1.0
0.0,350,6,0.09999999999999999,1.0
0.0,350,6,0.11,1.0
0.0,350,6,0.12,1.0
0.0,350,6,0.13,1.0
0.0,350,6,0.14,1.0
0.0,350,7,0.01,0.0369
0.0,350,7,0.02,0.5624
0.0,350,7,0.03,0.9181
0.0,350,7,0.04,0.9927
0.0,350,7,0.05,0.9993
0.0,350,7,0.060000000000000005,1.0
0.0,350,7,0.06999999999999999,1.0
0.0,350,7,0.08,1.0
0.0,350,7,0.09,1.0
0.0,350,7,0.09999999999999999,1.0
0.0,350,7,0.11,1.0
0.0,350,7,0.12,1.0
0.0,350,7,0.13,1.0
0.0,350,7,0.14,1.0
0.0,350,8,0.01,0.0087
0.0,350,8,0.02,0.3932
0.0,350,8,0.03,0.843
0.0,350,8,0.04,0.9832
0.0,350,8,0.05,0.9988
0.0,350,8,0.060000000000000005,0.9998
0.0,350,8,0.06999999999999999,1.0
0.0,350,8,0.08,1.0
0.0,350,8,0.09,1.0
0.0,350,8,0.09999999999999999,1.0
0.0,350,8,0.11,1.0
0.0,350,8,0.12,1.0
0.0,350,8,0.13,1.0
0.0,350,8,0.14,1.0
0.0,400,3,0.01,0.7756
0.0,400,3,0.02,0.9929
0.0,400,3,0.03,0.9997
0.0,400,3,0.04,1.0
0.0,400,3,0.05,1.0
0.0,400,3,0.060000000000000005,1.0
0.0,400,3,0.06999999999999999,1.0
0.0,400,3,0.08,1.0
0.0,400,3,0.09,1.0
0.0,400,3,0.09999999999999999,1.0
0.0,400,3,0.11,1.0
0.0,400,3,0.12,1.0
0.0,400,3,0.13,1.0
0.0,400,3,0.14,1.0
0.0,400,4,0.01,0.5584
0.0,400,4,0.02,0.9715
0.0,400,4,0.03,0.9988
0.0,400,4,0.04,1.0
0.0,400,4,0.05,1.0
0.0,400,4,0.060000000000000005,1.0
0.0,400,4,0.06999999999999999,1.0
0.0,400,4,0.08,1.0
0.0,400,4,0.09,1.0
0.0,400,4,0.09999999999999999,1.0
0.0,400,4,0.11,1.0
0.0,400,4,0.12,1.0
0.0,400,4,0.13,1.0
0.0,400,4,0.14,1.0
0.0,400,5,0.01,0.3357
0.0,400,5,0.02,0.9241
0.0,400,5,0.03,0.9968
0.0,400,5,0.04,0.9997
0.0,400,5,0.05,1.0
0.0,400,5,0.060000000000000005,1.0
0.0,400,5,0.06999999999999999,1.0
0.0,400,5,0.08,1.0
0.0,400,5,0.09,1.0
0.0,400,5,0.09999999999999999,1.0
0.0,400,5,0.11,1.0
0.0,400,5,0.12,1.0
0.0,400,5,0.13,1.0
0.0,400,5,0.14,1.0
0.0,400,6,0.01,0.1676
0.0,400,6,0.02,0.8395
0.0,400,6,0.03,0.9878
0.0,400,6,0.04,0.9994
0.0,400,6,0.05,1.0
0.0,400,6,0.060000000000000005,1.0
0.0,400,6,0.06999999999999999,1.0
0.0,400,6,0.08,1.0
0.0,400,6,0.09,1.0
0.0,400,6,0.09999999999999999,1.0
0.0,400,6,0.11,1.0
0.0,400,6,0.12,1.0
0.0,400,6,0.13,1.0
0.0,400,6,0.14,1.0
0.0,400,7,0.01,0.0685
0.0,400,7,0.02,0.7133
0.0,400,7,0.03,0.9677
0.0,400,7,0.04,0.9991
0.0,400,7,0.05,1.0
0.0,400,7,0.060000000000000005,1.0
0.0,400,7,0.06999999999999999,1.0
0.0,400,7,0.08,1.0
0.0,400,7,0.09,1.0
0.0,400,7,0.09999999999999999,1.0
0.0,400,7,0.11,1.0
0.0,400,7,0.12,1.0
0.0,400,7,0.13,1.0
0.0,400,7,0.14,1.0
0.0,400,8,0.01,0.0215
0.0,400,8,0.02,0.5587
0.0,400,8,0.03,0.9328
0.0,400,8,0.04,0.9959
0.0,400,8,0.05,0.9999
0.0,400,8,0.060000000000000005,1.0
0.0,400,8,0.06999999999999999,1.0
0.0,400,8,0.08,1.0
0.0,400,8,0.09,1.0
0.0,400,8,0.09999999999999999,1.0
0.0,400,8,0.11,1.0
0.0,400,8,0.12,1.0
0.0,400,8,0.13,1.0
0.0,400,8,0.14,1.0
0.0,450,3,0.01,0.8494
0.0,450,3,0.02,0.9975
0.0,450,3,0.03,1.0
0.0,450,3,0.04,1.0
0.0,450,3,0.05,1.0
0.0,450,3,0.060000000000000005,1.0
0.0,450,3,0.06999999999999999,1.0
0.0,450,3,0.08,1.0
0.0,450,3,0.09,1.0
0.0,450,3,0.09999999999999999,1.0
0.0,450,3,0.11,1.0
0.0,450,3,0.12,1.0
0.0,450,3,0.13,1.0
0.0,450,3,0.14,1.0
0.0,450,4,0.01,0.6596
0.0,450,4,0.02,0.9893
0.0,450,4,0.03,0.9999
0.0,450,4,0.04,1.0
0.0,450,4,0.05,1.0
0.0,450,4,0.060000000000000005,1.0
0.0,450,4,0.06999999999999999,1.0
0.0,450,4,0.08,1.0
0.0,450,4,0.09,1.0
0.0,450,4,0.09999999999999999,1.0
0.0,450,4,0.11,1.0
0.0,450,4,0.12,1.0
0.0,450,4,0.13,1.0
0.0,450,4,0.14,1.0
0.0,450,5,0.01,0.4429
0.0,450,5,0.02,0.9644
0.0,450,5,0.03,0.9991
0.0,450,5,0.04,1.0
0.0,450,5,0.05,1.0
0.0,450,5,0.060000000000000005,1.0
0.0,450,5,0.06999999999999999,1.0
0.0,450,5,0.08,1.0
0.0,450,5,0.09,1.0
0.0,450,5,0.09999999999999999,1.0
0.0,450,5,0.11,1.0
0.0,450,5,0.12,1.0
0.0,450,5,0.13,1.0
0.0,450,5,0.14,1.0
0.0,450,6,0.01,0.2494
0.0,450,6,0.02,0.9142
0.0,450,6,0.03,0.9967
0.0,450,6,0.04,1.0
0.0,450,6,0.05,1.0
0.0,450,6,0.060000000000000005,1.0
0.0,450,6,0.06999999999999999,1.0
0.0,450,6,0.08,1.0
0.0,450,6,0.09,1.0
0.0,450,6,0.09999999999999999,1.0
0.0,450,6,0.11,1.0
0.0,450,6,0.12,1.0
0.0,450,6,0.13,1.0
0.0,450,6,0.14,1.0
0.0,450,7,0.01,0.1178
0.0,450,7,0.02,0.8304
0.0,450,7,0.03,0.9895
0.0,450,7,0.04,0.9998
0.0,450,7,0.05,1.0
0.0,450,7,0.060000000000000005,1.0
0.0,450,7,0.06999999999999999,1.0
0.0,450,7,0.08,1.0
0.0,450,7,0.09,1.0
0.0,450,7,0.09999999999999999,1.0
0.0,450,7,0.11,1.0
0.0,450,7,0.12,1.0
0.0,450,7,0.13,1.0
0.0,450,7,0.14,1.0
0.0,450,8,0.01,0.0451
0.0,450,8,0.02,0.7052
0.0,450,8,0.03,0.9724
0.0,450,8,0.04,0.9994
0.0,450,8,0.05,1.0
0.0,450,8,0.060000000000000005,1.0
0.0,450,8,0.06999999999999999,1.0
0.0,450,8,0.08,1.0
0.0,450,8,0.09,1.0
0.0,450,8,0.09999999999999999,1.0
0.0,450,8,0.11,1.0
0.0,450,8,0.12,1.0
0.0,450,8,0.13,1.0
0.0,450,8,0.14,1.0
0.0,500,3,0.01,0.9027
0.0,500,3,0.02,0.999
0.0,500,3,0.03,1.0
0.0,500,3,0.04,1.0
0.0,500,3,0.05,1.0
0.0,500,3,0.060000000000000005,1.0
0.0,500,3,0.06999999999999999,1.0
0.0,500,3,0.08,1.0
0.0,500,3,0.09,1.0
0.0,500,3,0.09999999999999999,1.0
0.0,500,3,0.11,1.0
0.0,500,3,0.12,1.0
0.0,500,3,0.13,1.0
0.0,500,3,0.14,1.0
0.0,500,4,0.01,0.7499
0.0,500,4,0.02,0.9964
0.0,500,4,0.03,0.9999
0.0,500,4,0.04,1.0
0.0,500,4,0.05,1.0
0.0,500,4,0.060000000000000005,1.0
0.0,500,4,0.06999999999999999,1.0
0.0,500,4,0.08,1.0
0.0,500,4,0.09,1.0
0.0,500,4,0.09999999999999999,1.0
0.0,500,4,0.11,1.0
0.0,500,4,0.12,1.0
0.0,500,4,0.13,1.0
0.0,500,4,0.14,1.0
0.0,500,5,0.01,0.5488
0.0,500,5,0.02,0.9864
0.0,500,5,0.03,0.9997
0.0,500,5,0.04,1.0
0.0,500,5,0.05,1.0
0.0,500,5,0.060000000000000005,1.0
0.0,500,5,0.06999999999999999,1.0
0.0,500,5,0.08,1.0
0.0,500,5,0.09,1.0
0.0,500,5,0.09999999999999999,1.0
0.0,500,5,0.11,1.0
0.0,500,5,0.12,1.0
0.0,500,5,0.13,1.0
0.0,500,5,0.14,1.0
0.0,500,6,0.01,0.3428
0.0,500,6,0.02,0.9584
0.0,500,6,0.03,0.9994
0.0,500,6,0.04,1.0
0.0,500,6,0.05,1.0
0.0,500,6,0.060000000000000005,1.0
0.0,500,6,0.06999999999999999,1.0
0.0,500,6,0.08,1.0
0.0,500,6,0.09,1.0
0.0,500,6,0.09999999999999999,1.0
0.0,500,6,0.11,1.0
0.0,500,6,0.12,1.0
0.0,500,6,0.13,1.0
0.0,500,6,0.14,1.0
0.0,500,7,0.01,0.183
0.0,500,7,0.02,0.9095
0.0,500,7,0.03,0.9968
0.0,500,7,0.04,1.0
0.0,500,7,0.05,1.0
0.0,500,7,0.060000000000000005,1.0
0.0,500,7,0.06999999999999999,1.0
0.0,500,7,0.08,1.0
0.0,500,7,0.09,1.0
0.0,500,7,0.09999999999999999,1.0
0.0,500,7,0.11,1.0
0.0,500,7,0.12,1.0
0.0,500,7,0.13,1.0
0.0,500,7,0.14,1.0
0.0,500,8,0.01,0.0788
0.0,500,8,0.02,0.8159
0.0,500,8,0.03,0.9908
0.0,500,8,0.04,0.9999
0.0,500,8,0.05,1.0
0.0,500,8,0.060000000000000005,1.0
0.0,500,8,0.06999999999999999,1.0
0.0,500,8,0.08,1.0
0.0,500,8,0.09,1.0
0.0,500,8,0.09999999999999999,1.0
0.0,500,8,0.11,1.0
0.0,500,8,0.12,1.0
0.0,500,8,0.13,1.0
0.0,500,8,0.14,1.0
0.0,550,3,0.01,0.9373
0.0,550,3,0.02,0.9996
0.0,550,3,0.03,1.0
0.0,550,3,0.04,1.0
0.0,550,3,0.05,1.0
0.0,550,3,0.060000000000000005,1.0
0.0,550,3,0.06999999999999999,1.0
0.0,550,3,0.08,1.0
0.0,550,3,0.09,1.0
0.0,550,3,0.09999999999999999,1.0
0.0,550,3,0.11,1.0
0.0,550,3,0.12,1.0
0.0,550,3,0.13,1.0
0.0,550,3,0.14,1.0
0.0,550,4,0.01,0.8304
0.0,550,4,0.02,0.9985
0.0,550,4,0.03,0.9999
0.0,550,4,0.04,1.0
0.0,550,4,0.05,1.0
0.0,550,4,0.060000000000000005,1.0
0.0,550,4,0.06999999999999999,1.0
0.0,550,4,0.08,1.0
0.0,550,4,0.09,1.0
0.0,550,4,0.09999999999999999,1.0
0.0,550,4,0.11,1.0
0.0,550,4,0.12,1.0
0.0,550,4,0.13,1.0
0.0,550,4,0.14,1.0
0.0,550,5,0.01,0.6508
0.0,550,5,0.02,0.9946
0.0,550,5,0.03,0.9999
0.0,550,5,0.04,1.0
0.0,550,5,0.05,1.0
0.0,550,5,0.060000000000000005,1.0
0.0,550,5,0.06999999999999999,1.0
0.0,550,5,0.08,1.0
0.0,550,5,0.09,1.0
0.0,550,5,0.09999999999999999,1.0
0.0,550,5,0.11,1.0
0.0,550,5,0.12,1.0
0.0,550,5,0.13,1.0
0.0,550,5,0.14,1.0
0.0,550,6,0.01,0.4398
0.0,550,6,0.02,0.983
0.0,550,6,0.03,0.9997
0.0,550,6,0.04,1.0
0.0,550,6,0.05,1.0
0.0,550,6,0.060000000000000005,1.0
0.0,550,6,0.06999999999999999,1.0
0.0,550,6,0.08,1.0
0.0,550,6,0.09,1.0
0.0,550,6,0.09999999999999999,1.0
0.0,550,6,0.11,1.0
0.0,550,6,0.12,1.0
0.0,550,6,0.13,1.0
0.0,550,6,0.14,1.0
0.0,550,7,0.01,0.2562
0.0,550,7,0.02,0.9555
0.0,550,7,0.03,0.999
0.0,550,7,0.04,1.0
0.0,550,7,0.05,1.0
0.0,550,7,0.060000000000000005,1.0
0.0,550,7,0.06999999999999999,1.0
0.0,550,7,0.08,1.0
0.0,550,7,0.09,1.0
0.0,550,7,0.09999999999999999,1.0
0.0,550,7,0.11,1.0
0.0,550,7,0.12,1.0
0.0,550,7,0.13,1.0
0.0,550,7,0.14,1.0
0.0,550,8,0.01,0.126
0.0,550,8,0.02,0.9006
0.0,550,8,0.03,0.9975
0.0,550,8,0.04,1.0
0.0,550,8,0.05,1.0
0.0,550,8,0.060000000000000005,1.0
0.0,550,8,0.06999999999999999,1.0
0.0,550,8,0.08,1.0
0.0,550,8,0.09,1.0
0.0,550,8,0.09999999999999999,1.0
0.0,550,8,0.11,1.0
0.0,550,8,0.12,1.0
0.0,550,8,0.13,1.0
0.0,550,8,0.14,1.0
0.0,600,3,0.01,0.9597
0.0,600,3,0.02,0.9998
0.0,600,3,0.03,1.0
0.0,600,3,0.04,1.0
0.0,600,3,0.05,1.0
0.0,600,3,0.060000000000000005,1.0
0.0,600,3,0.06999999999999999,1.0
0.0,600,3,0.08,1.0
0.0,600,3,0.09,1.0
0.0,600,3,0.09999999999999999,1.0
0.0,600,3,0.11,1.0
0.0,600,3,0.12,1.0
0.0,600,3,0.13,1.0
0.0,600,3,0.14,1.0
0.0,600,4,0.01,0.8812
0.0,600,4,0.02,0.9992
0.0,600,4,0.03,1.0
0.0,600,4,0.04,1.0
0.0,600,4,0.05,1.0
0.0,600,4,0.060000000000000005,1.0
0.0,600,4,0.06999999999999999,1.0
0.0,600,4,0.08,1.0
0.0,600,4,0.09,1.0
0.0,600,4,0.09999999999999999,1.0
0.0,600,4,0.11,1.0
0.0,600,4,0.12,1.0
0.0,600,4,0.13,1.0
0.0,600,4,0.14,1.0
0.0,600,5,0.01,0.7396
0.0,600,5,0.02,0.9977
0.0,600,5,0.03,1.0
0.0,600,5,0.04,1.0
0.0,600,5,0.05,1.0
0.0,600,5,0.060000000000000005,1.0
0.0,600,5,0.06999999999999999,1.0
0.0,600,5,0.08,1.0
0.0,600,5,0.09,1.0
0.0,600,5,0.09999999999999999,1.0
0.0,600,5,0.11,1.0
0.0,600,5,0.12,1.0
0.0,600,5,0.13,1.0
0.0,600,5,0.14,1.0
0.0,600,6,0.01,0.5454
0.0,600,6,0.02,0.9928
0.0,600,6,0.03,0.9999
0.0,600,6,0.04,1.0
0.0,600,6,0.05,1.0
0.0,600,6,0.060000000000000005,1.0
0.0,600,6,0.06999999999999999,1.0
0.0,600,6,0.08,1.0
0.0,600,6,0.09,1.0
0.0,600,6,0.09999999999999999,1.0
0.0,600,6,0.11,1.0
0.0,600,6,0.12,1.0
0.0,600,6,0.13,1.0
0.0,600,6,0.14,1.0
0.0,600,7,0.01,0.3415
0.0,600,7,0.02,0.979
0.0,600,7,0.03,0.9997
0.0,600,7,0.04,1.0
0.0,600,7,0.05,1.0
0.0,600,7,0.060000000000000005,1.0
0.0,600,7,0.06999999999999999,1.0
0.0,600,7,0.08,1.0
0.0,600,7,0.09,1.0
0.0,600,7,0.09999999999999999,1.0
0.0,600,7,0.11,1.0
0.0,600,7,0.12,1.0
0.0,600,7,0.13,1.0
0.0,600,7,0.14,1.0
0.0,600,8,0.01,0.1862
0.0,600,8,0.02,0.9478
0.0,600,8,0.03,0.9991
0.0,600,8,0.04,1.0
0.0,600,8,0.05,1.0
0.0,600,8,0.060000000000000005,1.0
0.0,600,8,0.06999999999999999,1.0
0.0,600,8,0.08,1.0
0.0,600,8,0.09,1.0
0.0,600,8,0.09999999999999999,1.0
0.0,600,8,0.11,1.0
0.0,600,8,0.12,1.0
0.0,600,8,0.13,1.0
0.0,600,8,0.14,1.0
0.0,650,3,0.01,0.9769
0.0,650,3,0.02,0.9999
0.0,650,3,0.03,1.0
0.0,650,3,0.04,1.0
0.0,650,3,0.05,1.0
0.0,650,3,0.060000000000000005,1.0
0.0,650,3,0.06999999999999999,1.0
0.0,650,3,0.08,1.0
0.0,650,3,0.09,1.0
0.0,650,3,0.09999999999999999,1.0
0.0,650,3,0.11,1.0
0.0,650,3,0.12,1.0
0.0,650,3,0.13,1.0
0.0,650,3,0.14,1.0
0.0,650,4,0.01,0.9226
0.0,650,4,0.02,0.9996
0.0,650,4,0.03,1.0
0.0,650,4,0.04,1.0
0.0,650,4,0.05,1.0
0.0,650,4,0.060000000000000005,1.0
0.0,650,4,0.06999999999999999,1.0
0.0,650,4,0.08,1.0
0.0,650,4,0.09,1.0
0.0,650,4,0.09999999999999999,1.0
0.0,650,4,0.11,1.0
0.0,650,4,0.12,1.0
0.0,650,4,0.13,1.0
0.0,650,4,0.14,1.0
0.0,650,5,0.01,0.8077
0.0,650,5,0.02,0.9992
0.0,650,5,0.03,1.0
0.0,650,5,0.04,1.0
0.0,650,5,0.05,1.0
0.0,650,5,0.060000000000000005,1.0
0.0,650,5,0.06999999999999999,1.0
0.0,650,5,0.08,1.0
0.0,650,5,0.09,1.0
0.0,650,5,0.09999999999999999,1.0
0.0,650,5,0.11,1.0
0.0,650,5,0.12,1.0
0.0,650,5,0.13,1.0
0.0,650,5,0.14,1.0
0.0,650,6,0.01,0.636
0.0,650,6,0.02,0.9974
0.0,650,6,0.03,1.0
0.0,650,6,0.04,1.0
0.0,650,6,0.05,1.0
0.0,650,6,0.060000000000000005,1.0
0.0,650,6,0.06999999999999999,1.0
0.0,650,6,0.08,1.0
0.0,650,6,0.09,1.0
0.0,650,6,0.09999999999999999,1.0
0.0,650,6,0.11,1.0
0.0,650,6,0.12,1.0
0.0,650,6,0.13,1.0
0.0,650,6,0.14,1.0
0.0,650,7,0.01,0.442
0.0,650,7,0.02,0.9913
0.0,650,7,0.03,1.0
0.0,650,7,0.04,1.0
0.0,650,7,0.05,1.0
0.0,650,7,0.060000000000000005,1.0
0.0,650,7,0.06999999999999999,1.0
0.0,650,7,0.08,1.0
0.0,650,7,0.09,1.0
0.0,650,7,0.09999999999999999,1.0
0.0,650,7,0.11,1.0
0.0,650,7,0.12,1.0
0.0,650,7,0.13,1.0
0.0,650,7,0.14,1.0
0.0,650,8,0.01,0.2575
0.0,650,8,0.02,0.9754
0.0,650,8,0.03,0.9998
0.0,650,8,0.04,1.0
0.0,650,8,0.05,1.0
0.0,650,8,0.060000000000000005,1.0
0.0,650,8,0.06999999999999999,1.0
0.0,650,8,0.08,1.0
0.0,650,8,0.09,1.0
0.0,650,8,0.09999999999999999,1.0
0.0,650,8,0.11,1.0
0.0,650,8,0.12,1.0
0.0,650,8,0.13,1.0
0.0,650,8,0.14,1.0
0.1,50,3,0.01,0.0611
0.1,50,3,0.02,0.2495
0.1,50,3,0.03,0.4539
0.1,50,3,0.04,0.6291
0.1,50,3,0.05,0.7485
0.1,50,3,0.060000000000000005,0.8455
0.1,50,3,0.06999999999999999,0.9055
0.1,50,3,0.08,0.9416
0.1,50,3,0.09,0.9658
0.1,50,3,0.09999999999999999,0.979
0.1,50,3,0.11,0.9885
0.1,50,3,0.12,0.9932
0.1,50,3,0.13,0.9962
0.1,50,3,0.14,0.9979
0.1,50,4,0.01,0.0113
0.1,50,4,0.02,0.0925
0.1,50,4,0.03,0.2312
0.1,50,4,0.04,0.396
0.1,50,4,0.05,0.5457
0.1,50,4,0.060000000000000005,0.6747
0.1,50,4,0.06999999999999999,0.7794
0.1,50,4,0.08,0.8509
0.1,50,4,0.09,0.9036
0.1,50,4,0.09999999999999999,0.9344
0.1,50,4,0.11,0.9613
0.1,50,4,0.12,0.9751
0.1,50,4,0.13,0.9859
0.1,50,4,0.14,0.9922
0.1,50,5,0.01,0.0015
0.1,50,5,0.02,0.0263
0.1,50,5,0.03,0.095
0.1,50,5,0.04,0.2116
0.1,50,5,0.05,0.3415
0.1,50,5,0.060000000000000005,0.4822
0.1,50,5,0.06999999999999999,0.6038
0.1,50,5,0.08,0.7083
0.1,50,5,0.09,0.7939
0.1,50,5,0.09999999999999999,0.8532
0.1,50,5,0.11,0.8973
0.1,50,5,0.12,0.929
0.1,50,5,0.13,0.9548
0.1,50,5,0.14,0.9721
0.1,50,6,0.01,0.0
0.1,50,6,0.02,0.0064
0.1,50,6,0.03,0.0331
0.1,50,6,0.04,0.0957
0.1,50,6,0.05,0.1811
0.1,50,6,0.060000000000000005,0.3012
0.1,50,6,0.06999999999999999,0.4216
0.1,50,6,0.08,0.5296
0.1,50,6,0.09,0.638
0.1,50,6,0.09999999999999999,0.7263
0.1,50,6,0.11,0.8005
0.1,50,6,0.12,0.8519
0.1,50,6,0.13,0.893
0.1,50,6,0.14,0.9273
0.1,50,7,0.01,0.0
0.1,50,7,0.02,0.0013
0.1,50,7,0.03,0.0093
0.1,50,7,0.04,0.036
0.1,50,7,0.05,0.0831
0.1,50,7,0.060000000000000005,0.1621
0.1,50,7,0.06999999999999999,0.2611
0.1,50,7,0.08,0.3597
0.1,50,7,0.09,0.4713
0.1,50,7,0.09999999999999999,0.5701
0.1,50,7,0.11,0.6627
0.1,50,7,0.12,0.7366
0.1,50,7,0.13,0.8015
0.1,50,7,0.14,0.8559
0.1,50,8,0.01,0.0
0.1,50,8,0.02,0.0001
0.1,50,8,0.03,0.0023
0.1,50,8,0.04,0.0114
0.1,50,8,0.05,0.0341
0.1,50,8,0.060000000000000005,0.0759
0.1,50,8,0.06999999999999999,0.1411
0.1,50,8,0.08,0.2137
0.1,50,8,0.09,0.3111
0.1,50,8,0.09999999999999999,0.403
0.1,50,8,0.11,0.501
0.1,50,8,0.12,0.587
0.1,50,8,0.13,0.6682
0.1,50,8,0.14,0.7407
0.1,100,3,0.01,0.2367
0.1,100,3,0.02,0.6487
0.1,100,3,0.03,0.8561
0.1,100,3,0.04,0.9466
0.1,100,3,0.05,0.9832
0.1,100,3,0.060000000000000005,0.9945
0.1,100,3,0.06999999999999999,0.9986
0.1,100,3,0.08,0.9999
0.1,100,3,0.09,1.0
0.1,100,3,0.09999999999999999,1.0
0.1,100,3,0.11,1.0
0.1,100,3,0.12,1.0
0.1,100,3,0.13,1.0
0.1,100,3,0.14,1.0
0.1,100,4,0.01,0.0805
0.1,100,4,0.02,0.4181
0.1,100,4,0.03,0.702
0.1,100,4,0.04,0.8714
0.1,100,4,0.05,0.9473
0.1,100,4,0.060000000000000005,0.9797
0.1,100,4,0.06999999999999999,0.9925
0.1,100,4,0.08,0.9977
0.1,100,4,0.09,0.9997
0.1,100,4,0.09999999999999999,0.9997
0.1,100,4,0.11,0.9999
0.1,100,4,0.12,1.0
0.1,100,4,0.13,1.0
0.1,100,4,0.14,1.0
0.1,100,5,0.01,0.0211
0.1,100,5,0.02,0.2232
0.1,100,5,0.03,0.5134
0.1,100,5,0.04,0.7413
0.1,100,5,0.05,0.8703
0.1,100,5,0.060000000000000005,0.9448
0.1,100,5,0.06999999999999999,0.9777
0.1,100,5,0.08,0.991
0.1,100,5,0.09,0.9973
0.1,100,5,0.09999999999999999,0.9995
0.1,100,5,0.11,0.9999
0.1,100,5,0.12,1.0
0.1,100,5,0.13,1.0
0.1,100,5,0.14,1.0
0.1,100,6,0.01,0.0035
0.1,100,6,0.02,0.0971
0.1,100,6,0.03,0.3261
0.1,100,6,0.04,0.5851
0.1,100,6,0.05,0.7609
0.1,100,6,0.060000000000000005,0.879
0.1,100,6,0.06999999999999999,0.9453
0.1,100,6,0.08,0.9741
0.1,100,6,0.09,0.9902
0.1,100,6,0.09999999999999999,0.9966
0.1,100,6,0.11,0.9988
0.1,100,6,0.12,0.9996
0.1,100,6,0.13,1.0
0.1,100,6,0.14,1.0
0.1,100,7,0.01,0.0007
0.1,100,7,0.02,0.0369
0.1,100,7,0.03,0.1772
0.1,100,7,0.04,0.4146
0.1,100,7,0.05,0.6219
0.1,100,7,0.060000000000000005,0.79
0.1,100,7,0.06999999999999999,0.8893
0.1,100,7,0.08,0.9437
0.1,100,7,0.09,0.9747
0.1,100,7,0.09999999999999999,0.9888
0.1,100,7,0.11,0.9955
0.1,100,7,0.12,0.9986
0.1,100,7,0.13,0.9998
0.1,100,7,0.14,1.0
0.1,100,8,0.01,0.0001
0.1,100,8,0.02,0.013
0.1,100,8,0.03,0.0822
0.1,100,8,0.04,0.2556
0.1,100,8,0.05,0.4631
0.1,100,8,0.060000000000000005,0.6556
0.1,100,8,0.06999999999999999,0.8006
0.1,100,8,0.08,0.8886
0.1,100,8,0.09,0.9456
0.1,100,8,0.09999999999999999,0.9709
0.1,100,8,0.11,0.9895
0.1,100,8,0.12,0.995
0.1,100,8,0.13,0.9982
0.1,100,8,0.14,0.9992
0.1,150,3,0.01,0.4498
0.1,150,3,0.02,0.869
0.1,150,3,0.03,0.9742
0.1,150,3,0.04,0.9965
0.1,150,3,0.05,0.9992
0.1,150,3,0.060000000000000005,0.9996
0.1,150,3,0.06999999999999999,1.0
0.1,150,3,0.08,1.0
0.1,150,3,0.09,1.0
0.1,150,3,0.09999999999999999,1.0
0.1,150,3,0.11,1.0
0.1,150,3,0.12,1.0
0.1,150,3,0.13,1.0
0.1,150,3,0.14,1.0
0.1,150,4,0.01,0.2108
0.1,150,4,0.02,0.7068
0.1,150,4,0.03,0.9214
0.1,150,4,0.04,0.9846
0.1,150,4,0.05,0.9969
0.1,150,4,0.060000000000000005,0.9993
0.1,150,4,0.06999999999999999,0.9997
0.1,150,4,0.08,1.0
0.1,150,4,0.09,1.0
0.1,150,4,0.09999999999999999,1.0
0.1,150,4,0.11,1.0
0.1,150,4,0.12,1.0
0.1,150,4,0.13,1.0
0.1,150,4,0.14,1.0
0.1,150,5,0.01,0.0781
0.1,150,5,0.02,0.5176
0.1,150,5,0.03,0.8233
0.1,150,5,0.04,0.9513
0.1,150,5,0.05,0.9889
0.1,150,5,0.060000000000000005,0.997
0.1,150,5,0.06999999999999999,0.9988
0.1,150,5,0.08,0.9999
0.1,150,5,0.09,1.0
0.1,150,5,0.09999999999999999,1.0
0.1,150,5,0.11,1.0
0.1,150,5,0.12,1.0
0.1,150,5,0.13,1.0
0.1,150,5,0.14,1.0
0.1,150,6,0.01,0.0238
0.1,150,6,0.02,0.3238
0.1,150,6,0.03,0.6794
0.1,150,6,0.04,0.8911
0.1,150,6,0.05,0.9668
0.1,150,6,0.060000000000000005,0.991
0.1,150,6,0.06999999999999999,0.9976
0.1,150,6,0.08,0.9994
0.1,150,6,0.09,0.9998
0.1,150,6,0.09999999999999999,1.0
0.1,150,6,0.11,1.0
0.1,150,6,0.12,1.0
0.1,150,6,0.13,1.0
0.1,150,6,0.14,1.0
0.1,150,7,0.01,0.0048
0.1,150,7,0.02,0.1793
0.1,150,7,0.03,0.5199
0.1,150,7,0.04,0.7998
0.1,150,7,0.05,0.927
0.1,150,7,0.060000000000000005,0.9765
0.1,150,7,0.06999999999999999,0.9941
0.1,150,7,0.08,0.9985
0.1,150,7,0.09,0.9995
0.1,150,7,0.09999999999999999,1.0
0.1,150,7,0.11,1.0
0.1,150,7,0.12,1.0
0.1,150,7,0.13,1.0
0.1,150,7,0.14,1.0
0.1,150,8,0.01,0.0008
0.1,150,8,0.02,0.085
0.1,150,8,0.03,0.3578
0.1,150,8,0.04,0.6697
0.1,150,8,0.05,0.8609
0.1,150,8,0.060000000000000005,0.951
0.1,150,8,0.06999999999999999,0.9864
0.1,150,8,0.08,0.9958
0.1,150,8,0.09,0.9984
0.1,150,8,0.09999999999999999,0.9995
0.1,150,8,0.11,0.9998
0.1,150,8,0.12,1.0
0.1,150,8,0.13,1.0
0.1,150,8,0.14,1.0
0.1,200,3,0.01,0.6244
0.1,200,3,0.02,0.958
0.1,200,3,0.03,0.9948
0.1,200,3,0.04,0.9998
0.1,200,3,0.05,1.0
0.1,200,3,0.060000000000000005,1.0
0.1,200,3,0.06999999999999999,1.0
0.1,200,3,0.08,1.0
0.1,200,3,0.09,1.0
0.1,200,3,0.09999999999999999,1.0
0.1,200,3,0.11,1.0
0.1,200,3,0.12,1.0
0.1,200,3,0.13,1.0
0.1,200,3,0.14,1.0
0.1,200,4,0.01,0.3761
0.1,200,4,0.02,0.8823
0.1,200,4,0.03,0.9837
0.1,200,4,0.04,0.9982
0.1,200,4,0.05,0.9999
0.1,200,4,0.060000000000000005,1.0
0.1,200,4,0.06999999999999999,1.0
0.1,200,4,0.08,1.0
0.1,200,4,0.09,1.0
0.1,200,4,0.09999999999999999,1.0
0.1,200,4,0.11,1.0
0.1,200,4,0.12,1.0
0.1,200,4,0.13,1.0
0.1,200,4,0.14,1.0
0.1,200,5,0.01,0.1798
0.1,200,5,0.02,0.7499
0.1,200,5,0.03,0.952
0.1,200,5,0.04,0.9927
0.1,200,5,0.05,0.9992
0.1,200,5,0.060000000000000005,0.9997
0.1,200,5,0.06999999999999999,1.0
0.1,200,5,0.08,1.0
0.1,200,5,0.09,1.0
0.1,200,5,0.09999999999999999,1.0
0.1,200,5,0.11,1.0
0.1,200,5,0.12,1.0
0.1,200,5,0.13,1.0
0.1,200,5,0.14,1.0
0.1,200,6,0.01,0.0702
0.1,200,6,0.02,0.5789
0.1,200,6,0.03,0.8927
0.1,200,6,0.04,0.9825
0.1,200,6,0.05,0.9969
0.1,200,6,0.060000000000000005,0.9994
0.1,200,6,0.06999999999999999,0.9999
0.1,200,6,0.08,1.0
0.1,200,6,0.09,1.0
0.1,200,6,0.09999999999999999,1.0
0.1,200,6,0.11,1.0
0.1,200,6,0.12,1.0
0.1,200,6,0.13,1.0
0.1,200,6,0.14,1.0
0.1,200,7,0.01,0.0213
0.1,200,7,0.02,0.4006
0.1,200,7,0.03,0.7951
0.1,200,7,0.04,0.955
0.1,200,7,0.05,0.9907
0.1,200,7,0.060000000000000005,0.9985
0.1,200,7,0.06999999999999999,0.9998
0.1,200,7,0.08,1.0
0.1,200,7,0.09,1.0
0.1,200,7,0.09999999999999999,1.0
0.1,200,7,0.11,1.0
0.1,200,7,0.12,1.0
0.1,200,7,0.13,1.0
0.1,200,7,0.14,1.0
0.1,200,8,0.01,0.0055
0.1,200,8,0.02,0.2443
0.1,200,8,0.03,0.6663
0.1,200,8,0.04,0.9099
0.1,200,8,0.05,0.9785
0.1,200,8,0.060000000000000005,0.9954
0.1,200,8,0.06999999999999999,0.9992
0.1,200,8,0.08,0.9999
0.1,200,8,0.09,1.0
0.1,200,8,0.09999999999999999,1.0
0.1,200,8,0.11,1.0
0.1,200,8,0.12,1.0
0.1,200,8,0.13,1.0
0.1,200,8,0.14,1.0
0.1,250,3,0.01,0.7598
0.1,250,3,0.02,0.9874
0.1,250,3,0.03,0.9996
0.1,250,3,0.04,1.0
0.1,250,3,0.05,1.0
0.1,250,3,0.060000000000000005,1.0
0.1,250,3,0.06999999999999999,1.0
0.1,250,3,0.08,1.0
0.1,250,3,0.09,1.0
0.1,250,3,0.09999999999999999,1.0
0.1,250,3,0.11,1.0
0.1,250,3,0.12,1.0
0.1,250,3,0.13,1.0
0.1,250,3,0.14,1.0
0.1,250,4,0.01,0.5348
0.1,250,4,0.02,0.9569
0.1,250,4,0.03,0.997
0.1,250,4,0.04,1.0
0.1,250,4,0.05,1.0
0.1,250,4,0.060000000000000005,1.0
0.1,250,4,0.06999999999999999,1.0
0.1,250,4,0.08,1.0
0.1,250,4,0.09,1.0
0.1,250,4,0.09999999999999999,1.0
0.1,250,4,0.11,1.0
0.1,250,4,0.12,1.0
0.1,250,4,0.13,1.0
0.1,250,4,0.14,1.0
0.1,250,5,0.01,0.3117
0.1,250,5,0.02,0.8885
0.1,250,5,0.03,0.9892
0.1,250,5,0.04,0.9996
0.1,250,5,0.05,1.0
0.1,250,5,0.060000000000000005,1.0
0.1,250,5,0.06999999999999999,1.0
0.1,250,5,0.08,1.0
0.1,250,5,0.09,1.0
0.1,250,5,0.09999999999999999,1.0
0.1,250,5,0.11,1.0
0.1,250,5,0.12,1.0
0.1,250,5,0.13,1.0
0.1,250,5,0.14,1.0
0.1,250,6,0.01,0.1476
0.1,250,6,0.02,0.7793
0.1,250,6,0.03,0.9685
0.1,250,6,0.04,0.9983
0.1,250,6,0.05,0.9999
0.1,250,6,0.060000000000000005,1.0
0.1,250,6,0.06999999999999999,1.0
0.1,250,6,0.08,1.0
0.1,250,6,0.09,1.0
0.1,250,6,0.09999999999999999,1.0
0.1,250,6,0.11,1.0
0.1,250,6,0.12,1.0
0.1,250,6,0.13,1.0
0.1,250,6,0.14,1.0
0.1,250,7,0.01,0.0571
0.1,250,7,0.02,0.6229
0.1,250,7,0.03,0.9309
0.1,250,7,0.04,0.9928
0.1,250,7,0.05,0.9994
0.1,250,7,0.060000000000000005,0.9999
0.1,250,7,0.06999999999999999,1.0
0.1,250,7,0.08,1.0
0.1,250,7,0.09,1.0
0.1,250,7,0.09999999999999999,1.0
0.1,250,7,0.11,1.0
0.1,250,7,0.12,1.0
0.1,250,7,0.13,1.0
0.1,250,7,0.14,1.0
0.1,250,8,0.01,0.0188
0.1,250,8,0.02,0.4511
0.1,250,8,0.03,0.8642
0.1,250,8,0.04,0.9791
0.1,250,8,0.05,0.9979
0.1,250,8,0.060000000000000005,0.9999
0.1,250,8,0.06999999999999999,1.0
0.1,250,8,0.08,1.0
0.1,250,8,0.09,1.0
0.1,250,8,0.09999999999999999,1.0
0.1,250,8,0.11,1.0
0.1,250,8,0.12,1.0
0.1,250,8,0.13,1.0
0.1,250,8,0.14,1.0
0.1,300,3,0.01,0.853
0.1,300,3,0.02,0.9964
0.1,300,3,0.03,0.9999
0.1,300,3,0.04,1.0
0.1,300,3,0.05,1.0
0.1,300,3,0.060000000000000005,1.0
0.1,300,3,0.06999999999999999,1.0
0.1,300,3,0.08,1.0
0.1,300,3,0.09,1.0
0.1,300,3,0.09999999999999999,1.0
0.1,300,3,0.11,1.0
0.1,300,3,0.12,1.0
0.1,300,3,0.13,1.0
0.1,300,3,0.14,1.0
0.1,300,4,0.01,0.6732
0.1,300,4,0.02,0.9866
0.1,300,4,0.03,0.9994
0.1,300,4,0.04,1.0
0.1,300,4,0.05,1.0
0.1,300,4,0.060000000000000005,1.0
0.1,300,4,0.06999999999999999,1.0
0.1,300,4,0.08,1.0
0.1,300,4,0.09,1.0
0.1,300,4,0.09999999999999999,1.0
0.1,300,4,0.11,1.0
0.1,300,4,0.12,1.0
0.1,300,4,0.13,1.0
0.1,300,4,0.14,1.0
0.1,300,5,0.01,0.4574
0.1,300,5,0.02,0.9575
0.1,300,5,0.03,0.9979
0.1,300,5,0.04,0.9999
0.1,300,5,0.05,1.0
0.1,300,5,0.060000000000000005,1.0
0.1,300,5,0.06999999999999999,1.0
0.1,300,5,0.08,1.0
0.1,300,5,0.09,1.0
0.1,300,5,0.09999999999999999,1.0
0.1,300,5,0.11,1.0
0.1,300,5,0.12,1.0
0.1,300,5,0.13,1.0
0.1,300,5,0.14,1.0
0.1,300,6,0.01,0.2555
0.1,300,6,0.02,0.9019
0.1,300,6,0.03,0.9925
0.1,300,6,0.04,0.9998
0.1,300,6,0.05,1.0
0.1,300,6,0.060000000000000005,1.0
0.1,300,6,0.06999999999999999,1.0
0.1,300,6,0.08,1.0
0.1,300,6,0.09,1.0
0.1,300,6,0.09999999999999999,1.0
0.1,300,6,0.11,1.0
0.1,300,6,0.12,1.0
0.1,300,6,0.13,1.0
0.1,300,6,0.14,1.0
0.1,300,7,0.01,0.1209
0.1,300,7,0.02,0.7997
0.1,300,7,0.03,0.9803
0.1,300,7,0.04,0.9991
0.1,300,7,0.05,0.9999
0.1,300,7,0.060000000000000005,1.0
0.1,300,7,0.06999999999999999,1.0
0.1,300,7,0.08,1.0
0.1,300,7,0.09,1.0
0.1,300,7,0.09999999999999999,1.0
0.1,300,7,0.11,1.0
0.1,300,7,0.12,1.0
0.1,300,7,0.13,1.0
0.1,300,7,0.14,1.0
0.1,300,8,0.01,0.0452
0.1,300,8,0.02,0.6599
0.1,300,8,0.03,0.9552
0.1,300,8,0.04,0.9969
0.1,300,8,0.05,0.9998
0.1,300,8,0.060000000000000005,1.0
0.1,300,8,0.06999999999999999,1.0
0.1,300,8,0.08,1.0
0.1,300,8,0.09,1.0
0.1,300,8,0.09999999999999999,1.0
0.1,300,8,0.11,1.0
0.1,300,8,0.12,1.0
0.1,300,8,0.13,1.0
0.1,300,8,0.14,1.0
0.1,350,3,0.01,0.9147
0.1,350,3,0.02,0.9993
0.1,350,3,0.03,1.0
0.1,350,3,0.04,1.0
0.1,350,3,0.05,1.0
0.1,350,3,0.060000000000000005,1.0
0.1,350,3,0.06999999999999999,1.0
0.1,350,3,0.08,1.0
0.1,350,3,0.09,1.0
0.1,350,3,0.09999999999999999,1.0
0.1,350,3,0.11,1.0
0.1,350,3,0.12,1.0
0.1,350,3,0.13,1.0
0.1,350,3,0.14,1.0
0.1,350,4,0.01,0.7802
0.1,350,4,0.02,0.9956
0.1,350,4,0.03,0.9999
0.1,350,4,0.04,1.0
0.1,350,4,0.05,1.0
0.1,350,4,0.060000000000000005,1.0
0.1,350,4,0.06999999999999999,1.0
0.1,350,4,0.08,1.0
0.1,350,4,0.09,1.0
0.1,350,4,0.09999999999999999,1.0
0.1,350,4,0.11,1.0
0.1,350,4,0.12,1.0
0.1,350,4,0.13,1.0
0.1,350,4,0.14,1.0
0.1,350,5,0.01,0.5865
0.1,350,5,0.02,0.9838
0.1,350,5,0.03,0.9994
0.1,350,5,0.04,1.0
0.1,350,5,0.05,1.0
0.1,350,5,0.060000000000000005,1.0
0.1,350,5,0.06999999999999999,1.0
0.1,350,5,0.08,1.0
0.1,350,5,0.09,1.0
0.1,350,5,0.09999999999999999,1.0
0.1,350,5,0.11,1.0
0.1,350,5,0.12,1.0
0.1,350,5,0.13,1.0
0.1,350,5,0.14,1.0
0.1,350,6,0.01,0.3774
0.1,350,6,0.02,0.9568
0.1,350,6,0.03,0.9982
0.1,350,6,0.04,1.0
0.1,350,6,0.05,1.0
0.1,350,6,0.060000000000000005,1.0
0.1,350,6,0.06999999999999999,1.0
0.1,350,6,0.08,1.0
0.1,350,6,0.09,1.0
0.1,350,6,0.09999999999999999,1.0
0.1,350,6,0.11,1.0
0.1,350,6,0.12,1.0
0.1,350,6,0.13,1.0
0.1,350,6,0.14,1.0
0.1,350,7,0.01,0.2042
0.1,350,7,0.02,0.9047
0.1,350,7,0.03,0.995
0.1,350,7,0.04,0.9999
0.1,350,7,0.05,1.0
0.1,350,7,0.060000000000000005,1.0
0.1,350,7,0.06999999999999999,1.0
0.1,350,7,0.08,1.0
0.1,350,7,0.09,1.0
0.1,350,7,0.09999999999999999,1.0
0.1,350,7,0.11,1.0
0.1,350,7,0.12,1.0
0.1,350,7,0.13,1.0
0.1,350,7,0.14,1.0
0.1,350,8,0.01,0.0932
0.1,350,8,0.02,0.815
0.1,350,8,0.03,0.9875
0.1,350,8,0.04,0.9996
0.1,350,8,0.05,1.0
0.1,350,8,0.060000000000000005,1.0
0.1,350,8,0.06999999999999999,1.0
0.1,350,8,0.08,1.0
0.1,350,8,0.09,1.0
0.1,350,8,0.09999999999999999,1.0
0.1,350,8,0.11,1.0
0.1,350,8,0.12,1.0
0.1,350,8,0.13,1.0
0.1,350,8,0.14,1.0
0.1,400,3,0.01,0.9527
0.1,400,3,0.02,0.9997
0.1,400,3,0.03,1.0
0.1,400,3,0.04,1.0
0.1,400,3,0.05,1.0
0.1,400,3,0.060000000000000005,1.0
0.1,400,3,0.06999999999999999,1.0
0.1,400,3,0.08,1.0
0.1,400,3,0.09,1.0
0.1,400,3,0.09999999999999999,1.0
0.1,400,3,0.11,1.0
0.1,400,3,0.12,1.0
0.1,400,3,0.13,1.0
0.1,400,3,0.14,1.0
0.1,400,4,0.01,0.8575
0.1,400,4,0.02,0.999
0.1,400,4,0.03,1.0
0.1,400,4,0.04,1.0
0.1,400,4,0.05,1.0
0.1,400,4,0.060000000000000005,1.0
0.1,400,4,0.06999999999999999,1.0
0.1,400,4,0.08,1.0
0.1,400,4,0.09,1.0
0.1,400,4,0.09999999999999999,1.0
0.1,400,4,0.11,1.0
0.1,400,4,0.12,1.0
0.1,400,4,0.13,1.0
0.1,400,4,0.14,1.0
0.1,400,5,0.01,0.7016
0.1,400,5,0.02,0.9957
0.1,400,5,0.03,0.9997
0.1,400,5,0.04,1.0
0.1,400,5,0.05,1.0
0.1,400,5,0.060000000000000005,1.0
0.1,400,5,0.06999999999999999,1.0
0.1,400,5,0.08,1.0
0.1,400,5,0.09,1.0
0.1,400,5,0.09999999999999999,1.0
0.1,400,5,0.11,1.0
0.1,400,5,0.12,1.0
0.1,400,5,0.13,1.0
0.1,400,5,0.14,1.0
0.1,400,6,0.01,0.4986
0.1,400,6,0.02,0.9827
0.1,400,6,0.03,0.9995
0.1,400,6,0.04,1.0
0.1,400,6,0.05,1.0
0.1,400,6,0.060000000000000005,1.0
0.1,400,6,0.06999999999999999,1.0
0.1,400,6,0.08,1.0
0.1,400,6,0.09,1.0
0.1,400,6,0.09999999999999999,1.0
0.1,400,6,0.11,1.0
0.1,400,6,0.12,1.0
0.1,400,6,0.13,1.0
0.1,400,6,0.14,1.0
0.1,400,7,0.01,0.3066
0.1,400,7,0.02,0.9567
0.1,400,7,0.03,0.999
0.1,400,7,0.04,1.0
0.1,400,7,0.05,1.0
0.1,400,7,0.060000000000000005,1.0
0.1,400,7,0.06999999999999999,1.0
0.1,400,7,0.08,1.0
0.1,400,7,0.09,1.0
0.1,400,7,0.09999999999999999,1.0
0.1,400,7,0.11,1.0
0.1,400,7,0.12,1.0
0.1,400,7,0.13,1.0
0.1,400,7,0.14,1.0
0.1,400,8,0.01,0.1572
0.1,400,8,0.02,0.9081
0.1,400,8,0.03,0.9966
0.1,400,8,0.04,0.9999
0.1,400,8,0.05,1.0
0.1,400,8,0.060000000000000005,1.0
0.1,400,8,0.06999999999999999,1.0
0.1,400,8,0.08,1.0
0.1,400,8,0.09,1.0
0.1,400,8,0.09999999999999999,1.0
0.1,400,8,0.11,1.0
0.1,400,8,0.12,1.0
0.1,400,8,0.13,1.0
0.1,400,8,0.14,1.0
0.1,450,3,0.01,0.9739
0.1,450,3,0.02,1.0
0.1,450,3,0.03,1.0
0.1,450,3,0.04,1.0
0.1,450,3,0.05,1.0
0.1,450,3,0.060000000000000005,1.0
0.1,450,3,0.06999999999999999,1.0
0.1,450,3,0.08,1.0
0.1,450,3,0.09,1.0
0.1,450,3,0.09999999999999999,1.0
0.1,450,3,0.11,1.0
0.1,450,3,0.12,1.0
0.1,450,3,0.13,1.0
0.1,450,3,0.14,1.0
0.1,450,4,0.01,0.9126
0.1,450,4,0.02,0.9996
0.1,450,4,0.03,1.0
0.1,450,4,0.04,1.0
0.1,450,4,0.05,1.0
0.1,450,4,0.060000000000000005,1.0
0.1,450,4,0.06999999999999999,1.0
0.1,450,4,0.08,1.0
0.1,450,4,0.09,1.0
0.1,450,4,0.09999999999999999,1.0
0.1,450,4,0.11,1.0
0.1,450,4,0.12,1.0
0.1,450,4,0.13,1.0
0.1,450,4,0.14,1.0
0.1,450,5,0.01,0.7917
0.1,450,5,0.02,0.9985
0.1,450,5,0.03,0.9999
0.1,450,5,0.04,1.0
0.1,450,5,0.05,1.0
0.1,450,5,0.060000000000000005,1.0
0.1,450,5,0.06999999999999999,1.0
0.1,450,5,0.08,1.0
0.1,450,5,0.09,1.0
0.1,450,5,0.09999999999999999,1.0
0.1,450,5,0.11,1.0
0.1,450,5,0.12,1.0
0.1,450,5,0.13,1.0
0.1,450,5,0.14,1.0
0.1,450,6,0.01,0.613
0.1,450,6,0.02,0.9949
0.1,450,6,0.03,0.9999
0.1,450,6,0.04,1.0
0.1,450,6,0.05,1.0
0.1,450,6,0.060000000000000005,1.0
0.1,450,6,0.06999999999999999,1.0
0.1,450,6,0.08,1.0
0.1,450,6,0.09,1.0
0.1,450,6,0.09999999999999999,1.0
0.1,450,6,0.11,1.0
0.1,450,6,0.12,1.0
0.1,450,6,0.13,1.0
0.1,450,6,0.14,1.0
0.1,450,7,0.01,0.4178
0.1,450,7,0.02,0.9818
0.1,450,7,0.03,0.9998
0.1,450,7,0.04,1.0
0.1,450,7,0.05,1.0
0.1,450,7,0.060000000000000005,1.0
0.1,450,7,0.06999999999999999,1.0
0.1,450,7,0.08,1.0
0.1,450,7,0.09,1.0
0.1,450,7,0.09999999999999999,1.0
0.1,450,7,0.11,1.0
0.1,450,7,0.12,1.0
0.1,450,7,0.13,1.0
0.1,450,7,0.14,1.0
0.1,450,8,0.01,0.2409
0.1,450,8,0.02,0.9569
0.1,450,8,0.03,0.9994
0.1,450,8,0.04,1.0
0.1,450,8,0.05,1.0
0.1,450,8,0.060000000000000005,1.0
0.1,450,8,0.06999999999999999,1.0
0.1,450,8,0.08,1.0
0.1,450,8,0.09,1.0
0.1,450,8,0.09999999999999999,1.0
0.1,450,8,0.11,1.0
0.1,450,8,0.12,1.0
0.1,450,8,0.13,1.0
0.1,450,8,0.14,1.0
0.1,500,3,0.01,0.9862
0.1,500,3,0.02,1.0
0.1,500,3,0.03,1.0
0.1,500,3,0.04,1.0
0.1,500,3,0.05,1.0
0.1,500,3,0.060000000000000005,1.0
0.1,500,3,0.06999999999999999,1.0
0.1,500,3,0.08,1.0
0.1,500,3,0.09,1.0
0.1,500,3,0.09999999999999999,1.0
0.1,500,3,0.11,1.0
0.1,500,3,0.12,1.0
0.1,500,3,0.13,1.0
0.1,500,3,0.14,1.0
0.1,500,4,0.01,0.95
0.1,500,4,0.02,0.9999
0.1,500,4,0.03,1.0
0.1,500,4,0.04,1.0
0.1,500,4,0.05,1.0
0.1,500,4,0.060000000000000005,1.0
0.1,500,4,0.06999999999999999,1.0
0.1,500,4,0.08,1.0
0.1,500,4,0.09,1.0
0.1,500,4,0.09999999999999999,1.0
0.1,500,4,0.11,1.0
0.1,500,4,0.12,1.0
0.1,500,4,0.13,1.0
0.1,500,4,0.14,1.0
0.1,500,5,0.01,0.8607
0.1,500,5,0.02,0.9997
0.1,500,5,0.03,1.0
0.1,500,5,0.04,1.0
0.1,500,5,0.05,1.0
0.1,500,5,0.060000000000000005,1.0
0.1,500,5,0.06999999999999999,1.0
0.1,500,5,0.08,1.0
0.1,500,5,0.09,1.0
0.1,500,5,0.09999999999999999,1.0
0.1,500,5,0.11,1.0
0.1,500,5,0.12,1.0
0.1,500,5,0.13,1.0
0.1,500,5,0.14,1.0
0.1,500,6,0.01,0.714
0.1,500,6,0.02,0.9981
0.1,500,6,0.03,1.0
0.1,500,6,0.04,1.0
0.1,500,6,0.05,1.0
0.1,500,6,0.060000000000000005,1.0
0.1,500,6,0.06999999999999999,1.0
0.1,500,6,0.08,1.0
0.1,500,6,0.09,1.0
0.1,500,6,0.09999999999999999,1.0
0.1,500,6,0.11,1.0
0.1,500,6,0.12,1.0
0.1,500,6,0.13,1.0
0.1,500,6,0.14,1.0
0.1,500,7,0.01,0.5227
0.1,500,7,0.02,0.9932
0.1,500,7,0.03,0.9998
0.1,500,7,0.04,1.0
0.1,500,7,0.05,1.0
0.1,500,7,0.060000000000000005,1.0
0.1,500,7,0.06999999999999999,1.0
0.1,500,7,0.08,1.0
0.1,500,7,0.09,1.0
0.1,500,7,0.09999999999999999,1.0
0.1,500,7,0.11,1.0
0.1,500,7,0.12,1.0
0.1,500,7,0.13,1.0
0.1,500,7,0.14,1.0
0.1,500,8,0.01,0.332
0.1,500,8,0.02,0.9816
0.1,500,8,0.03,0.9997
0.1,500,8,0.04,1.0
0.1,500,8,0.05,1.0
0.1,500,8,0.060000000000000005,1.0
0.1,500,8,0.06999999999999999,1.0
0.1,500,8,0.08,1.0
0.1,500,8,0.09,1.0
0.1,500,8,0.09999999999999999,1.0
0.1,500,8,0.11,1.0
0.1,500,8,0.12,1.0
0.1,500,8,0.13,1.0
0.1,500,8,0.14,1.0
0.1,550,3,0.01,0.9916
0.1,550,3,0.02,1.0
0.1,550,3,0.03,1.0
0.1,550,3,0.04,1.0
0.1,550,3,0.05,1.0
0.1,550,3,0.060000000000000005,1.0
0.1,550,3,0.06999999999999999,1.0
0.1,550,3,0.08,1.0
0.1,550,3,0.09,1.0
0.1,550,3,0.09999999999999999,1.0
0.1,550,3,0.11,1.0
0.1,550,3,0.12,1.0
0.1,550,3,0.13,1.0
0.1,550,3,0.14,1.0
0.1,550,4,0.01,0.9716
0.1,550,4,0.02,0.9999
0.1,550,4,0.03,1.0
0.1,550,4,0.04,1.0
0.1,550,4,0.05,1.0
0.1,550,4,0.060000000000000005,1.0
0.1,550,4,0.06999999999999999,1.0
0.1,550,4,0.08,1.0
0.1,550,4,0.09,1.0
0.1,550,4,0.09999999999999999,1.0
0.1,550,4,0.11,1.0
0.1,550,4,0.12,1.0
0.1,550,4,0.13,1.0
0.1,550,4,0.14,1.0
0.1,550,5,0.01,0.9127
0.1,550,5,0.02,0.9999
0.1,550,5,0.03,1.0
0.1,550,5,0.04,1.0
0.1,550,5,0.05,1.0
0.1,550,5,0.060000000000000005,1.0
0.1,550,5,0.06999999999999999,1.0
0.1,550,5,0.08,1.0
0.1,550,5,0.09,1.0
0.1,550,5,0.09999999999999999,1.0
0.1,550,5,0.11,1.0
0.1,550,5,0.12,1.0
0.1,550,5,0.13,1.0
0.1,550,5,0.14,1.0
0.1,550,6,0.01,0.7949
0.1,550,6,0.02,0.9994
0.1,550,6,0.03,1.0
0.1,550,6,0.04,1.0
0.1,550,6,0.05,1.0
0.1,550,6,0.060000000000000005,1.0
0.1,550,6,0.06999999999999999,1.0
0.1,550,6,0.08,1.0
0.1,550,6,0.09,1.0
0.1,550,6,0.09999999999999999,1.0
0.1,550,6,0.11,1.0
0.1,550,6,0.12,1.0
0.1,550,6,0.13,1.0
0.1,550,6,0.14,1.0
0.1,550,7,0.01,0.626
0.1,550,7,0.02,0.9977
0.1,550,7,0.03,0.9999
0.1,550,7,0.04,1.0
0.1,550,7,0.05,1.0
0.1,550,7,0.060000000000000005,1.0
0.1,550,7,0.06999999999999999,1.0
0.1,550,7,0.08,1.0
0.1,550,7,0.09,1.0
0.1,550,7,0.09999999999999999,1.0
0.1,550,7,0.11,1.0
0.1,550,7,0.12,1.0
0.1,550,7,0.13,1.0
0.1,550,7,0.14,1.0
0.1,550,8,0.01,0.4332
0.1,550,8,0.02,0.9918
0.1,550,8,0.03,0.9999
0.1,550,8,0.04,1.0
0.1,550,8,0.05,1.0
0.1,550,8,0.060000000000000005,1.0
0.1,550,8,0.06999999999999999,1.0
0.1,550,8,0.08,1.0
0.1,550,8,0.09,1.0
0.1,550,8,0.09999999999999999,1.0
0.1,550,8,0.11,1.0
0.1,550,8,0.12,1.0
0.1,550,8,0.13,1.0
0.1,550,8,0.14,1.0
0.1,600,3,0.01,0.9952
0.1,600,3,0.02,1.0
0.1,600,3,0.03,1.0
0.1,600,3,0.04,1.0
0.1,600,3,0.05,1.0
0.1,600,3,0.060000000000000005,1.0
0.1,600,3,0.06999999999999999,1.0
0.1,600,3,0.08,1.0
0.1,600,3,0.09,1.0
0.1,600,3,0.09999999999999999,1.0
0.1,600,3,0.11,1.0
0.1,600,3,0.12,1.0
0.1,600,3,0.13,1.0
0.1,600,3,0.14,1.0
0.1,600,4,0.01,0.983
0.1,600,4,0.02,1.0
0.1,600,4,0.03,1.0
0.1,600,4,0.04,1.0
0.1,600,4,0.05,1.0
0.1,600,4,0.060000000000000005,1.0
0.1,600,4,0.06999999999999999,1.0
0.1,600,4,0.08,1.0
0.1,600,4,0.09,1.0
0.1,600,4,0.09999999999999999,1.0
0.1,600,4,0.11,1.0
0.1,600,4,0.12,1.0
0.1,600,4,0.13,1.0
0.1,600,4,0.14,1.0
0.1,600,5,0.01,0.9424
0.1,600,5,0.02,1.0
0.1,600,5,0.03,1.0
0.1,600,5,0.04,1.0
0.1,600,5,0.05,1.0
0.1,600,5,0.060000000000000005,1.0
0.1,600,5,0.06999999999999999,1.0
0.1,600,5,0.08,1.0
0.1,600,5,0.09,1.0
0.1,600,5,0.09999999999999999,1.0
0.1,600,5,0.11,1.0
0.1,600,5,0.12,1.0
0.1,600,5,0.13,1.0
0.1,600,5,0.14,1.0
0.1,600,6,0.01,0.8573
0.1,600,6,0.02,0.9998
0.1,600,6,0.03,1.0
0.1,600,6,0.04,1.0
0.1,600,6,0.05,1.0
0.1,600,6,0.060000000000000005,1.0
0.1,600,6,0.06999999999999999,1.0
0.1,600,6,0.08,1.0
0.1,600,6,0.09,1.0
0.1,600,6,0.09999999999999999,1.0
0.1,600,6,0.11,1.0
0.1,600,6,0.12,1.0
0.1,600,6,0.13,1.0
0.1,600,6,0.14,1.0
0.1,600,7,0.01,0.7146
0.1,600,7,0.02,0.9996
0.1,600,7,0.03,1.0
0.1,600,7,0.04,1.0
0.1,600,7,0.05,1.0
0.1,600,7,0.060000000000000005,1.0
0.1,600,7,0.06999999999999999,1.0
0.1,600,7,0.08,1.0
0.1,600,7,0.09,1.0
0.1,600,7,0.09999999999999999,1.0
0.1,600,7,0.11,1.0
0.1,600,7,0.12,1.0
0.1,600,7,0.13,1.0
0.1,600,7,0.14,1.0
0.1,600,8,0.01,0.5332
0.1,600,8,0.02,0.9976
0.1,600,8,0.03,1.0
0.1,600,8,0.04,1.0
0.1,600,8,0.05,1.0
0.1,600,8,0.060000000000000005,1.0
0.1,600,8,0.06999999999999999,1.0
0.1,600,8,0.08,1.0
0.1,600,8,0.09,1.0
0.1,600,8,0.09999999999999999,1.0
0.1,600,8,0.11,1.0
0.1,600,8,0.12,1.0
0.1,600,8,0.13,1.0
0.1,600,8,0.14,1.0
0.1,650,3,0.01,0.9981
0.1,650,3,0.02,1.0
0.1,650,3,0.03,1.0
0.1,650,3,0.04,1.0
0.1,650,3,0.05,1.0
0.1,650,3,0.060000000000000005,1.0
0.1,650,3,0.06999999999999999,1.0
0.1,650,3,0.08,1.0
0.1,650,3,0.09,1.0
0.1,650,3,0.09999999999999999,1.0
0.1,650,3,0.11,1.0
0.1,650,3,0.12,1.0
0.1,650,3,0.13,1.0
0.1,650,3,0.14,1.0
0.1,650,4,0.01,0.9905
0.1,650,4,0.02,1.0
0.1,650,4,0.03,1.0
0.1,650,4,0.04,1.0
0.1,650,4,0.05,1.0
0.1,650,4,0.060000000000000005,1.0
0.1,650,4,0.06999999999999999,1.0
0.1,650,4,0.08,1.0
0.1,650,4,0.09,1.0
0.1,650,4,0.09999999999999999,1.0
0.1,650,4,0.11,1.0
0.1,650,4,0.12,1.0
0.1,650,4,0.13,1.0
0.1,650,4,0.14,1.0
0.1,650,5,0.01,0.9658
0.1,650,5,0.02,1.0
0.1,650,5,0.03,1.0
0.1,650,5,0.04,1.0
0.1,650,5,0.05,1.0
0.1,650,5,0.060000000000000005,1.0
0.1,650,5,0.06999999999999999,1.0
0.1,650,5,0.08,1.0
0.1,650,5,0.09,1.0
0.1,650,5,0.09999999999999999,1.0
0.1,650,5,0.11,1.0
0.1,650,5,0.12,1.0
0.1,650,5,0.13,1.0
0.1,650,5,0.14,1.0
0.1,650,6,0.01,0.8995
0.1,650,6,0.02,1.0
0.1,650,6,0.03,1.0
0.1,650,6,0.04,1.0
0.1,650,6,0.05,1.0
0.1,650,6,0.060000000000000005,1.0
0.1,650,6,0.06999999999999999,1.0
0.1,650,6,0.08,1.0
0.1,650,6,0.09,1.0
0.1,650,6,0.09999999999999999,1.0
0.1,650,6,0.11,1.0
0.1,650,6,0.12,1.0
0.1,650,6,0.13,1.0
0.1,650,6,0.14,1.0
0.1,650,7,0.01,0.7898
0.1,650,7,0.02,0.9999
0.1,650,7,0.03,1.0
0.1,650,7,0.04,1.0
0.1,650,7,0.05,1.0
0.1,650,7,0.060000000000000005,1.0
0.1,650,7,0.06999999999999999,1.0
0.1,650,7,0.08,1.0
0.1,650,7,0.09,1.0
0.1,650,7,0.09999999999999999,1.0
0.1,650,7,0.11,1.0
0.1,650,7,0.12,1.0
0.1,650,7,0.13,1.0
0.1,650,7,0.14,1.0
0.1,650,8,0.01,0.6255
0.1,650,8,0.02,0.9994
0.1,650,8,0.03,1.0
0.1,650,8,0.04,1.0
0.1,650,8,0.05,1.0
0.1,650,8,0.060000000000000005,1.0
0.1,650,8,0.06999999999999999,1.0
0.1,650,8,0.08,1.0
0.1,650,8,0.09,1.0
0.1,650,8,0.09999999999999999,1.0
0.1,650,8,0.11,1.0
0.1,650,8,0.12,1.0
0.1,650,8,0.13,1.0
0.1,650,8,0.14,1.0
0.20000000000000004,50,3,0.01,0.1924
0.20000000000000004,50,3,0.02,0.5314
0.20000000000000004,50,3,0.03,0.7427
0.20000000000000004,50,3,0.04,0.8717
0.20000000000000004,50,3,0.05,0.9345
0.20000000000000004,50,3,0.060000000000000005,0.9677
0.20000000000000004,50,3,0.06999999999999999,0.9842
0.20000000000000004,50,3,0.08,0.9921
0.20000000000000004,50,3,0.09,0.9963
0.20000000000000004,50,3,0.09999999999999999,0.9981
0.20000000000000004,50,3,0.11,0.9989
0.20000000000000004,50,3,0.12,0.9992
0.20000000000000004,50,3,0.13,0.9997
0.20000000000000004,50,3,0.14,0.9998
0.20000000000000004,50,4,0.01,0.0595
0.20000000000000004,50,4,0.02,0.2964
0.20000000000000004,50,4,0.03,0.5303
0.20000000000000004,50,4,0.04,0.7139
0.20000000000000004,50,4,0.05,0.8324
0.20000000000000004,50,4,0.060000000000000005,0.9056
0.20000000000000004,50,4,0.06999999999999999,0.9483
0.20000000000000004,50,4,0.08,0.9724
0.20000000000000004,50,4,0.09,0.986
0.20000000000000004,50,4,0.09999999999999999,0.9925
0.20000000000000004,50,4,0.11,0.9953
0.20000000000000004,50,4,0.12,0.997
0.20000000000000004,50,4,0.13,0.9986
0.20000000000000004,50,4,0.14,0.9994
0.20000000000000004,50,5,0.01,0.0146
0.20000000000000004,50,5,0.02,0.1382
0.20000000000000004,50,5,0.03,0.327
0.20000000000000004,50,5,0.04,0.5233
0.20000000000000004,50,5,0.05,0.6772
0.20000000000000004,50,5,0.060000000000000005,0.7976
0.20000000000000004,50,5,0.06999999999999999,0.876
0.20000000000000004,50,5,0.08,0.921
0.20000000000000004,50,5,0.09,0.9552
0.20000000000000004,50,5,0.09999999999999999,0.9724
0.20000000000000004,50,5,0.11,0.9838
0.20000000000000004,50,5,0.12,0.9904
0.20000000000000004,50,5,0.13,0.994
0.20000000000000004,50,5,0.14,0.9967
0.20000000000000004,50,6,0.01,0.0026
0.20000000000000004,50,6,0.02,0.0524
0.20000000000000004,50,6,0.03,0.1679
0.20000000000000004,50,6,0.04,0.3376
0.20000000000000004,50,6,0.05,0.4958
0.20000000000000004,50,6,0.060000000000000005,0.642
0.20000000000000004,50,6,0.06999999999999999,0.7605
0.20000000000000004,50,6,0.08,0.8372
0.20000000000000004,50,6,0.09,0.8947
0.20000000000000004,50,6,0.09999999999999999,0.9306
0.20000000000000004,50,6,0.11,0.9581
0.20000000000000004,50,6,0.12,0.974
0.20000000000000004,50,6,0.13,0.9831
0.20000000000000004,50,6,0.14,0.9898
0.20000000000000004,50,7,0.01,0.0002
0.20000000000000004,50,7,0.02,0.0168
0.20000000000000004,50,7,0.03,0.0746
0.20000000000000004,50,7,0.04,0.1897
0.20000000000000004,50,7,0.05,0.3252
0.20000000000000004,50,7,0.060000000000000005,0.4749
0.20000000000000004,50,7,0.06999999999999999,0.6096
0.20000000000000004,50,7,0.08,0.7123
0.20000000000000004,50,7,0.09,0.7997
0.20000000000000004,50,7,0.09999999999999999,0.8585
0.20000000000000004,50,7,0.11,0.9042
0.20000000000000004,50,7,0.12,0.9346
0.20000000000000004,50,7,0.13,0.9554
0.20000000000000004,50,7,0.14,0.9726
0.20000000000000004,50,8,0.01,0.0
0.20000000000000004,50,8,0.02,0.0043
0.20000000000000004,50,8,0.03,0.0287
0.20000000000000004,50,8,0.04,0.0951
0.20000000000000004,50,8,0.05,0.1888
0.20000000000000004,50,8,0.060000000000000005,0.315
0.20000000000000004,50,8,0.06999999999999999,0.4449
0.20000000000000004,50,8,0.08,0.5597
0.20000000000000004,50,8,0.09,0.6641
0.20000000000000004,50,8,0.09999999999999999,0.7485
0.20000000000000004,50,8,0.11,0.8206
0.20000000000000004,50,8,0.12,0.8695
0.20000000000000004,50,8,0.13,0.9074
0.20000000000000004,50,8,0.14,0.9355
0.20000000000000004,100,3,0.01,0.5235
0.20000000000000004,100,3,0.02,0.8886
0.20000000000000004,100,3,0.03,0.9777
0.20000000000000004,100,3,0.04,0.9955
0.20000000000000004,100,3,0.05,0.9995
0.20000000000000004,100,3,0.060000000000000005,1.0
0.20000000000000004,100,3,0.06999999999999999,1.0
0.20000000000000004,100,3,0.08,1.0
0.20000000000000004,100,3,0.09,1.0
0.20000000000000004,100,3,0.09999999999999999,1.0
0.20000000000000004,100,3,0.11,1.0
0.20000000000000004,100,3,0.12,1.0
0.20000000000000004,100,3,0.13,1.0
0.20000000000000004,100,3,0.14,1.0
0.20000000000000004,100,4,0.01,0.2801
0.20000000000000004,100,4,0.02,0.7545
0.20000000000000004,100,4,0.03,0.9284
0.20000000000000004,100,4,0.04,0.9825
0.20000000000000004,100,4,0.05,0.9955
0.20000000000000004,100,4,0.060000000000000005,0.9994
0.20000000000000004,100,4,0.06999999999999999,0.9997
0.20000000000000004,100,4,0.08,1.0
0.20000000000000004,100,4,0.09,1.0
0.20000000000000004,100,4,0.09999999999999999,1.0
0.20000000000000004,100,4,0.11,1.0
0.20000000000000004,100,4,0.12,1.0
0.20000000000000004,100,4,0.13,1.0
0.20000000000000004,100,4,0.14,1.0
0.20000000000000004,100,5,0.01,0.1178
0.20000000000000004,100,5,0.02,0.5704
0.20000000000000004,100,5,0.03,0.8341
0.20000000000000004,100,5,0.04,0.9476
0.20000000000000004,100,5,0.05,0.9833
0.20000000000000004,100,5,0.060000000000000005,0.9961
0.20000000000000004,100,5,0.06999999999999999,0.9996
0.20000000000000004,100,5,0.08,0.9999
0.20000000000000004,100,5,0.09,1.0
0.20000000000000004,100,5,0.09999999999999999,1.0
0.20000000000000004,100,5,0.11,1.0
0.20000000000000004,100,5,0.12,1.0
0.20000000000000004,100,5,0.13,1.0
0.20000000000000004,100,5,0.14,1.0
0.20000000000000004,100,6,0.01,0.0398
0.20000000000000004,100,6,0.02,0.3833
0.20000000000000004,100,6,0.03,0.7016
0.20000000000000004,100,6,0.04,0.8857
0.20000000000000004,100,6,0.05,0.9608
0.20000000000000004,100,6,0.060000000000000005,0.9865
0.20000000000000004,100,6,0.06999999999999999,0.9971
0.20000000000000004,100,6,0.08,0.9993
0.20000000000000004,100,6,0.09,1.0
0.20000000000000004,100,6,0.09999999999999999,1.0
0.20000000000000004,100,6,0.11,1.0
0.20000000000000004,100,6,0.12,1.0
0.20000000000000004,100,6,0.13,1.0
0.20000000000000004,100,6,0.14,1.0
0.20000000000000004,100,7,0.01,0.0117
0.20000000000000004,100,7,0.02,0.2184
0.20000000000000004,100,7,0.03,0.5499
0.20000000000000004,100,7,0.04,0.7946
0.20000000000000004,100,7,0.05,0.9117
0.20000000000000004,100,7,0.060000000000000005,0.9672
0.20000000000000004,100,7,0.06999999999999999,0.99
0.20000000000000004,100,7,0.08,0.9977
0.20000000000000004,100,7,0.09,0.9994
0.20000000000000004,100,7,0.09999999999999999,0.9998
0.20000000000000004,100,7,0.11,1.0
0.20000000000000004,100,7,0.12,1.0
0.20000000000000004,100,7,0.13,1.0
0.20000000000000004,100,7,0.14,1.0
0.20000000000000004,100,8,0.01,0.0031
0.20000000000000004,100,8,0.02,0.106
0.20000000000000004,100,8,0.03,0.3815
0.20000000000000004,100,8,0.04,0.6616
0.20000000000000004,100,8,0.05,0.8362
0.20000000000000004,100,8,0.060000000000000005,0.9306
0.20000000000000004,100,8,0.06999999999999999,0.9739
0.20000000000000004,100,8,0.08,0.9911
0.20000000000000004,100,8,0.09,0.9971
0.20000000000000004,100,8,0.09999999999999999,0.9991
0.20000000000000004,100,8,0.11,0.9995
0.20000000000000004,100,8,0.12,1.0
0.20000000000000004,100,8,0.13,1.0
0.20000000000000004,100,8,0.14,1.0
0.20000000000000004,150,3,0.01,0.755
0.20000000000000004,150,3,0.02,0.981
0.20000000000000004,150,3,0.03,0.9987
0.20000000000000004,150,3,0.04,0.9997
0.20000000000000004,150,3,0.05,1.0
0.20000000000000004,150,3,0.060000000000000005,1.0
0.20000000000000004,150,3,0.06999999999999999,1.0
0.20000000000000004,150,3,0.08,1.0
0.20000000000000004,150,3,0.09,1.0
0.20000000000000004,150,3,0.09999999999999999,1.0
0.20000000000000004,150,3,0.11,1.0
0.20000000000000004,150,3,0.12,1.0
0.20000000000000004,150,3,0.13,1.0
0.20000000000000004,150,3,0.14,1.0
0.20000000000000004,150,4,0.01,0.5286
0.20000000000000004,150,4,0.02,0.9376
0.20000000000000004,150,4,0.03,0.995
0.20000000000000004,150,4,0.04,0.999
0.20000000000000004,150,4,0.05,0.9997
0.20000000000000004,150,4,0.060000000000000005,1.0
0.20000000000000004,150,4,0.06999999999999999,1.0
0.20000000000000004,150,4,0.08,1.0
0.20000000000000004,150,4,0.09,1.0
0.20000000000000004,150,4,0.09999999999999999,1.0
0.20000000000000004,150,4,0.11,1.0
0.20000000000000004,150,4,0.12,1.0
0.20000000000000004,150,4,0.13,1.0
0.20000000000000004,150,4,0.14,1.0
0.20000000000000004,150,5,0.01,0.312
0.20000000000000004,150,5,0.02,0.8502
0.20000000000000004,150,5,0.03,0.977
0.20000000000000004,150,5,0.04,0.9971
0.20000000000000004,150,5,0.05,0.9993
0.20000000000000004,150,5,0.060000000000000005,1.0
0.20000000000000004,150,5,0.06999999999999999,1.0
0.20000000000000004,150,5,0.08,1.0
0.20000000000000004,150,5,0.09,1.0
0.20000000000000004,150,5,0.09999999999999999,1.0
0.20000000000000004,150,5,0.11,1.0
0.20000000000000004,150,5,0.12,1.0
0.20000000000000004,150,5,0.13,1.0
0.20000000000000004,150,5,0.14,1.0
0.20000000000000004,150,6,0.01,0.1468
0.20000000000000004,150,6,0.02,0.7168
0.20000000000000004,150,6,0.03,0.9394
0.20000000000000004,150,6,0.04,0.9898
0.20000000000000004,150,6,0.05,0.9987
0.20000000000000004,150,6,0.060000000000000005,0.9999
0.20000000000000004,150,6,0.06999999999999999,1.0
0.20000000000000004,150,6,0.08,1.0
0.20000000000000004,150,6,0.09,1.0
0.20000000000000004,150,6,0.09999999999999999,1.0
0.20000000000000004,150,6,0.11,1.0
0.20000000000000004,150,6,0.12,1.0
0.20000000000000004,150,6,0.13,1.0
0.20000000000000004,150,6,0.14,1.0
0.20000000000000004,150,7,0.01,0.0554
0.20000000000000004,150,7,0.02,0.5539
0.20000000000000004,150,7,0.03,0.8726
0.20000000000000004,150,7,0.04,0.9747
0.20000000000000004,150,7,0.05,0.9956
0.20000000000000004,150,7,0.060000000000000005,0.9992
0.20000000000000004,150,7,0.06999999999999999,0.9999
0.20000000000000004,150,7,0.08,1.0
0.20000000000000004,150,7,0.09,1.0
0.20000000000000004,150,7,0.09999999999999999,1.0
0.20000000000000004,150,7,0.11,1.0
0.20000000000000004,150,7,0.12,1.0
0.20000000000000004,150,7,0.13,1.0
0.20000000000000004,150,7,0.14,1.0
0.20000000000000004,150,8,0.01,0.0174
0.20000000000000004,150,8,0.02,0.3871
0.20000000000000004,150,8,0.03,0.7726
0.20000000000000004,150,8,0.04,0.9457
0.20000000000000004,150,8,0.05,0.9875
0.20000000000000004,150,8,0.060000000000000005,0.9976
0.20000000000000004,150,8,0.06999999999999999,0.9994
0.20000000000000004,150,8,0.08,0.9999
0.20000000000000004,150,8,0.09,1.0
0.20000000000000004,150,8,0.09999999999999999,1.0
0.20000000000000004,150,8,0.11,1.0
0.20000000000000004,150,8,0.12,1.0
0.20000000000000004,150,8,0.13,1.0
0.20000000000000004,150,8,0.14,1.0
0.20000000000000004,200,3,0.01,0.8863
0.20000000000000004,200,3,0.02,0.9967
0.20000000000000004,200,3,0.03,1.0
0.20000000000000004,200,3,0.04,1.0
0.20000000000000004,200,3,0.05,1.0
0.20000000000000004,200,3,0.060000000000000005,1.0
0.20000000000000004,200,3,0.06999999999999999,1.0
0.20000000000000004,200,3,0.08,1.0
0.20000000000000004,200,3,0.09,1.0
0.20000000000000004,200,3,0.09999999999999999,1.0
0.20000000000000004,200,3,0.11,1.0
0.20000000000000004,200,3,0.12,1.0
0.20000000000000004,200,3,0.13,1.0
0.20000000000000004,200,3,0.14,1.0
0.20000000000000004,200,4,0.01,0.7247
0.20000000000000004,200,4,0.02,0.9863
0.20000000000000004,200,4,0.03,0.9993
0.20000000000000004,200,4,0.04,1.0
0.20000000000000004,200,4,0.05,1.0
0.20000000000000004,200,4,0.060000000000000005,1.0
0.20000000000000004,200,4,0.06999999999999999,1.0
0.20000000000000004,200,4,0.08,1.0
0.20000000000000004,200,4,0.09,1.0
0.20000000000000004,200,4,0.09999999999999999,1.0
0.20000000000000004,200,4,0.11,1.0
0.20000000000000004,200,4,0.12,1.0
0.20000000000000004,200,4,0.13,1.0
0.20000000000000004,200,4,0.14,1.0
0.20000000000000004,200,5,0.01,0.5159
0.20000000000000004,200,5,0.02,0.9603
0.20000000000000004,200,5,0.03,0.9971
0.20000000000000004,200,5,0.04,0.9997
0.20000000000000004,200,5,0.05,1.0
0.20000000000000004,200,5,0.060000000000000005,1.0
0.20000000000000004,200,5,0.06999999999999999,1.0
0.20000000000000004,200,5,0.08,1.0
0.20000000000000004,200,5,0.09,1.0
0.20000000000000004,200,5,0.09999999999999999,1.0
0.20000000000000004,200,5,0.11,1.0
0.20000000000000004,200,5,0.12,1.0
0.20000000000000004,200,5,0.13,1.0
0.20000000000000004,200,5,0.14,1.0
0.20000000000000004,200,6,0.01,0.3071
0.20000000000000004,200,6,0.02,0.9024
0.20000000000000004,200,6,0.03,0.9924
0.20000000000000004,200,6,0.04,0.9992
0.20000000000000004,200,6,0.05,0.9999
0.20000000000000004,200,6,0.060000000000000005,1.0
0.20000000000000004,200,6,0.06999999999999999,1.0
0.20000000000000004,200,6,0.08,1.0
0.20000000000000004,200,6,0.09,1.0
0.20000000000000004,200,6,0.09999999999999999,1.0
0.20000000000000004,200,6,0.11,1.0
0.20000000000000004,200,6,0.12,1.0
0.20000000000000004,200,6,0.13,1.0
0.20000000000000004,200,6,0.14,1.0
0.20000000000000004,200,7,0.01,0.1512
0.20000000000000004,200,7,0.02,0.8045
0.20000000000000004,200,7,0.03,0.9781
0.20000000000000004,200,7,0.04,0.9976
0.20000000000000004,200,7,0.05,0.9999
0.20000000000000004,200,7,0.060000000000000005,1.0
0.20000000000000004,200,7,0.06999999999999999,1.0
0.20000000000000004,200,7,0.08,1.0
0.20000000000000004,200,7,0.09,1.0
0.20000000000000004,200,7,0.09999999999999999,1.0
0.20000000000000004,200,7,0.11,1.0
0.20000000000000004,200,7,0.12,1.0
0.20000000000000004,200,7,0.13,1.0
0.20000000000000004,200,7,0.14,1.0
0.20000000000000004,200,8,0.01,0.0623
0.20000000000000004,200,8,0.02,0.6736
0.20000000000000004,200,8,0.03,0.9465
0.20000000000000004,200,8,0.04,0.9932
0.20000000000000004,200,8,0.05,0.9995
0.20000000000000004,200,8,0.060000000000000005,1.0
0.20000000000000004,200,8,0.06999999999999999,1.0
0.20000000000000004,200,8,0.08,1.0
0.20000000000000004,200,8,0.09,1.0
0.20000000000000004,200,8,0.09999999999999999,1.0
0.20000000000000004,200,8,0.11,1.0
0.20000000000000004,200,8,0.12,1.0
0.20000000000000004,200,8,0.13,1.0
0.20000000000000004,200,8,0.14,1.0
0.20000000000000004,250,3,0.01,0.948
0.20000000000000004,250,3,0.02,0.9997
0.20000000000000004,250,3,0.03,1.0
0.20000000000000004,250,3,0.04,1.0
0.20000000000000004,250,3,0.05,1.0
0.20000000000000004,250,3,0.060000000000000005,1.0
0.20000000000000004,250,3,0.06999999999999999,1.0
0.20000000000000004,250,3,0.08,1.0
0.20000000000000004,250,3,0.09,1.0
0.20000000000000004,250,3,0.09999999999999999,1.0
0.20000000000000004,250,3,0.11,1.0
0.20000000000000004,250,3,0.12,1.0
0.20000000000000004,250,3,0.13,1.0
0.20000000000000004,250,3,0.14,1.0
0.20000000000000004,250,4,0.01,0.852
0.20000000000000004,250,4,0.02,0.9978
0.20000000000000004,250,4,0.03,0.9999
0.20000000000000004,250,4,0.04,1.0
0.20000000000000004,250,4,0.05,1.0
0.20000000000000004,250,4,0.060000000000000005,1.0
0.20000000000000004,250,4,0.06999999999999999,1.0
0.20000000000000004,250,4,0.08,1.0
0.20000000000000004,250,4,0.09,1.0
0.20000000000000004,250,4,0.09999999999999999,1.0
0.20000000000000004,250,4,0.11,1.0
0.20000000000000004,250,4,0.12,1.0
0.20000000000000004,250,4,0.13,1.0
0.20000000000000004,250,4,0.14,1.0
0.20000000000000004,250,5,0.01,0.688
0.20000000000000004,250,5,0.02,0.9908
0.20000000000000004,250,5,0.03,0.9999
0.20000000000000004,250,5,0.04,1.0
0.20000000000000004,250,5,0.05,1.0
0.20000000000000004,250,5,0.060000000000000005,1.0
0.20000000000000004,250,5,0.06999999999999999,1.0
0.20000000000000004,250,5,0.08,1.0
0.20000000000000004,250,5,0.09,1.0
0.20000000000000004,250,5,0.09999999999999999,1.0
0.20000000000000004,250,5,0.11,1.0
0.20000000000000004,250,5,0.12,1.0
0.20000000000000004,250,5,0.13,1.0
0.20000000000000004,250,5,0.14,1.0
0.20000000000000004,250,6,0.01,0.4823
0.20000000000000004,250,6,0.02,0.9706
0.20000000000000004,250,6,0.03,0.9993
0.20000000000000004,250,6,0.04,1.0
0.20000000000000004,250,6,0.05,1.0
0.20000000000000004,250,6,0.060000000000000005,1.0
0.20000000000000004,250,6,0.06999999999999999,1.0
0.20000000000000004,250,6,0.08,1.0
0.20000000000000004,250,6,0.09,1.0
0.20000000000000004,250,6,0.09999999999999999,1.0
0.20000000000000004,250,6,0.11,1.0
0.20000000000000004,250,6,0.12,1.0
0.20000000000000004,250,6,0.13,1.0
0.20000000000000004,250,6,0.14,1.0
0.20000000000000004,250,7,0.01,0.2858
0.20000000000000004,250,7,0.02,0.93
0.20000000000000004,250,7,0.03,0.9969
0.20000000000000004,250,7,0.04,0.9999
0.20000000000000004,250,7,0.05,1.0
0.20000000000000004,250,7,0.060000000000000005,1.0
0.20000000000000004,250,7,0.06999999999999999,1.0
0.20000000000000004,250,7,0.08,1.0
0.20000000000000004,250,7,0.09,1.0
0.20000000000000004,250,7,0.09999999999999999,1.0
0.20000000000000004,250,7,0.11,1.0
0.20000000000000004,250,7,0.12,1.0
0.20000000000000004,250,7,0.13,1.0
0.20000000000000004,250,7,0.14,1.0
0.20000000000000004,250,8,0.01,0.1413
0.20000000000000004,250,8,0.02,0.859
0.20000000000000004,250,8,0.03,0.99
0.20000000000000004,250,8,0.04,0.9997
0.20000000000000004,250,8,0.05,1.0
0.20000000000000004,250,8,0.060000000000000005,1.0
0.20000000000000004,250,8,0.06999999999999999,1.0
0.20000000000000004,250,8,0.08,1.0
0.20000000000000004,250,8,0.09,1.0
0.20000000000000004,250,8,0.09999999999999999,1.0
0.20000000000000004,250,8,0.11,1.0
0.20000000000000004,250,8,0.12,1.0
0.20000000000000004,250,8,0.13,1.0
0.20000000000000004,250,8,0.14,1.0
0.20000000000000004,300,3,0.01,0.9782
0.20000000000000004,300,3,0.02,0.9999
0.20000000000000004,300,3,0.03,1.0
0.20000000000000004,300,3,0.04,1.0
0.20000000000000004,300,3,0.05,1.0
0.20000000000000004,300,3,0.060000000000000005,1.0
0.20000000000000004,300,3,0.06999999999999999,1.0
0.20000000000000004,300,3,0.08,1.0
0.20000000000000004,300,3,0.09,1.0
0.20000000000000004,300,3,0.09999999999999999,1.0
0.20000000000000004,300,3,0.11,1.0
0.20000000000000004,300,3,0.12,1.0
0.20000000000000004,300,3,0.13,1.0
0.20000000000000004,300,3,0.14,1.0
0.20000000000000004,300,4,0.01,0.9252
0.20000000000000004,300,4,0.02,0.9992
0.20000000000000004,300,4,0.03,1.0
0.20000000000000004,300,4,0.04,1.0
0.20000000000000004,300,4,0.05,1.0
0.20000000000000004,300,4,0.060000000000000005,1.0
0.20000000000000004,300,4,0.06999999999999999,1.0
0.20000000000000004,300,4,0.08,1.0
0.20000000000000004,300,4,0.09,1.0
0.20000000000000004,300,4,0.09999999999999999,1.0
0.20000000000000004,300,4,0.11,1.0
0.20000000000000004,300,4,0.12,1.0
0.20000000000000004,300,4,0.13,1.0
0.20000000000000004,300,4,0.14,1.0
0.20000000000000004,300,5,0.01,0.8134
0.20000000000000004,300,5,0.02,0.9976
0.20000000000000004,300,5,0.03,0.9999
0.20000000000000004,300,5,0.04,1.0
0.20000000000000004,300,5,0.05,1.0
0.20000000000000004,300,5,0.060000000000000005,1.0
0.20000000000000004,300,5,0.06999999999999999,1.0
0.20000000000000004,300,5,0.08,1.0
0.20000000000000004,300,5,0.09,1.0
0.20000000000000004,300,5,0.09999999999999999,1.0
0.20000000000000004,300,5,0.11,1.0
0.20000000000000004,300,5,0.12,1.0
0.20000000000000004,300,5,0.13,1.0
0.20000000000000004,300,5,0.14,1.0
0.20000000000000004,300,6,0.01,0.6476
0.20000000000000004,300,6,0.02,0.9927
0.20000000000000004,300,6,0.03,0.9998
0.20000000000000004,300,6,0.04,1.0
0.20000000000000004,300,6,0.05,1.0
0.20000000000000004,300,6,0.060000000000000005,1.0
0.20000000000000004,300,6,0.06999999999999999,1.0
0.20000000000000004,300,6,0.08,1.0
0.20000000000000004,300,6,0.09,1.0
0.20000000000000004,300,6,0.09999999999999999,1.0
0.20000000000000004,300,6,0.11,1.0
0.20000000000000004,300,6,0.12,1.0
0.20000000000000004,300,6,0.13,1.0
0.20000000000000004,300,6,0.14,1.0
0.20000000000000004,300,7,0.01,0.4419
0.20000000000000004,300,7,0.02,0.979
0.20000000000000004,300,7,0.03,0.9996
0.20000000000000004,300,7,0.04,1.0
0.20000000000000004,300,7,0.05,1.0
0.20000000000000004,300,7,0.060000000000000005,1.0
0.20000000000000004,300,7,0.06999999999999999,1.0
0.20000000000000004,300,7,0.08,1.0
0.20000000000000004,300,7,0.09,1.0
0.20000000000000004,300,7,0.09999999999999999,1.0
0.20000000000000004,300,7,0.11,1.0
0.20000000000000004,300,7,0.12,1.0
0.20000000000000004,300,7,0.13,1.0
0.20000000000000004,300,7,0.14,1.0
0.20000000000000004,300,8,0.01,0.2599
0.20000000000000004,300,8,0.02,0.9495
0.20000000000000004,300,8,0.03,0.9988
0.20000000000000004,300,8,0.04,1.0
0.20000000000000004,300,8,0.05,1.0
0.20000000000000004,300,8,0.060000000000000005,1.0
0.20000000000000004,300,8,0.06999999999999999,1.0
0.20000000000000004,300,8,0.08,1.0
0.20000000000000004,300,8,0.09,1.0
0.20000000000000004,300,8,0.09999999999999999,1.0
0.20000000000000004,300,8,0.11,1.0
0.20000000000000004,300,8,0.12,1.0
0.20000000000000004,300,8,0.13,1.0
0.20000000000000004,300,8,0.14,1.0
0.20000000000000004,350,3,0.01,0.9897
0.20000000000000004,350,3,0.02,1.0
0.20000000000000004,350,3,0.03,1.0
0.20000000000000004,350,3,0.04,1.0
0.20000000000000004,350,3,0.05,1.0
0.20000000000000004,350,3,0.060000000000000005,1.0
0.20000000000000004,350,3,0.06999999999999999,1.0
0.20000000000000004,350,3,0.08,1.0
0.20000000000000004,350,3,0.09,1.0
0.20000000000000004,350,3,0.09999999999999999,1.0
0.20000000000000004,350,3,0.11,1.0
0.20000000000000004,350,3,0.12,1.0
0.20000000000000004,350,3,0.13,1.0
0.20000000000000004,350,3,0.14,1.0
0.20000000000000004,350,4,0.01,0.963
0.20000000000000004,350,4,0.02,0.9998
0.20000000000000004,350,4,0.03,1.0
0.20000000000000004,350,4,0.04,1.0
0.20000000000000004,350,4,0.05,1.0
0.20000000000000004,350,4,0.060000000000000005,1.0
0.20000000000000004,350,4,0.06999999999999999,1.0
0.20000000000000004,350,4,0.08,1.0
0.20000000000000004,350,4,0.09,1.0
0.20000000000000004,350,4,0.09999999999999999,1.0
0.20000000000000004,350,4,0.11,1.0
0.20000000000000004,350,4,0.12,1.0
0.20000000000000004,350,4,0.13,1.0
0.20000000000000004,350,4,0.14,1.0
0.20000000000000004,350,5,0.01,0.8908
0.20000000000000004,350,5,0.02,0.9994
0.20000000000000004,350,5,0.03,1.0
0.20000000000000004,350,5,0.04,1.0
0.20000000000000004,350,5,0.05,1.0
0.20000000000000004,350,5,0.060000000000000005,1.0
0.20000000000000004,350,5,0.06999999999999999,1.0
0.20000000000000004,350,5,0.08,1.0
0.20000000000000004,350,5,0.09,1.0
0.20000000000000004,350,5,0.09999999999999999,1.0
0.20000000000000004,350,5,0.11,1.0
0.20000000000000004,350,5,0.12,1.0
0.20000000000000004,350,5,0.13,1.0
0.20000000000000004,350,5,0.14,1.0
0.20000000000000004,350,6,0.01,0.7664
0.20000000000000004,350,6,0.02,0.9977
0.20000000000000004,350,6,0.03,1.0
0.20000000000000004,350,6,0.04,1.0
0.20000000000000004,350,6,0.05,1.0
0.20000000000000004,350,6,0.060000000000000005,1.0
0.20000000000000004,350,6,0.06999999999999999,1.0
0.20000000000000004,350,6,0.08,1.0
0.20000000000000004,350,6,0.09,1.0
0.20000000000000004,350,6,0.09999999999999999,1.0
0.20000000000000004,350,6,0.11,1.0
0.20000000000000004,350,6,0.12,1.0
0.20000000000000004,350,6,0.13,1.0
0.20000000000000004,350,6,0.14,1.0
0.20000000000000004,350,7,0.01,0.5928
0.20000000000000004,350,7,0.02,0.9936
0.20000000000000004,350,7,0.03,0.9999
0.20000000000000004,350,7,0.04,1.0
0.20000000000000004,350,7,0.05,1.0
0.20000000000000004,350,7,0.060000000000000005,1.0
0.20000000000000004,350,7,0.06999999999999999,1.0
0.20000000000000004,350,7,0.08,1.0
0.20000000000000004,350,7,0.09,1.0
0.20000000000000004,350,7,0.09999999999999999,1.0
0.20000000000000004,350,7,0.11,1.0
0.20000000000000004,350,7,0.12,1.0
0.20000000000000004,350,7,0.13,1.0
0.20000000000000004,350,7,0.14,1.0
0.20000000000000004,350,8,0.01,0.3949
0.20000000000000004,350,8,0.02,0.983
0.20000000000000004,350,8,0.03,0.9996
0.20000000000000004,350,8,0.04,1.0
0.20000000000000004,350,8,0.05,1.0
0.20000000000000004,350,8,0.060000000000000005,1.0
0.20000000000000004,350,8,0.06999999999999999,1.0
0.20000000000000004,350,8,0.08,1.0
0.20000000000000004,350,8,0.09,1.0
0.20000000000000004,350,8,0.09999999999999999,1.0
0.20000000000000004,350,8,0.11,1.0
0.20000000000000004,350,8,0.12,1.0
0.20000000000000004,350,8,0.13,1.0
0.20000000000000004,350,8,0.14,1.0
0.20000000000000004,400,3,0.01,0.9952
0.20000000000000004,400,3,0.02,1.0
0.20000000000000004,400,3,0.03,1.0
0.20000000000000004,400,3,0.04,1.0
0.20000000000000004,400,3,0.05,1.0
0.20000000000000004,400,3,0.060000000000000005,1.0
0.20000000000000004,400,3,0.06999999999999999,1.0
0.20000000000000004,400,3,0.08,1.0
0.20000000000000004,400,3,0.09,1.0
0.20000000000000004,400,3,0.09999999999999999,1.0
0.20000000000000004,400,3,0.11,1.0
0.20000000000000004,400,3,0.12,1.0
0.20000000000000004,400,3,0.13,1.0
0.20000000000000004,400,3,0.14,1.0
0.20000000000000004,400,4,0.01,0.9829
0.20000000000000004,400,4,0.02,0.9999
0.20000000000000004,400,4,0.03,1.0
0.20000000000000004,400,4,0.04,1.0
0.20000000000000004,400,4,0.05,1.0
0.20000000000000004,400,4,0.060000000000000005,1.0
0.20000000000000004,400,4,0.06999999999999999,1.0
0.20000000000000004,400,4,0.08,1.0
0.20000000000000004,400,4,0.09,1.0
0.20000000000000004,400,4,0.09999999999999999,1.0
0.20000000000000004,400,4,0.11,1.0
0.20000000000000004,400,4,0.12,1.0
0.20000000000000004,400,4,0.13,1.0
0.20000000000000004,400,4,0.14,1.0
0.20000000000000004,400,5,0.01,0.9376
0.20000000000000004,400,5,0.02,0.9998
0.20000000000000004,400,5,0.03,1.0
0.20000000000000004,400,5,0.04,1.0
0.20000000000000004,400,5,0.05,1.0
0.20000000000000004,400,5,0.060000000000000005,1.0
0.20000000000000004,400,5,0.06999999999999999,1.0
0.20000000000000004,400,5,0.08,1.0
0.20000000000000004,400,5,0.09,1.0
0.20000000000000004,400,5,0.09999999999999999,1.0
0.20000000000000004,400,5,0.11,1.0
0.20000000000000004,400,5,0.12,1.0
0.20000000000000004,400,5,0.13,1.0
0.20000000000000004,400,5,0.14,1.0
0.20000000000000004,400,6,0.01,0.8513
0.20000000000000004,400,6,0.02,0.9997
0.20000000000000004,400,6,0.03,1.0
0.20000000000000004,400,6,0.04,1.0
0.20000000000000004,400,6,0.05,1.0
0.20000000000000004,400,6,0.060000000000000005,1.0
0.20000000000000004,400,6,0.06999999999999999,1.0
0.20000000000000004,400,6,0.08,1.0
0.20000000000000004,400,6,0.09,1.0
0.20000000000000004,400,6,0.09999999999999999,1.0
0.20000000000000004,400,6,0.11,1.0
0.20000000000000004,400,6,0.12,1.0
0.20000000000000004,400,6,0.13,1.0
0.20000000000000004,400,6,0.14,1.0
0.20000000000000004,400,7,0.01,0.7095
0.20000000000000004,400,7,0.02,0.9988
0.20000000000000004,400,7,0.03,1.0
0.20000000000000004,400,7,0.04,1.0
0.20000000000000004,400,7,0.05,1.0
0.20000000000000004,400,7,0.060000000000000005,1.0
0.20000000000000004,400,7,0.06999999999999999,1.0
0.20000000000000004,400,7,0.08,1.0
0.20000000000000004,400,7,0.09,1.0
0.20000000000000004,400,7,0.09999999999999999,1.0
0.20000000000000004,400,7,0.11,1.0
0.20000000000000004,400,7,0.12,1.0
0.20000000000000004,400,7,0.13,1.0
0.20000000000000004,400,7,0.14,1.0
0.20000000000000004,400,8,0.01,0.529
0.20000000000000004,400,8,0.02,0.9946
0.20000000000000004,400,8,0.03,0.9999
0.20000000000000004,400,8,0.04,1.0
0.20000000000000004,400,8,0.05,1.0
0.20000000000000004,400,8,0.060000000000000005,1.0
0.20000000000000004,400,8,0.06999999999999999,1.0
0.20000000000000004,400,8,0.08,1.0
0.20000000000000004,400,8,0.09,1.0
0.20000000000000004,400,8,0.09999999999999999,1.0
0.20000000000000004,400,8,0.11,1.0
0.20000000000000004,400,8,0.12,1.0
0.20000000000000004,400,8,0.13,1.0
0.20000000000000004,400,8,0.14,1.0
0.20000000000000004,450,3,0.01,0.9986
0.20000000000000004,450,3,0.02,1.0
0.20000000000000004,450,3,0.03,1.0
0.20000000000000004,450,3,0.04,1.0
0.20000000000000004,450,3,0.05,1.0
0.20000000000000004,450,3,0.060000000000000005,1.0
0.20000000000000004,450,3,0.06999999999999999,1.0
0.20000000000000004,450,3,0.08,1.0
0.20000000000000004,450,3,0.09,1.0
0.20000000000000004,450,3,0.09999999999999999,1.0
0.20000000000000004,450,3,0.11,1.0
0.20000000000000004,450,3,0.12,1.0
0.20000000000000004,450,3,0.13,1.0
0.20000000000000004,450,3,0.14,1.0
0.20000000000000004,450,4,0.01,0.9915
0.20000000000000004,450,4,0.02,1.0
0.20000000000000004,450,4,0.03,1.0
0.20000000000000004,450,4,0.04,1.0
0.20000000000000004,450,4,0.05,1.0
0.20000000000000004,450,4,0.060000000000000005,1.0
0.20000000000000004,450,4,0.06999999999999999,1.0
0.20000000000000004,450,4,0.08,1.0
0.20000000000000004,450,4,0.09,1.0
0.20000000000000004,450,4,0.09999999999999999,1.0
0.20000000000000004,450,4,0.11,1.0
0.20000000000000004,450,4,0.12,1.0
0.20000000000000004,450,4,0.13,1.0
0.20000000000000004,450,4,0.14,1.0
0.20000000000000004,450,5,0.01,0.9684
0.20000000000000004,450,5,0.02,1.0
0.20000000000000004,450,5,0.03,1.0
0.20000000000000004,450,5,0.04,1.0
0.20000000000000004,450,5,0.05,1.0
0.20000000000000004,450,5,0.060000000000000005,1.0
0.20000000000000004,450,5,0.06999999999999999,1.0
0.20000000000000004,450,5,0.08,1.0
0.20000000000000004,450,5,0.09,1.0
0.20000000000000004,450,5,0.09999999999999999,1.0
0.20000000000000004,450,5,0.11,1.0
0.20000000000000004,450,5,0.12,1.0
0.20000000000000004,450,5,0.13,1.0
0.20000000000000004,450,5,0.14,1.0
0.20000000000000004,450,6,0.01,0.9092
0.20000000000000004,450,6,0.02,1.0
0.20000000000000004,450,6,0.03,1.0
0.20000000000000004,450,6,0.04,1.0
0.20000000000000004,450,6,0.05,1.0
0.20000000000000004,450,6,0.060000000000000005,1.0
0.20000000000000004,450,6,0.06999999999999999,1.0
0.20000000000000004,450,6,0.08,1.0
0.20000000000000004,450,6,0.09,1.0
0.20000000000000004,450,6,0.09999999999999999,1.0
0.20000000000000004,450,6,0.11,1.0
0.20000000000000004,450,6,0.12,1.0
0.20000000000000004,450,6,0.13,1.0
0.20000000000000004,450,6,0.14,1.0
0.20000000000000004,450,7,0.01,0.8013
0.20000000000000004,450,7,0.02,0.9997
0.20000000000000004,450,7,0.03,1.0
0.20000000000000004,450,7,0.04,1.0
0.20000000000000004,450,7,0.05,1.0
0.20000000000000004,450,7,0.060000000000000005,1.0
0.20000000000000004,450,7,0.06999999999999999,1.0
0.20000000000000004,450,7,0.08,1.0
0.20000000000000004,450,7,0.09,1.0
0.20000000000000004,450,7,0.09999999999999999,1.0
0.20000000000000004,450,7,0.11,1.0
0.20000000000000004,450,7,0.12,1.0
0.20000000000000004,450,7,0.13,1.0
0.20000000000000004,450,7,0.14,1.0
0.20000000000000004,450,8,0.01,0.6449
0.20000000000000004,450,8,0.02,0.9983
0.20000000000000004,450,8,0.03,1.0
0.20000000000000004,450,8,0.04,1.0
0.20000000000000004,450,8,0.05,1.0
0.20000000000000004,450,8,0.060000000000000005,1.0
0.20000000000000004,450,8,0.06999999999999999,1.0
0.20000000000000004,450,8,0.08,1.0
0.20000000000000004,450,8,0.09,1.0
0.20000000000000004,450,8,0.09999999999999999,1.0
0.20000000000000004,450,8,0.11,1.0
0.20000000000000004,450,8,0.12,1.0
0.20000000000000004,450,8,0.13,1.0
0.20000000000000004,450,8,0.14,1.0
0.20000000000000004,500,3,0.01,0.9992
0.20000000000000004,500,3,0.02,1.0
0.20000000000000004,500,3,0.03,1.0
0.20000000000000004,500,3,0.04,1.0
0.20000000000000004,500,3,0.05,1.0
0.20000000000000004,500,3,0.060000000000000005,1.0
0.20000000000000004,500,3,0.06999999999999999,1.0
0.20000000000000004,500,3,0.08,1.0
0.20000000000000004,500,3,0.09,1.0
0.20000000000000004,500,3,0.09999999999999999,1.0
0.20000000000000004,500,3,0.11,1.0
0.20000000000000004,500,3,0.12,1.0
0.20000000000000004,500,3,0.13,1.0
0.20000000000000004,500,3,0.14,1.0
0.20000000000000004,500,4,0.01,0.9964
0.20000000000000004,500,4,0.02,1.0
0.20000000000000004,500,4,0.03,1.0
0.20000000000000004,500,4,0.04,1.0
0.20000000000000004,500,4,0.05,1.0
0.20000000000000004,500,4,0.060000000000000005,1.0
0.20000000000000004,500,4,0.06999999999999999,1.0
0.20000000000000004,500,4,0.08,1.0
0.20000000000000004,500,4,0.09,1.0
0.20000000000000004,500,4,0.09999999999999999,1.0
0.20000000000000004,500,4,0.11,1.0
0.20000000000000004,500,4,0.12,1.0
0.20000000000000004,500,4,0.13,1.0
0.20000000000000004,500,4,0.14,1.0
0.20000000000000004,500,5,0.01,0.9841
0.20000000000000004,500,5,0.02,1.0
0.20000000000000004,500,5,0.03,1.0
0.20000000000000004,500,5,0.04,1.0
0.20000000000000004,500,5,0.05,1.0
0.20000000000000004,500,5,0.060000000000000005,1.0
0.20000000000000004,500,5,0.06999999999999999,1.0
0.20000000000000004,500,5,0.08,1.0
0.20000000000000004,500,5,0.09,1.0
0.20000000000000004,500,5,0.09999999999999999,1.0
0.20000000000000004,500,5,0.11,1.0
0.20000000000000004,500,5,0.12,1.0
0.20000000000000004,500,5,0.13,1.0
0.20000000000000004,500,5,0.14,1.0
0.20000000000000004,500,6,0.01,0.947
0.20000000000000004,500,6,0.02,1.0
0.20000000000000004,500,6,0.03,1.0
0.20000000000000004,500,6,0.04,1.0
0.20000000000000004,500,6,0.05,1.0
0.20000000000000004,500,6,0.060000000000000005,1.0
0.20000000000000004,500,6,0.06999999999999999,1.0
0.20000000000000004,500,6,0.08,1.0
0.20000000000000004,500,6,0.09,1.0
0.20000000000000004,500,6,0.09999999999999999,1.0
0.20000000000000004,500,6,0.11,1.0
0.20000000000000004,500,6,0.12,1.0
0.20000000000000004,500,6,0.13,1.0
0.20000000000000004,500,6,0.14,1.0
0.20000000000000004,500,7,0.01,0.8682
0.20000000000000004,500,7,0.02,1.0
0.20000000000000004,500,7,0.03,1.0
0.20000000000000004,500,7,0.04,1.0
0.20000000000000004,500,7,0.05,1.0
0.20000000000000004,500,7,0.060000000000000005,1.0
0.20000000000000004,500,7,0.06999999999999999,1.0
0.20000000000000004,500,7,0.08,1.0
0.20000000000000004,500,7,0.09,1.0
0.20000000000000004,500,7,0.09999999999999999,1.0
0.20000000000000004,500,7,0.11,1.0
0.20000000000000004,500,7,0.12,1.0
0.20000000000000004,500,7,0.13,1.0
0.20000000000000004,500,7,0.14,1.0
0.20000000000000004,500,8,0.01,0.7416
0.20000000000000004,500,8,0.02,0.9998
0.20000000000000004,500,8,0.03,1.0
0.20000000000000004,500,8,0.04,1.0
0.20000000000000004,500,8,0.05,1.0
0.20000000000000004,500,8,0.060000000000000005,1.0
0.20000000000000004,500,8,0.06999999999999999,1.0
0.20000000000000004,500,8,0.08,1.0
0.20000000000000004,500,8,0.09,1.0
0.20000000000000004,500,8,0.09999999999999999,1.0
0.20000000000000004,500,8,0.11,1.0
0.20000000000000004,500,8,0.12,1.0
0.20000000000000004,500,8,0.13,1.0
0.20000000000000004,500,8,0.14,1.0
0.20000000000000004,550,3,0.01,0.9998
0.20000000000000004,550,3,0.02,1.0
0.20000000000000004,550,3,0.03,1.0
0.20000000000000004,550,3,0.04,1.0
0.20000000000000004,550,3,0.05,1.0
0.20000000000000004,550,3,0.060000000000000005,1.0
0.20000000000000004,550,3,0.06999999999999999,1.0
0.20000000000000004,550,3,0.08,1.0
0.20000000000000004,550,3,0.09,1.0
0.20000000000000004,550,3,0.09999999999999999,1.0
0.20000000000000004,550,3,0.11,1.0
0.20000000000000004,550,3,0.12,1.0
0.20000000000000004,550,3,0.13,1.0
0.20000000000000004,550,3,0.14,1.0
0.20000000000000004,550,4,0.01,0.9985
0.20000000000000004,550,4,0.02,1.0
0.20000000000000004,550,4,0.03,1.0
0.20000000000000004,550,4,0.04,1.0
0.20000000000000004,550,4,0.05,1.0
0.20000000000000004,550,4,0.060000000000000005,1.0
0.20000000000000004,550,4,0.06999999999999999,1.0
0.20000000000000004,550,4,0.08,1.0
0.20000000000000004,550,4,0.09,1.0
0.20000000000000004,550,4,0.09999999999999999,1.0
0.20000000000000004,550,4,0.11,1.0
0.20000000000000004,550,4,0.12,1.0
0.20000000000000004,550,4,0.13,1.0
0.20000000000000004,550,4,0.14,1.0
0.20000000000000004,550,5,0.01,0.9906
0.20000000000000004,550,5,0.02,1.0
0.20000000000000004,550,5,0.03,1.0
0.20000000000000004,550,5,0.04,1.0
0.20000000000000004,550,5,0.05,1.0
0.20000000000000004,550,5,0.060000000000000005,1.0
0.20000000000000004,550,5,0.06999999999999999,1.0
0.20000000000000004,550,5,0.08,1.0
0.20000000000000004,550,5,0.09,1.0
0.20000000000000004,550,5,0.09999999999999999,1.0
0.20000000000000004,550,5,0.11,1.0
0.20000000000000004,550,5,0.12,1.0
0.20000000000000004,550,5,0.13,1.0
0.20000000000000004,550,5,0.14,1.0
0.20000000000000004,550,6,0.01,0.9694
0.20000000000000004,550,6,0.02,1.0
0.20000000000000004,550,6,0.03,1.0
0.20000000000000004,550,6,0.04,1.0
0.20000000000000004,550,6,0.05,1.0
0.20000000000000004,550,6,0.060000000000000005,1.0
0.20000000000000004,550,6,0.06999999999999999,1.0
0.20000000000000004,550,6,0.08,1.0
0.20000000000000004,550,6,0.09,1.0
0.20000000000000004,550,6,0.09999999999999999,1.0
0.20000000000000004,550,6,0.11,1.0
0.20000000000000004,550,6,0.12,1.0
0.20000000000000004,550,6,0.13,1.0
0.20000000000000004,550,6,0.14,1.0
0.20000000000000004,550,7,0.01,0.9179
0.20000000000000004,550,7,0.02,1.0
0.20000000000000004,550,7,0.03,1.0
0.20000000000000004,550,7,0.04,1.0
0.20000000000000004,550,7,0.05,1.0
0.20000000000000004,550,7,0.060000000000000005,1.0
0.20000000000000004,550,7,0.06999999999999999,1.0
0.20000000000000004,550,7,0.08,1.0
0.20000000000000004,550,7,0.09,1.0
0.20000000000000004,550,7,0.09999999999999999,1.0
0.20000000000000004,550,7,0.11,1.0
0.20000000000000004,550,7,0.12,1.0
0.20000000000000004,550,7,0.13,1.0
0.20000000000000004,550,7,0.14,1.0
0.20000000000000004,550,8,0.01,0.8174
0.20000000000000004,550,8,0.02,0.9999
0.20000000000000004,550,8,0.03,1.0
0.20000000000000004,550,8,0.04,1.0
0.20000000000000004,550,8,0.05,1.0
0.20000000000000004,550,8,0.060000000000000005,1.0
0.20000000000000004,550,8,0.06999999999999999,1.0
0.20000000000000004,550,8,0.08,1.0
0.20000000000000004,550,8,0.09,1.0
0.20000000000000004,550,8,0.09999999999999999,1.0
0.20000000000000004,550,8,0.11,1.0
0.20000000000000004,550,8,0.12,1.0
0.20000000000000004,550,8,0.13,1.0
0.20000000000000004,550,8,0.14,1.0
0.20000000000000004,600,3,0.01,1.0
0.20000000000000004,600,3,0.02,1.0
0.20000000000000004,600,3,0.03,1.0
0.20000000000000004,600,3,0.04,1.0
0.20000000000000004,600,3,0.05,1.0
0.20000000000000004,600,3,0.060000000000000005,1.0
0.20000000000000004,600,3,0.06999999999999999,1.0
0.20000000000000004,600,3,0.08,1.0
0.20000000000000004,600,3,0.09,1.0
0.20000000000000004,600,3,0.09999999999999999,1.0
0.20000000000000004,600,3,0.11,1.0
0.20000000000000004,600,3,0.12,1.0
0.20000000000000004,600,3,0.13,1.0
0.20000000000000004,600,3,0.14,1.0
0.20000000000000004,600,4,0.01,0.9994
0.20000000000000004,600,4,0.02,1.0
0.20000000000000004,600,4,0.03,1.0
0.20000000000000004,600,4,0.04,1.0
0.20000000000000004,600,4,0.05,1.0
0.20000000000000004,600,4,0.060000000000000005,1.0
0.20000000000000004,600,4,0.06999999999999999,1.0
0.20000000000000004,600,4,0.08,1.0
0.20000000000000004,600,4,0.09,1.0
0.20000000000000004,600,4,0.09999999999999999,1.0
0.20000000000000004,600,4,0.11,1.0
0.20000000000000004,600,4,0.12,1.0
0.20000000000000004,600,4,0.13,1.0
0.20000000000000004,600,4,0.14,1.0
0.20000000000000004,600,5,0.01,0.9954
0.20000000000000004,600,5,0.02,1.0
0.20000000000000004,600,5,0.03,1.0
0.20000000000000004,600,5,0.04,1.0
0.20000000000000004,600,5,0.05,1.0
0.20000000000000004,600,5,0.060000000000000005,1.0
0.20000000000000004,600,5,0.06999999999999999,1.0
0.20000000000000004,600,5,0.08,1.0
0.20000000000000004,600,5,0.09,1.0
0.20000000000000004,600,5,0.09999999999999999,1.0
0.20000000000000004,600,5,0.11,1.0
0.20000000000000004,600,5,0.12,1.0
0.20000000000000004,600,5,0.13,1.0
0.20000000000000004,600,5,0.14,1.0
0.20000000000000004,600,6,0.01,0.9821
0.20000000000000004,600,6,0.02,1.0
0.20000000000000004,600,6,0.03,1.0
0.20000000000000004,600,6,0.04,1.0
0.20000000000000004,600,6,0.05,1.0
0.20000000000000004,600,6,0.060000000000000005,1.0
0.20000000000000004,600,6,0.06999999999999999,1.0
0.20000000000000004,600,6,0.08,1.0
0.20000000000000004,600,6,0.09,1.0
0.20000000000000004,600,6,0.09999999999999999,1.0
0.20000000000000004,600,6,0.11,1.0
0.20000000000000004,600,6,0.12,1.0
0.20000000000000004,600,6,0.13,1.0
0.20000000000000004,600,6,0.14,1.0
0.20000000000000004,600,7,0.01,0.9454
0.20000000000000004,600,7,0.02,1.0
0.20000000000000004,600,7,0.03,1.0
0.20000000000000004,600,7,0.04,1.0
0.20000000000000004,600,7,0.05,1.0
0.20000000000000004,600,7,0.060000000000000005,1.0
0.20000000000000004,600,7,0.06999999999999999,1.0
0.20000000000000004,600,7,0.08,1.0
0.20000000000000004,600,7,0.09,1.0
0.20000000000000004,600,7,0.09999999999999999,1.0
0.20000000000000004,600,7,0.11,1.0
0.20000000000000004,600,7,0.12,1.0
0.20000000000000004,600,7,0.13,1.0
0.20000000000000004,600,7,0.14,1.0
0.20000000000000004,600,8,0.01,0.8718
0.20000000000000004,600,8,0.02,1.0
0.20000000000000004,600,8,0.03,1.0
0.20000000000000004,600,8,0.04,1.0
0.20000000000000004,600,8,0.05,1.0
0.20000000000000004,600,8,0.060000000000000005,1.0
0.20000000000000004,600,8,0.06999999999999999,1.0
0.20000000000000004,600,8,0.08,1.0
0.20000000000000004,600,8,0.09,1.0
0.20000000000000004,600,8,0.09999999999999999,1.0
0.20000000000000004,600,8,0.11,1.0
0.20000000000000004,600,8,0.12,1.0
0.20000000000000004,600,8,0.13,1.0
0.20000000000000004,600,8,0.14,1.0
0.20000000000000004,650,3,0.01,1.0
0.20000000000000004,650,3,0.02,1.0
0.20000000000000004,650,3,0.03,1.0
0.20000000000000004,650,3,0.04,1.0
0.20000000000000004,650,3,0.05,1.0
0.20000000000000004,650,3,0.060000000000000005,1.0
0.20000000000000004,650,3,0.06999999999999999,1.0
0.20000000000000004,650,3,0.08,1.0
0.20000000000000004,650,3,0.09,1.0
0.20000000000000004,650,3,0.09999999999999999,1.0
0.20000000000000004,650,3,0.11,1.0
0.20000000000000004,650,3,0.12,1.0
0.20000000000000004,650,3,0.13,1.0
0.20000000000000004,650,3,0.14,1.0
0.20000000000000004,650,4,0.01,0.9998
0.20000000000000004,650,4,0.02,1.0
0.20000000000000004,650,4,0.03,1.0
0.20000000000000004,650,4,0.04,1.0
0.20000000000000004,650,4,0.05,1.0
0.20000000000000004,650,4,0.060000000000000005,1.0
0.20000000000000004,650,4,0.06999999999999999,1.0
0.20000000000000004,650,4,0.08,1.0
0.20000000000000004,650,4,0.09,1.0
0.20000000000000004,650,4,0.09999999999999999,1.0
0.20000000000000004,650,4,0.11,1.0
0.20000000000000004,650,4,0.12,1.0
0.20000000000000004,650,4,0.13,1.0
0.20000000000000004,650,4,0.14,1.0
0.20000000000000004,650,5,0.01,0.9978
0.20000000000000004,650,5,0.02,1.0
0.20000000000000004,650,5,0.03,1.0
0.20000000000000004,650,5,0.04,1.0
0.20000000000000004,650,5,0.05,1.0
0.20000000000000004,650,5,0.060000000000000005,1.0
0.20000000000000004,650,5,0.06999999999999999,1.0
0.20000000000000004,650,5,0.08,1.0
0.20000000000000004,650,5,0.09,1.0
0.20000000000000004,650,5,0.09999999999999999,1.0
0.20000000000000004,650,5,0.11,1.0
0.20000000000000004,650,5,0.12,1.0
0.20000000000000004,650,5,0.13,1.0
0.20000000000000004,650,5,0.14,1.0
0.20000000000000004,650,6,0.01,0.9903
0.20000000000000004,650,6,0.02,1.0
0.20000000000000004,650,6,0.03,1.0
0.20000000000000004,650,6,0.04,1.0
0.20000000000000004,650,6,0.05,1.0
0.20000000000000004,650,6,0.060000000000000005,1.0
0.20000000000000004,650,6,0.06999999999999999,1.0
0.20000000000000004,650,6,0.08,1.0
0.20000000000000004,650,6,0.09,1.0
0.20000000000000004,650,6,0.09999999999999999,1.0
0.20000000000000004,650,6,0.11,1.0
0.20000000000000004,650,6,0.12,1.0
0.20000000000000004,650,6,0.13,1.0
0.20000000000000004,650,6,0.14,1.0
0.20000000000000004,650,7,0.01,0.9656
0.20000000000000004,650,7,0.02,1.0
0.20000000000000004,650,7,0.03,1.0
0.20000000000000004,650,7,0.04,1.0
0.20000000000000004,650,7,0.05,1.0
0.20000000000000004,650,7,0.060000000000000005,1.0
0.20000000000000004,650,7,0.06999999999999999,1.0
0.20000000000000004,650,7,0.08,1.0
0.20000000000000004,650,7,0.09,1.0
0.20000000000000004,650,7,0.09999999999999999,1.0
0.20000000000000004,650,7,0.11,1.0
0.20000000000000004,650,7,0.12,1.0
0.20000000000000004,650,7,0.13,1.0
0.20000000000000004,650,7,0.14,1.0
0.20000000000000004,650,8,0.01,0.9097
0.20000000000000004,650,8,0.02,1.0
0.20000000000000004,650,8,0.03,1.0
0.20000000000000004,650,8,0.04,1.0
0.20000000000000004,650,8,0.05,1.0
0.20000000000000004,650,8,0.060000000000000005,1.0
0.20000000000000004,650,8,0.06999999999999999,1.0
0.20000000000000004,650,8,0.08,1.0
0.20000000000000004,650,8,0.09,1.0
0.20000000000000004,650,8,0.09999999999999999,1.0
0.20000000000000004,650,8,0.11,1.0
0.20000000000000004,650,8,0.12,1.0
0.20000000000000004,650,8,0.13,1.0
0.20000000000000004,650,8,0.14,1.0
0.30000000000000004,50,3,0.01,0.4374
0.30000000000000004,50,3,0.02,0.7951
0.30000000000000004,50,3,0.03,0.9289
0.30000000000000004,50,3,0.04,0.9742
0.30000000000000004,50,3,0.05,0.9909
0.30000000000000004,50,3,0.060000000000000005,0.9963
0.30000000000000004,50,3,0.06999999999999999,0.9985
0.30000000000000004,50,3,0.08,0.9993
0.30000000000000004,50,3,0.09,0.9997
0.30000000000000004,50,3,0.09999999999999999,0.9997
0.30000000000000004,50,3,0.11,0.9999
0.30000000000000004,50,3,0.12,0.9999
0.30000000000000004,50,3,0.13,1.0
0.30000000000000004,50,3,0.14,1.0
0.30000000000000004,50,4,0.01,0.2091
0.30000000000000004,50,4,0.02,0.6016
0.30000000000000004,50,4,0.03,0.8139
0.30000000000000004,50,4,0.04,0.9225
0.30000000000000004,50,4,0.05,0.9659
0.30000000000000004,50,4,0.060000000000000005,0.9871
0.30000000000000004,50,4,0.06999999999999999,0.9941
0.30000000000000004,50,4,0.08,0.997
0.30000000000000004,50,4,0.09,0.9986
0.30000000000000004,50,4,0.09999999999999999,0.9993
0.30000000000000004,50,4,0.11,0.9997
0.30000000000000004,50,4,0.12,0.9999
0.30000000000000004,50,4,0.13,1.0
0.30000000000000004,50,4,0.14,1.0
0.30000000000000004,50,5,0.01,0.0791
0.30000000000000004,50,5,0.02,0.3908
0.30000000000000004,50,5,0.03,0.6532
0.30000000000000004,50,5,0.04,0.8265
0.30000000000000004,50,5,0.05,0.9106
0.30000000000000004,50,5,0.060000000000000005,0.9573
0.30000000000000004,50,5,0.06999999999999999,0.9802
0.30000000000000004,50,5,0.08,0.9891
0.30000000000000004,50,5,0.09,0.9947
0.30000000000000004,50,5,0.09999999999999999,0.9972
0.30000000000000004,50,5,0.11,0.9986
0.30000000000000004,50,5,0.12,0.9993
0.30000000000000004,50,5,0.13,0.9994
0.30000000000000004,50,5,0.14,0.9997
0.30000000000000004,50,6,0.01,0.0224
0.30000000000000004,50,6,0.02,0.2147
0.30000000000000004,50,6,0.03,0.4619
0.30000000000000004,50,6,0.04,0.6819
0.30000000000000004,50,6,0.05,0.8158
0.30000000000000004,50,6,0.060000000000000005,0.8994
0.30000000000000004,50,6,0.06999999999999999,0.9438
0.30000000000000004,50,6,0.08,0.9709
0.30000000000000004,50,6,0.09,0.9845
0.30000000000000004,50,6,0.09999999999999999,0.9903
0.30000000000000004,50,6,0.11,0.9948
0.30000000000000004,50,6,0.12,0.9965
0.30000000000000004,50,6,0.13,0.9981
0.30000000000000004,50,6,0.14,0.9989
0.30000000000000004,50,7,0.01,0.0055
0.30000000000000004,50,7,0.02,0.1015
0.30000000000000004,50,7,0.03,0.2911
0.30000000000000004,50,7,0.04,0.5139
0.30000000000000004,50,7,0.05,0.6795
0.30000000000000004,50,7,0.060000000000000005,0.8062
0.30000000000000004,50,7,0.06999999999999999,0.8801
0.30000000000000004,50,7,0.08,0.9272
0.30000000000000004,50,7,0.09,0.9568
0.30000000000000004,50,7,0.09999999999999999,0.9748
0.30000000000000004,50,7,0.11,0.9846
0.30000000000000004,50,7,0.12,0.9895
0.30000000000000004,50,7,0.13,0.9936
0.30000000000000004,50,7,0.14,0.9966
0.30000000000000004,50,8,0.01,0.0012
0.30000000000000004,50,8,0.02,0.0439
0.30000000000000004,50,8,0.03,0.1625
0.30000000000000004,50,8,0.04,0.3474
0.30000000000000004,50,8,0.05,0.5186
0.30000000000000004,50,8,0.060000000000000005,0.6652
0.30000000000000004,50,8,0.06999999999999999,0.7823
0.30000000000000004,50,8,0.08,0.858
0.30000000000000004,50,8,0.09,0.9069
0.30000000000000004,50,8,0.09999999999999999,0.938
0.30000000000000004,50,8,0.11,0.9626
0.30000000000000004,50,8,0.12,0.9756
0.30000000000000004,50,8,0.13,0.9839
0.30000000000000004,50,8,0.14,0.9889
0.30000000000000004,100,3,0.01,0.8046
0.30000000000000004,100,3,0.02,0.9837
0.30000000000000004,100,3,0.03,0.9988
0.30000000000000004,100,3,0.04,1.0
0.30000000000000004,100,3,0.05,1.0
0.30000000000000004,100,3,0.060000000000000005,1.0
0.30000000000000004,100,3,0.06999999999999999,1.0
0.30000000000000004,100,3,0.08,1.0
0.30000000000000004,100,3,0.09,1.0
0.30000000000000004,100,3,0.09999999999999999,1.0
0.30000000000000004,100,3,0.11,1.0
0.30000000000000004,100,3,0.12,1.0
0.30000000000000004,100,3,0.13,1.0
0.30000000000000004,100,3,0.14,1.0
0.30000000000000004,100,4,0.01,0.6011
0.30000000000000004,100,4,0.02,0.9467
0.30000000000000004,100,4,0.03,0.9932
0.30000000000000004,100,4,0.04,0.9993
0.30000000000000004,100,4,0.05,1.0
0.30000000000000004,100,4,0.060000000000000005,1.0
0.30000000000000004,100,4,0.06999999999999999,1.0
0.30000000000000004,100,4,0.08,1.0
0.30000000000000004,100,4,0.09,1.0
0.30000000000000004,100,4,0.09999999999999999,1.0
0.30000000000000004,100,4,0.11,1.0
0.30000000000000004,100,4,0.12,1.0
0.30000000000000004,100,4,0.13,1.0
0.30000000000000004,100,4,0.14,1.0
0.30000000000000004,100,5,0.01,0.3805
0.30000000000000004,100,5,0.02,0.8646
0.30000000000000004,100,5,0.03,0.9765
0.30000000000000004,100,5,0.04,0.9959
0.30000000000000004,100,5,0.05,0.9997
0.30000000000000004,100,5,0.060000000000000005,0.9999
0.30000000000000004,100,5,0.06999999999999999,1.0
0.30000000000000004,100,5,0.08,1.0
0.30000000000000004,100,5,0.09,1.0
0.30000000000000004,100,5,0.09999999999999999,1.0
0.30000000000000004,100,5,0.11,1.0
0.30000000000000004,100,5,0.12,1.0
0.30000000000000004,100,5,0.13,1.0
0.30000000000000004,100,5,0.14,1.0
0.30000000000000004,100,6,0.01,0.1925
0.30000000000000004,100,6,0.02,0.7419
0.30000000000000004,100,6,0.03,0.9406
0.30000000000000004,100,6,0.04,0.9878
0.30000000000000004,100,6,0.05,0.9983
0.30000000000000004,100,6,0.060000000000000005,0.9997
0.30000000000000004,100,6,0.06999999999999999,1.0
0.30000000000000004,100,6,0.08,1.0
0.30000000000000004,100,6,0.09,1.0
0.30000000000000004,100,6,0.09999999999999999,1.0
0.30000000000000004,100,6,0.11,1.0
0.30000000000000004,100,6,0.12,1.0
0.30000000000000004,100,6,0.13,1.0
0.30000000000000004,100,6,0.14,1.0
0.30000000000000004,100,7,0.01,0.0813
0.30000000000000004,100,7,0.02,0.5849
0.30000000000000004,100,7,0.03,0.8729
0.30000000000000004,100,7,0.04,0.9682
0.30000000000000004,100,7,0.05,0.9941
0.30000000000000004,100,7,0.060000000000000005,0.9988
0.30000000000000004,100,7,0.06999999999999999,0.9999
0.30000000000000004,100,7,0.08,1.0
0.30000000000000004,100,7,0.09,1.0
0.30000000000000004,100,7,0.09999999999999999,1.0
0.30000000000000004,100,7,0.11,1.0
0.30000000000000004,100,7,0.12,1.0
0.30000000000000004,100,7,0.13,1.0
0.30000000000000004,100,7,0.14,1.0
0.30000000000000004,100,8,0.01,0.0278
0.30000000000000004,100,8,0.02,0.4186
0.30000000000000004,100,8,0.03,0.7706
0.30000000000000004,100,8,0.04,0.9324
0.30000000000000004,100,8,0.05,0.9827
0.30000000000000004,100,8,0.060000000000000005,0.9958
0.30000000000000004,100,8,0.06999999999999999,0.9991
0.30000000000000004,100,8,0.08,0.9999
0.30000000000000004,100,8,0.09,1.0
0.30000000000000004,100,8,0.09999999999999999,1.0
0.30000000000000004,100,8,0.11,1.0
0.30000000000000004,100,8,0.12,1.0
0.30000000000000004,100,8,0.13,1.0
0.30000000000000004,100,8,0.14,1.0
0.30000000000000004,150,3,0.01,0.942
0.30000000000000004,150,3,0.02,0.999
0.30000000000000004,150,3,0.03,0.9999
0.30000000000000004,150,3,0.04,1.0
0.30000000000000004,150,3,0.05,1.0
0.30000000000000004,150,3,0.060000000000000005,1.0
0.30000000000000004,150,3,0.06999999999999999,1.0
0.30000000000000004,150,3,0.08,1.0
0.30000000000000004,150,3,0.09,1.0
0.30000000000000004,150,3,0.09999999999999999,1.0
0.30000000000000004,150,3,0.11,1.0
0.30000000000000004,150,3,0.12,1.0
0.30000000000000004,150,3,0.13,1.0
0.30000000000000004,150,3,0.14,1.0
0.30000000000000004,150,4,0.01,0.835
0.30000000000000004,150,4,0.02,0.9963
0.30000000000000004,150,4,0.03,0.9997
0.30000000000000004,150,4,0.04,1.0
0.30000000000000004,150,4,0.05,1.0
0.30000000000000004,150,4,0.060000000000000005,1.0
0.30000000000000004,150,4,0.06999999999999999,1.0
0.30000000000000004,150,4,0.08,1.0
0.30000000000000004,150,4,0.09,1.0
0.30000000000000004,150,4,0.09999999999999999,1.0
0.30000000000000004,150,4,0.11,1.0
0.30000000000000004,150,4,0.12,1.0
0.30000000000000004,150,4,0.13,1.0
0.30000000000000004,150,4,0.14,1.0
0.30000000000000004,150,5,0.01,0.6679
0.30000000000000004,150,5,0.02,0.9827
0.30000000000000004,150,5,0.03,0.9992
0.30000000000000004,150,5,0.04,0.9999
0.30000000000000004,150,5,0.05,1.0
0.30000000000000004,150,5,0.060000000000000005,1.0
0.30000000000000004,150,5,0.06999999999999999,1.0
0.30000000000000004,150,5,0.08,1.0
0.30000000000000004,150,5,0.09,1.0
0.30000000000000004,150,5,0.09999999999999999,1.0
0.30000000000000004,150,5,0.11,1.0
0.30000000000000004,150,5,0.12,1.0
0.30000000000000004,150,5,0.13,1.0
0.30000000000000004,150,5,0.14,1.0
0.30000000000000004,150,6,0.01,0.4627
0.30000000000000004,150,6,0.02,0.9497
0.30000000000000004,150,6,0.03,0.9962
0.30000000000000004,150,6,0.04,0.9995
0.30000000000000004,150,6,0.05,1.0
0.30000000000000004,150,6,0.060000000000000005,1.0
0.30000000000000004,150,6,0.06999999999999999,1.0
0.30000000000000004,150,6,0.08,1.0
0.30000000000000004,150,6,0.09,1.0
0.30000000000000004,150,6,0.09999999999999999,1.0
0.30000000000000004,150,6,0.11,1.0
0.30000000000000004,150,6,0.12,1.0
0.30000000000000004,150,6,0.13,1.0
0.30000000000000004,150,6,0.14,1.0
0.30000000000000004,150,7,0.01,0.2705
0.30000000000000004,150,7,0.02,0.8835
0.30000000000000004,150,7,0.03,0.9889
0.30000000000000004,150,7,0.04,0.9987
0.30000000000000004,150,7,0.05,1.0
0.30000000000000004,150,7,0.060000000000000005,1.0
0.30000000000000004,150,7,0.06999999999999999,1.0
0.30000000000000004,150,7,0.08,1.0
0.30000000000000004,150,7,0.09,1.0
0.30000000000000004,150,7,0.09999999999999999,1.0
0.30000000000000004,150,7,0.11,1.0
0.30000000000000004,150,7,0.12,1.0
0.30000000000000004,150,7,0.13,1.0
0.30000000000000004,150,7,0.14,1.0
0.30000000000000004,150,8,0.01,0.1348
0.30000000000000004,150,8,0.02,0.7858
0.30000000000000004,150,8,0.03,0.9729
0.30000000000000004,150,8,0.04,0.9969
0.30000000000000004,150,8,0.05,0.9996
0.30000000000000004,150,8,0.060000000000000005,1.0
0.30000000000000004,150,8,0.06999999999999999,1.0
0.30000000000000004,150,8,0.08,1.0
0.30000000000000004,150,8,0.09,1.0
0.30000000000000004,150,8,0.09999999999999999,1.0
0.30000000000000004,150,8,0.11,1.0
0.30000000000000004,150,8,0.12,1.0
0.30000000000000004,150,8,0.13,1.0
0.30000000000000004,150,8,0.14,1.0
0.30000000000000004,200,3,0.01,0.9836
0.30000000000000004,200,3,0.02,1.0
0.30000000000000004,200,3,0.03,1.0
0.30000000000000004,200,3,0.04,1.0
0.30000000000000004,200,3,0.05,1.0
0.30000000000000004,200,3,0.060000000000000005,1.0
0.30000000000000004,200,3,0.06999999999999999,1.0
0.30000000000000004,200,3,0.08,1.0
0.30000000000000004,200,3,0.09,1.0
0.30000000000000004,200,3,0.09999999999999999,1.0
0.30000000000000004,200,3,0.11,1.0
0.30000000000000004,200,3,0.12,1.0
0.30000000000000004,200,3,0.13,1.0
0.30000000000000004,200,3,0.14,1.0
0.30000000000000004,200,4,0.01,0.9378
0.30000000000000004,200,4,0.02,0.9994
0.30000000000000004,200,4,0.03,1.0
0.30000000000000004,200,4,0.04,1.0
0.30000000000000004,200,4,0.05,1.0
0.30000000000000004,200,4,0.060000000000000005,1.0
0.30000000000000004,200,4,0.06999999999999999,1.0
0.30000000000000004,200,4,0.08,1.0
0.30000000000000004,200,4,0.09,1.0
0.30000000000000004,200,4,0.09999999999999999,1.0
0.30000000000000004,200,4,0.11,1.0
0.30000000000000004,200,4,0.12,1.0
0.30000000000000004,200,4,0.13,1.0
0.30000000000000004,200,4,0.14,1.0
0.30000000000000004,200,5,0.01,0.848
0.30000000000000004,200,5,0.02,0.9975
0.30000000000000004,200,5,0.03,0.9999
0.30000000000000004,200,5,0.04,1.0
0.30000000000000004,200,5,0.05,1.0
0.30000000000000004,200,5,0.060000000000000005,1.0
0.30000000000000004,200,5,0.06999999999999999,1.0
0.30000000000000004,200,5,0.08,1.0
0.30000000000000004,200,5,0.09,1.0
0.30000000000000004,200,5,0.09999999999999999,1.0
0.30000000000000004,200,5,0.11,1.0
0.30000000000000004,200,5,0.12,1.0
0.30000000000000004,200,5,0.13,1.0
0.30000000000000004,200,5,0.14,1.0
0.30000000000000004,200,6,0.01,0.6896
0.30000000000000004,200,6,0.02,0.9931
0.30000000000000004,200,6,0.03,0.9999
0.30000000000000004,200,6,0.04,1.0
0.30000000000000004,200,6,0.05,1.0
0.30000000000000004,200,6,0.060000000000000005,1.0
0.30000000000000004,200,6,0.06999999999999999,1.0
0.30000000000000004,200,6,0.08,1.0
0.30000000000000004,200,6,0.09,1.0
0.30000000000000004,200,6,0.09999999999999999,1.0
0.30000000000000004,200,6,0.11,1.0
0.30000000000000004,200,6,0.12,1.0
0.30000000000000004,200,6,0.13,1.0
0.30000000000000004,200,6,0.14,1.0
0.30000000000000004,200,7,0.01,0.4944
0.30000000000000004,200,7,0.02,0.9794
0.30000000000000004,200,7,0.03,0.9991
0.30000000000000004,200,7,0.04,0.9999
0.30000000000000004,200,7,0.05,1.0
0.30000000000000004,200,7,0.060000000000000005,1.0
0.30000000000000004,200,7,0.06999999999999999,1.0
0.30000000000000004,200,7,0.08,1.0
0.30000000000000004,200,7,0.09,1.0
0.30000000000000004,200,7,0.09999999999999999,1.0
0.30000000000000004,200,7,0.11,1.0
0.30000000000000004,200,7,0.12,1.0
0.30000000000000004,200,7,0.13,1.0
0.30000000000000004,200,7,0.14,1.0
0.30000000000000004,200,8,0.01,0.3095
0.30000000000000004,200,8,0.02,0.9474
0.30000000000000004,200,8,0.03,0.9973
0.30000000000000004,200,8,0.04,0.9999
0.30000000000000004,200,8,0.05,1.0
0.30000000000000004,200,8,0.060000000000000005,1.0
0.30000000000000004,200,8,0.06999999999999999,1.0
0.30000000000000004,200,8,0.08,1.0
0.30000000000000004,200,8,0.09,1.0
0.30000000000000004,200,8,0.09999999999999999,1.0
0.30000000000000004,200,8,0.11,1.0
0.30000000000000004,200,8,0.12,1.0
0.30000000000000004,200,8,0.13,1.0
0.30000000000000004,200,8,0.14,1.0
0.30000000000000004,250,3,0.01,0.9942
0.30000000000000004,250,3,0.02,1.0
0.30000000000000004,250,3,0.03,1.0
0.30000000000000004,250,3,0.04,1.0
0.30000000000000004,250,3,0.05,1.0
0.30000000000000004,250,3,0.060000000000000005,1.0
0.30000000000000004,250,3,0.06999999999999999,1.0
0.30000000000000004,250,3,0.08,1.0
0.30000000000000004,250,3,0.09,1.0
0.30000000000000004,250,3,0.09999999999999999,1.0
0.30000000000000004,250,3,0.11,1.0
0.30000000000000004,250,3,0.12,1.0
0.30000000000000004,250,3,0.13,1.0
0.30000000000000004,250,3,0.14,1.0
0.30000000000000004,250,4,0.01,0.9786
0.30000000000000004,250,4,0.02,1.0
0.30000000000000004,250,4,0.03,1.0
0.30000000000000004,250,4,0.04,1.0
0.30000000000000004,250,4,0.05,1.0
0.30000000000000004,250,4,0.060000000000000005,1.0
0.30000000000000004,250,4,0.06999999999999999,1.0
0.30000000000000004,250,4,0.08,1.0
0.30000000000000004,250,4,0.09,1.0
0.30000000000000004,250,4,0.09999999999999999,1.0
0.30000000000000004,250,4,0.11,1.0
0.30000000000000004,250,4,0.12,1.0
0.30000000000000004,250,4,0.13,1.0
0.30000000000000004,250,4,0.14,1.0
0.30000000000000004,250,5,0.01,0.9348
0.30000000000000004,250,5,0.02,0.9999
0.30000000000000004,250,5,0.03,1.0
0.30000000000000004,250,5,0.04,1.0
0.30000000000000004,250,5,0.05,1.0
0.30000000000000004,250,5,0.060000000000000005,1.0
0.30000000000000004,250,5,0.06999999999999999,1.0
0.30000000000000004,250,5,0.08,1.0
0.30000000000000004,250,5,0.09,1.0
0.30000000000000004,250,5,0.09999999999999999,1.0
0.30000000000000004,250,5,0.11,1.0
0.30000000000000004,250,5,0.12,1.0
0.30000000000000004,250,5,0.13,1.0
0.30000000000000004,250,5,0.14,1.0
0.30000000000000004,250,6,0.01,0.8417
0.30000000000000004,250,6,0.02,0.9992
0.30000000000000004,250,6,0.03,1.0
0.30000000000000004,250,6,0.04,1.0
0.30000000000000004,250,6,0.05,1.0
0.30000000000000004,250,6,0.060000000000000005,1.0
0.30000000000000004,250,6,0.06999999999999999,1.0
0.30000000000000004,250,6,0.08,1.0
0.30000000000000004,250,6,0.09,1.0
0.30000000000000004,250,6,0.09999999999999999,1.0
0.30000000000000004,250,6,0.11,1.0
0.30000000000000004,250,6,0.12,1.0
0.30000000000000004,250,6,0.13,1.0
0.30000000000000004,250,6,0.14,1.0
0.30000000000000004,250,7,0.01,0.6884
0.30000000000000004,250,7,0.02,0.9968
0.30000000000000004,250,7,0.03,1.0
0.30000000000000004,250,7,0.04,1.0
0.30000000000000004,250,7,0.05,1.0
0.30000000000000004,250,7,0.060000000000000005,1.0
0.30000000000000004,250,7,0.06999999999999999,1.0
0.30000000000000004,250,7,0.08,1.0
0.30000000000000004,250,7,0.09,1.0
0.30000000000000004,250,7,0.09999999999999999,1.0
0.30000000000000004,250,7,0.11,1.0
0.30000000000000004,250,7,0.12,1.0
0.30000000000000004,250,7,0.13,1.0
0.30000000000000004,250,7,0.14,1.0
0.30000000000000004,250,8,0.01,0.4988
0.30000000000000004,250,8,0.02,0.9893
0.30000000000000004,250,8,0.03,1.0
0.30000000000000004,250,8,0.04,1.0
0.30000000000000004,250,8,0.05,1.0
0.30000000000000004,250,8,0.060000000000000005,1.0
0.30000000000000004,250,8,0.06999999999999999,1.0
0.30000000000000004,250,8,0.08,1.0
0.30000000000000004,250,8,0.09,1.0
0.30000000000000004,250,8,0.09999999999999999,1.0
0.30000000000000004,250,8,0.11,1.0
0.30000000000000004,250,8,0.12,1.0
0.30000000000000004,250,8,0.13,1.0
0.30000000000000004,250,8,0.14,1.0
0.30000000000000004,300,3,0.01,0.9986
0.30000000000000004,300,3,0.02,1.0
0.30000000000000004,300,3,0.03,1.0
0.30000000000000004,300,3,0.04,1.0
0.30000000000000004,300,3,0.05,1.0
0.30000000000000004,300,3,0.060000000000000005,1.0
0.30000000000000004,300,3,0.06999999999999999,1.0
0.30000000000000004,300,3,0.08,1.0
0.30000000000000004,300,3,0.09,1.0
0.30000000000000004,300,3,0.09999999999999999,1.0
0.30000000000000004,300,3,0.11,1.0
0.30000000000000004,300,3,0.12,1.0
0.30000000000000004,300,3,0.13,1.0
0.30000000000000004,300,3,0.14,1.0
0.30000000000000004,300,4,0.01,0.9928
0.30000000000000004,300,4,0.02,1.0
0.30000000000000004,300,4,0.03,1.0
0.30000000000000004,300,4,0.04,1.0
0.30000000000000004,300,4,0.05,1.0
0.30000000000000004,300,4,0.060000000000000005,1.0
0.30000000000000004,300,4,0.06999999999999999,1.0
0.30000000000000004,300,4,0.08,1.0
0.30000000000000004,300,4,0.09,1.0
0.30000000000000004,300,4,0.09999999999999999,1.0
0.30000000000000004,300,4,0.11,1.0
0.30000000000000004,300,4,0.12,1.0
0.30000000000000004,300,4,0.13,1.0
0.30000000000000004,300,4,0.14,1.0
0.30000000000000004,300,5,0.01,0.9752
0.30000000000000004,300,5,0.02,1.0
0.30000000000000004,300,5,0.03,1.0
0.30000000000000004,300,5,0.04,1.0
0.30000000000000004,300,5,0.05,1.0
0.30000000000000004,300,5,0.060000000000000005,1.0
0.30000000000000004,300,5,0.06999999999999999,1.0
0.30000000000000004,300,5,0.08,1.0
0.30000000000000004,300,5,0.09,1.0
0.30000000000000004,300,5,0.09999999999999999,1.0
0.30000000000000004,300,5,0.11,1.0
0.30000000000000004,300,5,0.12,1.0
0.30000000000000004,300,5,0.13,1.0
0.30000000000000004,300,5,0.14,1.0
0.30000000000000004,300,6,0.01,0.9253
0.30000000000000004,300,6,0.02,0.9998
0.30000000000000004,300,6,0.03,1.0
0.30000000000000004,300,6,0.04,1.0
0.30000000000000004,300,6,0.05,1.0
0.30000000000000004,300,6,0.060000000000000005,1.0
0.30000000000000004,300,6,0.06999999999999999,1.0
0.30000000000000004,300,6,0.08,1.0
0.30000000000000004,300,6,0.09,1.0
0.30000000000000004,300,6,0.09999999999999999,1.0
0.30000000000000004,300,6,0.11,1.0
0.30000000000000004,300,6,0.12,1.0
0.30000000000000004,300,6,0.13,1.0
0.30000000000000004,300,6,0.14,1.0
0.30000000000000004,300,7,0.01,0.8275
0.30000000000000004,300,7,0.02,0.9995
0.30000000000000004,300,7,0.03,1.0
0.30000000000000004,300,7,0.04,1.0
0.30000000000000004,300,7,0.05,1.0
0.30000000000000004,300,7,0.060000000000000005,1.0
0.30000000000000004,300,7,0.06999999999999999,1.0
0.30000000000000004,300,7,0.08,1.0
0.30000000000000004,300,7,0.09,1.0
0.30000000000000004,300,7,0.09999999999999999,1.0
0.30000000000000004,300,7,0.11,1.0
0.30000000000000004,300,7,0.12,1.0
0.30000000000000004,300,7,0.13,1.0
0.30000000000000004,300,7,0.14,1.0
0.30000000000000004,300,8,0.01,0.6726
0.30000000000000004,300,8,0.02,0.9976
0.30000000000000004,300,8,0.03,1.0
0.30000000000000004,300,8,0.04,1.0
0.30000000000000004,300,8,0.05,1.0
0.30000000000000004,300,8,0.060000000000000005,1.0
0.30000000000000004,300,8,0.06999999999999999,1.0
0.30000000000000004,300,8,0.08,1.0
0.30000000000000004,300,8,0.09,1.0
0.30000000000000004,300,8,0.09999999999999999,1.0
0.30000000000000004,300,8,0.11,1.0
0.30000000000000004,300,8,0.12,1.0
0.30000000000000004,300,8,0.13,1.0
0.30000000000000004,300,8,0.14,1.0
0.30000000000000004,350,3,0.01,0.9995
0.30000000000000004,350,3,0.02,1.0
0.30000000000000004,350,3,0.03,1.0
0.30000000000000004,350,3,0.04,1.0
0.30000000000000004,350,3,0.05,1.0
0.30000000000000004,350,3,0.060000000000000005,1.0
0.30000000000000004,350,3,0.06999999999999999,1.0
0.30000000000000004,350,3,0.08,1.0
0.30000000000000004,350,3,0.09,1.0
0.30000000000000004,350,3,0.09999999999999999,1.0
0.30000000000000004,350,3,0.11,1.0
0.30000000000000004,350,3,0.12,1.0
0.30000000000000004,350,3,0.13,1.0
0.30000000000000004,350,3,0.14,1.0
0.30000000000000004,350,4,0.01,0.9977
0.30000000000000004,350,4,0.02,1.0
0.30000000000000004,350,4,0.03,1.0
0.30000000000000004,350,4,0.04,1.0
0.30000000000000004,350,4,0.05,1.0
0.30000000000000004,350,4,0.060000000000000005,1.0
0.30000000000000004,350,4,0.06999999999999999,1.0
0.30000000000000004,350,4,0.08,1.0
0.30000000000000004,350,4,0.09,1.0
0.30000000000000004,350,4,0.09999999999999999,1.0
0.30000000000000004,350,4,0.11,1.0
0.30000000000000004,350,4,0.12,1.0
0.30000000000000004,350,4,0.13,1.0
0.30000000000000004,350,4,0.14,1.0
0.30000000000000004,350,5,0.01,0.9895
0.30000000000000004,350,5,0.02,1.0
0.30000000000000004,350,5,0.03,1.0
0.30000000000000004,350,5,0.04,1.0
0.30000000000000004,350,5,0.05,1.0
0.30000000000000004,350,5,0.060000000000000005,1.0
0.30000000000000004,350,5,0.06999999999999999,1.0
0.30000000000000004,350,5,0.08,1.0
0.30000000000000004,350,5,0.09,1.0
0.30000000000000004,350,5,0.09999999999999999,1.0
0.30000000000000004,350,5,0.11,1.0
0.30000000000000004,350,5,0.12,1.0
0.30000000000000004,350,5,0.13,1.0
0.30000000000000004,350,5,0.14,1.0
0.30000000000000004,350,6,0.01,0.9679
0.30000000000000004,350,6,0.02,1.0
0.30000000000000004,350,6,0.03,1.0
0.30000000000000004,350,6,0.04,1.0
0.30000000000000004,350,6,0.05,1.0
0.30000000000000004,350,6,0.060000000000000005,1.0
0.30000000000000004,350,6,0.06999999999999999,1.0
0.30000000000000004,350,6,0.08,1.0
0.30000000000000004,350,6,0.09,1.0
0.30000000000000004,350,6,0.09999999999999999,1.0
0.30000000000000004,350,6,0.11,1.0
0.30000000000000004,350,6,0.12,1.0
0.30000000000000004,350,6,0.13,1.0
0.30000000000000004,350,6,0.14,1.0
0.30000000000000004,350,7,0.01,0.9074
0.30000000000000004,350,7,0.02,0.9998
0.30000000000000004,350,7,0.03,1.0
0.30000000000000004,350,7,0.04,1.0
0.30000000000000004,350,7,0.05,1.0
0.30000000000000004,350,7,0.060000000000000005,1.0
0.30000000000000004,350,7,0.06999999999999999,1.0
0.30000000000000004,350,7,0.08,1.0
0.30000000000000004,350,7,0.09,1.0
0.30000000000000004,350,7,0.09999999999999999,1.0
0.30000000000000004,350,7,0.11,1.0
0.30000000000000004,350,7,0.12,1.0
0.30000000000000004,350,7,0.13,1.0
0.30000000000000004,350,7,0.14,1.0
0.30000000000000004,350,8,0.01,0.8006
0.30000000000000004,350,8,0.02,0.9995
0.30000000000000004,350,8,0.03,1.0
0.30000000000000004,350,8,0.04,1.0
0.30000000000000004,350,8,0.05,1.0
0.30000000000000004,350,8,0.060000000000000005,1.0
0.30000000000000004,350,8,0.06999999999999999,1.0
0.30000000000000004,350,8,0.08,1.0
0.30000000000000004,350,8,0.09,1.0
0.30000000000000004,350,8,0.09999999999999999,1.0
0.30000000000000004,350,8,0.11,1.0
0.30000000000000004,350,8,0.12,1.0
0.30000000000000004,350,8,0.13,1.0
0.30000000000000004,350,8,0.14,1.0
0.30000000000000004,400,3,0.01,0.9997
0.30000000000000004,400,3,0.02,1.0
0.30000000000000004,400,3,0.03,1.0
0.30000000000000004,400,3,0.04,1.0
0.30000000000000004,400,3,0.05,1.0
0.30000000000000004,400,3,0.060000000000000005,1.0
0.30000000000000004,400,3,0.06999999999999999,1.0
0.30000000000000004,400,3,0.08,1.0
0.30000000000000004,400,3,0.09,1.0
0.30000000000000004,400,3,0.09999999999999999,1.0
0.30000000000000004,400,3,0.11,1.0
0.30000000000000004,400,3,0.12,1.0
0.30000000000000004,400,3,0.13,1.0
0.30000000000000004,400,3,0.14,1.0
0.30000000000000004,400,4,0.01,0.9993
0.30000000000000004,400,4,0.02,1.0
0.30000000000000004,400,4,0.03,1.0
0.30000000000000004,400,4,0.04,1.0
0.30000000000000004,400,4,0.05,1.0
0.30000000000000004,400,4,0.060000000000000005,1.0
0.30000000000000004,400,4,0.06999999999999999,1.0
0.30000000000000004,400,4,0.08,1.0
0.30000000000000004,400,4,0.09,1.0
0.30000000000000004,400,4,0.09999999999999999,1.0
0.30000000000000004,400,4,0.11,1.0
0.30000000000000004,400,4,0.12,1.0
0.30000000000000004,400,4,0.13,1.0
0.30000000000000004,400,4,0.14,1.0
0.30000000000000004,400,5,0.01,0.9963
0.30000000000000004,400,5,0.02,1.0
0.30000000000000004,400,5,0.03,1.0
0.30000000000000004,400,5,0.04,1.0
0.30000000000000004,400,5,0.05,1.0
0.30000000000000004,400,5,0.060000000000000005,1.0
0.30000000000000004,400,5,0.06999999999999999,1.0
0.30000000000000004,400,5,0.08,1.0
0.30000000000000004,400,5,0.09,1.0
0.30000000000000004,400,5,0.09999999999999999,1.0
0.30000000000000004,400,5,0.11,1.0
0.30000000000000004,400,5,0.12,1.0
0.30000000000000004,400,5,0.13,1.0
0.30000000000000004,400,5,0.14,1.0
0.30000000000000004,400,6,0.01,0.9853
0.30000000000000004,400,6,0.02,1.0
0.30000000000000004,400,6,0.03,1.0
0.30000000000000004,400,6,0.04,1.0
0.30000000000000004,400,6,0.05,1.0
0.30000000000000004,400,6,0.060000000000000005,1.0
0.30000000000000004,400,6,0.06999999999999999,1.0
0.30000000000000004,400,6,0.08,1.0
0.30000000000000004,400,6,0.09,1.0
0.30000000000000004,400,6,0.09999999999999999,1.0
0.30000000000000004,400,6,0.11,1.0
0.30000000000000004,400,6,0.12,1.0
0.30000000000000004,400,6,0.13,1.0
0.30000000000000004,400,6,0.14,1.0
0.30000000000000004,400,7,0.01,0.9524
0.30000000000000004,400,7,0.02,1.0
0.30000000000000004,400,7,0.03,1.0
0.30000000000000004,400,7,0.04,1.0
0.30000000000000004,400,7,0.05,1.0
0.30000000000000004,400,7,0.060000000000000005,1.0
0.30000000000000004,400,7,0.06999999999999999,1.0
0.30000000000000004,400,7,0.08,1.0
0.30000000000000004,400,7,0.09,1.0
0.30000000000000004,400,7,0.09999999999999999,1.0
0.30000000000000004,400,7,0.11,1.0
0.30000000000000004,400,7,0.12,1.0
0.30000000000000004,400,7,0.13,1.0
0.30000000000000004,400,7,0.14,1.0
0.30000000000000004,400,8,0.01,0.8831
0.30000000000000004,400,8,0.02,0.9998
0.30000000000000004,400,8,0.03,1.0
0.30000000000000004,400,8,0.04,1.0
0.30000000000000004,400,8,0.05,1.0
0.30000000000000004,400,8,0.060000000000000005,1.0
0.30000000000000004,400,8,0.06999999999999999,1.0
0.30000000000000004,400,8,0.08,1.0
0.30000000000000004,400,8,0.09,1.0
0.30000000000000004,400,8,0.09999999999999999,1.0
0.30000000000000004,400,8,0.11,1.0
0.30000000000000004,400,8,0.12,1.0
0.30000000000000004,400,8,0.13,1.0
0.30000000000000004,400,8,0.14,1.0
0.30000000000000004,450,3,0.01,1.0
0.30000000000000004,450,3,0.02,1.0
0.30000000000000004,450,3,0.03,1.0
0.30000000000000004,450,3,0.04,1.0
0.30000000000000004,450,3,0.05,1.0
0.30000000000000004,450,3,0.060000000000000005,1.0
0.30000000000000004,450,3,0.06999999999999999,1.0
0.30000000000000004,450,3,0.08,1.0
0.30000000000000004,450,3,0.09,1.0
0.30000000000000004,450,3,0.09999999999999999,1.0
0.30000000000000004,450,3,0.11,1.0
0.30000000000000004,450,3,0.12,1.0
0.30000000000000004,450,3,0.13,1.0
0.30000000000000004,450,3,0.14,1.0
0.30000000000000004,450,4,0.01,0.9998
0.30000000000000004,450,4,0.02,1.0
0.30000000000000004,450,4,0.03,1.0
0.30000000000000004,450,4,0.04,1.0
0.30000000000000004,450,4,0.05,1.0
0.30000000000000004,450,4,0.060000000000000005,1.0
0.30000000000000004,450,4,0.06999999999999999,1.0
0.30000000000000004,450,4,0.08,1.0
0.30000000000000004,450,4,0.09,1.0
0.30000000000000004,450,4,0.09999999999999999,1.0
0.30000000000000004,450,4,0.11,1.0
0.30000000000000004,450,4,0.12,1.0
0.30000000000000004,450,4,0.13,1.0
0.30000000000000004,450,4,0.14,1.0
0.30000000000000004,450,5,0.01,0.9989
0.30000000000000004,450,5,0.02,1.0
0.30000000000000004,450,5,0.03,1.0
0.30000000000000004,450,5,0.04,1.0
0.30000000000000004,450,5,0.05,1.0
0.30000000000000004,450,5,0.060000000000000005,1.0
0.30000000000000004,450,5,0.06999999999999999,1.0
0.30000000000000004,450,5,0.08,1.0
0.30000000000000004,450,5,0.09,1.0
0.30000000000000004,450,5,0.09999999999999999,1.0
0.30000000000000004,450,5,0.11,1.0
0.30000000000000004,450,5,0.12,1.0
0.30000000000000004,450,5,0.13,1.0
0.30000000000000004,450,5,0.14,1.0
0.30000000000000004,450,6,0.01,0.9936
0.30000000000000004,450,6,0.02,1.0
0.30000000000000004,450,6,0.03,1.0
0.30000000000000004,450,6,0.04,1.0
0.30000000000000004,450,6,0.05,1.0
0.30000000000000004,450,6,0.060000000000000005,1.0
0.30000000000000004,450,6,0.06999999999999999,1.0
0.30000000000000004,450,6,0.08,1.0
0.30000000000000004,450,6,0.09,1.0
0.30000000000000004,450,6,0.09999999999999999,1.0
0.30000000000000004,450,6,0.11,1.0
0.30000000000000004,450,6,0.12,1.0
0.30000000000000004,450,6,0.13,1.0
0.30000000000000004,450,6,0.14,1.0
0.30000000000000004,450,7,0.01,0.9757
0.30000000000000004,450,7,0.02,1.0
0.30000000000000004,450,7,0.03,1.0
0.30000000000000004,450,7,0.04,1.0
0.30000000000000004,450,7,0.05,1.0
0.30000000000000004,450,7,0.060000000000000005,1.0
0.30000000000000004,450,7,0.06999999999999999,1.0
0.30000000000000004,450,7,0.08,1.0
0.30000000000000004,450,7,0.09,1.0
0.30000000000000004,450,7,0.09999999999999999,1.0
0.30000000000000004,450,7,0.11,1.0
0.30000000000000004,450,7,0.12,1.0
0.30000000000000004,450,7,0.13,1.0
0.30000000000000004,450,7,0.14,1.0
0.30000000000000004,450,8,0.01,0.9353
0.30000000000000004,450,8,0.02,1.0
0.30000000000000004,450,8,0.03,1.0
0.30000000000000004,450,8,0.04,1.0
0.30000000000000004,450,8,0.05,1.0
0.30000000000000004,450,8,0.060000000000000005,1.0
0.30000000000000004,450,8,0.06999999999999999,1.0
0.30000000000000004,450,8,0.08,1.0
0.30000000000000004,450,8,0.09,1.0
0.30000000000000004,450,8,0.09999999999999999,1.0
0.30000000000000004,450,8,0.11,1.0
0.30000000000000004,450,8,0.12,1.0
0.30000000000000004,450,8,0.13,1.0
0.30000000000000004,450,8,0.14,1.0
0.30000000000000004,500,3,0.01,1.0
0.30000000000000004,500,3,0.02,1.0
0.30000000000000004,500,3,0.03,1.0
0.30000000000000004,500,3,0.04,1.0
0.30000000000000004,500,3,0.05,1.0
0.30000000000000004,500,3,0.060000000000000005,1.0
0.30000000000000004,500,3,0.06999999999999999,1.0
0.30000000000000004,500,3,0.08,1.0
0.30000000000000004,500,3,0.09,1.0
0.30000000000000004,500,3,0.09999999999999999,1.0
0.30000000000000004,500,3,0.11,1.0
0.30000000000000004,500,3,0.12,1.0
0.30000000000000004,500,3,0.13,1.0
0.30000000000000004,500,3,0.14,1.0
0.30000000000000004,500,4,0.01,0.9999
0.30000000000000004,500,4,0.02,1.0
0.30000000000000004,500,4,0.03,1.0
0.30000000000000004,500,4,0.04,1.0
0.30000000000000004,500,4,0.05,1.0
0.30000000000000004,500,4,0.060000000000000005,1.0
0.30000000000000004,500,4,0.06999999999999999,1.0
0.30000000000000004,500,4,0.08,1.0
0.30000000000000004,500,4,0.09,1.0
0.30000000000000004,500,4,0.09999999999999999,1.0
0.30000000000000004,500,4,0.11,1.0
0.30000000000000004,500,4,0.12,1.0
0.30000000000000004,500,4,0.13,1.0
0.30000000000000004,500,4,0.14,1.0
0.30000000000000004,500,5,0.01,0.9993
0.30000000000000004,500,5,0.02,1.0
0.30000000000000004,500,5,0.03,1.0
0.30000000000000004,500,5,0.04,1.0
0.30000000000000004,500,5,0.05,1.0
0.30000000000000004,500,5,0.060000000000000005,1.0
0.30000000000000004,500,5,0.06999999999999999,1.0
0.30000000000000004,500,5,0.08,1.0
0.30000000000000004,500,5,0.09,1.0
0.30000000000000004,500,5,0.09999999999999999,1.0
0.30000000000000004,500,5,0.11,1.0
0.30000000000000004,500,5,0.12,1.0
0.30000000000000004,500,5,0.13,1.0
0.30000000000000004,500,5,0.14,1.0
0.30000000000000004,500,6,0.01,0.9974
0.30000000000000004,500,6,0.02,1.0
0.30000000000000004,500,6,0.03,1.0
0.30000000000000004,500,6,0.04,1.0
0.30000000000000004,500,6,0.05,1.0
0.30000000000000004,500,6,0.060000000000000005,1.0
0.30000000000000004,500,6,0.06999999999999999,1.0
0.30000000000000004,500,6,0.08,1.0
0.30000000000000004,500,6,0.09,1.0
0.30000000000000004,500,6,0.09999999999999999,1.0
0.30000000000000004,500,6,0.11,1.0
0.30000000000000004,500,6,0.12,1.0
0.30000000000000004,500,6,0.13,1.0
0.30000000000000004,500,6,0.14,1.0
0.30000000000000004,500,7,0.01,0.9892
0.30000000000000004,500,7,0.02,1.0
0.30000000000000004,500,7,0.03,1.0
0.30000000000000004,500,7,0.04,1.0
0.30000000000000004,500,7,0.05,1.0
0.30000000000000004,500,7,0.060000000000000005,1.0
0.30000000000000004,500,7,0.06999999999999999,1.0
0.30000000000000004,500,7,0.08,1.0
0.30000000000000004,500,7,0.09,1.0
0.30000000000000004,500,7,0.09999999999999999,1.0
0.30000000000000004,500,7,0.11,1.0
0.30000000000000004,500,7,0.12,1.0
0.30000000000000004,500,7,0.13,1.0
0.30000000000000004,500,7,0.14,1.0
0.30000000000000004,500,8,0.01,0.9629
0.30000000000000004,500,8,0.02,1.0
0.30000000000000004,500,8,0.03,1.0
0.30000000000000004,500,8,0.04,1.0
0.30000000000000004,500,8,0.05,1.0
0.30000000000000004,500,8,0.060000000000000005,1.0
0.30000000000000004,500,8,0.06999999999999999,1.0
0.30000000000000004,500,8,0.08,1.0
0.30000000000000004,500,8,0.09,1.0
0.30000000000000004,500,8,0.09999999999999999,1.0
0.30000000000000004,500,8,0.11,1.0
0.30000000000000004,500,8,0.12,1.0
0.30000000000000004,500,8,0.13,1.0
0.30000000000000004,500,8,0.14,1.0
0.30000000000000004,550,3,0.01,1.0
0.30000000000000004,550,3,0.02,1.0
0.30000000000000004,550,3,0.03,1.0
0.30000000000000004,550,3,0.04,1.0
0.30000000000000004,550,3,0.05,1.0
0.30000000000000004,550,3,0.060000000000000005,1.0
0.30000000000000004,550,3,0.06999999999999999,1.0
0.30000000000000004,550,3,0.08,1.0
0.30000000000000004,550,3,0.09,1.0
0.30000000000000004,550,3,0.09999999999999999,1.0
0.30000000000000004,550,3,0.11,1.0
0.30000000000000004,550,3,0.12,1.0
0.30000000000000004,550,3,0.13,1.0
0.30000000000000004,550,3,0.14,1.0
0.30000000000000004,550,4,0.01,1.0
0.30000000000000004,550,4,0.02,1.0
0.30000000000000004,550,4,0.03,1.0
0.30000000000000004,550,4,0.04,1.0
0.30000000000000004,550,4,0.05,1.0
0.30000000000000004,550,4,0.060000000000000005,1.0
0.30000000000000004,550,4,0.06999999999999999,1.0
0.30000000000000004,550,4,0.08,1.0
0.30000000000000004,550,4,0.09,1.0
0.30000000000000004,550,4,0.09999999999999999,1.0
0.30000000000000004,550,4,0.11,1.0
0.30000000000000004,550,4,0.12,1.0
0.30000000000000004,550,4,0.13,1.0
0.30000000000000004,550,4,0.14,1.0
0.30000000000000004,550,5,0.01,0.9997
0.30000000000000004,550,5,0.02,1.0
0.30000000000000004,550,5,0.03,1.0
0.30000000000000004,550,5,0.04,1.0
0.30000000000000004,550,5,0.05,1.0
0.30000000000000004,550,5,0.060000000000000005,1.0
0.30000000000000004,550,5,0.06999999999999999,1.0
0.30000000000000004,550,5,0.08,1.0
0.30000000000000004,550,5,0.09,1.0
0.30000000000000004,550,5,0.09999999999999999,1.0
0.30000000000000004,550,5,0.11,1.0
0.30000000000000004,550,5,0.12,1.0
0.30000000000000004,550,5,0.13,1.0
0.30000000000000004,550,5,0.14,1.0
0.30000000000000004,550,6,0.01,0.9986
0.30000000000000004,550,6,0.02,1.0
0.30000000000000004,550,6,0.03,1.0
0.30000000000000004,550,6,0.04,1.0
0.30000000000000004,550,6,0.05,1.0
0.30000000000000004,550,6,0.060000000000000005,1.0
0.30000000000000004,550,6,0.06999999999999999,1.0
0.30000000000000004,550,6,0.08,1.0
0.30000000000000004,550,6,0.09,1.0
0.30000000000000004,550,6,0.09999999999999999,1.0
0.30000000000000004,550,6,0.11,1.0
0.30000000000000004,550,6,0.12,1.0
0.30000000000000004,550,6,0.13,1.0
0.30000000000000004,550,6,0.14,1.0
0.30000000000000004,550,7,0.01,0.9951
0.30000000000000004,550,7,0.02,1.0
0.30000000000000004,550,7,0.03,1.0
0.30000000000000004,550,7,0.04,1.0
0.30000000000000004,550,7,0.05,1.0
0.30000000000000004,550,7,0.060000000000000005,1.0
0.30000000000000004,550,7,0.06999999999999999,1.0
0.30000000000000004,550,7,0.08,1.0
0.30000000000000004,550,7,0.09,1.0
0.30000000000000004,550,7,0.09999999999999999,1.0
0.30000000000000004,550,7,0.11,1.0
0.30000000000000004,550,7,0.12,1.0
0.30000000000000004,550,7,0.13,1.0
0.30000000000000004,550,7,0.14,1.0
0.30000000000000004,550,8,0.01,0.9803
0.30000000000000004,550,8,0.02,1.0
0.30000000000000004,550,8,0.03,1.0
0.30000000000000004,550,8,0.04,1.0
0.30000000000000004,550,8,0.05,1.0
0.30000000000000004,550,8,0.060000000000000005,1.0
0.30000000000000004,550,8,0.06999999999999999,1.0
0.30000000000000004,550,8,0.08,1.0
0.30000000000000004,550,8,0.09,1.0
0.30000000000000004,550,8,0.09999999999999999,1.0
0.30000000000000004,550,8,0.11,1.0
0.30000000000000004,550,8,0.12,1.0
0.30000000000000004,550,8,0.13,1.0
0.30000000000000004,550,8,0.14,1.0
0.30000000000000004,600,3,0.01,1.0
0.30000000000000004,600,3,0.02,1.0
0.30000000000000004,600,3,0.03,1.0
0.30000000000000004,600,3,0.04,1.0
0.30000000000000004,600,3,0.05,1.0
0.30000000000000004,600,3,0.060000000000000005,1.0
0.30000000000000004,600,3,0.06999999999999999,1.0
0.30000000000000004,600,3,0.08,1.0
0.30000000000000004,600,3,0.09,1.0
0.30000000000000004,600,3,0.09999999999999999,1.0
0.30000000000000004,600,3,0.11,1.0
0.30000000000000004,600,3,0.12,1.0
0.30000000000000004,600,3,0.13,1.0
0.30000000000000004,600,3,0.14,1.0
0.30000000000000004,600,4,0.01,1.0
0.30000000000000004,600,4,0.02,1.0
0.30000000000000004,600,4,0.03,1.0
0.30000000000000004,600,4,0.04,1.0
0.30000000000000004,600,4,0.05,1.0
0.30000000000000004,600,4,0.060000000000000005,1.0
0.30000000000000004,600,4,0.06999999999999999,1.0
0.30000000000000004,600,4,0.08,1.0
0.30000000000000004,600,4,0.09,1.0
0.30000000000000004,600,4,0.09999999999999999,1.0
0.30000000000000004,600,4,0.11,1.0
0.30000000000000004,600,4,0.12,1.0
0.30000000000000004,600,4,0.13,1.0
0.30000000000000004,600,4,0.14,1.0
0.30000000000000004,600,5,0.01,1.0
0.30000000000000004,600,5,0.02,1.0
0.30000000000000004,600,5,0.03,1.0
0.30000000000000004,600,5,0.04,1.0
0.30000000000000004,600,5,0.05,1.0
0.30000000000000004,600,5,0.060000000000000005,1.0
0.30000000000000004,600,5,0.06999999999999999,1.0
0.30000000000000004,600,5,0.08,1.0
0.30000000000000004,600,5,0.09,1.0
0.30000000000000004,600,5,0.09999999999999999,1.0
0.30000000000000004,600,5,0.11,1.0
0.30000000000000004,600,5,0.12,1.0
0.30000000000000004,600,5,0.13,1.0
0.30000000000000004,600,5,0.14,1.0
0.30000000000000004,600,6,0.01,0.9995
0.30000000000000004,600,6,0.02,1.0
0.30000000000000004,600,6,0.03,1.0
0.30000000000000004,600,6,0.04,1.0
0.30000000000000004,600,6,0.05,1.0
0.30000000000000004,600,6,0.060000000000000005,1.0
0.30000000000000004,600,6,0.06999999999999999,1.0
0.30000000000000004,600,6,0.08,1.0
0.30000000000000004,600,6,0.09,1.0
0.30000000000000004,600,6,0.09999999999999999,1.0
0.30000000000000004,600,6,0.11,1.0
0.30000000000000004,600,6,0.12,1.0
0.30000000000000004,600,6,0.13,1.0
0.30000000000000004,600,6,0.14,1.0
0.30000000000000004,600,7,0.01,0.9972
0.30000000000000004,600,7,0.02,1.0
0.30000000000000004,600,7,0.03,1.0
0.30000000000000004,600,7,0.04,1.0
0.30000000000000004,600,7,0.05,1.0
0.30000000000000004,600,7,0.060000000000000005,1.0
0.30000000000000004,600,7,0.06999999999999999,1.0
0.30000000000000004,600,7,0.08,1.0
0.30000000000000004,600,7,0.09,1.0
0.30000000000000004,600,7,0.09999999999999999,1.0
0.30000000000000004,600,7,0.11,1.0
0.30000000000000004,600,7,0.12,1.0
0.30000000000000004,600,7,0.13,1.0
0.30000000000000004,600,7,0.14,1.0
0.30000000000000004,600,8,0.01,0.9899
0.30000000000000004,600,8,0.02,1.0
0.30000000000000004,600,8,0.03,1.0
0.30000000000000004,600,8,0.04,1.0
0.30000000000000004,600,8,0.05,1.0
0.30000000000000004,600,8,0.060000000000000005,1.0
0.30000000000000004,600,8,0.06999999999999999,1.0
0.30000000000000004,600,8,0.08,1.0
0.30000000000000004,600,8,0.09,1.0
0.30000000000000004,600,8,0.09999999999999999,1.0
0.30000000000000004,600,8,0.11,1.0
0.30000000000000004,600,8,0.12,1.0
0.30000000000000004,600,8,0.13,1.0
0.30000000000000004,600,8,0.14,1.0
0.30000000000000004,650,3,0.01,1.0
0.30000000000000004,650,3,0.02,1.0
0.30000000000000004,650,3,0.03,1.0
0.30000000000000004,650,3,0.04,1.0
0.30000000000000004,650,3,0.05,1.0
0.30000000000000004,650,3,0.060000000000000005,1.0
0.30000000000000004,650,3,0.06999999999999999,1.0
0.30000000000000004,650,3,0.08,1.0
0.30000000000000004,650,3,0.09,1.0
0.30000000000000004,650,3,0.09999999999999999,1.0
0.30000000000000004,650,3,0.11,1.0
0.30000000000000004,650,3,0.12,1.0
0.30000000000000004,650,3,0.13,1.0
0.30000000000000004,650,3,0.14,1.0
0.30000000000000004,650,4,0.01,1.0
0.30000000000000004,650,4,0.02,1.0
0.30000000000000004,650,4,0.03,1.0
0.30000000000000004,650,4,0.04,1.0
0.30000000000000004,650,4,0.05,1.0
0.30000000000000004,650,4,0.060000000000000005,1.0
0.30000000000000004,650,4,0.06999999999999999,1.0
0.30000000000000004,650,4,0.08,1.0
0.30000000000000004,650,4,0.09,1.0
0.30000000000000004,650,4,0.09999999999999999,1.0
0.30000000000000004,650,4,0.11,1.0
0.30000000000000004,650,4,0.12,1.0
0.30000000000000004,650,4,0.13,1.0
0.30000000000000004,650,4,0.14,1.0
0.30000000000000004,650,5,0.01,1.0
0.30000000000000004,650,5,0.02,1.0
0.30000000000000004,650,5,0.03,1.0
0.30000000000000004,650,5,0.04,1.0
0.30000000000000004,650,5,0.05,1.0
0.30000000000000004,650,5,0.060000000000000005,1.0
0.30000000000000004,650,5,0.06999999999999999,1.0
0.30000000000000004,650,5,0.08,1.0
0.30000000000000004,650,5,0.09,1.0
0.30000000000000004,650,5,0.09999999999999999,1.0
0.30000000000000004,650,5,0.11,1.0
0.30000000000000004,650,5,0.12,1.0
0.30000000000000004,650,5,0.13,1.0
0.30000000000000004,650,5,0.14,1.0
0.30000000000000004,650,6,0.01,0.9996
0.30000000000000004,650,6,0.02,1.0
0.30000000000000004,650,6,0.03,1.0
0.30000000000000004,650,6,0.04,1.0
0.30000000000000004,650,6,0.05,1.0
0.30000000000000004,650,6,0.060000000000000005,1.0
0.30000000000000004,650,6,0.06999999999999999,1.0
0.30000000000000004,650,6,0.08,1.0
0.30000000000000004,650,6,0.09,1.0
0.30000000000000004,650,6,0.09999999999999999,1.0
0.30000000000000004,650,6,0.11,1.0
0.30000000000000004,650,6,0.12,1.0
0.30000000000000004,650,6,0.13,1.0
0.30000000000000004,650,6,0.14,1.0
0.30000000000000004,650,7,0.01,0.9989
0.30000000000000004,650,7,0.02,1.0
0.30000000000000004,650,7,0.03,1.0
0.30000000000000004,650,7,0.04,1.0
0.30000000000000004,650,7,0.05,1.0
0.30000000000000004,650,7,0.060000000000000005,1.0
0.30000000000000004,650,7,0.06999999999999999,1.0
0.30000000000000004,650,7,0.08,1.0
0.30000000000000004,650,7,0.09,1.0
0.30000000000000004,650,7,0.09999999999999999,1.0
0.30000000000000004,650,7,0.11,1.0
0.30000000000000004,650,7,0.12,1.0
0.30000000000000004,650,7,0.13,1.0
0.30000000000000004,650,7,0.14,1.0
0.30000000000000004,650,8,0.01,0.9934
0.30000000000000004,650,8,0.02,1.0
0.30000000000000004,650,8,0.03,1.0
0.30000000000000004,650,8,0.04,1.0
0.30000000000000004,650,8,0.05,1.0
0.30000000000000004,650,8,0.060000000000000005,1.0
0.30000000000000004,650,8,0.06999999999999999,1.0
0.30000000000000004,650,8,0.08,1.0
0.30000000000000004,650,8,0.09,1.0
0.30000000000000004,650,8,0.09999999999999999,1.0
0.30000000000000004,650,8,0.11,1.0
0.30000000000000004,650,8,0.12,1.0
0.30000000000000004,650,8,0.13,1.0
0.30000000000000004,650,8,0.14,1.0
0.4,50,3,0.01,0.7012
0.4,50,3,0.02,0.9479
0.4,50,3,0.03,0.9892
0.4,50,3,0.04,0.9972
0.4,50,3,0.05,0.9992
0.4,50,3,0.060000000000000005,0.9997
0.4,50,3,0.06999999999999999,0.9998
0.4,50,3,0.08,1.0
0.4,50,3,0.09,1.0
0.4,50,3,0.09999999999999999,1.0
0.4,50,3,0.11,1.0
0.4,50,3,0.12,1.0
0.4,50,3,0.13,1.0
0.4,50,3,0.14,1.0
0.4,50,4,0.01,0.4628
0.4,50,4,0.02,0.854
0.4,50,4,0.03,0.9606
0.4,50,4,0.04,0.9895
0.4,50,4,0.05,0.9962
0.4,50,4,0.060000000000000005,0.9987
0.4,50,4,0.06999999999999999,0.9995
0.4,50,4,0.08,0.9999
0.4,50,4,0.09,1.0
0.4,50,4,0.09999999999999999,1.0
0.4,50,4,0.11,1.0
0.4,50,4,0.12,1.0
0.4,50,4,0.13,1.0
0.4,50,4,0.14,1.0
0.4,50,5,0.01,0.2556
0.4,50,5,0.02,0.705
0.4,50,5,0.03,0.8975
0.4,50,5,0.04,0.9655
0.4,50,5,0.05,0.9873
0.4,50,5,0.060000000000000005,0.9956
0.4,50,5,0.06999999999999999,0.9985
0.4,50,5,0.08,0.9992
0.4,50,5,0.09,0.9996
0.4,50,5,0.09999999999999999,0.9999
0.4,50,5,0.11,1.0
0.4,50,5,0.12,1.0
0.4,50,5,0.13,1.0
0.4,50,5,0.14,1.0
0.4,50,6,0.01,0.1157
0.4,50,6,0.02,0.5271
0.4,50,6,0.03,0.7886
0.4,50,6,0.04,0.9143
0.4,50,6,0.05,0.9635
0.4,50,6,0.060000000000000005,0.9839
0.4,50,6,0.06999999999999999,0.993
0.4,50,6,0.08,0.9969
0.4,50,6,0.09,0.9988
0.4,50,6,0.09999999999999999,0.9993
0.4,50,6,0.11,0.9998
0.4,50,6,0.12,1.0
0.4,50,6,0.13,1.0
0.4,50,6,0.14,1.0
0.4,50,7,0.01,0.0401
0.4,50,7,0.02,0.3434
0.4,50,7,0.03,0.6382
0.4,50,7,0.04,0.8276
0.4,50,7,0.05,0.9127
0.4,50,7,0.060000000000000005,0.9601
0.4,50,7,0.06999999999999999,0.9812
0.4,50,7,0.08,0.9895
0.4,50,7,0.09,0.9952
0.4,50,7,0.09999999999999999,0.9977
0.4,50,7,0.11,0.999
0.4,50,7,0.12,0.9996
0.4,50,7,0.13,0.9998
0.4,50,7,0.14,1.0
0.4,50,8,0.01,0.0103
0.4,50,8,0.02,0.1996
0.4,50,8,0.03,0.4717
0.4,50,8,0.04,0.6977
0.4,50,8,0.05,0.8336
0.4,50,8,0.060000000000000005,0.9121
0.4,50,8,0.06999999999999999,0.9524
0.4,50,8,0.08,0.9746
0.4,50,8,0.09,0.9871
0.4,50,8,0.09999999999999999,0.9925
0.4,50,8,0.11,0.9965
0.4,50,8,0.12,0.998
0.4,50,8,0.13,0.9992
0.4,50,8,0.14,0.9997
0.4,100,3,0.01,0.9526
0.4,100,3,0.02,0.9992
0.4,100,3,0.03,1.0
0.4,100,3,0.04,1.0
0.4,100,3,0.05,1.0
0.4,100,3,0.060000000000000005,1.0
0.4,100,3,0.06999999999999999,1.0
0.4,100,3,0.08,1.0
0.4,100,3,0.09,1.0
0.4,100,3,0.09999999999999999,1.0
0.4,100,3,0.11,1.0
0.4,100,3,0.12,1.0
0.4,100,3,0.13,1.0
0.4,100,3,0.14,1.0
0.4,100,4,0.01,0.8622
0.4,100,4,0.02,0.995
0.4,100,4,0.03,0.9999
0.4,100,4,0.04,1.0
0.4,100,4,0.05,1.0
0.4,100,4,0.060000000000000005,1.0
0.4,100,4,0.06999999999999999,1.0
0.4,100,4,0.08,1.0
0.4,100,4,0.09,1.0
0.4,100,4,0.09999999999999999,1.0
0.4,100,4,0.11,1.0
0.4,100,4,0.12,1.0
0.4,100,4,0.13,1.0
0.4,100,4,0.14,1.0
0.4,100,5,0.01,0.7093
0.4,100,5,0.02,0.9808
0.4,100,5,0.03,0.9986
0.4,100,5,0.04,0.9999
0.4,100,5,0.05,1.0
0.4,100,5,0.060000000000000005,1.0
0.4,100,5,0.06999999999999999,1.0
0.4,100,5,0.08,1.0
0.4,100,5,0.09,1.0
0.4,100,5,0.09999999999999999,1.0
0.4,100,5,0.11,1.0
0.4,100,5,0.12,1.0
0.4,100,5,0.13,1.0
0.4,100,5,0.14,1.0
0.4,100,6,0.01,0.5149
0.4,100,6,0.02,0.9505
0.4,100,6,0.03,0.9961
0.4,100,6,0.04,0.9998
0.4,100,6,0.05,1.0
0.4,100,6,0.060000000000000005,1.0
0.4,100,6,0.06999999999999999,1.0
0.4,100,6,0.08,1.0
0.4,100,6,0.09,1.0
0.4,100,6,0.09999999999999999,1.0
0.4,100,6,0.11,1.0
0.4,100,6,0.12,1.0
0.4,100,6,0.13,1.0
0.4,100,6,0.14,1.0
0.4,100,7,0.01,0.3129
0.4,100,7,0.02,0.8896
0.4,100,7,0.03,0.9879
0.4,100,7,0.04,0.9989
0.4,100,7,0.05,1.0
0.4,100,7,0.060000000000000005,1.0
0.4,100,7,0.06999999999999999,1.0
0.4,100,7,0.08,1.0
0.4,100,7,0.09,1.0
0.4,100,7,0.09999999999999999,1.0
0.4,100,7,0.11,1.0
0.4,100,7,0.12,1.0
0.4,100,7,0.13,1.0
0.4,100,7,0.14,1.0
0.4,100,8,0.01,0.1625
0.4,100,8,0.02,0.7942
0.4,100,8,0.03,0.9676
0.4,100,8,0.04,0.9963
0.4,100,8,0.05,0.9992
0.4,100,8,0.060000000000000005,1.0
0.4,100,8,0.06999999999999999,1.0
0.4,100,8,0.08,1.0
0.4,100,8,0.09,1.0
0.4,100,8,0.09999999999999999,1.0
0.4,100,8,0.11,1.0
0.4,100,8,0.12,1.0
0.4,100,8,0.13,1.0
0.4,100,8,0.14,1.0
0.4,150,3,0.01,0.9933
0.4,150,3,0.02,1.0
0.4,150,3,0.03,1.0
0.4,150,3,0.04,1.0
0.4,150,3,0.05,1.0
0.4,150,3,0.060000000000000005,1.0
0.4,150,3,0.06999999999999999,1.0
0.4,150,3,0.08,1.0
0.4,150,3,0.09,1.0
0.4,150,3,0.09999999999999999,1.0
0.4,150,3,0.11,1.0
0.4,150,3,0.12,1.0
0.4,150,3,0.13,1.0
0.4,150,3,0.14,1.0
0.4,150,4,0.01,0.9716
0.4,150,4,0.02,0.9998
0.4,150,4,0.03,1.0
0.4,150,4,0.04,1.0
0.4,150,4,0.05,1.0
0.4,150,4,0.060000000000000005,1.0
0.4,150,4,0.06999999999999999,1.0
0.4,150,4,0.08,1.0
0.4,150,4,0.09,1.0
0.4,150,4,0.09999999999999999,1.0
0.4,150,4,0.11,1.0
0.4,150,4,0.12,1.0
0.4,150,4,0.13,1.0
0.4,150,4,0.14,1.0
0.4,150,5,0.01,0.9147
0.4,150,5,0.02,0.9991
0.4,150,5,0.03,0.9998
0.4,150,5,0.04,1.0
0.4,150,5,0.05,1.0
0.4,150,5,0.060000000000000005,1.0
0.4,150,5,0.06999999999999999,1.0
0.4,150,5,0.08,1.0
0.4,150,5,0.09,1.0
0.4,150,5,0.09999999999999999,1.0
0.4,150,5,0.11,1.0
0.4,150,5,0.12,1.0
0.4,150,5,0.13,1.0
0.4,150,5,0.14,1.0
0.4,150,6,0.01,0.8006
0.4,150,6,0.02,0.9974
0.4,150,6,0.03,0.9998
0.4,150,6,0.04,1.0
0.4,150,6,0.05,1.0
0.4,150,6,0.060000000000000005,1.0
0.4,150,6,0.06999999999999999,1.0
0.4,150,6,0.08,1.0
0.4,150,6,0.09,1.0
0.4,150,6,0.09999999999999999,1.0
0.4,150,6,0.11,1.0
0.4,150,6,0.12,1.0
0.4,150,6,0.13,1.0
0.4,150,6,0.14,1.0
0.4,150,7,0.01,0.6438
0.4,150,7,0.02,0.99
0.4,150,7,0.03,0.9997
0.4,150,7,0.04,1.0
0.4,150,7,0.05,1.0
0.4,150,7,0.060000000000000005,1.0
0.4,150,7,0.06999999999999999,1.0
0.4,150,7,0.08,1.0
0.4,150,7,0.09,1.0
0.4,150,7,0.09999999999999999,1.0
0.4,150,7,0.11,1.0
0.4,150,7,0.12,1.0
0.4,150,7,0.13,1.0
0.4,150,7,0.14,1.0
0.4,150,8,0.01,0.4474
0.4,150,8,0.02,0.9749
0.4,150,8,0.03,0.9986
0.4,150,8,0.04,0.9999
0.4,150,8,0.05,1.0
0.4,150,8,0.060000000000000005,1.0
0.4,150,8,0.06999999999999999,1.0
0.4,150,8,0.08,1.0
0.4,150,8,0.09,1.0
0.4,150,8,0.09999999999999999,1.0
0.4,150,8,0.11,1.0
0.4,150,8,0.12,1.0
0.4,150,8,0.13,1.0
0.4,150,8,0.14,1.0
0.4,200,3,0.01,0.9985
0.4,200,3,0.02,1.0
0.4,200,3,0.03,1.0
0.4,200,3,0.04,1.0
0.4,200,3,0.05,1.0
0.4,200,3,0.060000000000000005,1.0
0.4,200,3,0.06999999999999999,1.0
0.4,200,3,0.08,1.0
0.4,200,3,0.09,1.0
0.4,200,3,0.09999999999999999,1.0
0.4,200,3,0.11,1.0
0.4,200,3,0.12,1.0
0.4,200,3,0.13,1.0
0.4,200,3,0.14,1.0
0.4,200,4,0.01,0.9943
0.4,200,4,0.02,1.0
0.4,200,4,0.03,1.0
0.4,200,4,0.04,1.0
0.4,200,4,0.05,1.0
0.4,200,4,0.060000000000000005,1.0
0.4,200,4,0.06999999999999999,1.0
0.4,200,4,0.08,1.0
0.4,200,4,0.09,1.0
0.4,200,4,0.09999999999999999,1.0
0.4,200,4,0.11,1.0
0.4,200,4,0.12,1.0
0.4,200,4,0.13,1.0
0.4,200,4,0.14,1.0
0.4,200,5,0.01,0.9787
0.4,200,5,0.02,1.0
0.4,200,5,0.03,1.0
0.4,200,5,0.04,1.0
0.4,200,5,0.05,1.0
0.4,200,5,0.060000000000000005,1.0
0.4,200,5,0.06999999999999999,1.0
0.4,200,5,0.08,1.0
0.4,200,5,0.09,1.0
0.4,200,5,0.09999999999999999,1.0
0.4,200,5,0.11,1.0
0.4,200,5,0.12,1.0
0.4,200,5,0.13,1.0
0.4,200,5,0.14,1.0
0.4,200,6,0.01,0.9357
0.4,200,6,0.02,0.9999
0.4,200,6,0.03,1.0
0.4,200,6,0.04,1.0
0.4,200,6,0.05,1.0
0.4,200,6,0.060000000000000005,1.0
0.4,200,6,0.06999999999999999,1.0
0.4,200,6,0.08,1.0
0.4,200,6,0.09,1.0
0.4,200,6,0.09999999999999999,1.0
0.4,200,6,0.11,1.0
0.4,200,6,0.12,1.0
0.4,200,6,0.13,1.0
0.4,200,6,0.14,1.0
0.4,200,7,0.01,0.8457
0.4,200,7,0.02,0.9995
0.4,200,7,0.03,0.9999
0.4,200,7,0.04,1.0
0.4,200,7,0.05,1.0
0.4,200,7,0.060000000000000005,1.0
0.4,200,7,0.06999999999999999,1.0
0.4,200,7,0.08,1.0
0.4,200,7,0.09,1.0
0.4,200,7,0.09999999999999999,1.0
0.4,200,7,0.11,1.0
0.4,200,7,0.12,1.0
0.4,200,7,0.13,1.0
0.4,200,7,0.14,1.0
0.4,200,8,0.01,0.7013
0.4,200,8,0.02,0.9975
0.4,200,8,0.03,0.9999
0.4,200,8,0.04,1.0
0.4,200,8,0.05,1.0
0.4,200,8,0.060000000000000005,1.0
0.4,200,8,0.06999999999999999,1.0
0.4,200,8,0.08,1.0
0.4,200,8,0.09,1.0
0.4,200,8,0.09999999999999999,1.0
0.4,200,8,0.11,1.0
0.4,200,8,0.12,1.0
0.4,200,8,0.13,1.0
0.4,200,8,0.14,1.0
0.4,250,3,0.01,1.0
0.4,250,3,0.02,1.0
0.4,250,3,0.03,1.0
0.4,250,3,0.04,1.0
0.4,250,3,0.05,1.0
0.4,250,3,0.060000000000000005,1.0
0.4,250,3,0.06999999999999999,1.0
0.4,250,3,0.08,1.0
0.4,250,3,0.09,1.0
0.4,250,3,0.09999999999999999,1.0
0.4,250,3,0.11,1.0
0.4,250,3,0.12,1.0
0.4,250,3,0.13,1.0
0.4,250,3,0.14,1.0
0.4,250,4,0.01,0.9988
0.4,250,4,0.02,1.0
0.4,250,4,0.03,1.0
0.4,250,4,0.04,1.0
0.4,250,4,0.05,1.0
0.4,250,4,0.060000000000000005,1.0
0.4,250,4,0.06999999999999999,1.0
0.4,250,4,0.08,1.0
0.4,250,4,0.09,1.0
0.4,250,4,0.09999999999999999,1.0
0.4,250,4,0.11,1.0
0.4,250,4,0.12,1.0
0.4,250,4,0.13,1.0
0.4,250,4,0.14,1.0
0.4,250,5,0.01,0.9945
0.4,250,5,0.02,1.0
0.4,250,5,0.03,1.0
0.4,250,5,0.04,1.0
0.4,250,5,0.05,1.0
0.4,250,5,0.060000000000000005,1.0
0.4,250,5,0.06999999999999999,1.0
0.4,250,5,0.08,1.0
0.4,250,5,0.09,1.0
0.4,250,5,0.09999999999999999,1.0
0.4,250,5,0.11,1.0
0.4,250,5,0.12,1.0
0.4,250,5,0.13,1.0
0.4,250,5,0.14,1.0
0.4,250,6,0.01,0.98
0.4,250,6,0.02,1.0
0.4,250,6,0.03,1.0
0.4,250,6,0.04,1.0
0.4,250,6,0.05,1.0
0.4,250,6,0.060000000000000005,1.0
0.4,250,6,0.06999999999999999,1.0
0.4,250,6,0.08,1.0
0.4,250,6,0.09,1.0
0.4,250,6,0.09999999999999999,1.0
0.4,250,6,0.11,1.0
0.4,250,6,0.12,1.0
0.4,250,6,0.13,1.0
0.4,250,6,0.14,1.0
0.4,250,7,0.01,0.9404
0.4,250,7,0.02,1.0
0.4,250,7,0.03,1.0
0.4,250,7,0.04,1.0
0.4,250,7,0.05,1.0
0.4,250,7,0.060000000000000005,1.0
0.4,250,7,0.06999999999999999,1.0
0.4,250,7,0.08,1.0
0.4,250,7,0.09,1.0
0.4,250,7,0.09999999999999999,1.0
0.4,250,7,0.11,1.0
0.4,250,7,0.12,1.0
0.4,250,7,0.13,1.0
0.4,250,7,0.14,1.0
0.4,250,8,0.01,0.8634
0.4,250,8,0.02,0.9999
0.4,250,8,0.03,1.0
0.4,250,8,0.04,1.0
0.4,250,8,0.05,1.0
0.4,250,8,0.060000000000000005,1.0
0.4,250,8,0.06999999999999999,1.0
0.4,250,8,0.08,1.0
0.4,250,8,0.09,1.0
0.4,250,8,0.09999999999999999,1.0
0.4,250,8,0.11,1.0
0.4,250,8,0.12,1.0
0.4,250,8,0.13,1.0
0.4,250,8,0.14,1.0
0.4,300,3,0.01,1.0
0.4,300,3,0.02,1.0
0.4,300,3,0.03,1.0
0.4,300,3,0.04,1.0
0.4,300,3,0.05,1.0
0.4,300,3,0.060000000000000005,1.0
0.4,300,3,0.06999999999999999,1.0
0.4,300,3,0.08,1.0
0.4,300,3,0.09,1.0
0.4,300,3,0.09999999999999999,1.0
0.4,300,3,0.11,1.0
0.4,300,3,0.12,1.0
0.4,300,3,0.13,1.0
0.4,300,3,0.14,1.0
0.4,300,4,0.01,0.9998
0.4,300,4,0.02,1.0
0.4,300,4,0.03,1.0
0.4,300,4,0.04,1.0
0.4,300,4,0.05,1.0
0.4,300,4,0.060000000000000005,1.0
0.4,300,4,0.06999999999999999,1.0
0.4,300,4,0.08,1.0
0.4,300,4,0.09,1.0
0.4,300,4,0.09999999999999999,1.0
0.4,300,4,0.11,1.0
0.4,300,4,0.12,1.0
0.4,300,4,0.13,1.0
0.4,300,4,0.14,1.0
0.4,300,5,0.01,0.9987
0.4,300,5,0.02,1.0
0.4,300,5,0.03,1.0
0.4,300,5,0.04,1.0
0.4,300,5,0.05,1.0
0.4,300,5,0.060000000000000005,1.0
0.4,300,5,0.06999999999999999,1.0
0.4,300,5,0.08,1.0
0.4,300,5,0.09,1.0
0.4,300,5,0.09999999999999999,1.0
0.4,300,5,0.11,1.0
0.4,300,5,0.12,1.0
0.4,300,5,0.13,1.0
0.4,300,5,0.14,1.0
0.4,300,6,0.01,0.9951
0.4,300,6,0.02,1.0
0.4,300,6,0.03,1.0
0.4,300,6,0.04,1.0
0.4,300,6,0.05,1.0
0.4,300,6,0.060000000000000005,1.0
0.4,300,6,0.06999999999999999,1.0
0.4,300,6,0.08,1.0
0.4,300,6,0.09,1.0
0.4,300,6,0.09999999999999999,1.0
0.4,300,6,0.11,1.0
0.4,300,6,0.12,1.0
0.4,300,6,0.13,1.0
0.4,300,6,0.14,1.0
0.4,300,7,0.01,0.9805
0.4,300,7,0.02,1.0
0.4,300,7,0.03,1.0
0.4,300,7,0.04,1.0
0.4,300,7,0.05,1.0
0.4,300,7,0.060000000000000005,1.0
0.4,300,7,0.06999999999999999,1.0
0.4,300,7,0.08,1.0
0.4,300,7,0.09,1.0
0.4,300,7,0.09999999999999999,1.0
0.4,300,7,0.11,1.0
0.4,300,7,0.12,1.0
0.4,300,7,0.13,1.0
0.4,300,7,0.14,1.0
0.4,300,8,0.01,0.9459
0.4,300,8,0.02,1.0
0.4,300,8,0.03,1.0
0.4,300,8,0.04,1.0
0.4,300,8,0.05,1.0
0.4,300,8,0.060000000000000005,1.0
0.4,300,8,0.06999999999999999,1.0
0.4,300,8,0.08,1.0
0.4,300,8,0.09,1.0
0.4,300,8,0.09999999999999999,1.0
0.4,300,8,0.11,1.0
0.4,300,8,0.12,1.0
0.4,300,8,0.13,1.0
0.4,300,8,0.14,1.0
0.4,350,3,0.01,1.0
0.4,350,3,0.02,1.0
0.4,350,3,0.03,1.0
0.4,350,3,0.04,1.0
0.4,350,3,0.05,1.0
0.4,350,3,0.060000000000000005,1.0
0.4,350,3,0.06999999999999999,1.0
0.4,350,3,0.08,1.0
0.4,350,3,0.09,1.0
0.4,350,3,0.09999999999999999,1.0
0.4,350,3,0.11,1.0
0.4,350,3,0.12,1.0
0.4,350,3,0.13,1.0
0.4,350,3,0.14,1.0
0.4,350,4,0.01,1.0
0.4,350,4,0.02,1.0
0.4,350,4,0.03,1.0
0.4,350,4,0.04,1.0
0.4,350,4,0.05,1.0
0.4,350,4,0.060000000000000005,1.0
0.4,350,4,0.06999999999999999,1.0
0.4,350,4,0.08,1.0
0.4,350,4,0.09,1.0
0.4,350,4,0.09999999999999999,1.0
0.4,350,4,0.11,1.0
0.4,350,4,0.12,1.0
0.4,350,4,0.13,1.0
0.4,350,4,0.14,1.0
0.4,350,5,0.01,0.9997
0.4,350,5,0.02,1.0
0.4,350,5,0.03,1.0
0.4,350,5,0.04,1.0
0.4,350,5,0.05,1.0
0.4,350,5,0.060000000000000005,1.0
0.4,350,5,0.06999999999999999,1.0
0.4,350,5,0.08,1.0
0.4,350,5,0.09,1.0
0.4,350,5,0.09999999999999999,1.0
0.4,350,5,0.11,1.0
0.4,350,5,0.12,1.0
0.4,350,5,0.13,1.0
0.4,350,5,0.14,1.0
0.4,350,6,0.01,0.9989
0.4,350,6,0.02,1.0
0.4,350,6,0.03,1.0
0.4,350,6,0.04,1.0
0.4,350,6,0.05,1.0
0.4,350,6,0.060000000000000005,1.0
0.4,350,6,0.06999999999999999,1.0
0.4,350,6,0.08,1.0
0.4,350,6,0.09,1.0
0.4,350,6,0.09999999999999999,1.0
0.4,350,6,0.11,1.0
0.4,350,6,0.12,1.0
0.4,350,6,0.13,1.0
0.4,350,6,0.14,1.0
0.4,350,7,0.01,0.9947
0.4,350,7,0.02,1.0
0.4,350,7,0.03,1.0
0.4,350,7,0.04,1.0
0.4,350,7,0.05,1.0
0.4,350,7,0.060000000000000005,1.0
0.4,350,7,0.06999999999999999,1.0
0.4,350,7,0.08,1.0
0.4,350,7,0.09,1.0
0.4,350,7,0.09999999999999999,1.0
0.4,350,7,0.11,1.0
0.4,350,7,0.12,1.0
0.4,350,7,0.13,1.0
0.4,350,7,0.14,1.0
0.4,350,8,0.01,0.9793
0.4,350,8,0.02,1.0
0.4,350,8,0.03,1.0
0.4,350,8,0.04,1.0
0.4,350,8,0.05,1.0
0.4,350,8,0.060000000000000005,1.0
0.4,350,8,0.06999999999999999,1.0
0.4,350,8,0.08,1.0
0.4,350,8,0.09,1.0
0.4,350,8,0.09999999999999999,1.0
0.4,350,8,0.11,1.0
0.4,350,8,0.12,1.0
0.4,350,8,0.13,1.0
0.4,350,8,0.14,1.0
0.4,400,3,0.01,1.0
0.4,400,3,0.02,1.0
0.4,400,3,0.03,1.0
0.4,400,3,0.04,1.0
0.4,400,3,0.05,1.0
0.4,400,3,0.060000000000000005,1.0
0.4,400,3,0.06999999999999999,1.0
0.4,400,3,0.08,1.0
0.4,400,3,0.09,1.0
0.4,400,3,0.09999999999999999,1.0
0.4,400,3,0.11,1.0
0.4,400,3,0.12,1.0
0.4,400,3,0.13,1.0
0.4,400,3,0.14,1.0
0.4,400,4,0.01,1.0
0.4,400,4,0.02,1.0
0.4,400,4,0.03,1.0
0.4,400,4,0.04,1.0
0.4,400,4,0.05,1.0
0.4,400,4,0.060000000000000005,1.0
0.4,400,4,0.06999999999999999,1.0
0.4,400,4,0.08,1.0
0.4,400,4,0.09,1.0
0.4,400,4,0.09999999999999999,1.0
0.4,400,4,0.11,1.0
0.4,400,4,0.12,1.0
0.4,400,4,0.13,1.0
0.4,400,4,0.14,1.0
0.4,400,5,0.01,1.0
0.4,400,5,0.02,1.0
0.4,400,5,0.03,1.0
0.4,400,5,0.04,1.0
0.4,400,5,0.05,1.0
0.4,400,5,0.060000000000000005,1.0
0.4,400,5,0.06999999999999999,1.0
0.4,400,5,0.08,1.0
0.4,400,5,0.09,1.0
0.4,400,5,0.09999999999999999,1.0
0.4,400,5,0.11,1.0
0.4,400,5,0.12,1.0
0.4,400,5,0.13,1.0
0.4,400,5,0.14,1.0
0.4,400,6,0.01,0.9998
0.4,400,6,0.02,1.0
0.4,400,6,0.03,1.0
0.4,400,6,0.04,1.0
0.4,400,6,0.05,1.0
0.4,400,6,0.060000000000000005,1.0
0.4,400,6,0.06999999999999999,1.0
0.4,400,6,0.08,1.0
0.4,400,6,0.09,1.0
0.4,400,6,0.09999999999999999,1.0
0.4,400,6,0.11,1.0
0.4,400,6,0.12,1.0
0.4,400,6,0.13,1.0
0.4,400,6,0.14,1.0
0.4,400,7,0.01,0.9985
0.4,400,7,0.02,1.0
0.4,400,7,0.03,1.0
0.4,400,7,0.04,1.0
0.4,400,7,0.05,1.0
0.4,400,7,0.060000000000000005,1.0
0.4,400,7,0.06999999999999999,1.0
0.4,400,7,0.08,1.0
0.4,400,7,0.09,1.0
0.4,400,7,0.09999999999999999,1.0
0.4,400,7,0.11,1.0
0.4,400,7,0.12,1.0
0.4,400,7,0.13,1.0
0.4,400,7,0.14,1.0
0.4,400,8,0.01,0.9925
0.4,400,8,0.02,1.0
0.4,400,8,0.03,1.0
0.4,400,8,0.04,1.0
0.4,400,8,0.05,1.0
0.4,400,8,0.060000000000000005,1.0
0.4,400,8,0.06999999999999999,1.0
0.4,400,8,0.08,1.0
0.4,400,8,0.09,1.0
0.4,400,8,0.09999999999999999,1.0
0.4,400,8,0.11,1.0
0.4,400,8,0.12,1.0
0.4,400,8,0.13,1.0
0.4,400,8,0.14,1.0
0.4,450,3,0.01,1.0
0.4,450,3,0.02,1.0
0.4,450,3,0.03,1.0
0.4,450,3,0.04,1.0
0.4,450,3,0.05,1.0
0.4,450,3,0.060000000000000005,1.0
0.4,450,3,0.06999999999999999,1.0
0.4,450,3,0.08,1.0
0.4,450,3,0.09,1.0
0.4,450,3,0.09999999999999999,1.0
0.4,450,3,0.11,1.0
0.4,450,3,0.12,1.0
0.4,450,3,0.13,1.0
0.4,450,3,0.14,1.0
0.4,450,4,0.01,1.0
0.4,450,4,0.02,1.0
0.4,450,4,0.03,1.0
0.4,450,4,0.04,1.0
0.4,450,4,0.05,1.0
0.4,450,4,0.060000000000000005,1.0
0.4,450,4,0.06999999999999999,1.0
0.4,450,4,0.08,1.0
0.4,450,4,0.09,1.0
0.4,450,4,0.09999999999999999,1.0
0.4,450,4,0.11,1.0
0.4,450,4,0.12,1.0
0.4,450,4,0.13,1.0
0.4,450,4,0.14,1.0
0.4,450,5,0.01,1.0
0.4,450,5,0.02,1.0
0.4,450,5,0.03,1.0
0.4,450,5,0.04,1.0
0.4,450,5,0.05,1.0
0.4,450,5,0.060000000000000005,1.0
0.4,450,5,0.06999999999999999,1.0
0.4,450,5,0.08,1.0
0.4,450,5,0.09,1.0
0.4,450,5,0.09999999999999999,1.0
0.4,450,5,0.11,1.0
0.4,450,5,0.12,1.0
0.4,450,5,0.13,1.0
0.4,450,5,0.14,1.0
0.4,450,6,0.01,1.0
0.4,450,6,0.02,1.0
0.4,450,6,0.03,1.0
0.4,450,6,0.04,1.0
0.4,450,6,0.05,1.0
0.4,450,6,0.060000000000000005,1.0
0.4,450,6,0.06999999999999999,1.0
0.4,450,6,0.08,1.0
0.4,450,6,0.09,1.0
0.4,450,6,0.09999999999999999,1.0
0.4,450,6,0.11,1.0
0.4,450,6,0.12,1.0
0.4,450,6,0.13,1.0
0.4,450,6,0.14,1.0
0.4,450,7,0.01,0.9996
0.4,450,7,0.02,1.0
0.4,450,7,0.03,1.0
0.4,450,7,0.04,1.0
0.4,450,7,0.05,1.0
0.4,450,7,0.060000000000000005,1.0
0.4,450,7,0.06999999999999999,1.0
0.4,450,7,0.08,1.0
0.4,450,7,0.09,1.0
0.4,450,7,0.09999999999999999,1.0
0.4,450,7,0.11,1.0
0.4,450,7,0.12,1.0
0.4,450,7,0.13,1.0
0.4,450,7,0.14,1.0
0.4,450,8,0.01,0.9979
0.4,450,8,0.02,1.0
0.4,450,8,0.03,1.0
0.4,450,8,0.04,1.0
0.4,450,8,0.05,1.0
0.4,450,8,0.060000000000000005,1.0
0.4,450,8,0.06999999999999999,1.0
0.4,450,8,0.08,1.0
0.4,450,8,0.09,1.0
0.4,450,8,0.09999999999999999,1.0
0.4,450,8,0.11,1.0
0.4,450,8,0.12,1.0
0.4,450,8,0.13,1.0
0.4,450,8,0.14,1.0
0.4,500,3,0.01,1.0
0.4,500,3,0.02,1.0
0.4,500,3,0.03,1.0
0.4,500,3,0.04,1.0
0.4,500,3,0.05,1.0
0.4,500,3,0.060000000000000005,1.0
0.4,500,3,0.06999999999999999,1.0
0.4,500,3,0.08,1.0
0.4,500,3,0.09,1.0
0.4,500,3,0.09999999999999999,1.0
0.4,500,3,0.11,1.0
0.4,500,3,0.12,1.0
0.4,500,3,0.13,1.0
0.4,500,3,0.14,1.0
0.4,500,4,0.01,1.0
0.4,500,4,0.02,1.0
0.4,500,4,0.03,1.0
0.4,500,4,0.04,1.0
0.4,500,4,0.05,1.0
0.4,500,4,0.060000000000000005,1.0
0.4,500,4,0.06999999999999999,1.0
0.4,500,4,0.08,1.0
0.4,500,4,0.09,1.0
0.4,500,4,0.09999999999999999,1.0
0.4,500,4,0.11,1.0
0.4,500,4,0.12,1.0
0.4,500,4,0.13,1.0
0.4,500,4,0.14,1.0
0.4,500,5,0.01,1.0
0.4,500,5,0.02,1.0
0.4,500,5,0.03,1.0
0.4,500,5,0.04,1.0
0.4,500,5,0.05,1.0
0.4,500,5,0.060000000000000005,1.0
0.4,500,5,0.06999999999999999,1.0
0.4,500,5,0.08,1.0
0.4,500,5,0.09,1.0
0.4,500,5,0.09999999999999999,1.0
0.4,500,5,0.11,1.0
0.4,500,5,0.12,1.0
0.4,500,5,0.13,1.0
0.4,500,5,0.14,1.0
0.4,500,6,0.01,1.0
0.4,500,6,0.02,1.0
0.4,500,6,0.03,1.0
0.4,500,6,0.04,1.0
0.4,500,6,0.05,1.0
0.4,500,6,0.060000000000000005,1.0
0.4,500,6,0.06999999999999999,1.0
0.4,500,6,0.08,1.0
0.4,500,6,0.09,1.0
0.4,500,6,0.09999999999999999,1.0
0.4,500,6,0.11,1.0
0.4,500,6,0.12,1.0
0.4,500,6,0.13,1.0
0.4,500,6,0.14,1.0
0.4,500,7,0.01,0.9999
0.4,500,7,0.02,1.0
0.4,500,7,0.03,1.0
0.4,500,7,0.04,1.0
0.4,500,7,0.05,1.0
0.4,500,7,0.060000000000000005,1.0
0.4,500,7,0.06999999999999999,1.0
0.4,500,7,0.08,1.0
0.4,500,7,0.09,1.0
0.4,500,7,0.09999999999999999,1.0
0.4,500,7,0.11,1.0
0.4,500,7,0.12,1.0
0.4,500,7,0.13,1.0
0.4,500,7,0.14,1.0
0.4,500,8,0.01,0.9995
0.4,500,8,0.02,1.0
0.4,500,8,0.03,1.0
0.4,500,8,0.04,1.0
0.4,500,8,0.05,1.0
0.4,500,8,0.060000000000000005,1.0
0.4,500,8,0.06999999999999999,1.0
0.4,500,8,0.08,1.0
0.4,500,8,0.09,1.0
0.4,500,8,0.09999999999999999,1.0
0.4,500,8,0.11,1.0
0.4,500,8,0.12,1.0
0.4,500,8,0.13,1.0
0.4,500,8,0.14,1.0
0.4,550,3,0.01,1.0
0.4,550,3,0.02,1.0
0.4,550,3,0.03,1.0
0.4,550,3,0.04,1.0
0.4,550,3,0.05,1.0
0.4,550,3,0.060000000000000005,1.0
0.4,550,3,0.06999999999999999,1.0
0.4,550,3,0.08,1.0
0.4,550,3,0.09,1.0
0.4,550,3,0.09999999999999999,1.0
0.4,550,3,0.11,1.0
0.4,550,3,0.12,1.0
0.4,550,3,0.13,1.0
0.4,550,3,0.14,1.0
0.4,550,4,0.01,1.0
0.4,550,4,0.02,1.0
0.4,550,4,0.03,1.0
0.4,550,4,0.04,1.0
0.4,550,4,0.05,1.0
0.4,550,4,0.060000000000000005,1.0
0.4,550,4,0.06999999999999999,1.0
0.4,550,4,0.08,1.0
0.4,550,4,0.09,1.0
0.4,550,4,0.09999999999999999,1.0
0.4,550,4,0.11,1.0
0.4,550,4,0.12,1.0
0.4,550,4,0.13,1.0
0.4,550,4,0.14,1.0
0.4,550,5,0.01,1.0
0.4,550,5,0.02,1.0
0.4,550,5,0.03,1.0
0.4,550,5,0.04,1.0
0.4,550,5,0.05,1.0
0.4,550,5,0.060000000000000005,1.0
0.4,550,5,0.06999999999999999,1.0
0.4,550,5,0.08,1.0
0.4,550,5,0.09,1.0
0.4,550,5,0.09999999999999999,1.0
0.4,550,5,0.11,1.0
0.4,550,5,0.12,1.0
0.4,550,5,0.13,1.0
0.4,550,5,0.14,1.0
0.4,550,6,0.01,1.0
0.4,550,6,0.02,1.0
0.4,550,6,0.03,1.0
0.4,550,6,0.04,1.0
0.4,550,6,0.05,1.0
0.4,550,6,0.060000000000000005,1.0
0.4,550,6,0.06999999999999999,1.0
0.4,550,6,0.08,1.0
0.4,550,6,0.09,1.0
0.4,550,6,0.09999999999999999,1.0
0.4,550,6,0.11,1.0
0.4,550,6,0.12,1.0
0.4,550,6,0.13,1.0
0.4,550,6,0.14,1.0
0.4,550,7,0.01,0.9999
0.4,550,7,0.02,1.0
0.4,550,7,0.03,1.0
0.4,550,7,0.04,1.0
0.4,550,7,0.05,1.0
0.4,550,7,0.060000000000000005,1.0
0.4,550,7,0.06999999999999999,1.0
0.4,550,7,0.08,1.0
0.4,550,7,0.09,1.0
0.4,550,7,0.09999999999999999,1.0
0.4,550,7,0.11,1.0
0.4,550,7,0.12,1.0
0.4,550,7,0.13,1.0
0.4,550,7,0.14,1.0
0.4,550,8,0.01,0.9998
0.4,550,8,0.02,1.0
0.4,550,8,0.03,1.0
0.4,550,8,0.04,1.0
0.4,550,8,0.05,1.0
0.4,550,8,0.060000000000000005,1.0
0.4,550,8,0.06999999999999999,1.0
0.4,550,8,0.08,1.0
0.4,550,8,0.09,1.0
0.4,550,8,0.09999999999999999,1.0
0.4,550,8,0.11,1.0
0.4,550,8,0.12,1.0
0.4,550,8,0.13,1.0
0.4,550,8,0.14,1.0
0.4,600,3,0.01,1.0
0.4,600,3,0.02,1.0
0.4,600,3,0.03,1.0
0.4,600,3,0.04,1.0
0.4,600,3,0.05,1.0
0.4,600,3,0.060000000000000005,1.0
0.4,600,3,0.06999999999999999,1.0
0.4,600,3,0.08,1.0
0.4,600,3,0.09,1.0
0.4,600,3,0.09999999999999999,1.0
0.4,600,3,0.11,1.0
0.4,600,3,0.12,1.0
0.4,600,3,0.13,1.0
0.4,600,3,0.14,1.0
0.4,600,4,0.01,1.0
0.4,600,4,0.02,1.0
0.4,600,4,0.03,1.0
0.4,600,4,0.04,1.0
0.4,600,4,0.05,1.0
0.4,600,4,0.060000000000000005,1.0
0.4,600,4,0.06999999999999999,1.0
0.4,600,4,0.08,1.0
0.4,600,4,0.09,1.0
0.4,600,4,0.09999999999999999,1.0
0.4,600,4,0.11,1.0
0.4,600,4,0.12,1.0
0.4,600,4,0.13,1.0
0.4,600,4,0.14,1.0
0.4,600,5,0.01,1.0
0.4,600,5,0.02,1.0
0.4,600,5,0.03,1.0
0.4,600,5,0.04,1.0
0.4,600,5,0.05,1.0
0.4,600,5,0.060000000000000005,1.0
0.4,600,5,0.06999999999999999,1.0
0.4,600,5,0.08,1.0
0.4,600,5,0.09,1.0
0.4,600,5,0.09999999999999999,1.0
0.4,600,5,0.11,1.0
0.4,600,5,0.12,1.0
0.4,600,5,0.13,1.0
0.4,600,5,0.14,1.0
0.4,600,6,0.01,1.0
0.4,600,6,0.02,1.0
0.4,600,6,0.03,1.0
0.4,600,6,0.04,1.0
0.4,600,6,0.05,1.0
0.4,600,6,0.060000000000000005,1.0
0.4,600,6,0.06999999999999999,1.0
0.4,600,6,0.08,1.0
0.4,600,6,0.09,1.0
0.4,600,6,0.09999999999999999,1.0
0.4,600,6,0.11,1.0
0.4,600,6,0.12,1.0
0.4,600,6,0.13,1.0
0.4,600,6,0.14,1.0
0.4,600,7,0.01,1.0
0.4,600,7,0.02,1.0
0.4,600,7,0.03,1.0
0.4,600,7,0.04,1.0
0.4,600,7,0.05,1.0
0.4,600,7,0.060000000000000005,1.0
0.4,600,7,0.06999999999999999,1.0
0.4,600,7,0.08,1.0
0.4,600,7,0.09,1.0
0.4,600,7,0.09999999999999999,1.0
0.4,600,7,0.11,1.0
0.4,600,7,0.12,1.0
0.4,600,7,0.13,1.0
0.4,600,7,0.14,1.0
0.4,600,8,0.01,1.0
0.4,600,8,0.02,1.0
0.4,600,8,0.03,1.0
0.4,600,8,0.04,1.0
0.4,600,8,0.05,1.0
0.4,600,8,0.060000000000000005,1.0
0.4,600,8,0.06999999999999999,1.0
0.4,600,8,0.08,1.0
0.4,600,8,0.09,1.0
0.4,600,8,0.09999999999999999,1.0
0.4,600,8,0.11,1.0
0.4,600,8,0.12,1.0
0.4,600,8,0.13,1.0
0.4,600,8,0.14,1.0
0.4,650,3,0.01,1.0
0.4,650,3,0.02,1.0
0.4,650,3,0.03,1.0
0.4,650,3,0.04,1.0
0.4,650,3,0.05,1.0
0.4,650,3,0.060000000000000005,1.0
0.4,650,3,0.06999999999999999,1.0
0.4,650,3,0.08,1.0
0.4,650,3,0.09,1.0
0.4,650,3,0.09999999999999999,1.0
0.4,650,3,0.11,1.0
0.4,650,3,0.12,1.0
0.4,650,3,0.13,1.0
0.4,650,3,0.14,1.0
0.4,650,4,0.01,1.0
0.4,650,4,0.02,1.0
0.4,650,4,0.03,1.0
0.4,650,4,0.04,1.0
0.4,650,4,0.05,1.0
0.4,650,4,0.060000000000000005,1.0
0.4,650,4,0.06999999999999999,1.0
0.4,650,4,0.08,1.0
0.4,650,4,0.09,1.0
0.4,650,4,0.09999999999999999,1.0
0.4,650,4,0.11,1.0
0.4,650,4,0.12,1.0
0.4,650,4,0.13,1.0
0.4,650,4,0.14,1.0
0.4,650,5,0.01,1.0
0.4,650,5,0.02,1.0
0.4,650,5,0.03,1.0
0.4,650,5,0.04,1.0
0.4,650,5,0.05,1.0
0.4,650,5,0.060000000000000005,1.0
0.4,650,5,0.06999999999999999,1.0
0.4,650,5,0.08,1.0
0.4,650,5,0.09,1.0
0.4,650,5,0.09999999999999999,1.0
0.4,650,5,0.11,1.0
0.4,650,5,0.12,1.0
0.4,650,5,0.13,1.0
0.4,650,5,0.14,1.0
0.4,650,6,0.01,1.0
0.4,650,6,0.02,1.0
0.4,650,6,0.03,1.0
0.4,650,6,0.04,1.0
0.4,650,6,0.05,1.0
0.4,650,6,0.060000000000000005,1.0
0.4,650,6,0.06999999999999999,1.0
0.4,650,6,0.08,1.0
0.4,650,6,0.09,1.0
0.4,650,6,0.09999999999999999,1.0
0.4,650,6,0.11,1.0
0.4,650,6,0.12,1.0
0.4,650,6,0.13,1.0
0.4,650,6,0.14,1.0
0.4,650,7,0.01,1.0
0.4,650,7,0.02,1.0
0.4,650,7,0.03,1.0
0.4,650,7,0.04,1.0
0.4,650,7,0.05,1.0
0.4,650,7,0.060000000000000005,1.0
0.4,650,7,0.06999999999999999,1.0
0.4,650,7,0.08,1.0
0.4,650,7,0.09,1.0
0.4,650,7,0.09999999999999999,1.0
0.4,650,7,0.11,1.0
0.4,650,7,0.12,1.0
0.4,650,7,0.13,1.0
0.4,650,7,0.14,1.0
0.4,650,8,0.01,1.0
0.4,650,8,0.02,1.0
0.4,650,8,0.03,1.0
0.4,650,8,0.04,1.0
0.4,650,8,0.05,1.0
0.4,650,8,0.060000000000000005,1.0
0.4,650,8,0.06999999999999999,1.0
0.4,650,8,0.08,1.0
0.4,650,8,0.09,1.0
0.4,650,8,0.09999999999999999,1.0
0.4,650,8,0.11,1.0
0.4,650,8,0.12,1.0
0.4,650,8,0.13,1.0
0.4,650,8,0.14,1.0
0.5000000000000001,50,3,0.01,0.8932
0.5000000000000001,50,3,0.02,0.9927
0.5000000000000001,50,3,0.03,0.9989
0.5000000000000001,50,3,0.04,0.9998
0.5000000000000001,50,3,0.05,1.0
0.5000000000000001,50,3,0.060000000000000005,1.0
0.5000000000000001,50,3,0.06999999999999999,1.0
0.5000000000000001,50,3,0.08,1.0
0.5000000000000001,50,3,0.09,1.0
0.5000000000000001,50,3,0.09999999999999999,1.0
0.5000000000000001,50,3,0.11,1.0
0.5000000000000001,50,3,0.12,1.0
0.5000000000000001,50,3,0.13,1.0
0.5000000000000001,50,3,0.14,1.0
0.5000000000000001,50,4,0.01,0.735
0.5000000000000001,50,4,0.02,0.9724
0.5000000000000001,50,4,0.03,0.9959
0.5000000000000001,50,4,0.04,0.9995
0.5000000000000001,50,4,0.05,0.9999
0.5000000000000001,50,4,0.060000000000000005,1.0
0.5000000000000001,50,4,0.06999999999999999,1.0
0.5000000000000001,50,4,0.08,1.0
0.5000000000000001,50,4,0.09,1.0
0.5000000000000001,50,4,0.09999999999999999,1.0
0.5000000000000001,50,4,0.11,1.0
0.5000000000000001,50,4,0.12,1.0
0.5000000000000001,50,4,0.13,1.0
0.5000000000000001,50,4,0.14,1.0
0.5000000000000001,50,5,0.01,0.5217
0.5000000000000001,50,5,0.02,0.9198
0.5000000000000001,50,5,0.03,0.9845
0.5000000000000001,50,5,0.04,0.9966
0.5000000000000001,50,5,0.05,0.9996
0.5000000000000001,50,5,0.060000000000000005,0.9999
0.5000000000000001,50,5,0.06999999999999999,1.0
0.5000000000000001,50,5,0.08,1.0
0.5000000000000001,50,5,0.09,1.0
0.5000000000000001,50,5,0.09999999999999999,1.0
0.5000000000000001,50,5,0.11,1.0
0.5000000000000001,50,5,0.12,1.0
0.5000000000000001,50,5,0.13,1.0
0.5000000000000001,50,5,0.14,1.0
0.5000000000000001,50,6,0.01,0.3196
0.5000000000000001,50,6,0.02,0.8211
0.5000000000000001,50,6,0.03,0.9556
0.5000000000000001,50,6,0.04,0.9894
0.5000000000000001,50,6,0.05,0.9971
0.5000000000000001,50,6,0.060000000000000005,0.9996
0.5000000000000001,50,6,0.06999999999999999,0.9999
0.5000000000000001,50,6,0.08,1.0
0.5000000000000001,50,6,0.09,1.0
0.5000000000000001,50,6,0.09999999999999999,1.0
0.5000000000000001,50,6,0.11,1.0
0.5000000000000001,50,6,0.12,1.0
0.5000000000000001,50,6,0.13,1.0
0.5000000000000001,50,6,0.14,1.0
0.5000000000000001,50,7,0.01,0.1633
0.5000000000000001,50,7,0.02,0.6782
0.5000000000000001,50,7,0.03,0.8982
0.5000000000000001,50,7,0.04,0.9723
0.5000000000000001,50,7,0.05,0.9909
0.5000000000000001,50,7,0.060000000000000005,0.9981
0.5000000000000001,50,7,0.06999999999999999,0.9997
0.5000000000000001,50,7,0.08,0.9999
0.5000000000000001,50,7,0.09,1.0
0.5000000000000001,50,7,0.09999999999999999,1.0
0.5000000000000001,50,7,0.11,1.0
0.5000000000000001,50,7,0.12,1.0
0.5000000000000001,50,7,0.13,1.0
0.5000000000000001,50,7,0.14,1.0
0.5000000000000001,50,8,0.01,0.0678
0.5000000000000001,50,8,0.02,0.5076
0.5000000000000001,50,8,0.03,0.7992
0.5000000000000001,50,8,0.04,0.9312
0.5000000000000001,50,8,0.05,0.976
0.5000000000000001,50,8,0.060000000000000005,0.9931
0.5000000000000001,50,8,0.06999999999999999,0.9983
0.5000000000000001,50,8,0.08,0.9997
0.5000000000000001,50,8,0.09,1.0
0.5000000000000001,50,8,0.09999999999999999,1.0
0.5000000000000001,50,8,0.11,1.0
0.5000000000000001,50,8,0.12,1.0
0.5000000000000001,50,8,0.13,1.0
0.5000000000000001,50,8,0.14,1.0
0.5000000000000001,100,3,0.01,0.9931
0.5000000000000001,100,3,0.02,1.0
0.5000000000000001,100,3,0.03,1.0
0.5000000000000001,100,3,0.04,1.0
0.5000000000000001,100,3,0.05,1.0
0.5000000000000001,100,3,0.060000000000000005,1.0
0.5000000000000001,100,3,0.06999999999999999,1.0
0.5000000000000001,100,3,0.08,1.0
0.5000000000000001,100,3,0.09,1.0
0.5000000000000001,100,3,0.09999999999999999,1.0
0.5000000000000001,100,3,0.11,1.0
0.5000000000000001,100,3,0.12,1.0
0.5000000000000001,100,3,0.13,1.0
0.5000000000000001,100,3,0.14,1.0
0.5000000000000001,100,4,0.01,0.9745
0.5000000000000001,100,4,0.02,0.9999
0.5000000000000001,100,4,0.03,1.0
0.5000000000000001,100,4,0.04,1.0
0.5000000000000001,100,4,0.05,1.0
0.5000000000000001,100,4,0.060000000000000005,1.0
0.5000000000000001,100,4,0.06999999999999999,1.0
0.5000000000000001,100,4,0.08,1.0
0.5000000000000001,100,4,0.09,1.0
0.5000000000000001,100,4,0.09999999999999999,1.0
0.5000000000000001,100,4,0.11,1.0
0.5000000000000001,100,4,0.12,1.0
0.5000000000000001,100,4,0.13,1.0
0.5000000000000001,100,4,0.14,1.0
0.5000000000000001,100,5,0.01,0.9216
0.5000000000000001,100,5,0.02,0.9996
0.5000000000000001,100,5,0.03,1.0
0.5000000000000001,100,5,0.04,1.0
0.5000000000000001,100,5,0.05,1.0
0.5000000000000001,100,5,0.060000000000000005,1.0
0.5000000000000001,100,5,0.06999999999999999,1.0
0.5000000000000001,100,5,0.08,1.0
0.5000000000000001,100,5,0.09,1.0
0.5000000000000001,100,5,0.09999999999999999,1.0
0.5000000000000001,100,5,0.11,1.0
0.5000000000000001,100,5,0.12,1.0
0.5000000000000001,100,5,0.13,1.0
0.5000000000000001,100,5,0.14,1.0
0.5000000000000001,100,6,0.01,0.8144
0.5000000000000001,100,6,0.02,0.9967
0.5000000000000001,100,6,0.03,1.0
0.5000000000000001,100,6,0.04,1.0
0.5000000000000001,100,6,0.05,1.0
0.5000000000000001,100,6,0.060000000000000005,1.0
0.5000000000000001,100,6,0.06999999999999999,1.0
0.5000000000000001,100,6,0.08,1.0
0.5000000000000001,100,6,0.09,1.0
0.5000000000000001,100,6,0.09999999999999999,1.0
0.5000000000000001,100,6,0.11,1.0
0.5000000000000001,100,6,0.12,1.0
0.5000000000000001,100,6,0.13,1.0
0.5000000000000001,100,6,0.14,1.0
0.5000000000000001,100,7,0.01,0.6567
0.5000000000000001,100,7,0.02,0.9901
0.5000000000000001,100,7,0.03,0.9999
0.5000000000000001,100,7,0.04,1.0
0.5000000000000001,100,7,0.05,1.0
0.5000000000000001,100,7,0.060000000000000005,1.0
0.5000000000000001,100,7,0.06999999999999999,1.0
0.5000000000000001,100,7,0.08,1.0
0.5000000000000001,100,7,0.09,1.0
0.5000000000000001,100,7,0.09999999999999999,1.0
0.5000000000000001,100,7,0.11,1.0
0.5000000000000001,100,7,0.12,1.0
0.5000000000000001,100,7,0.13,1.0
0.5000000000000001,100,7,0.14,1.0
0.5000000000000001,100,8,0.01,0.4671
0.5000000000000001,100,8,0.02,0.9701
0.5000000000000001,100,8,0.03,0.999
0.5000000000000001,100,8,0.04,1.0
0.5000000000000001,100,8,0.05,1.0
0.5000000000000001,100,8,0.060000000000000005,1.0
0.5000000000000001,100,8,0.06999999999999999,1.0
0.5000000000000001,100,8,0.08,1.0
0.5000000000000001,100,8,0.09,1.0
0.5000000000000001,100,8,0.09999999999999999,1.0
0.5000000000000001,100,8,0.11,1.0
0.5000000000000001,100,8,0.12,1.0
0.5000000000000001,100,8,0.13,1.0
0.5000000000000001,100,8,0.14,1.0
0.5000000000000001,150,3,0.01,0.9994
0.5000000000000001,150,3,0.02,1.0
0.5000000000000001,150,3,0.03,1.0
0.5000000000000001,150,3,0.04,1.0
0.5000000000000001,150,3,0.05,1.0
0.5000000000000001,150,3,0.060000000000000005,1.0
0.5000000000000001,150,3,0.06999999999999999,1.0
0.5000000000000001,150,3,0.08,1.0
0.5000000000000001,150,3,0.09,1.0
0.5000000000000001,150,3,0.09999999999999999,1.0
0.5000000000000001,150,3,0.11,1.0
0.5000000000000001,150,3,0.12,1.0
0.5000000000000001,150,3,0.13,1.0
0.5000000000000001,150,3,0.14,1.0
0.5000000000000001,150,4,0.01,0.9981
0.5000000000000001,150,4,0.02,1.0
0.5000000000000001,150,4,0.03,1.0
0.5000000000000001,150,4,0.04,1.0
0.5000000000000001,150,4,0.05,1.0
0.5000000000000001,150,4,0.060000000000000005,1.0
0.5000000000000001,150,4,0.06999999999999999,1.0
0.5000000000000001,150,4,0.08,1.0
0.5000000000000001,150,4,0.09,1.0
0.5000000000000001,150,4,0.09999999999999999,1.0
0.5000000000000001,150,4,0.11,1.0
0.5000000000000001,150,4,0.12,1.0
0.5000000000000001,150,4,0.13,1.0
0.5000000000000001,150,4,0.14,1.0
0.5000000000000001,150,5,0.01,0.9904
0.5000000000000001,150,5,0.02,1.0
0.5000000000000001,150,5,0.03,1.0
0.5000000000000001,150,5,0.04,1.0
0.5000000000000001,150,5,0.05,1.0
0.5000000000000001,150,5,0.060000000000000005,1.0
0.5000000000000001,150,5,0.06999999999999999,1.0
0.5000000000000001,150,5,0.08,1.0
0.5000000000000001,150,5,0.09,1.0
0.5000000000000001,150,5,0.09999999999999999,1.0
0.5000000000000001,150,5,0.11,1.0
0.5000000000000001,150,5,0.12,1.0
0.5000000000000001,150,5,0.13,1.0
0.5000000000000001,150,5,0.14,1.0
0.5000000000000001,150,6,0.01,0.9673
0.5000000000000001,150,6,0.02,0.9998
0.5000000000000001,150,6,0.03,1.0
0.5000000000000001,150,6,0.04,1.0
0.5000000000000001,150,6,0.05,1.0
0.5000000000000001,150,6,0.060000000000000005,1.0
0.5000000000000001,150,6,0.06999999999999999,1.0
0.5000000000000001,150,6,0.08,1.0
0.5000000000000001,150,6,0.09,1.0
0.5000000000000001,150,6,0.09999999999999999,1.0
0.5000000000000001,150,6,0.11,1.0
0.5000000000000001,150,6,0.12,1.0
0.5000000000000001,150,6,0.13,1.0
0.5000000000000001,150,6,0.14,1.0
0.5000000000000001,150,7,0.01,0.908
0.5000000000000001,150,7,0.02,0.9997
0.5000000000000001,150,7,0.03,1.0
0.5000000000000001,150,7,0.04,1.0
0.5000000000000001,150,7,0.05,1.0
0.5000000000000001,150,7,0.060000000000000005,1.0
0.5000000000000001,150,7,0.06999999999999999,1.0
0.5000000000000001,150,7,0.08,1.0
0.5000000000000001,150,7,0.09,1.0
0.5000000000000001,150,7,0.09999999999999999,1.0
0.5000000000000001,150,7,0.11,1.0
0.5000000000000001,150,7,0.12,1.0
0.5000000000000001,150,7,0.13,1.0
0.5000000000000001,150,7,0.14,1.0
0.5000000000000001,150,8,0.01,0.8009
0.5000000000000001,150,8,0.02,0.9987
0.5000000000000001,150,8,0.03,1.0
0.5000000000000001,150,8,0.04,1.0
0.5000000000000001,150,8,0.05,1.0
0.5000000000000001,150,8,0.060000000000000005,1.0
0.5000000000000001,150,8,0.06999999999999999,1.0
0.5000000000000001,150,8,0.08,1.0
0.5000000000000001,150,8,0.09,1.0
0.5000000000000001,150,8,0.09999999999999999,1.0
0.5000000000000001,150,8,0.11,1.0
0.5000000000000001,150,8,0.12,1.0
0.5000000000000001,150,8,0.13,1.0
0.5000000000000001,150,8,0.14,1.0
0.5000000000000001,200,3,0.01,0.9999
0.5000000000000001,200,3,0.02,1.0
0.5000000000000001,200,3,0.03,1.0
0.5000000000000001,200,3,0.04,1.0
0.5000000000000001,200,3,0.05,1.0
0.5000000000000001,200,3,0.060000000000000005,1.0
0.5000000000000001,200,3,0.06999999999999999,1.0
0.5000000000000001,200,3,0.08,1.0
0.5000000000000001,200,3,0.09,1.0
0.5000000000000001,200,3,0.09999999999999999,1.0
0.5000000000000001,200,3,0.11,1.0
0.5000000000000001,200,3,0.12,1.0
0.5000000000000001,200,3,0.13,1.0
0.5000000000000001,200,3,0.14,1.0
0.5000000000000001,200,4,0.01,0.9995
0.5000000000000001,200,4,0.02,1.0
0.5000000000000001,200,4,0.03,1.0
0.5000000000000001,200,4,0.04,1.0
0.5000000000000001,200,4,0.05,1.0
0.5000000000000001,200,4,0.060000000000000005,1.0
0.5000000000000001,200,4,0.06999999999999999,1.0
0.5000000000000001,200,4,0.08,1.0
0.5000000000000001,200,4,0.09,1.0
0.5000000000000001,200,4,0.09999999999999999,1.0
0.5000000000000001,200,4,0.11,1.0
0.5000000000000001,200,4,0.12,1.0
0.5000000000000001,200,4,0.13,1.0
0.5000000000000001,200,4,0.14,1.0
0.5000000000000001,200,5,0.01,0.9987
0.5000000000000001,200,5,0.02,1.0
0.5000000000000001,200,5,0.03,1.0
0.5000000000000001,200,5,0.04,1.0
0.5000000000000001,200,5,0.05,1.0
0.5000000000000001,200,5,0.060000000000000005,1.0
0.5000000000000001,200,5,0.06999999999999999,1.0
0.5000000000000001,200,5,0.08,1.0
0.5000000000000001,200,5,0.09,1.0
0.5000000000000001,200,5,0.09999999999999999,1.0
0.5000000000000001,200,5,0.11,1.0
0.5000000000000001,200,5,0.12,1.0
0.5000000000000001,200,5,0.13,1.0
0.5000000000000001,200,5,0.14,1.0
0.5000000000000001,200,6,0.01,0.9953
0.5000000000000001,200,6,0.02,1.0
0.5000000000000001,200,6,0.03,1.0
0.5000000000000001,200,6,0.04,1.0
0.5000000000000001,200,6,0.05,1.0
0.5000000000000001,200,6,0.060000000000000005,1.0
0.5000000000000001,200,6,0.06999999999999999,1.0
0.5000000000000001,200,6,0.08,1.0
0.5000000000000001,200,6,0.09,1.0
0.5000000000000001,200,6,0.09999999999999999,1.0
0.5000000000000001,200,6,0.11,1.0
0.5000000000000001,200,6,0.12,1.0
0.5000000000000001,200,6,0.13,1.0
0.5000000000000001,200,6,0.14,1.0
0.5000000000000001,200,7,0.01,0.9818
0.5000000000000001,200,7,0.02,1.0
0.5000000000000001,200,7,0.03,1.0
0.5000000000000001,200,7,0.04,1.0
0.5000000000000001,200,7,0.05,1.0
0.5000000000000001,200,7,0.060000000000000005,1.0
0.5000000000000001,200,7,0.06999999999999999,1.0
0.5000000000000001,200,7,0.08,1.0
0.5000000000000001,200,7,0.09,1.0
0.5000000000000001,200,7,0.09999999999999999,1.0
0.5000000000000001,200,7,0.11,1.0
0.5000000000000001,200,7,0.12,1.0
0.5000000000000001,200,7,0.13,1.0
0.5000000000000001,200,7,0.14,1.0
0.5000000000000001,200,8,0.01,0.9438
0.5000000000000001,200,8,0.02,0.9999
0.5000000000000001,200,8,0.03,1.0
0.5000000000000001,200,8,0.04,1.0
0.5000000000000001,200,8,0.05,1.0
0.5000000000000001,200,8,0.060000000000000005,1.0
0.5000000000000001,200,8,0.06999999999999999,1.0
0.5000000000000001,200,8,0.08,1.0
0.5000000000000001,200,8,0.09,1.0
0.5000000000000001,200,8,0.09999999999999999,1.0
0.5000000000000001,200,8,0.11,1.0
0.5000000000000001,200,8,0.12,1.0
0.5000000000000001,200,8,0.13,1.0
0.5000000000000001,200,8,0.14,1.0
0.5000000000000001,250,3,0.01,1.0
0.5000000000000001,250,3,0.02,1.0
0.5000000000000001,250,3,0.03,1.0
0.5000000000000001,250,3,0.04,1.0
0.5000000000000001,250,3,0.05,1.0
0.5000000000000001,250,3,0.060000000000000005,1.0
0.5000000000000001,250,3,0.06999999999999999,1.0
0.5000000000000001,250,3,0.08,1.0
0.5000000000000001,250,3,0.09,1.0
0.5000000000000001,250,3,0.09999999999999999,1.0
0.5000000000000001,250,3,0.11,1.0
0.5000000000000001,250,3,0.12,1.0
0.5000000000000001,250,3,0.13,1.0
0.5000000000000001,250,3,0.14,1.0
0.5000000000000001,250,4,0.01,1.0
0.5000000000000001,250,4,0.02,1.0
0.5000000000000001,250,4,0.03,1.0
0.5000000000000001,250,4,0.04,1.0
0.5000000000000001,250,4,0.05,1.0
0.5000000000000001,250,4,0.060000000000000005,1.0
0.5000000000000001,250,4,0.06999999999999999,1.0
0.5000000000000001,250,4,0.08,1.0
0.5000000000000001,250,4,0.09,1.0
0.5000000000000001,250,4,0.09999999999999999,1.0
0.5000000000000001,250,4,0.11,1.0
0.5000000000000001,250,4,0.12,1.0
0.5000000000000001,250,4,0.13,1.0
0.5000000000000001,250,4,0.14,1.0
0.5000000000000001,250,5,0.01,1.0
0.5000000000000001,250,5,0.02,1.0
0.5000000000000001,250,5,0.03,1.0
0.5000000000000001,250,5,0.04,1.0
0.5000000000000001,250,5,0.05,1.0
0.5000000000000001,250,5,0.060000000000000005,1.0
0.5000000000000001,250,5,0.06999999999999999,1.0
0.5000000000000001,250,5,0.08,1.0
0.5000000000000001,250,5,0.09,1.0
0.5000000000000001,250,5,0.09999999999999999,1.0
0.5000000000000001,250,5,0.11,1.0
0.5000000000000001,250,5,0.12,1.0
0.5000000000000001,250,5,0.13,1.0
0.5000000000000001,250,5,0.14,1.0
0.5000000000000001,250,6,0.01,0.9992
0.5000000000000001,250,6,0.02,1.0
0.5000000000000001,250,6,0.03,1.0
0.5000000000000001,250,6,0.04,1.0
0.5000000000000001,250,6,0.05,1.0
0.5000000000000001,250,6,0.060000000000000005,1.0
0.5000000000000001,250,6,0.06999999999999999,1.0
0.5000000000000001,250,6,0.08,1.0
0.5000000000000001,250,6,0.09,1.0
0.5000000000000001,250,6,0.09999999999999999,1.0
0.5000000000000001,250,6,0.11,1.0
0.5000000000000001,250,6,0.12,1.0
0.5000000000000001,250,6,0.13,1.0
0.5000000000000001,250,6,0.14,1.0
0.5000000000000001,250,7,0.01,0.9961
0.5000000000000001,250,7,0.02,1.0
0.5000000000000001,250,7,0.03,1.0
0.5000000000000001,250,7,0.04,1.0
0.5000000000000001,250,7,0.05,1.0
0.5000000000000001,250,7,0.060000000000000005,1.0
0.5000000000000001,250,7,0.06999999999999999,1.0
0.5000000000000001,250,7,0.08,1.0
0.5000000000000001,250,7,0.09,1.0
0.5000000000000001,250,7,0.09999999999999999,1.0
0.5000000000000001,250,7,0.11,1.0
0.5000000000000001,250,7,0.12,1.0
0.5000000000000001,250,7,0.13,1.0
0.5000000000000001,250,7,0.14,1.0
0.5000000000000001,250,8,0.01,0.986
0.5000000000000001,250,8,0.02,1.0
0.5000000000000001,250,8,0.03,1.0
0.5000000000000001,250,8,0.04,1.0
0.5000000000000001,250,8,0.05,1.0
0.5000000000000001,250,8,0.060000000000000005,1.0
0.5000000000000001,250,8,0.06999999999999999,1.0
0.5000000000000001,250,8,0.08,1.0
0.5000000000000001,250,8,0.09,1.0
0.5000000000000001,250,8,0.09999999999999999,1.0
0.5000000000000001,250,8,0.11,1.0
0.5000000000000001,250,8,0.12,1.0
0.5000000000000001,250,8,0.13,1.0
0.5000000000000001,250,8,0.14,1.0
0.5000000000000001,300,3,0.01,1.0
0.5000000000000001,300,3,0.02,1.0
0.5000000000000001,300,3,0.03,1.0
0.5000000000000001,300,3,0.04,1.0
0.5000000000000001,300,3,0.05,1.0
0.5000000000000001,300,3,0.060000000000000005,1.0
0.5000000000000001,300,3,0.06999999999999999,1.0
0.5000000000000001,300,3,0.08,1.0
0.5000000000000001,300,3,0.09,1.0
0.5000000000000001,300,3,0.09999999999999999,1.0
0.5000000000000001,300,3,0.11,1.0
0.5000000000000001,300,3,0.12,1.0
0.5000000000000001,300,3,0.13,1.0
0.5000000000000001,300,3,0.14,1.0
0.5000000000000001,300,4,0.01,1.0
0.5000000000000001,300,4,0.02,1.0
0.5000000000000001,300,4,0.03,1.0
0.5000000000000001,300,4,0.04,1.0
0.5000000000000001,300,4,0.05,1.0
0.5000000000000001,300,4,0.060000000000000005,1.0
0.5000000000000001,300,4,0.06999999999999999,1.0
0.5000000000000001,300,4,0.08,1.0
0.5000000000000001,300,4,0.09,1.0
0.5000000000000001,300,4,0.09999999999999999,1.0
0.5000000000000001,300,4,0.11,1.0
0.5000000000000001,300,4,0.12,1.0
0.5000000000000001,300,4,0.13,1.0
0.5000000000000001,300,4,0.14,1.0
0.5000000000000001,300,5,0.01,1.0
0.5000000000000001,300,5,0.02,1.0
0.5000000000000001,300,5,0.03,1.0
0.5000000000000001,300,5,0.04,1.0
0.5000000000000001,300,5,0.05,1.0
0.5000000000000001,300,5,0.060000000000000005,1.0
0.5000000000000001,300,5,0.06999999999999999,1.0
0.5000000000000001,300,5,0.08,1.0
0.5000000000000001,300,5,0.09,1.0
0.5000000000000001,300,5,0.09999999999999999,1.0
0.5000000000000001,300,5,0.11,1.0
0.5000000000000001,300,5,0.12,1.0
0.5000000000000001,300,5,0.13,1.0
0.5000000000000001,300,5,0.14,1.0
0.5000000000000001,300,6,0.01,0.9999
0.5000000000000001,300,6,0.02,1.0
0.5000000000000001,300,6,0.03,1.0
0.5000000000000001,300,6,0.04,1.0
0.5000000000000001,300,6,0.05,1.0
0.5000000000000001,300,6,0.060000000000000005,1.0
0.5000000000000001,300,6,0.06999999999999999,1.0
0.5000000000000001,300,6,0.08,1.0
0.5000000000000001,300,6,0.09,1.0
0.5000000000000001,300,6,0.09999999999999999,1.0
0.5000000000000001,300,6,0.11,1.0
0.5000000000000001,300,6,0.12,1.0
0.5000000000000001,300,6,0.13,1.0
0.5000000000000001,300,6,0.14,1.0
0.5000000000000001,300,7,0.01,0.9992
0.5000000000000001,300,7,0.02,1.0
0.5000000000000001,300,7,0.03,1.0
0.5000000000000001,300,7,0.04,1.0
0.5000000000000001,300,7,0.05,1.0
0.5000000000000001,300,7,0.060000000000000005,1.0
0.5000000000000001,300,7,0.06999999999999999,1.0
0.5000000000000001,300,7,0.08,1.0
0.5000000000000001,300,7,0.09,1.0
0.5000000000000001,300,7,0.09999999999999999,1.0
0.5000000000000001,300,7,0.11,1.0
0.5000000000000001,300,7,0.12,1.0
0.5000000000000001,300,7,0.13,1.0
0.5000000000000001,300,7,0.14,1.0
0.5000000000000001,300,8,0.01,0.9966
0.5000000000000001,300,8,0.02,1.0
0.5000000000000001,300,8,0.03,1.0
0.5000000000000001,300,8,0.04,1.0
0.5000000000000001,300,8,0.05,1.0
0.5000000000000001,300,8,0.060000000000000005,1.0
0.5000000000000001,300,8,0.06999999999999999,1.0
0.5000000000000001,300,8,0.08,1.0
0.5000000000000001,300,8,0.09,1.0
0.5000000000000001,300,8,0.09999999999999999,1.0
0.5000000000000001,300,8,0.11,1.0
0.5000000000000001,300,8,0.12,1.0
0.5000000000000001,300,8,0.13,1.0
0.5000000000000001,300,8,0.14,1.0
0.5000000000000001,350,3,0.01,1.0
0.5000000000000001,350,3,0.02,1.0
0.5000000000000001,350,3,0.03,1.0
0.5000000000000001,350,3,0.04,1.0
0.5000000000000001,350,3,0.05,1.0
0.5000000000000001,350,3,0.060000000000000005,1.0
0.5000000000000001,350,3,0.06999999999999999,1.0
0.5000000000000001,350,3,0.08,1.0
0.5000000000000001,350,3,0.09,1.0
0.5000000000000001,350,3,0.09999999999999999,1.0
0.5000000000000001,350,3,0.11,1.0
0.5000000000000001,350,3,0.12,1.0
0.5000000000000001,350,3,0.13,1.0
0.5000000000000001,350,3,0.14,1.0
0.5000000000000001,350,4,0.01,1.0
0.5000000000000001,350,4,0.02,1.0
0.5000000000000001,350,4,0.03,1.0
0.5000000000000001,350,4,0.04,1.0
0.5000000000000001,350,4,0.05,1.0
0.5000000000000001,350,4,0.060000000000000005,1.0
0.5000000000000001,350,4,0.06999999999999999,1.0
0.5000000000000001,350,4,0.08,1.0
0.5000000000000001,350,4,0.09,1.0
0.5000000000000001,350,4,0.09999999999999999,1.0
0.5000000000000001,350,4,0.11,1.0
0.5000000000000001,350,4,0.12,1.0
0.5000000000000001,350,4,0.13,1.0
0.5000000000000001,350,4,0.14,1.0
0.5000000000000001,350,5,0.01,1.0
0.5000000000000001,350,5,0.02,1.0
0.5000000000000001,350,5,0.03,1.0
0.5000000000000001,350,5,0.04,1.0
0.5000000000000001,350,5,0.05,1.0
0.5000000000000001,350,5,0.060000000000000005,1.0
0.5000000000000001,350,5,0.06999999999999999,1.0
0.5000000000000001,350,5,0.08,1.0
0.5000000000000001,350,5,0.09,1.0
0.5000000000000001,350,5,0.09999999999999999,1.0
0.5000000000000001,350,5,0.11,1.0
0.5000000000000001,350,5,0.12,1.0
0.5000000000000001,350,5,0.13,1.0
0.5000000000000001,350,5,0.14,1.0
0.5000000000000001,350,6,0.01,1.0
0.5000000000000001,350,6,0.02,1.0
0.5000000000000001,350,6,0.03,1.0
0.5000000000000001,350,6,0.04,1.0
0.5000000000000001,350,6,0.05,1.0
0.5000000000000001,350,6,0.060000000000000005,1.0
0.5000000000000001,350,6,0.06999999999999999,1.0
0.5000000000000001,350,6,0.08,1.0
0.5000000000000001,350,6,0.09,1.0
0.5000000000000001,350,6,0.09999999999999999,1.0
0.5000000000000001,350,6,0.11,1.0
0.5000000000000001,350,6,0.12,1.0
0.5000000000000001,350,6,0.13,1.0
0.5000000000000001,350,6,0.14,1.0
0.5000000000000001,350,7,0.01,0.9999
0.5000000000000001,350,7,0.02,1.0
0.5000000000000001,350,7,0.03,1.0
0.5000000000000001,350,7,0.04,1.0
0.5000000000000001,350,7,0.05,1.0
0.5000000000000001,350,7,0.060000000000000005,1.0
0.5000000000000001,350,7,0.06999999999999999,1.0
0.5000000000000001,350,7,0.08,1.0
0.5000000000000001,350,7,0.09,1.0
0.5000000000000001,350,7,0.09999999999999999,1.0
0.5000000000000001,350,7,0.11,1.0
0.5000000000000001,350,7,0.12,1.0
0.5000000000000001,350,7,0.13,1.0
0.5000000000000001,350,7,0.14,1.0
0.5000000000000001,350,8,0.01,0.9995
0.5000000000000001,350,8,0.02,1.0
0.5000000000000001,350,8,0.03,1.0
0.5000000000000001,350,8,0.04,1.0
0.5000000000000001,350,8,0.05,1.0
0.5000000000000001,350,8,0.060000000000000005,1.0
0.5000000000000001,350,8,0.06999999999999999,1.0
0.5000000000000001,350,8,0.08,1.0
0.5000000000000001,350,8,0.09,1.0
0.5000000000000001,350,8,0.09999999999999999,1.0
0.5000000000000001,350,8,0.11,1.0
0.5000000000000001,350,8,0.12,1.0
0.5000000000000001,350,8,0.13,1.0
0.5000000000000001,350,8,0.14,1.0
0.5000000000000001,400,3,0.01,1.0
0.5000000000000001,400,3,0.02,1.0
0.5000000000000001,400,3,0.03,1.0
0.5000000000000001,400,3,0.04,1.0
0.5000000000000001,400,3,0.05,1.0
0.5000000000000001,400,3,0.060000000000000005,1.0
0.5000000000000001,400,3,0.06999999999999999,1.0
0.5000000000000001,400,3,0.08,1.0
0.5000000000000001,400,3,0.09,1.0
0.5000000000000001,400,3,0.09999999999999999,1.0
0.5000000000000001,400,3,0.11,1.0
0.5000000000000001,400,3,0.12,1.0
0.5000000000000001,400,3,0.13,1.0
0.5000000000000001,400,3,0.14,1.0
0.5000000000000001,400,4,0.01,1.0
0.5000000000000001,400,4,0.02,1.0
0.5000000000000001,400,4,0.03,1.0
0.5000000000000001,400,4,0.04,1.0
0.5000000000000001,400,4,0.05,1.0
0.5000000000000001,400,4,0.060000000000000005,1.0
0.5000000000000001,400,4,0.06999999999999999,1.0
0.5000000000000001,400,4,0.08,1.0
0.5000000000000001,400,4,0.09,1.0
0.5000000000000001,400,4,0.09999999999999999,1.0
0.5000000000000001,400,4,0.11,1.0
0.5000000000000001,400,4,0.12,1.0
0.5000000000000001,400,4,0.13,1.0
0.5000000000000001,400,4,0.14,1.0
0.5000000000000001,400,5,0.01,1.0
0.5000000000000001,400,5,0.02,1.0
0.5000000000000001,400,5,0.03,1.0
0.5000000000000001,400,5,0.04,1.0
0.5000000000000001,400,5,0.05,1.0
0.5000000000000001,400,5,0.060000000000000005,1.0
0.5000000000000001,400,5,0.06999999999999999,1.0
0.5000000000000001,400,5,0.08,1.0
0.5000000000000001,400,5,0.09,1.0
0.5000000000000001,400,5,0.09999999999999999,1.0
0.5000000000000001,400,5,0.11,1.0
0.5000000000000001,400,5,0.12,1.0
0.5000000000000001,400,5,0.13,1.0
0.5000000000000001,400,5,0.14,1.0
0.5000000000000001,400,6,0.01,1.0
0.5000000000000001,400,6,0.02,1.0
0.5000000000000001,400,6,0.03,1.0
0.5000000000000001,400,6,0.04,1.0
0.5000000000000001,400,6,0.05,1.0
0.5000000000000001,400,6,0.060000000000000005,1.0
0.5000000000000001,400,6,0.06999999999999999,1.0
0.5000000000000001,400,6,0.08,1.0
0.5000000000000001,400,6,0.09,1.0
0.5000000000000001,400,6,0.09999999999999999,1.0
0.5000000000000001,400,6,0.11,1.0
0.5000000000000001,400,6,0.12,1.0
0.5000000000000001,400,6,0.13,1.0
0.5000000000000001,400,6,0.14,1.0
0.5000000000000001,400,7,0.01,1.0
0.5000000000000001,400,7,0.02,1.0
0.5000000000000001,400,7,0.03,1.0
0.5000000000000001,400,7,0.04,1.0
0.5000000000000001,400,7,0.05,1.0
0.5000000000000001,400,7,0.060000000000000005,1.0
0.5000000000000001,400,7,0.06999999999999999,1.0
0.5000000000000001,400,7,0.08,1.0
0.5000000000000001,400,7,0.09,1.0
0.5000000000000001,400,7,0.09999999999999999,1.0
0.5000000000000001,400,7,0.11,1.0
0.5000000000000001,400,7,0.12,1.0
0.5000000000000001,400,7,0.13,1.0
0.5000000000000001,400,7,0.14,1.0
0.5000000000000001,400,8,0.01,0.9999
0.5000000000000001,400,8,0.02,1.0
0.5000000000000001,400,8,0.03,1.0
0.5000000000000001,400,8,0.04,1.0
0.5000000000000001,400,8,0.05,1.0
0.5000000000000001,400,8,0.060000000000000005,1.0
0.5000000000000001,400,8,0.06999999999999999,1.0
0.5000000000000001,400,8,0.08,1.0
0.5000000000000001,400,8,0.09,1.0
0.5000000000000001,400,8,0.09999999999999999,1.0
0.5000000000000001,400,8,0.11,1.0
0.5000000000000001,400,8,0.12,1.0
0.5000000000000001,400,8,0.13,1.0
0.5000000000000001,400,8,0.14,1.0
0.5000000000000001,450,3,0.01,1.0
0.5000000000000001,450,3,0.02,1.0
0.5000000000000001,450,3,0.03,1.0
0.5000000000000001,450,3,0.04,1.0
0.5000000000000001,450,3,0.05,1.0
0.5000000000000001,450,3,0.060000000000000005,1.0
0.5000000000000001,450,3,0.06999999999999999,1.0
0.5000000000000001,450,3,0.08,1.0
0.5000000000000001,450,3,0.09,1.0
0.5000000000000001,450,3,0.09999999999999999,1.0
0.5000000000000001,450,3,0.11,1.0
0.5000000000000001,450,3,0.12,1.0
0.5000000000000001,450,3,0.13,1.0
0.5000000000000001,450,3,0.14,1.0
0.5000000000000001,450,4,0.01,1.0
0.5000000000000001,450,4,0.02,1.0
0.5000000000000001,450,4,0.03,1.0
0.5000000000000001,450,4,0.04,1.0
0.5000000000000001,450,4,0.05,1.0
0.5000000000000001,450,4,0.060000000000000005,1.0
0.5000000000000001,450,4,0.06999999999999999,1.0
0.5000000000000001,450,4,0.08,1.0
0.5000000000000001,450,4,0.09,1.0
0.5000000000000001,450,4,0.09999999999999999,1.0
0.5000000000000001,450,4,0.11,1.0
0.5000000000000001,450,4,0.12,1.0
0.5000000000000001,450,4,0.13,1.0
0.5000000000000001,450,4,0.14,1.0
0.5000000000000001,450,5,0.01,1.0
0.5000000000000001,450,5,0.02,1.0
0.5000000000000001,450,5,0.03,1.0
0.5000000000000001,450,5,0.04,1.0
0.5000000000000001,450,5,0.05,1.0
0.5000000000000001,450,5,0.060000000000000005,1.0
0.5000000000000001,450,5,0.06999999999999999,1.0
0.5000000000000001,450,5,0.08,1.0
0.5000000000000001,450,5,0.09,1.0
0.5000000000000001,450,5,0.09999999999999999,1.0
0.5000000000000001,450,5,0.11,1.0
0.5000000000000001,450,5,0.12,1.0
0.5000000000000001,450,5,0.13,1.0
0.5000000000000001,450,5,0.14,1.0
0.5000000000000001,450,6,0.01,1.0
0.5000000000000001,450,6,0.02,1.0
0.5000000000000001,450,6,0.03,1.0
0.5000000000000001,450,6,0.04,1.0
0.5000000000000001,450,6,0.05,1.0
0.5000000000000001,450,6,0.060000000000000005,1.0
0.5000000000000001,450,6,0.06999999999999999,1.0
0.5000000000000001,450,6,0.08,1.0
0.5000000000000001,450,6,0.09,1.0
0.5000000000000001,450,6,0.09999999999999999,1.0
0.5000000000000001,450,6,0.11,1.0
0.5000000000000001,450,6,0.12,1.0
0.5000000000000001,450,6,0.13,1.0
0.5000000000000001,450,6,0.14,1.0
0.5000000000000001,450,7,0.01,1.0
0.5000000000000001,450,7,0.02,1.0
0.5000000000000001,450,7,0.03,1.0
0.5000000000000001,450,7,0.04,1.0
0.5000000000000001,450,7,0.05,1.0
0.5000000000000001,450,7,0.060000000000000005,1.0
0.5000000000000001,450,7,0.06999999999999999,1.0
0.5000000000000001,450,7,0.08,1.0
0.5000000000000001,450,7,0.09,1.0
0.5000000000000001,450,7,0.09999999999999999,1.0
0.5000000000000001,450,7,0.11,1.0
0.5000000000000001,450,7,0.12,1.0
0.5000000000000001,450,7,0.13,1.0
0.5000000000000001,450,7,0.14,1.0
0.5000000000000001,450,8,0.01,1.0
0.5000000000000001,450,8,0.02,1.0
0.5000000000000001,450,8,0.03,1.0
0.5000000000000001,450,8,0.04,1.0
0.5000000000000001,450,8,0.05,1.0
0.5000000000000001,450,8,0.060000000000000005,1.0
0.5000000000000001,450,8,0.06999999999999999,1.0
0.5000000000000001,450,8,0.08,1.0
0.5000000000000001,450,8,0.09,1.0
0.5000000000000001,450,8,0.09999999999999999,1.0
0.5000000000000001,450,8,0.11,1.0
0.5000000000000001,450,8,0.12,1.0
0.5000000000000001,450,8,0.13,1.0
0.5000000000000001,450,8,0.14,1.0
0.5000000000000001,500,3,0.01,1.0
0.5000000000000001,500,3,0.02,1.0
0.5000000000000001,500,3,0.03,1.0
0.5000000000000001,500,3,0.04,1.0
0.5000000000000001,500,3,0.05,1.0
0.5000000000000001,500,3,0.060000000000000005,1.0
0.5000000000000001,500,3,0.06999999999999999,1.0
0.5000000000000001,500,3,0.08,1.0
0.5000000000000001,500,3,0.09,1.0
0.5000000000000001,500,3,0.09999999999999999,1.0
0.5000000000000001,500,3,0.11,1.0
0.5000000000000001,500,3,0.12,1.0
0.5000000000000001,500,3,0.13,1.0
0.5000000000000001,500,3,0.14,1.0
0.5000000000000001,500,4,0.01,1.0
0.5000000000000001,500,4,0.02,1.0
0.5000000000000001,500,4,0.03,1.0
0.5000000000000001,500,4,0.04,1.0
0.5000000000000001,500,4,0.05,1.0
0.5000000000000001,500,4,0.060000000000000005,1.0
0.5000000000000001,500,4,0.06999999999999999,1.0
0.5000000000000001,500,4,0.08,1.0
0.5000000000000001,500,4,0.09,1.0
0.5000000000000001,500,4,0.09999999999999999,1.0
0.5000000000000001,500,4,0.11,1.0
0.5000000000000001,500,4,0.12,1.0
0.5000000000000001,500,4,0.13,1.0
0.5000000000000001,500,4,0.14,1.0
0.5000000000000001,500,5,0.01,1.0
0.5000000000000001,500,5,0.02,1.0
0.5000000000000001,500,5,0.03,1.0
0.5000000000000001,500,5,0.04,1.0
0.5000000000000001,500,5,0.05,1.0
0.5000000000000001,500,5,0.060000000000000005,1.0
0.5000000000000001,500,5,0.06999999999999999,1.0
0.5000000000000001,500,5,0.08,1.0
0.5000000000000001,500,5,0.09,1.0
0.5000000000000001,500,5,0.09999999999999999,1.0
0.5000000000000001,500,5,0.11,1.0
0.5000000000000001,500,5,0.12,1.0
0.5000000000000001,500,5,0.13,1.0
0.5000000000000001,500,5,0.14,1.0
0.5000000000000001,500,6,0.01,1.0
0.5000000000000001,500,6,0.02,1.0
0.5000000000000001,500,6,0.03,1.0
0.5000000000000001,500,6,0.04,1.0
0.5000000000000001,500,6,0.05,1.0
0.5000000000000001,500,6,0.060000000000000005,1.0
0.5000000000000001,500,6,0.06999999999999999,1.0
0.5000000000000001,500,6,0.08,1.0
0.5000000000000001,500,6,0.09,1.0
0.5000000000000001,500,6,0.09999999999999999,1.0
0.5000000000000001,500,6,0.11,1.0
0.5000000000000001,500,6,0.12,1.0
0.5000000000000001,500,6,0.13,1.0
0.5000000000000001,500,6,0.14,1.0
0.5000000000000001,500,7,0.01,1.0
0.5000000000000001,500,7,0.02,1.0
0.5000000000000001,500,7,0.03,1.0
0.5000000000000001,500,7,0.04,1.0
0.5000000000000001,500,7,0.05,1.0
0.5000000000000001,500,7,0.060000000000000005,1.0
0.5000000000000001,500,7,0.06999999999999999,1.0
0.5000000000000001,500,7,0.08,1.0
0.5000000000000001,500,7,0.09,1.0
0.5000000000000001,500,7,0.09999999999999999,1.0
0.5000000000000001,500,7,0.11,1.0
0.5000000000000001,500,7,0.12,1.0
0.5000000000000001,500,7,0.13,1.0
0.5000000000000001,500,7,0.14,1.0
0.5000000000000001,500,8,0.01,1.0
0.5000000000000001,500,8,0.02,1.0
0.5000000000000001,500,8,0.03,1.0
0.5000000000000001,500,8,0.04,1.0
0.5000000000000001,500,8,0.05,1.0
0.5000000000000001,500,8,0.060000000000000005,1.0
0.5000000000000001,500,8,0.06999999999999999,1.0
0.5000000000000001,500,8,0.08,1.0
0.5000000000000001,500,8,0.09,1.0
0.5000000000000001,500,8,0.09999999999999999,1.0
0.5000000000000001,500,8,0.11,1.0
0.5000000000000001,500,8,0.12,1.0
0.5000000000000001,500,8,0.13,1.0
0.5000000000000001,500,8,0.14,1.0
0.5000000000000001,550,3,0.01,1.0
0.5000000000000001,550,3,0.02,1.0
0.5000000000000001,550,3,0.03,1.0
0.5000000000000001,550,3,0.04,1.0
0.5000000000000001,550,3,0.05,1.0
0.5000000000000001,550,3,0.060000000000000005,1.0
0.5000000000000001,550,3,0.06999999999999999,1.0
0.5000000000000001,550,3,0.08,1.0
0.5000000000000001,550,3,0.09,1.0
0.5000000000000001,550,3,0.09999999999999999,1.0
0.5000000000000001,550,3,0.11,1.0
0.5000000000000001,550,3,0.12,1.0
0.5000000000000001,550,3,0.13,1.0
0.5000000000000001,550,3,0.14,1.0
0.5000000000000001,550,4,0.01,1.0
0.5000000000000001,550,4,0.02,1.0
0.5000000000000001,550,4,0.03,1.0
0.5000000000000001,550,4,0.04,1.0
0.5000000000000001,550,4,0.05,1.0
0.5000000000000001,550,4,0.060000000000000005,1.0
0.5000000000000001,550,4,0.06999999999999999,1.0
0.5000000000000001,550,4,0.08,1.0
0.5000000000000001,550,4,0.09,1.0
0.5000000000000001,550,4,0.09999999999999999,1.0
0.5000000000000001,550,4,0.11,1.0
0.5000000000000001,550,4,0.12,1.0
0.5000000000000001,550,4,0.13,1.0
0.5000000000000001,550,4,0.14,1.0
0.5000000000000001,550,5,0.01,1.0
0.5000000000000001,550,5,0.02,1.0
0.5000000000000001,550,5,0.03,1.0
0.5000000000000001,550,5,0.04,1.0
0.5000000000000001,550,5,0.05,1.0
0.5000000000000001,550,5,0.060000000000000005,1.0
0.5000000000000001,550,5,0.06999999999999999,1.0
0.5000000000000001,550,5,0.08,1.0
0.5000000000000001,550,5,0.09,1.0
0.5000000000000001,550,5,0.09999999999999999,1.0
0.5000000000000001,550,5,0.11,1.0
0.5000000000000001,550,5,0.12,1.0
0.5000000000000001,550,5,0.13,1.0
0.5000000000000001,550,5,0.14,1.0
0.5000000000000001,550,6,0.01,1.0
0.5000000000000001,550,6,0.02,1.0
0.5000000000000001,550,6,0.03,1.0
0.5000000000000001,550,6,0.04,1.0
0.5000000000000001,550,6,0.05,1.0
0.5000000000000001,550,6,0.060000000000000005,1.0
0.5000000000000001,550,6,0.06999999999999999,1.0
0.5000000000000001,550,6,0.08,1.0
0.5000000000000001,550,6,0.09,1.0
0.5000000000000001,550,6,0.09999999999999999,1.0
0.5000000000000001,550,6,0.11,1.0
0.5000000000000001,550,6,0.12,1.0
0.5000000000000001,550,6,0.13,1.0
0.5000000000000001,550,6,0.14,1.0
0.5000000000000001,550,7,0.01,1.0
0.5000000000000001,550,7,0.02,1.0
0.5000000000000001,550,7,0.03,1.0
0.5000000000000001,550,7,0.04,1.0
0.5000000000000001,550,7,0.05,1.0
0.5000000000000001,550,7,0.060000000000000005,1.0
0.5000000000000001,550,7,0.06999999999999999,1.0
0.5000000000000001,550,7,0.08,1.0
0.5000000000000001,550,7,0.09,1.0
0.5000000000000001,550,7,0.09999999999999999,1.0
0.5000000000000001,550,7,0.11,1.0
0.5000000000000001,550,7,0.12,1.0
0.5000000000000001,550,7,0.13,1.0
0.5000000000000001,550,7,0.14,1.0
0.5000000000000001,550,8,0.01,1.0
0.5000000000000001,550,8,0.02,1.0
0.5000000000000001,550,8,0.03,1.0
0.5000000000000001,550,8,0.04,1.0
0.5000000000000001,550,8,0.05,1.0
0.5000000000000001,550,8,0.060000000000000005,1.0
0.5000000000000001,550,8,0.06999999999999999,1.0
0.5000000000000001,550,8,0.08,1.0
0.5000000000000001,550,8,0.09,1.0
0.5000000000000001,550,8,0.09999999999999999,1.0
0.5000000000000001,550,8,0.11,1.0
0.5000000000000001,550,8,0.12,1.0
0.5000000000000001,550,8,0.13,1.0
0.5000000000000001,550,8,0.14,1.0
0.5000000000000001,600,3,0.01,1.0
0.5000000000000001,600,3,0.02,1.0
0.5000000000000001,600,3,0.03,1.0
0.5000000000000001,600,3,0.04,1.0
0.5000000000000001,600,3,0.05,1.0
0.5000000000000001,600,3,0.060000000000000005,1.0
0.5000000000000001,600,3,0.06999999999999999,1.0
0.5000000000000001,600,3,0.08,1.0
0.5000000000000001,600,3,0.09,1.0
0.5000000000000001,600,3,0.09999999999999999,1.0
0.5000000000000001,600,3,0.11,1.0
0.5000000000000001,600,3,0.12,1.0
0.5000000000000001,600,3,0.13,1.0
0.5000000000000001,600,3,0.14,1.0
0.5000000000000001,600,4,0.01,1.0
0.5000000000000001,600,4,0.02,1.0
0.5000000000000001,600,4,0.03,1.0
0.5000000000000001,600,4,0.04,1.0
0.5000000000000001,600,4,0.05,1.0
0.5000000000000001,600,4,0.060000000000000005,1.0
0.5000000000000001,600,4,0.06999999999999999,1.0
0.5000000000000001,600,4,0.08,1.0
0.5000000000000001,600,4,0.09,1.0
0.5000000000000001,600,4,0.09999999999999999,1.0
0.5000000000000001,600,4,0.11,1.0
0.5000000000000001,600,4,0.12,1.0
0.5000000000000001,600,4,0.13,1.0
0.5000000000000001,600,4,0.14,1.0
0.5000000000000001,600,5,0.01,1.0
0.5000000000000001,600,5,0.02,1.0
0.5000000000000001,600,5,0.03,1.0
0.5000000000000001,600,5,0.04,1.0
0.5000000000000001,600,5,0.05,1.0
0.5000000000000001,600,5,0.060000000000000005,1.0
0.5000000000000001,600,5,0.06999999999999999,1.0
0.5000000000000001,600,5,0.08,1.0
0.5000000000000001,600,5,0.09,1.0
0.5000000000000001,600,5,0.09999999999999999,1.0
0.5000000000000001,600,5,0.11,1.0
0.5000000000000001,600,5,0.12,1.0
0.5000000000000001,600,5,0.13,1.0
0.5000000000000001,600,5,0.14,1.0
0.5000000000000001,600,6,0.01,1.0
0.5000000000000001,600,6,0.02,1.0
0.5000000000000001,600,6,0.03,1.0
0.5000000000000001,600,6,0.04,1.0
0.5000000000000001,600,6,0.05,1.0
0.5000000000000001,600,6,0.060000000000000005,1.0
0.5000000000000001,600,6,0.06999999999999999,1.0
0.5000000000000001,600,6,0.08,1.0
0.5000000000000001,600,6,0.09,1.0
0.5000000000000001,600,6,0.09999999999999999,1.0
0.5000000000000001,600,6,0.11,1.0
0.5000000000000001,600,6,0.12,1.0
0.5000000000000001,600,6,0.13,1.0
0.5000000000000001,600,6,0.14,1.0
0.5000000000000001,600,7,0.01,1.0
0.5000000000000001,600,7,0.02,1.0
0.5000000000000001,600,7,0.03,1.0
0.5000000000000001,600,7,0.04,1.0
0.5000000000000001,600,7,0.05,1.0
0.5000000000000001,600,7,0.060000000000000005,1.0
0.5000000000000001,600,7,0.06999999999999999,1.0
0.5000000000000001,600,7,0.08,1.0
0.5000000000000001,600,7,0.09,1.0
0.5000000000000001,600,7,0.09999999999999999,1.0
0.5000000000000001,600,7,0.11,1.0
0.5000000000000001,600,7,0.12,1.0
0.5000000000000001,600,7,0.13,1.0
0.5000000000000001,600,7,0.14,1.0
0.5000000000000001,600,8,0.01,1.0
0.5000000000000001,600,8,0.02,1.0
0.5000000000000001,600,8,0.03,1.0
0.5000000000000001,600,8,0.04,1.0
0.5000000000000001,600,8,0.05,1.0
0.5000000000000001,600,8,0.060000000000000005,1.0
0.5000000000000001,600,8,0.06999999999999999,1.0
0.5000000000000001,600,8,0.08,1.0
0.5000000000000001,600,8,0.09,1.0
0.5000000000000001,600,8,0.09999999999999999,1.0
0.5000000000000001,600,8,0.11,1.0
0.5000000000000001,600,8,0.12,1.0
0.5000000000000001,600,8,0.13,1.0
0.5000000000000001,600,8,0.14,1.0
0.5000000000000001,650,3,0.01,1.0
0.5000000000000001,650,3,0.02,1.0
0.5000000000000001,650,3,0.03,1.0
0.5000000000000001,650,3,0.04,1.0
0.5000000000000001,650,3,0.05,1.0
0.5000000000000001,650,3,0.060000000000000005,1.0
0.5000000000000001,650,3,0.06999999999999999,1.0
0.5000000000000001,650,3,0.08,1.0
0.5000000000000001,650,3,0.09,1.0
0.5000000000000001,650,3,0.09999999999999999,1.0
0.5000000000000001,650,3,0.11,1.0
0.5000000000000001,650,3,0.12,1.0
0.5000000000000001,650,3,0.13,1.0
0.5000000000000001,650,3,0.14,1.0
0.5000000000000001,650,4,0.01,1.0
0.5000000000000001,650,4,0.02,1.0
0.5000000000000001,650,4,0.03,1.0
0.5000000000000001,650,4,0.04,1.0
0.5000000000000001,650,4,0.05,1.0
0.5000000000000001,650,4,0.060000000000000005,1.0
0.5000000000000001,650,4,0.06999999999999999,1.0
0.5000000000000001,650,4,0.08,1.0
0.5000000000000001,650,4,0.09,1.0
0.5000000000000001,650,4,0.09999999999999999,1.0
0.5000000000000001,650,4,0.11,1.0
0.5000000000000001,650,4,0.12,1.0
0.5000000000000001,650,4,0.13,1.0
0.5000000000000001,650,4,0.14,1.0
0.5000000000000001,650,5,0.01,1.0
0.5000000000000001,650,5,0.02,1.0
0.5000000000000001,650,5,0.03,1.0
0.5000000000000001,650,5,0.04,1.0
0.5000000000000001,650,5,0.05,1.0
0.5000000000000001,650,5,0.060000000000000005,1.0
0.5000000000000001,650,5,0.06999999999999999,1.0
0.5000000000000001,650,5,0.08,1.0
0.5000000000000001,650,5,0.09,1.0
0.5000000000000001,650,5,0.09999999999999999,1.0
0.5000000000000001,650,5,0.11,1.0
0.5000000000000001,650,5,0.12,1.0
0.5000000000000001,650,5,0.13,1.0
0.5000000000000001,650,5,0.14,1.0
0.5000000000000001,650,6,0.01,1.0
0.5000000000000001,650,6,0.02,1.0
0.5000000000000001,650,6,0.03,1.0
0.5000000000000001,650,6,0.04,1.0
0.5000000000000001,650,6,0.05,1.0
0.5000000000000001,650,6,0.060000000000000005,1.0
0.5000000000000001,650,6,0.06999999999999999,1.0
0.5000000000000001,650,6,0.08,1.0
0.5000000000000001,650,6,0.09,1.0
0.5000000000000001,650,6,0.09999999999999999,1.0
0.5000000000000001,650,6,0.11,1.0
0.5000000000000001,650,6,0.12,1.0
0.5000000000000001,650,6,0.13,1.0
0.5000000000000001,650,6,0.14,1.0
0.5000000000000001,650,7,0.01,1.0
0.5000000000000001,650,7,0.02,1.0
0.5000000000000001,650,7,0.03,1.0
0.5000000000000001,650,7,0.04,1.0
0.5000000000000001,650,7,0.05,1.0
0.5000000000000001,650,7,0.060000000000000005,1.0
0.5000000000000001,650,7,0.06999999999999999,1.0
0.5000000000000001,650,7,0.08,1.0
0.5000000000000001,650,7,0.09,1.0
0.5000000000000001,650,7,0.09999999999999999,1.0
0.5000000000000001,650,7,0.11,1.0
0.5000000000000001,650,7,0.12,1.0
0.5000000000000001,650,7,0.13,1.0
0.5000000000000001,650,7,0.14,1.0
0.5000000000000001,650,8,0.01,1.0
0.5000000000000001,650,8,0.02,1.0
0.5000000000000001,650,8,0.03,1.0
0.5000000000000001,650,8,0.04,1.0
0.5000000000000001,650,8,0.05,1.0
0.5000000000000001,650,8,0.060000000000000005,1.0
0.5000000000000001,650,8,0.06999999999999999,1.0
0.5000000000000001,650,8,0.08,1.0
0.5000000000000001,650,8,0.09,1.0
0.5000000000000001,650,8,0.09999999999999999,1.0
0.5000000000000001,650,8,0.11,1.0
0.5000000000000001,650,8,0.12,1.0
0.5000000000000001,650,8,0.13,1.0
0.5000000000000001,650,8,0.14,1.0
0.6000000000000001,50,3,0.01,0.9765
0.6000000000000001,50,3,0.02,0.9993
0.6000000000000001,50,3,0.03,0.9999
0.6000000000000001,50,3,0.04,1.0
0.6000000000000001,50,3,0.05,1.0
0.6000000000000001,50,3,0.060000000000000005,1.0
0.6000000000000001,50,3,0.06999999999999999,1.0
0.6000000000000001,50,3,0.08,1.0
0.6000000000000001,50,3,0.09,1.0
0.6000000000000001,50,3,0.09999999999999999,1.0
0.6000000000000001,50,3,0.11,1.0
0.6000000000000001,50,3,0.12,1.0
0.6000000000000001,50,3,0.13,1.0
0.6000000000000001,50,3,0.14,1.0
0.6000000000000001,50,4,0.01,0.9187
0.6000000000000001,50,4,0.02,0.9977
0.6000000000000001,50,4,0.03,0.9998
0.6000000000000001,50,4,0.04,1.0
0.6000000000000001,50,4,0.05,1.0
0.6000000000000001,50,4,0.060000000000000005,1.0
0.6000000000000001,50,4,0.06999999999999999,1.0
0.6000000000000001,50,4,0.08,1.0
0.6000000000000001,50,4,0.09,1.0
0.6000000000000001,50,4,0.09999999999999999,1.0
0.6000000000000001,50,4,0.11,1.0
0.6000000000000001,50,4,0.12,1.0
0.6000000000000001,50,4,0.13,1.0
0.6000000000000001,50,4,0.14,1.0
0.6000000000000001,50,5,0.01,0.7963
0.6000000000000001,50,5,0.02,0.9913
0.6000000000000001,50,5,0.03,0.9996
0.6000000000000001,50,5,0.04,1.0
0.6000000000000001,50,5,0.05,1.0
0.6000000000000001,50,5,0.060000000000000005,1.0
0.6000000000000001,50,5,0.06999999999999999,1.0
0.6000000000000001,50,5,0.08,1.0
0.6000000000000001,50,5,0.09,1.0
0.6000000000000001,50,5,0.09999999999999999,1.0
0.6000000000000001,50,5,0.11,1.0
0.6000000000000001,50,5,0.12,1.0
0.6000000000000001,50,5,0.13,1.0
0.6000000000000001,50,5,0.14,1.0
0.6000000000000001,50,6,0.01,0.6165
0.6000000000000001,50,6,0.02,0.9716
0.6000000000000001,50,6,0.03,0.9983
0.6000000000000001,50,6,0.04,0.9999
0.6000000000000001,50,6,0.05,1.0
0.6000000000000001,50,6,0.060000000000000005,1.0
0.6000000000000001,50,6,0.06999999999999999,1.0
0.6000000000000001,50,6,0.08,1.0
0.6000000000000001,50,6,0.09,1.0
0.6000000000000001,50,6,0.09999999999999999,1.0
0.6000000000000001,50,6,0.11,1.0
0.6000000000000001,50,6,0.12,1.0
0.6000000000000001,50,6,0.13,1.0
0.6000000000000001,50,6,0.14,1.0
0.6000000000000001,50,7,0.01,0.4162
0.6000000000000001,50,7,0.02,0.9264
0.6000000000000001,50,7,0.03,0.9925
0.6000000000000001,50,7,0.04,0.9996
0.6000000000000001,50,7,0.05,1.0
0.6000000000000001,50,7,0.060000000000000005,1.0
0.6000000000000001,50,7,0.06999999999999999,1.0
0.6000000000000001,50,7,0.08,1.0
0.6000000000000001,50,7,0.09,1.0
0.6000000000000001,50,7,0.09999999999999999,1.0
0.6000000000000001,50,7,0.11,1.0
0.6000000000000001,50,7,0.12,1.0
0.6000000000000001,50,7,0.13,1.0
0.6000000000000001,50,7,0.14,1.0
0.6000000000000001,50,8,0.01,0.2386
0.6000000000000001,50,8,0.02,0.8398
0.6000000000000001,50,8,0.03,0.9788
0.6000000000000001,50,8,0.04,0.9988
0.6000000000000001,50,8,0.05,0.9999
0.6000000000000001,50,8,0.060000000000000005,1.0
0.6000000000000001,50,8,0.06999999999999999,1.0
0.6000000000000001,50,8,0.08,1.0
0.6000000000000001,50,8,0.09,1.0
0.6000000000000001,50,8,0.09999999999999999,1.0
0.6000000000000001,50,8,0.11,1.0
0.6000000000000001,50,8,0.12,1.0
0.6000000000000001,50,8,0.13,1.0
0.6000000000000001,50,8,0.14,1.0
0.6000000000000001,100,3,0.01,0.9997
0.6000000000000001,100,3,0.02,1.0
0.6000000000000001,100,3,0.03,1.0
0.6000000000000001,100,3,0.04,1.0
0.6000000000000001,100,3,0.05,1.0
0.6000000000000001,100,3,0.060000000000000005,1.0
0.6000000000000001,100,3,0.06999999999999999,1.0
0.6000000000000001,100,3,0.08,1.0
0.6000000000000001,100,3,0.09,1.0
0.6000000000000001,100,3,0.09999999999999999,1.0
0.6000000000000001,100,3,0.11,1.0
0.6000000000000001,100,3,0.12,1.0
0.6000000000000001,100,3,0.13,1.0
0.6000000000000001,100,3,0.14,1.0
0.6000000000000001,100,4,0.01,0.9982
0.6000000000000001,100,4,0.02,1.0
0.6000000000000001,100,4,0.03,1.0
0.6000000000000001,100,4,0.04,1.0
0.6000000000000001,100,4,0.05,1.0
0.6000000000000001,100,4,0.060000000000000005,1.0
0.6000000000000001,100,4,0.06999999999999999,1.0
0.6000000000000001,100,4,0.08,1.0
0.6000000000000001,100,4,0.09,1.0
0.6000000000000001,100,4,0.09999999999999999,1.0
0.6000000000000001,100,4,0.11,1.0
0.6000000000000001,100,4,0.12,1.0
0.6000000000000001,100,4,0.13,1.0
0.6000000000000001,100,4,0.14,1.0
0.6000000000000001,100,5,0.01,0.9891
0.6000000000000001,100,5,0.02,1.0
0.6000000000000001,100,5,0.03,1.0
0.6000000000000001,100,5,0.04,1.0
0.6000000000000001,100,5,0.05,1.0
0.6000000000000001,100,5,0.060000000000000005,1.0
0.6000000000000001,100,5,0.06999999999999999,1.0
0.6000000000000001,100,5,0.08,1.0
0.6000000000000001,100,5,0.09,1.0
0.6000000000000001,100,5,0.09999999999999999,1.0
0.6000000000000001,100,5,0.11,1.0
0.6000000000000001,100,5,0.12,1.0
0.6000000000000001,100,5,0.13,1.0
0.6000000000000001,100,5,0.14,1.0
0.6000000000000001,100,6,0.01,0.963
0.6000000000000001,100,6,0.02,1.0
0.6000000000000001,100,6,0.03,1.0
0.6000000000000001,100,6,0.04,1.0
0.6000000000000001,100,6,0.05,1.0
0.6000000000000001,100,6,0.060000000000000005,1.0
0.6000000000000001,100,6,0.06999999999999999,1.0
0.6000000000000001,100,6,0.08,1.0
0.6000000000000001,100,6,0.09,1.0
0.6000000000000001,100,6,0.09999999999999999,1.0
0.6000000000000001,100,6,0.11,1.0
0.6000000000000001,100,6,0.12,1.0
0.6000000000000001,100,6,0.13,1.0
0.6000000000000001,100,6,0.14,1.0
0.6000000000000001,100,7,0.01,0.9053
0.6000000000000001,100,7,0.02,0.9997
0.6000000000000001,100,7,0.03,1.0
0.6000000000000001,100,7,0.04,1.0
0.6000000000000001,100,7,0.05,1.0
0.6000000000000001,100,7,0.060000000000000005,1.0
0.6000000000000001,100,7,0.06999999999999999,1.0
0.6000000000000001,100,7,0.08,1.0
0.6000000000000001,100,7,0.09,1.0
0.6000000000000001,100,7,0.09999999999999999,1.0
0.6000000000000001,100,7,0.11,1.0
0.6000000000000001,100,7,0.12,1.0
0.6000000000000001,100,7,0.13,1.0
0.6000000000000001,100,7,0.14,1.0
0.6000000000000001,100,8,0.01,0.7954
0.6000000000000001,100,8,0.02,0.999
0.6000000000000001,100,8,0.03,1.0
0.6000000000000001,100,8,0.04,1.0
0.6000000000000001,100,8,0.05,1.0
0.6000000000000001,100,8,0.060000000000000005,1.0
0.6000000000000001,100,8,0.06999999999999999,1.0
0.6000000000000001,100,8,0.08,1.0
0.6000000000000001,100,8,0.09,1.0
0.6000000000000001,100,8,0.09999999999999999,1.0
0.6000000000000001,100,8,0.11,1.0
0.6000000000000001,100,8,0.12,1.0
0.6000000000000001,100,8,0.13,1.0
0.6000000000000001,100,8,0.14,1.0
0.6000000000000001,150,3,0.01,1.0
0.6000000000000001,150,3,0.02,1.0
0.6000000000000001,150,3,0.03,1.0
0.6000000000000001,150,3,0.04,1.0
0.6000000000000001,150,3,0.05,1.0
0.6000000000000001,150,3,0.060000000000000005,1.0
0.6000000000000001,150,3,0.06999999999999999,1.0
0.6000000000000001,150,3,0.08,1.0
0.6000000000000001,150,3,0.09,1.0
0.6000000000000001,150,3,0.09999999999999999,1.0
0.6000000000000001,150,3,0.11,1.0
0.6000000000000001,150,3,0.12,1.0
0.6000000000000001,150,3,0.13,1.0
0.6000000000000001,150,3,0.14,1.0
0.6000000000000001,150,4,0.01,0.9999
0.6000000000000001,150,4,0.02,1.0
0.6000000000000001,150,4,0.03,1.0
0.6000000000000001,150,4,0.04,1.0
0.6000000000000001,150,4,0.05,1.0
0.6000000000000001,150,4,0.060000000000000005,1.0
0.6000000000000001,150,4,0.06999999999999999,1.0
0.6000000000000001,150,4,0.08,1.0
0.6000000000000001,150,4,0.09,1.0
0.6000000000000001,150,4,0.09999999999999999,1.0
0.6000000000000001,150,4,0.11,1.0
0.6000000000000001,150,4,0.12,1.0
0.6000000000000001,150,4,0.13,1.0
0.6000000000000001,150,4,0.14,1.0
0.6000000000000001,150,5,0.01,0.9995
0.6000000000000001,150,5,0.02,1.0
0.6000000000000001,150,5,0.03,1.0
0.6000000000000001,150,5,0.04,1.0
0.6000000000000001,150,5,0.05,1.0
0.6000000000000001,150,5,0.060000000000000005,1.0
0.6000000000000001,150,5,0.06999999999999999,1.0
0.6000000000000001,150,5,0.08,1.0
0.6000000000000001,150,5,0.09,1.0
0.6000000000000001,150,5,0.09999999999999999,1.0
0.6000000000000001,150,5,0.11,1.0
0.6000000000000001,150,5,0.12,1.0
0.6000000000000001,150,5,0.13,1.0
0.6000000000000001,150,5,0.14,1.0
0.6000000000000001,150,6,0.01,0.9981
0.6000000000000001,150,6,0.02,1.0
0.6000000000000001,150,6,0.03,1.0
0.6000000000000001,150,6,0.04,1.0
0.6000000000000001,150,6,0.05,1.0
0.6000000000000001,150,6,0.060000000000000005,1.0
0.6000000000000001,150,6,0.06999999999999999,1.0
0.6000000000000001,150,6,0.08,1.0
0.6000000000000001,150,6,0.09,1.0
0.6000000000000001,150,6,0.09999999999999999,1.0
0.6000000000000001,150,6,0.11,1.0
0.6000000000000001,150,6,0.12,1.0
0.6000000000000001,150,6,0.13,1.0
0.6000000000000001,150,6,0.14,1.0
0.6000000000000001,150,7,0.01,0.9902
0.6000000000000001,150,7,0.02,1.0
0.6000000000000001,150,7,0.03,1.0
0.6000000000000001,150,7,0.04,1.0
0.6000000000000001,150,7,0.05,1.0
0.6000000000000001,150,7,0.060000000000000005,1.0
0.6000000000000001,150,7,0.06999999999999999,1.0
0.6000000000000001,150,7,0.08,1.0
0.6000000000000001,150,7,0.09,1.0
0.6000000000000001,150,7,0.09999999999999999,1.0
0.6000000000000001,150,7,0.11,1.0
0.6000000000000001,150,7,0.12,1.0
0.6000000000000001,150,7,0.13,1.0
0.6000000000000001,150,7,0.14,1.0
0.6000000000000001,150,8,0.01,0.9694
0.6000000000000001,150,8,0.02,1.0
0.6000000000000001,150,8,0.03,1.0
0.6000000000000001,150,8,0.04,1.0
0.6000000000000001,150,8,0.05,1.0
0.6000000000000001,150,8,0.060000000000000005,1.0
0.6000000000000001,150,8,0.06999999999999999,1.0
0.6000000000000001,150,8,0.08,1.0
0.6000000000000001,150,8,0.09,1.0
0.6000000000000001,150,8,0.09999999999999999,1.0
0.6000000000000001,150,8,0.11,1.0
0.6000000000000001,150,8,0.12,1.0
0.6000000000000001,150,8,0.13,1.0
0.6000000000000001,150,8,0.14,1.0
0.6000000000000001,200,3,0.01,1.0
0.6000000000000001,200,3,0.02,1.0
0.6000000000000001,200,3,0.03,1.0
0.6000000000000001,200,3,0.04,1.0
0.6000000000000001,200,3,0.05,1.0
0.6000000000000001,200,3,0.060000000000000005,1.0
0.6000000000000001,200,3,0.06999999999999999,1.0
0.6000000000000001,200,3,0.08,1.0
0.6000000000000001,200,3,0.09,1.0
0.6000000000000001,200,3,0.09999999999999999,1.0
0.6000000000000001,200,3,0.11,1.0
0.6000000000000001,200,3,0.12,1.0
0.6000000000000001,200,3,0.13,1.0
0.6000000000000001,200,3,0.14,1.0
0.6000000000000001,200,4,0.01,1.0
0.6000000000000001,200,4,0.02,1.0
0.6000000000000001,200,4,0.03,1.0
0.6000000000000001,200,4,0.04,1.0
0.6000000000000001,200,4,0.05,1.0
0.6000000000000001,200,4,0.060000000000000005,1.0
0.6000000000000001,200,4,0.06999999999999999,1.0
0.6000000000000001,200,4,0.08,1.0
0.6000000000000001,200,4,0.09,1.0
0.6000000000000001,200,4,0.09999999999999999,1.0
0.6000000000000001,200,4,0.11,1.0
0.6000000000000001,200,4,0.12,1.0
0.6000000000000001,200,4,0.13,1.0
0.6000000000000001,200,4,0.14,1.0
0.6000000000000001,200,5,0.01,0.9999
0.6000000000000001,200,5,0.02,1.0
0.6000000000000001,200,5,0.03,1.0
0.6000000000000001,200,5,0.04,1.0
0.6000000000000001,200,5,0.05,1.0
0.6000000000000001,200,5,0.060000000000000005,1.0
0.6000000000000001,200,5,0.06999999999999999,1.0
0.6000000000000001,200,5,0.08,1.0
0.6000000000000001,200,5,0.09,1.0
0.6000000000000001,200,5,0.09999999999999999,1.0
0.6000000000000001,200,5,0.11,1.0
0.6000000000000001,200,5,0.12,1.0
0.6000000000000001,200,5,0.13,1.0
0.6000000000000001,200,5,0.14,1.0
0.6000000000000001,200,6,0.01,0.9999
0.6000000000000001,200,6,0.02,1.0
0.6000000000000001,200,6,0.03,1.0
0.6000000000000001,200,6,0.04,1.0
0.6000000000000001,200,6,0.05,1.0
0.6000000000000001,200,6,0.060000000000000005,1.0
0.6000000000000001,200,6,0.06999999999999999,1.0
0.6000000000000001,200,6,0.08,1.0
0.6000000000000001,200,6,0.09,1.0
0.6000000000000001,200,6,0.09999999999999999,1.0
0.6000000000000001,200,6,0.11,1.0
0.6000000000000001,200,6,0.12,1.0
0.6000000000000001,200,6,0.13,1.0
0.6000000000000001,200,6,0.14,1.0
0.6000000000000001,200,7,0.01,0.9991
0.6000000000000001,200,7,0.02,1.0
0.6000000000000001,200,7,0.03,1.0
0.6000000000000001,200,7,0.04,1.0
0.6000000000000001,200,7,0.05,1.0
0.6000000000000001,200,7,0.060000000000000005,1.0
0.6000000000000001,200,7,0.06999999999999999,1.0
0.6000000000000001,200,7,0.08,1.0
0.6000000000000001,200,7,0.09,1.0
0.6000000000000001,200,7,0.09999999999999999,1.0
0.6000000000000001,200,7,0.11,1.0
0.6000000000000001,200,7,0.12,1.0
0.6000000000000001,200,7,0.13,1.0
0.6000000000000001,200,7,0.14,1.0
0.6000000000000001,200,8,0.01,0.9955
0.6000000000000001,200,8,0.02,1.0
0.6000000000000001,200,8,0.03,1.0
0.6000000000000001,200,8,0.04,1.0
0.6000000000000001,200,8,0.05,1.0
0.6000000000000001,200,8,0.060000000000000005,1.0
0.6000000000000001,200,8,0.06999999999999999,1.0
0.6000000000000001,200,8,0.08,1.0
0.6000000000000001,200,8,0.09,1.0
0.6000000000000001,200,8,0.09999999999999999,1.0
0.6000000000000001,200,8,0.11,1.0
0.6000000000000001,200,8,0.12,1.0
0.6000000000000001,200,8,0.13,1.0
0.6000000000000001,200,8,0.14,1.0
0.6000000000000001,250,3,0.01,1.0
0.6000000000000001,250,3,0.02,1.0
0.6000000000000001,250,3,0.03,1.0
0.6000000000000001,250,3,0.04,1.0
0.6000000000000001,250,3,0.05,1.0
0.6000000000000001,250,3,0.060000000000000005,1.0
0.6000000000000001,250,3,0.06999999999999999,1.0
0.6000000000000001,250,3,0.08,1.0
0.6000000000000001,250,3,0.09,1.0
0.6000000000000001,250,3,0.09999999999999999,1.0
0.6000000000000001,250,3,0.11,1.0
0.6000000000000001,250,3,0.12,1.0
0.6000000000000001,250,3,0.13,1.0
0.6000000000000001,250,3,0.14,1.0
0.6000000000000001,250,4,0.01,1.0
0.6000000000000001,250,4,0.02,1.0
0.6000000000000001,250,4,0.03,1.0
0.6000000000000001,250,4,0.04,1.0
0.6000000000000001,250,4,0.05,1.0
0.6000000000000001,250,4,0.060000000000000005,1.0
0.6000000000000001,250,4,0.06999999999999999,1.0
0.6000000000000001,250,4,0.08,1.0
0.6000000000000001,250,4,0.09,1.0
0.6000000000000001,250,4,0.09999999999999999,1.0
0.6000000000000001,250,4,0.11,1.0
0.6000000000000001,250,4,0.12,1.0
0.6000000000000001,250,4,0.13,1.0
0.6000000000000001,250,4,0.14,1.0
0.6000000000000001,250,5,0.01,1.0
0.6000000000000001,250,5,0.02,1.0
0.6000000000000001,250,5,0.03,1.0
0.6000000000000001,250,5,0.04,1.0
0.6000000000000001,250,5,0.05,1.0
0.6000000000000001,250,5,0.060000000000000005,1.0
0.6000000000000001,250,5,0.06999999999999999,1.0
0.6000000000000001,250,5,0.08,1.0
0.6000000000000001,250,5,0.09,1.0
0.6000000000000001,250,5,0.09999999999999999,1.0
0.6000000000000001,250,5,0.11,1.0
0.6000000000000001,250,5,0.12,1.0
0.6000000000000001,250,5,0.13,1.0
0.6000000000000001,250,5,0.14,1.0
0.6000000000000001,250,6,0.01,1.0
0.6000000000000001,250,6,0.02,1.0
0.6000000000000001,250,6,0.03,1.0
0.6000000000000001,250,6,0.04,1.0
0.6000000000000001,250,6,0.05,1.0
0.6000000000000001,250,6,0.060000000000000005,1.0
0.6000000000000001,250,6,0.06999999999999999,1.0
0.6000000000000001,250,6,0.08,1.0
0.6000000000000001,250,6,0.09,1.0
0.6000000000000001,250,6,0.09999999999999999,1.0
0.6000000000000001,250,6,0.11,1.0
0.6000000000000001,250,6,0.12,1.0
0.6000000000000001,250,6,0.13,1.0
0.6000000000000001,250,6,0.14,1.0
0.6000000000000001,250,7,0.01,0.9998
0.6000000000000001,250,7,0.02,1.0
0.6000000000000001,250,7,0.03,1.0
0.6000000000000001,250,7,0.04,1.0
0.6000000000000001,250,7,0.05,1.0
0.6000000000000001,250,7,0.060000000000000005,1.0
0.6000000000000001,250,7,0.06999999999999999,1.0
0.6000000000000001,250,7,0.08,1.0
0.6000000000000001,250,7,0.09,1.0
0.6000000000000001,250,7,0.09999999999999999,1.0
0.6000000000000001,250,7,0.11,1.0
0.6000000000000001,250,7,0.12,1.0
0.6000000000000001,250,7,0.13,1.0
0.6000000000000001,250,7,0.14,1.0
0.6000000000000001,250,8,0.01,0.9996
0.6000000000000001,250,8,0.02,1.0
0.6000000000000001,250,8,0.03,1.0
0.6000000000000001,250,8,0.04,1.0
0.6000000000000001,250,8,0.05,1.0
0.6000000000000001,250,8,0.060000000000000005,1.0
0.6000000000000001,250,8,0.06999999999999999,1.0
0.6000000000000001,250,8,0.08,1.0
0.6000000000000001,250,8,0.09,1.0
0.6000000000000001,250,8,0.09999999999999999,1.0
0.6000000000000001,250,8,0.11,1.0
0.6000000000000001,250,8,0.12,1.0
0.6000000000000001,250,8,0.13,1.0
0.6000000000000001,250,8,0.14,1.0
0.6000000000000001,300,3,0.01,1.0
0.6000000000000001,300,3,0.02,1.0
0.6000000000000001,300,3,0.03,1.0
0.6000000000000001,300,3,0.04,1.0
0.6000000000000001,300,3,0.05,1.0
0.6000000000000001,300,3,0.060000000000000005,1.0
0.6000000000000001,300,3,0.06999999999999999,1.0
0.6000000000000001,300,3,0.08,1.0
0.6000000000000001,300,3,0.09,1.0
0.6000000000000001,300,3,0.09999999999999999,1.0
0.6000000000000001,300,3,0.11,1.0
0.6000000000000001,300,3,0.12,1.0
0.6000000000000001,300,3,0.13,1.0
0.6000000000000001,300,3,0.14,1.0
0.6000000000000001,300,4,0.01,1.0
0.6000000000000001,300,4,0.02,1.0
0.6000000000000001,300,4,0.03,1.0
0.6000000000000001,300,4,0.04,1.0
0.6000000000000001,300,4,0.05,1.0
0.6000000000000001,300,4,0.060000000000000005,1.0
0.6000000000000001,300,4,0.06999999999999999,1.0
0.6000000000000001,300,4,0.08,1.0
0.6000000000000001,300,4,0.09,1.0
0.6000000000000001,300,4,0.09999999999999999,1.0
0.6000000000000001,300,4,0.11,1.0
0.6000000000000001,300,4,0.12,1.0
0.6000000000000001,300,4,0.13,1.0
0.6000000000000001,300,4,0.14,1.0
0.6000000000000001,300,5,0.01,1.0
0.6000000000000001,300,5,0.02,1.0
0.6000000000000001,300,5,0.03,1.0
0.6000000000000001,300,5,0.04,1.0
0.6000000000000001,300,5,0.05,1.0
0.6000000000000001,300,5,0.060000000000000005,1.0
0.6000000000000001,300,5,0.06999999999999999,1.0
0.6000000000000001,300,5,0.08,1.0
0.6000000000000001,300,5,0.09,1.0
0.6000000000000001,300,5,0.09999999999999999,1.0
0.6000000000000001,300,5,0.11,1.0
0.6000000000000001,300,5,0.12,1.0
0.6000000000000001,300,5,0.13,1.0
0.6000000000000001,300,5,0.14,1.0
0.6000000000000001,300,6,0.01,1.0
0.6000000000000001,300,6,0.02,1.0
0.6000000000000001,300,6,0.03,1.0
0.6000000000000001,300,6,0.04,1.0
0.6000000000000001,300,6,0.05,1.0
0.6000000000000001,300,6,0.060000000000000005,1.0
0.6000000000000001,300,6,0.06999999999999999,1.0
0.6000000000000001,300,6,0.08,1.0
0.6000000000000001,300,6,0.09,1.0
0.6000000000000001,300,6,0.09999999999999999,1.0
0.6000000000000001,300,6,0.11,1.0
0.6000000000000001,300,6,0.12,1.0
0.6000000000000001,300,6,0.13,1.0
0.6000000000000001,300,6,0.14,1.0
0.6000000000000001,300,7,0.01,1.0
0.6000000000000001,300,7,0.02,1.0
0.6000000000000001,300,7,0.03,1.0
0.6000000000000001,300,7,0.04,1.0
0.6000000000000001,300,7,0.05,1.0
0.6000000000000001,300,7,0.060000000000000005,1.0
0.6000000000000001,300,7,0.06999999999999999,1.0
0.6000000000000001,300,7,0.08,1.0
0.6000000000000001,300,7,0.09,1.0
0.6000000000000001,300,7,0.09999999999999999,1.0
0.6000000000000001,300,7,0.11,1.0
0.6000000000000001,300,7,0.12,1.0
0.6000000000000001,300,7,0.13,1.0
0.6000000000000001,300,7,0.14,1.0
0.6000000000000001,300,8,0.01,0.9999
0.6000000000000001,300,8,0.02,1.0
0.6000000000000001,300,8,0.03,1.0
0.6000000000000001,300,8,0.04,1.0
0.6000000000000001,300,8,0.05,1.0
0.6000000000000001,300,8,0.060000000000000005,1.0
0.6000000000000001,300,8,0.06999999999999999,1.0
0.6000000000000001,300,8,0.08,1.0
0.6000000000000001,300,8,0.09,1.0
0.6000000000000001,300,8,0.09999999999999999,1.0
0.6000000000000001,300,8,0.11,1.0
0.6000000000000001,300,8,0.12,1.0
0.6000000000000001,300,8,0.13,1.0
0.6000000000000001,300,8,0.14,1.0
0.6000000000000001,350,3,0.01,1.0
0.6000000000000001,350,3,0.02,1.0
0.6000000000000001,350,3,0.03,1.0
0.6000000000000001,350,3,0.04,1.0
0.6000000000000001,350,3,0.05,1.0
0.6000000000000001,350,3,0.060000000000000005,1.0
0.6000000000000001,350,3,0.06999999999999999,1.0
0.6000000000000001,350,3,0.08,1.0
0.6000000000000001,350,3,0.09,1.0
0.6000000000000001,350,3,0.09999999999999999,1.0
0.6000000000000001,350,3,0.11,1.0
0.6000000000000001,350,3,0.12,1.0
0.6000000000000001,350,3,0.13,1.0
0.6000000000000001,350,3,0.14,1.0
0.6000000000000001,350,4,0.01,1.0
0.6000000000000001,350,4,0.02,1.0
0.6000000000000001,350,4,0.03,1.0
0.6000000000000001,350,4,0.04,1.0
0.6000000000000001,350,4,0.05,1.0
0.6000000000000001,350,4,0.060000000000000005,1.0
0.6000000000000001,350,4,0.06999999999999999,1.0
0.6000000000000001,350,4,0.08,1.0
0.6000000000000001,350,4,0.09,1.0
0.6000000000000001,350,4,0.09999999999999999,1.0
0.6000000000000001,350,4,0.11,1.0
0.6000000000000001,350,4,0.12,1.0
0.6000000000000001,350,4,0.13,1.0
0.6000000000000001,350,4,0.14,1.0
0.6000000000000001,350,5,0.01,1.0
0.6000000000000001,350,5,0.02,1.0
0.6000000000000001,350,5,0.03,1.0
0.6000000000000001,350,5,0.04,1.0
0.6000000000000001,350,5,0.05,1.0
0.6000000000000001,350,5,0.060000000000000005,1.0
0.6000000000000001,350,5,0.06999999999999999,1.0
0.6000000000000001,350,5,0.08,1.0
0.6000000000000001,350,5,0.09,1.0
0.6000000000000001,350,5,0.09999999999999999,1.0
0.6000000000000001,350,5,0.11,1.0
0.6000000000000001,350,5,0.12,1.0
0.6000000000000001,350,5,0.13,1.0
0.6000000000000001,350,5,0.14,1.0
0.6000000000000001,350,6,0.01,1.0
0.6000000000000001,350,6,0.02,1.0
0.6000000000000001,350,6,0.03,1.0
0.6000000000000001,350,6,0.04,1.0
0.6000000000000001,350,6,0.05,1.0
0.6000000000000001,350,6,0.060000000000000005,1.0
0.6000000000000001,350,6,0.06999999999999999,1.0
0.6000000000000001,350,6,0.08,1.0
0.6000000000000001,350,6,0.09,1.0
0.6000000000000001,350,6,0.09999999999999999,1.0
0.6000000000000001,350,6,0.11,1.0
0.6000000000000001,350,6,0.12,1.0
0.6000000000000001,350,6,0.13,1.0
0.6000000000000001,350,6,0.14,1.0
0.6000000000000001,350,7,0.01,1.0
0.6000000000000001,350,7,0.02,1.0
0.6000000000000001,350,7,0.03,1.0
0.6000000000000001,350,7,0.04,1.0
0.6000000000000001,350,7,0.05,1.0
0.6000000000000001,350,7,0.060000000000000005,1.0
0.6000000000000001,350,7,0.06999999999999999,1.0
0.6000000000000001,350,7,0.08,1.0
0.6000000000000001,350,7,0.09,1.0
0.6000000000000001,350,7,0.09999999999999999,1.0
0.6000000000000001,350,7,0.11,1.0
0.6000000000000001,350,7,0.12,1.0
0.6000000000000001,350,7,0.13,1.0
0.6000000000000001,350,7,0.14,1.0
0.6000000000000001,350,8,0.01,1.0
0.6000000000000001,350,8,0.02,1.0
0.6000000000000001,350,8,0.03,1.0
0.6000000000000001,350,8,0.04,1.0
0.6000000000000001,350,8,0.05,1.0
0.6000000000000001,350,8,0.060000000000000005,1.0
0.6000000000000001,350,8,0.06999999999999999,1.0
0.6000000000000001,350,8,0.08,1.0
0.6000000000000001,350,8,0.09,1.0
0.6000000000000001,350,8,0.09999999999999999,1.0
0.6000000000000001,350,8,0.11,1.0
0.6000000000000001,350,8,0.12,1.0
0.6000000000000001,350,8,0.13,1.0
0.6000000000000001,350,8,0.14,1.0
0.6000000000000001,400,3,0.01,1.0
0.6000000000000001,400,3,0.02,1.0
0.6000000000000001,400,3,0.03,1.0
0.6000000000000001,400,3,0.04,1.0
0.6000000000000001,400,3,0.05,1.0
0.6000000000000001,400,3,0.060000000000000005,1.0
0.6000000000000001,400,3,0.06999999999999999,1.0
0.6000000000000001,400,3,0.08,1.0
0.6000000000000001,400,3,0.09,1.0
0.6000000000000001,400,3,0.09999999999999999,1.0
0.6000000000000001,400,3,0.11,1.0
0.6000000000000001,400,3,0.12,1.0
0.6000000000000001,400,3,0.13,1.0
0.6000000000000001,400,3,0.14,1.0
0.6000000000000001,400,4,0.01,1.0
0.6000000000000001,400,4,0.02,1.0
0.6000000000000001,400,4,0.03,1.0
0.6000000000000001,400,4,0.04,1.0
0.6000000000000001,400,4,0.05,1.0
0.6000000000000001,400,4,0.060000000000000005,1.0
0.6000000000000001,400,4,0.06999999999999999,1.0
0.6000000000000001,400,4,0.08,1.0
0.6000000000000001,400,4,0.09,1.0
0.6000000000000001,400,4,0.09999999999999999,1.0
0.6000000000000001,400,4,0.11,1.0
0.6000000000000001,400,4,0.12,1.0
0.6000000000000001,400,4,0.13,1.0
0.6000000000000001,400,4,0.14,1.0
0.6000000000000001,400,5,0.01,1.0
0.6000000000000001,400,5,0.02,1.0
0.6000000000000001,400,5,0.03,1.0
0.6000000000000001,400,5,0.04,1.0
0.6000000000000001,400,5,0.05,1.0
0.6000000000000001,400,5,0.060000000000000005,1.0
0.6000000000000001,400,5,0.06999999999999999,1.0
0.6000000000000001,400,5,0.08,1.0
0.6000000000000001,400,5,0.09,1.0
0.6000000000000001,400,5,0.09999999999999999,1.0
0.6000000000000001,400,5,0.11,1.0
0.6000000000000001,400,5,0.12,1.0
0.6000000000000001,400,5,0.13,1.0
0.6000000000000001,400,5,0.14,1.0
0.6000000000000001,400,6,0.01,1.0
0.6000000000000001,400,6,0.02,1.0
0.6000000000000001,400,6,0.03,1.0
0.6000000000000001,400,6,0.04,1.0
0.6000000000000001,400,6,0.05,1.0
0.6000000000000001,400,6,0.060000000000000005,1.0
0.6000000000000001,400,6,0.06999999999999999,1.0
0.6000000000000001,400,6,0.08,1.0
0.6000000000000001,400,6,0.09,1.0
0.6000000000000001,400,6,0.09999999999999999,1.0
0.6000000000000001,400,6,0.11,1.0
0.6000000000000001,400,6,0.12,1.0
0.6000000000000001,400,6,0.13,1.0
0.6000000000000001,400,6,0.14,1.0
0.6000000000000001,400,7,0.01,1.0
0.6000000000000001,400,7,0.02,1.0
0.6000000000000001,400,7,0.03,1.0
0.6000000000000001,400,7,0.04,1.0
0.6000000000000001,400,7,0.05,1.0
0.6000000000000001,400,7,0.060000000000000005,1.0
0.6000000000000001,400,7,0.06999999999999999,1.0
0.6000000000000001,400,7,0.08,1.0
0.6000000000000001,400,7,0.09,1.0
0.6000000000000001,400,7,0.09999999999999999,1.0
0.6000000000000001,400,7,0.11,1.0
0.6000000000000001,400,7,0.12,1.0
0.6000000000000001,400,7,0.13,1.0
0.6000000000000001,400,7,0.14,1.0
0.6000000000000001,400,8,0.01,1.0
0.6000000000000001,400,8,0.02,1.0
0.6000000000000001,400,8,0.03,1.0
0.6000000000000001,400,8,0.04,1.0
0.6000000000000001,400,8,0.05,1.0
0.6000000000000001,400,8,0.060000000000000005,1.0
0.6000000000000001,400,8,0.06999999999999999,1.0
0.6000000000000001,400,8,0.08,1.0
0.6000000000000001,400,8,0.09,1.0
0.6000000000000001,400,8,0.09999999999999999,1.0
0.6000000000000001,400,8,0.11,1.0
0.6000000000000001,400,8,0.12,1.0
0.6000000000000001,400,8,0.13,1.0
0.6000000000000001,400,8,0.14,1.0
0.6000000000000001,450,3,0.01,1.0
0.6000000000000001,450,3,0.02,1.0
0.6000000000000001,450,3,0.03,1.0
0.6000000000000001,450,3,0.04,1.0
0.6000000000000001,450,3,0.05,1.0
0.6000000000000001,450,3,0.060000000000000005,1.0
0.6000000000000001,450,3,0.06999999999999999,1.0
0.6000000000000001,450,3,0.08,1.0
0.6000000000000001,450,3,0.09,1.0
0.6000000000000001,450,3,0.09999999999999999,1.0
0.6000000000000001,450,3,0.11,1.0
0.6000000000000001,450,3,0.12,1.0
0.6000000000000001,450,3,0.13,1.0
0.6000000000000001,450,3,0.14,1.0
0.6000000000000001,450,4,0.01,1.0
0.6000000000000001,450,4,0.02,1.0
0.6000000000000001,450,4,0.03,1.0
0.6000000000000001,450,4,0.04,1.0
0.6000000000000001,450,4,0.05,1.0
0.6000000000000001,450,4,0.060000000000000005,1.0
0.6000000000000001,450,4,0.06999999999999999,1.0
0.6000000000000001,450,4,0.08,1.0
0.6000000000000001,450,4,0.09,1.0
0.6000000000000001,450,4,0.09999999999999999,1.0
0.6000000000000001,450,4,0.11,1.0
0.6000000000000001,450,4,0.12,1.0
0.6000000000000001,450,4,0.13,1.0
0.6000000000000001,450,4,0.14,1.0
0.6000000000000001,450,5,0.01,1.0
0.6000000000000001,450,5,0.02,1.0
0.6000000000000001,450,5,0.03,1.0
0.6000000000000001,450,5,0.04,1.0
0.6000000000000001,450,5,0.05,1.0
0.6000000000000001,450,5,0.060000000000000005,1.0
0.6000000000000001,450,5,0.06999999999999999,1.0
0.6000000000000001,450,5,0.08,1.0
0.6000000000000001,450,5,0.09,1.0
0.6000000000000001,450,5,0.09999999999999999,1.0
0.6000000000000001,450,5,0.11,1.0
0.6000000000000001,450,5,0.12,1.0
0.6000000000000001,450,5,0.13,1.0
0.6000000000000001,450,5,0.14,1.0
0.6000000000000001,450,6,0.01,1.0
0.6000000000000001,450,6,0.02,1.0
0.6000000000000001,450,6,0.03,1.0
0.6000000000000001,450,6,0.04,1.0
0.6000000000000001,450,6,0.05,1.0
0.6000000000000001,450,6,0.060000000000000005,1.0
0.6000000000000001,450,6,0.06999999999999999,1.0
0.6000000000000001,450,6,0.08,1.0
0.6000000000000001,450,6,0.09,1.0
0.6000000000000001,450,6,0.09999999999999999,1.0
0.6000000000000001,450,6,0.11,1.0
0.6000000000000001,450,6,0.12,1.0
0.6000000000000001,450,6,0.13,1.0
0.6000000000000001,450,6,0.14,1.0
0.6000000000000001,450,7,0.01,1.0
0.6000000000000001,450,7,0.02,1.0
0.6000000000000001,450,7,0.03,1.0
0.6000000000000001,450,7,0.04,1.0
0.6000000000000001,450,7,0.05,1.0
0.6000000000000001,450,7,0.060000000000000005,1.0
0.6000000000000001,450,7,0.06999999999999999,1.0
0.6000000000000001,450,7,0.08,1.0
0.6000000000000001,450,7,0.09,1.0
0.6000000000000001,450,7,0.09999999999999999,1.0
0.6000000000000001,450,7,0.11,1.0
0.6000000000000001,450,7,0.12,1.0
0.6000000000000001,450,7,0.13,1.0
0.6000000000000001,450,7,0.14,1.0
0.6000000000000001,450,8,0.01,1.0
0.6000000000000001,450,8,0.02,1.0
0.6000000000000001,450,8,0.03,1.0
0.6000000000000001,450,8,0.04,1.0
0.6000000000000001,450,8,0.05,1.0
0.6000000000000001,450,8,0.060000000000000005,1.0
0.6000000000000001,450,8,0.06999999999999999,1.0
0.6000000000000001,450,8,0.08,1.0
0.6000000000000001,450,8,0.09,1.0
0.6000000000000001,450,8,0.09999999999999999,1.0
0.6000000000000001,450,8,0.11,1.0
0.6000000000000001,450,8,0.12,1.0
0.6000000000000001,450,8,0.13,1.0
0.6000000000000001,450,8,0.14,1.0
0.6000000000000001,500,3,0.01,1.0
0.6000000000000001,500,3,0.02,1.0
0.6000000000000001,500,3,0.03,1.0
0.6000000000000001,500,3,0.04,1.0
0.6000000000000001,500,3,0.05,1.0
0.6000000000000001,500,3,0.060000000000000005,1.0
0.6000000000000001,500,3,0.06999999999999999,1.0
0.6000000000000001,500,3,0.08,1.0
0.6000000000000001,500,3,0.09,1.0
0.6000000000000001,500,3,0.09999999999999999,1.0
0.6000000000000001,500,3,0.11,1.0
0.6000000000000001,500,3,0.12,1.0
0.6000000000000001,500,3,0.13,1.0
0.6000000000000001,500,3,0.14,1.0
0.6000000000000001,500,4,0.01,1.0
0.6000000000000001,500,4,0.02,1.0
0.6000000000000001,500,4,0.03,1.0
0.6000000000000001,500,4,0.04,1.0
0.6000000000000001,500,4,0.05,1.0
0.6000000000000001,500,4,0.060000000000000005,1.0
0.6000000000000001,500,4,0.06999999999999999,1.0
0.6000000000000001,500,4,0.08,1.0
0.6000000000000001,500,4,0.09,1.0
0.6000000000000001,500,4,0.09999999999999999,1.0
0.6000000000000001,500,4,0.11,1.0
0.6000000000000001,500,4,0.12,1.0
0.6000000000000001,500,4,0.13,1.0
0.6000000000000001,500,4,0.14,1.0
0.6000000000000001,500,5,0.01,1.0
0.6000000000000001,500,5,0.02,1.0
0.6000000000000001,500,5,0.03,1.0
0.6000000000000001,500,5,0.04,1.0
0.6000000000000001,500,5,0.05,1.0
0.6000000000000001,500,5,0.060000000000000005,1.0
0.6000000000000001,500,5,0.06999999999999999,1.0
0.6000000000000001,500,5,0.08,1.0
0.6000000000000001,500,5,0.09,1.0
0.6000000000000001,500,5,0.09999999999999999,1.0
0.6000000000000001,500,5,0.11,1.0
0.6000000000000001,500,5,0.12,1.0
0.6000000000000001,500,5,0.13,1.0
0.6000000000000001,500,5,0.14,1.0
0.6000000000000001,500,6,0.01,1.0
0.6000000000000001,500,6,0.02,1.0
0.6000000000000001,500,6,0.03,1.0
0.6000000000000001,500,6,0.04,1.0
0.6000000000000001,500,6,0.05,1.0
0.6000000000000001,500,6,0.060000000000000005,1.0
0.6000000000000001,500,6,0.06999999999999999,1.0
0.6000000000000001,500,6,0.08,1.0
0.6000000000000001,500,6,0.09,1.0
0.6000000000000001,500,6,0.09999999999999999,1.0
0.6000000000000001,500,6,0.11,1.0
0.6000000000000001,500,6,0.12,1.0
0.6000000000000001,500,6,0.13,1.0
0.6000000000000001,500,6,0.14,1.0
0.6000000000000001,500,7,0.01,1.0
0.6000000000000001,500,7,0.02,1.0
0.6000000000000001,500,7,0.03,1.0
0.6000000000000001,500,7,0.04,1.0
0.6000000000000001,500,7,0.05,1.0
0.6000000000000001,500,7,0.060000000000000005,1.0
0.6000000000000001,500,7,0.06999999999999999,1.0
0.6000000000000001,500,7,0.08,1.0
0.6000000000000001,500,7,0.09,1.0
0.6000000000000001,500,7,0.09999999999999999,1.0
0.6000000000000001,500,7,0.11,1.0
0.6000000000000001,500,7,0.12,1.0
0.6000000000000001,500,7,0.13,1.0
0.6000000000000001,500,7,0.14,1.0
0.6000000000000001,500,8,0.01,1.0
0.6000000000000001,500,8,0.02,1.0
0.6000000000000001,500,8,0.03,1.0
0.6000000000000001,500,8,0.04,1.0
0.6000000000000001,500,8,0.05,1.0
0.6000000000000001,500,8,0.060000000000000005,1.0
0.6000000000000001,500,8,0.06999999999999999,1.0
0.6000000000000001,500,8,0.08,1.0
0.6000000000000001,500,8,0.09,1.0
0.6000000000000001,500,8,0.09999999999999999,1.0
0.6000000000000001,500,8,0.11,1.0
0.6000000000000001,500,8,0.12,1.0
0.6000000000000001,500,8,0.13,1.0
0.6000000000000001,500,8,0.14,1.0
0.6000000000000001,550,3,0.01,1.0
0.6000000000000001,550,3,0.02,1.0
0.6000000000000001,550,3,0.03,1.0
0.6000000000000001,550,3,0.04,1.0
0.6000000000000001,550,3,0.05,1.0
0.6000000000000001,550,3,0.060000000000000005,1.0
0.6000000000000001,550,3,0.06999999999999999,1.0
0.6000000000000001,550,3,0.08,1.0
0.6000000000000001,550,3,0.09,1.0
0.6000000000000001,550,3,0.09999999999999999,1.0
0.6000000000000001,550,3,0.11,1.0
0.6000000000000001,550,3,0.12,1.0
0.6000000000000001,550,3,0.13,1.0
0.6000000000000001,550,3,0.14,1.0
0.6000000000000001,550,4,0.01,1.0
0.6000000000000001,550,4,0.02,1.0
0.6000000000000001,550,4,0.03,1.0
0.6000000000000001,550,4,0.04,1.0
0.6000000000000001,550,4,0.05,1.0
0.6000000000000001,550,4,0.060000000000000005,1.0
0.6000000000000001,550,4,0.06999999999999999,1.0
0.6000000000000001,550,4,0.08,1.0
0.6000000000000001,550,4,0.09,1.0
0.6000000000000001,550,4,0.09999999999999999,1.0
0.6000000000000001,550,4,0.11,1.0
0.6000000000000001,550,4,0.12,1.0
0.6000000000000001,550,4,0.13,1.0
0.6000000000000001,550,4,0.14,1.0
0.6000000000000001,550,5,0.01,1.0
0.6000000000000001,550,5,0.02,1.0
0.6000000000000001,550,5,0.03,1.0
0.6000000000000001,550,5,0.04,1.0
0.6000000000000001,550,5,0.05,1.0
0.6000000000000001,550,5,0.060000000000000005,1.0
0.6000000000000001,550,5,0.06999999999999999,1.0
0.6000000000000001,550,5,0.08,1.0
0.6000000000000001,550,5,0.09,1.0
0.6000000000000001,550,5,0.09999999999999999,1.0
0.6000000000000001,550,5,0.11,1.0
0.6000000000000001,550,5,0.12,1.0
0.6000000000000001,550,5,0.13,1.0
0.6000000000000001,550,5,0.14,1.0
0.6000000000000001,550,6,0.01,1.0
0.6000000000000001,550,6,0.02,1.0
0.6000000000000001,550,6,0.03,1.0
0.6000000000000001,550,6,0.04,1.0
0.6000000000000001,550,6,0.05,1.0
0.6000000000000001,550,6,0.060000000000000005,1.0
0.6000000000000001,550,6,0.06999999999999999,1.0
0.6000000000000001,550,6,0.08,1.0
0.6000000000000001,550,6,0.09,1.0
0.6000000000000001,550,6,0.09999999999999999,1.0
0.6000000000000001,550,6,0.11,1.0
0.6000000000000001,550,6,0.12,1.0
0.6000000000000001,550,6,0.13,1.0
0.6000000000000001,550,6,0.14,1.0
0.6000000000000001,550,7,0.01,1.0
0.6000000000000001,550,7,0.02,1.0
0.6000000000000001,550,7,0.03,1.0
0.6000000000000001,550,7,0.04,1.0
0.6000000000000001,550,7,0.05,1.0
0.6000000000000001,550,7,0.060000000000000005,1.0
0.6000000000000001,550,7,0.06999999999999999,1.0
0.6000000000000001,550,7,0.08,1.0
0.6000000000000001,550,7,0.09,1.0
0.6000000000000001,550,7,0.09999999999999999,1.0
0.6000000000000001,550,7,0.11,1.0
0.6000000000000001,550,7,0.12,1.0
0.6000000000000001,550,7,0.13,1.0
0.6000000000000001,550,7,0.14,1.0
0.6000000000000001,550,8,0.01,1.0
0.6000000000000001,550,8,0.02,1.0
0.6000000000000001,550,8,0.03,1.0
0.6000000000000001,550,8,0.04,1.0
0.6000000000000001,550,8,0.05,1.0
0.6000000000000001,550,8,0.060000000000000005,1.0
0.6000000000000001,550,8,0.06999999999999999,1.0
0.6000000000000001,550,8,0.08,1.0
0.6000000000000001,550,8,0.09,1.0
0.6000000000000001,550,8,0.09999999999999999,1.0
0.6000000000000001,550,8,0.11,1.0
0.6000000000000001,550,8,0.12,1.0
0.6000000000000001,550,8,0.13,1.0
0.6000000000000001,550,8,0.14,1.0
0.6000000000000001,600,3,0.01,1.0
0.6000000000000001,600,3,0.02,1.0
0.6000000000000001,600,3,0.03,1.0
0.6000000000000001,600,3,0.04,1.0
0.6000000000000001,600,3,0.05,1.0
0.6000000000000001,600,3,0.060000000000000005,1.0
0.6000000000000001,600,3,0.06999999999999999,1.0
0.6000000000000001,600,3,0.08,1.0
0.6000000000000001,600,3,0.09,1.0
0.6000000000000001,600,3,0.09999999999999999,1.0
0.6000000000000001,600,3,0.11,1.0
0.6000000000000001,600,3,0.12,1.0
0.6000000000000001,600,3,0.13,1.0
0.6000000000000001,600,3,0.14,1.0
0.6000000000000001,600,4,0.01,1.0
0.6000000000000001,600,4,0.02,1.0
0.6000000000000001,600,4,0.03,1.0
0.6000000000000001,600,4,0.04,1.0
0.6000000000000001,600,4,0.05,1.0
0.6000000000000001,600,4,0.060000000000000005,1.0
0.6000000000000001,600,4,0.06999999999999999,1.0
0.6000000000000001,600,4,0.08,1.0
0.6000000000000001,600,4,0.09,1.0
0.6000000000000001,600,4,0.09999999999999999,1.0
0.6000000000000001,600,4,0.11,1.0
0.6000000000000001,600,4,0.12,1.0
0.6000000000000001,600,4,0.13,1.0
0.6000000000000001,600,4,0.14,1.0
0.6000000000000001,600,5,0.01,1.0
0.6000000000000001,600,5,0.02,1.0
0.6000000000000001,600,5,0.03,1.0
0.6000000000000001,600,5,0.04,1.0
0.6000000000000001,600,5,0.05,1.0
0.6000000000000001,600,5,0.060000000000000005,1.0
0.6000000000000001,600,5,0.06999999999999999,1.0
0.6000000000000001,600,5,0.08,1.0
0.6000000000000001,600,5,0.09,1.0
0.6000000000000001,600,5,0.09999999999999999,1.0
0.6000000000000001,600,5,0.11,1.0
0.6000000000000001,600,5,0.12,1.0
0.6000000000000001,600,5,0.13,1.0
0.6000000000000001,600,5,0.14,1.0
0.6000000000000001,600,6,0.01,1.0
0.6000000000000001,600,6,0.02,1.0
0.6000000000000001,600,6,0.03,1.0
0.6000000000000001,600,6,0.04,1.0
0.6000000000000001,600,6,0.05,1.0
0.6000000000000001,600,6,0.060000000000000005,1.0
0.6000000000000001,600,6,0.06999999999999999,1.0
0.6000000000000001,600,6,0.08,1.0
0.6000000000000001,600,6,0.09,1.0
0.6000000000000001,600,6,0.09999999999999999,1.0
0.6000000000000001,600,6,0.11,1.0
0.6000000000000001,600,6,0.12,1.0
0.6000000000000001,600,6,0.13,1.0
0.6000000000000001,600,6,0.14,1.0
0.6000000000000001,600,7,0.01,1.0
0.6000000000000001,600,7,0.02,1.0
0.6000000000000001,600,7,0.03,1.0
0.6000000000000001,600,7,0.04,1.0
0.6000000000000001,600,7,0.05,1.0
0.6000000000000001,600,7,0.060000000000000005,1.0
0.6000000000000001,600,7,0.06999999999999999,1.0
0.6000000000000001,600,7,0.08,1.0
0.6000000000000001,600,7,0.09,1.0
0.6000000000000001,600,7,0.09999999999999999,1.0
0.6000000000000001,600,7,0.11,1.0
0.6000000000000001,600,7,0.12,1.0
0.6000000000000001,600,7,0.13,1.0
0.6000000000000001,600,7,0.14,1.0
0.6000000000000001,600,8,0.01,1.0
0.6000000000000001,600,8,0.02,1.0
0.6000000000000001,600,8,0.03,1.0
0.6000000000000001,600,8,0.04,1.0
0.6000000000000001,600,8,0.05,1.0
0.6000000000000001,600,8,0.060000000000000005,1.0
0.6000000000000001,600,8,0.06999999999999999,1.0
0.6000000000000001,600,8,0.08,1.0
0.6000000000000001,600,8,0.09,1.0
0.6000000000000001,600,8,0.09999999999999999,1.0
0.6000000000000001,600,8,0.11,1.0
0.6000000000000001,600,8,0.12,1.0
0.6000000000000001,600,8,0.13,1.0
0.6000000000000001,600,8,0.14,1.0
0.6000000000000001,650,3,0.01,1.0
0.6000000000000001,650,3,0.02,1.0
0.6000000000000001,650,3,0.03,1.0
0.6000000000000001,650,3,0.04,1.0
0.6000000000000001,650,3,0.05,1.0
0.6000000000000001,650,3,0.060000000000000005,1.0
0.6000000000000001,650,3,0.06999999999999999,1.0
0.6000000000000001,650,3,0.08,1.0
0.6000000000000001,650,3,0.09,1.0
0.6000000000000001,650,3,0.09999999999999999,1.0
0.6000000000000001,650,3,0.11,1.0
0.6000000000000001,650,3,0.12,1.0
0.6000000000000001,650,3,0.13,1.0
0.6000000000000001,650,3,0.14,1.0
0.6000000000000001,650,4,0.01,1.0
0.6000000000000001,650,4,0.02,1.0
0.6000000000000001,650,4,0.03,1.0
0.6000000000000001,650,4,0.04,1.0
0.6000000000000001,650,4,0.05,1.0
0.6000000000000001,650,4,0.060000000000000005,1.0
0.6000000000000001,650,4,0.06999999999999999,1.0
0.6000000000000001,650,4,0.08,1.0
0.6000000000000001,650,4,0.09,1.0
0.6000000000000001,650,4,0.09999999999999999,1.0
0.6000000000000001,650,4,0.11,1.0
0.6000000000000001,650,4,0.12,1.0
0.6000000000000001,650,4,0.13,1.0
0.6000000000000001,650,4,0.14,1.0
0.6000000000000001,650,5,0.01,1.0
0.6000000000000001,650,5,0.02,1.0
0.6000000000000001,650,5,0.03,1.0
0.6000000000000001,650,5,0.04,1.0
0.6000000000000001,650,5,0.05,1.0
0.6000000000000001,650,5,0.060000000000000005,1.0
0.6000000000000001,650,5,0.06999999999999999,1.0
0.6000000000000001,650,5,0.08,1.0
0.6000000000000001,650,5,0.09,1.0
0.6000000000000001,650,5,0.09999999999999999,1.0
0.6000000000000001,650,5,0.11,1.0
0.6000000000000001,650,5,0.12,1.0
0.6000000000000001,650,5,0.13,1.0
0.6000000000000001,650,5,0.14,1.0
0.6000000000000001,650,6,0.01,1.0
0.6000000000000001,650,6,0.02,1.0
0.6000000000000001,650,6,0.03,1.0
0.6000000000000001,650,6,0.04,1.0
0.6000000000000001,650,6,0.05,1.0
0.6000000000000001,650,6,0.060000000000000005,1.0
0.6000000000000001,650,6,0.06999999999999999,1.0
0.6000000000000001,650,6,0.08,1.0
0.6000000000000001,650,6,0.09,1.0
0.6000000000000001,650,6,0.09999999999999999,1.0
0.6000000000000001,650,6,0.11,1.0
0.6000000000000001,650,6,0.12,1.0
0.6000000000000001,650,6,0.13,1.0
0.6000000000000001,650,6,0.14,1.0
0.6000000000000001,650,7,0.01,1.0
0.6000000000000001,650,7,0.02,1.0
0.6000000000000001,650,7,0.03,1.0
0.6000000000000001,650,7,0.04,1.0
0.6000000000000001,650,7,0.05,1.0
0.6000000000000001,650,7,0.060000000000000005,1.0
0.6000000000000001,650,7,0.06999999999999999,1.0
0.6000000000000001,650,7,0.08,1.0
0.6000000000000001,650,7,0.09,1.0
0.6000000000000001,650,7,0.09999999999999999,1.0
0.6000000000000001,650,7,0.11,1.0
0.6000000000000001,650,7,0.12,1.0
0.6000000000000001,650,7,0.13,1.0
0.6000000000000001,650,7,0.14,1.0
0.6000000000000001,650,8,0.01,1.0
0.6000000000000001,650,8,0.02,1.0
0.6000000000000001,650,8,0.03,1.0
0.6000000000000001,650,8,0.04,1.0
0.6000000000000001,650,8,0.05,1.0
0.6000000000000001,650,8,0.060000000000000005,1.0
0.6000000000000001,650,8,0.06999999999999999,1.0
0.6000000000000001,650,8,0.08,1.0
0.6000000000000001,650,8,0.09,1.0
0.6000000000000001,650,8,0.09999999999999999,1.0
0.6000000000000001,650,8,0.11,1.0
0.6000000000000001,650,8,0.12,1.0
0.6000000000000001,650,8,0.13,1.0
0.6000000000000001,650,8,0.14,1.0
