correlation,k1,k2,top_X_percent,probability
-0.1,50,3,0.01,0.0004
-0.1,50,3,0.02,0.0085
-0.1,50,3,0.03,0.0341
-0.1,50,3,0.04,0.0826
-0.1,50,3,0.05,0.1443
-0.1,50,3,0.060000000000000005,0.2246
-0.1,50,3,0.06999999999999999,0.3145
-0.1,50,3,0.08,0.4104
-0.1,50,3,0.09,0.5067
-0.1,50,3,0.09999999999999999,0.5928
-0.1,50,3,0.11,0.6783
-0.1,50,3,0.12,0.7441
-0.1,50,3,0.13,0.8034
-0.1,50,3,0.14,0.854
-0.1,50,4,0.01,0.0
-0.1,50,4,0.02,0.0004
-0.1,50,4,0.03,0.0044
-0.1,50,4,0.04,0.0153
-0.1,50,4,0.05,0.0407
-0.1,50,4,0.060000000000000005,0.0816
-0.1,50,4,0.06999999999999999,0.1355
-0.1,50,4,0.08,0.1976
-0.1,50,4,0.09,0.2751
-0.1,50,4,0.09999999999999999,0.3565
-0.1,50,4,0.11,0.4496
-0.1,50,4,0.12,0.5352
-0.1,50,4,0.13,0.6158
-0.1,50,4,0.14,0.6956
-0.1,50,5,0.01,0.0
-0.1,50,5,0.02,0.0
-0.1,50,5,0.03,0.0005
-0.1,50,5,0.04,0.0022
-0.1,50,5,0.05,0.0099
-0.1,50,5,0.060000000000000005,0.0226
-0.1,50,5,0.06999999999999999,0.0453
-0.1,50,5,0.08,0.0781
-0.1,50,5,0.09,0.1255
-0.1,50,5,0.09999999999999999,0.1819
-0.1,50,5,0.11,0.2534
-0.1,50,5,0.12,0.3278
-0.1,50,5,0.13,0.4109
-0.1,50,5,0.14,0.4932
-0.1,50,6,0.01,0.0
-0.1,50,6,0.02,0.0
-0.1,50,6,0.03,0.0002
-0.1,50,6,0.04,0.0004
-0.1,50,6,0.05,0.0017
-0.1,50,6,0.060000000000000005,0.0053
-0.1,50,6,0.06999999999999999,0.0131
-0.1,50,6,0.08,0.0246
-0.1,50,6,0.09,0.0466
-0.1,50,6,0.09999999999999999,0.0815
-0.1,50,6,0.11,0.1232
-0.1,50,6,0.12,0.1779
-0.1,50,6,0.13,0.2414
-0.1,50,6,0.14,0.3153
-0.1,50,7,0.01,0.0
-0.1,50,7,0.02,0.0
-0.1,50,7,0.03,0.0
-0.1,50,7,0.04,0.0001
-0.1,50,7,0.05,0.0002
-0.1,50,7,0.060000000000000005,0.0009
-0.1,50,7,0.06999999999999999,0.003
-0.1,50,7,0.08,0.0071
-0.1,50,7,0.09,0.0147
-0.1,50,7,0.09999999999999999,0.0265
-0.1,50,7,0.11,0.05
-0.1,50,7,0.12,0.0804
-0.1,50,7,0.13,0.1244
-0.1,50,7,0.14,0.1807
-0.1,50,8,0.01,0.0
-0.1,50,8,0.02,0.0
-0.1,50,8,0.03,0.0
-0.1,50,8,0.04,0.0
-0.1,50,8,0.05,0.0001
-0.1,50,8,0.060000000000000005,0.0003
-0.1,50,8,0.06999999999999999,0.0005
-0.1,50,8,0.08,0.0011
-0.1,50,8,0.09,0.0029
-0.1,50,8,0.09999999999999999,0.0075
-0.1,50,8,0.11,0.0174
-0.1,50,8,0.12,0.0312
-0.1,50,8,0.13,0.0527
-0.1,50,8,0.14,0.0862
-0.1,100,3,0.01,0.0083
-0.1,100,3,0.02,0.0703
-0.1,100,3,0.03,0.205
-0.1,100,3,0.04,0.378
-0.1,100,3,0.05,0.5396
-0.1,100,3,0.060000000000000005,0.6865
-0.1,100,3,0.06999999999999999,0.8007
-0.1,100,3,0.08,0.8769
-0.1,100,3,0.09,0.9272
-0.1,100,3,0.09999999999999999,0.9604
-0.1,100,3,0.11,0.9784
-0.1,100,3,0.12,0.9887
-0.1,100,3,0.13,0.9944
-0.1,100,3,0.14,0.9975
-0.1,100,4,0.01,0.0006
-0.1,100,4,0.02,0.0128
-0.1,100,4,0.03,0.066
-0.1,100,4,0.04,0.1726
-0.1,100,4,0.05,0.3064
-0.1,100,4,0.060000000000000005,0.4687
-0.1,100,4,0.06999999999999999,0.6158
-0.1,100,4,0.08,0.7316
-0.1,100,4,0.09,0.8244
-0.1,100,4,0.09999999999999999,0.8881
-0.1,100,4,0.11,0.9371
-0.1,100,4,0.12,0.9646
-0.1,100,4,0.13,0.9801
-0.1,100,4,0.14,0.9901
-0.1,100,5,0.01,0.0
-0.1,100,5,0.02,0.0014
-0.1,100,5,0.03,0.0157
-0.1,100,5,0.04,0.0627
-0.1,100,5,0.05,0.1449
-0.1,100,5,0.060000000000000005,0.2686
-0.1,100,5,0.06999999999999999,0.4114
-0.1,100,5,0.08,0.5476
-0.1,100,5,0.09,0.6756
-0.1,100,5,0.09999999999999999,0.7743
-0.1,100,5,0.11,0.8548
-0.1,100,5,0.12,0.9088
-0.1,100,5,0.13,0.946
-0.1,100,5,0.14,0.9713
-0.1,100,6,0.01,0.0
-0.1,100,6,0.02,0.0
-0.1,100,6,0.03,0.0024
-0.1,100,6,0.04,0.0185
-0.1,100,6,0.05,0.0586
-0.1,100,6,0.060000000000000005,0.1325
-0.1,100,6,0.06999999999999999,0.2393
-0.1,100,6,0.08,0.3625
-0.1,100,6,0.09,0.5054
-0.1,100,6,0.09999999999999999,0.6248
-0.1,100,6,0.11,0.7303
-0.1,100,6,0.12,0.8172
-0.1,100,6,0.13,0.8865
-0.1,100,6,0.14,0.9319
-0.1,100,7,0.01,0.0
-0.1,100,7,0.02,0.0
-0.1,100,7,0.03,0.0007
-0.1,100,7,0.04,0.0056
-0.1,100,7,0.05,0.0197
-0.1,100,7,0.060000000000000005,0.0556
-0.1,100,7,0.06999999999999999,0.1209
-0.1,100,7,0.08,0.2097
-0.1,100,7,0.09,0.3328
-0.1,100,7,0.09999999999999999,0.4577
-0.1,100,7,0.11,0.5898
-0.1,100,7,0.12,0.6952
-0.1,100,7,0.13,0.7931
-0.1,100,7,0.14,0.8648
-0.1,100,8,0.01,0.0
-0.1,100,8,0.02,0.0
-0.1,100,8,0.03,0.0
-0.1,100,8,0.04,0.0013
-0.1,100,8,0.05,0.006
-0.1,100,8,0.060000000000000005,0.0216
-0.1,100,8,0.06999999999999999,0.0561
-0.1,100,8,0.08,0.1122
-0.1,100,8,0.09,0.1926
-0.1,100,8,0.09999999999999999,0.3001
-0.1,100,8,0.11,0.4257
-0.1,100,8,0.12,0.5466
-0.1,100,8,0.13,0.6633
-0.1,100,8,0.14,0.764
-0.1,150,3,0.01,0.0307
-0.1,150,3,0.02,0.1999
-0.1,150,3,0.03,0.447
-0.1,150,3,0.04,0.6761
-0.1,150,3,0.05,0.8252
-0.1,150,3,0.060000000000000005,0.9162
-0.1,150,3,0.06999999999999999,0.9631
-0.1,150,3,0.08,0.9839
-0.1,150,3,0.09,0.9938
-0.1,150,3,0.09999999999999999,0.9979
-0.1,150,3,0.11,0.9996
-0.1,150,3,0.12,0.9999
-0.1,150,3,0.13,1.0
-0.1,150,3,0.14,1.0
-0.1,150,4,0.01,0.0041
-0.1,150,4,0.02,0.0657
-0.1,150,4,0.03,0.2281
-0.1,150,4,0.04,0.4531
-0.1,150,4,0.05,0.6475
-0.1,150,4,0.060000000000000005,0.8028
-0.1,150,4,0.06999999999999999,0.9023
-0.1,150,4,0.08,0.9532
-0.1,150,4,0.09,0.9788
-0.1,150,4,0.09999999999999999,0.9915
-0.1,150,4,0.11,0.997
-0.1,150,4,0.12,0.9985
-0.1,150,4,0.13,1.0
-0.1,150,4,0.14,1.0
-0.1,150,5,0.01,0.0006
-0.1,150,5,0.02,0.0174
-0.1,150,5,0.03,0.0959
-0.1,150,5,0.04,0.2576
-0.1,150,5,0.05,0.4494
-0.1,150,5,0.060000000000000005,0.6512
-0.1,150,5,0.06999999999999999,0.7921
-0.1,150,5,0.08,0.8911
-0.1,150,5,0.09,0.9456
-0.1,150,5,0.09999999999999999,0.9754
-0.1,150,5,0.11,0.9887
-0.1,150,5,0.12,0.9947
-0.1,150,5,0.13,0.9982
-0.1,150,5,0.14,0.9994
-0.1,150,6,0.01,0.0
-0.1,150,6,0.02,0.0033
-0.1,150,6,0.03,0.0312
-0.1,150,6,0.04,0.1238
-0.1,150,6,0.05,0.2684
-0.1,150,6,0.060000000000000005,0.466
-0.1,150,6,0.06999999999999999,0.649
-0.1,150,6,0.08,0.7825
-0.1,150,6,0.09,0.8781
-0.1,150,6,0.09999999999999999,0.9392
-0.1,150,6,0.11,0.9723
-0.1,150,6,0.12,0.9874
-0.1,150,6,0.13,0.9945
-0.1,150,6,0.14,0.9982
-0.1,150,7,0.01,0.0
-0.1,150,7,0.02,0.0006
-0.1,150,7,0.03,0.0086
-0.1,150,7,0.04,0.0513
-0.1,150,7,0.05,0.1477
-0.1,150,7,0.060000000000000005,0.2992
-0.1,150,7,0.06999999999999999,0.4903
-0.1,150,7,0.08,0.6488
-0.1,150,7,0.09,0.7874
-0.1,150,7,0.09999999999999999,0.8734
-0.1,150,7,0.11,0.9367
-0.1,150,7,0.12,0.9688
-0.1,150,7,0.13,0.9866
-0.1,150,7,0.14,0.9942
-0.1,150,8,0.01,0.0
-0.1,150,8,0.02,0.0001
-0.1,150,8,0.03,0.0031
-0.1,150,8,0.04,0.0183
-0.1,150,8,0.05,0.069
-0.1,150,8,0.060000000000000005,0.1732
-0.1,150,8,0.06999999999999999,0.3322
-0.1,150,8,0.08,0.4967
-0.1,150,8,0.09,0.6652
-0.1,150,8,0.09999999999999999,0.7848
-0.1,150,8,0.11,0.8783
-0.1,150,8,0.12,0.9345
-0.1,150,8,0.13,0.9687
-0.1,150,8,0.14,0.9864
-0.1,200,3,0.01,0.0714
-0.1,200,3,0.02,0.3682
-0.1,200,3,0.03,0.6611
-0.1,200,3,0.04,0.86
-0.1,200,3,0.05,0.9475
-0.1,200,3,0.060000000000000005,0.9838
-0.1,200,3,0.06999999999999999,0.9954
-0.1,200,3,0.08,0.9991
-0.1,200,3,0.09,0.9999
-0.1,200,3,0.09999999999999999,1.0
-0.1,200,3,0.11,1.0
-0.1,200,3,0.12,1.0
-0.1,200,3,0.13,1.0
-0.1,200,3,0.14,1.0
-0.1,200,4,0.01,0.0137
-0.1,200,4,0.02,0.1694
-0.1,200,4,0.03,0.4431
-0.1,200,4,0.04,0.7094
-0.1,200,4,0.05,0.8656
-0.1,200,4,0.060000000000000005,0.9464
-0.1,200,4,0.06999999999999999,0.9822
-0.1,200,4,0.08,0.9954
-0.1,200,4,0.09,0.9992
-0.1,200,4,0.09999999999999999,0.9999
-0.1,200,4,0.11,0.9999
-0.1,200,4,0.12,1.0
-0.1,200,4,0.13,1.0
-0.1,200,4,0.14,1.0
-0.1,200,5,0.01,0.0017
-0.1,200,5,0.02,0.06
-0.1,200,5,0.03,0.2572
-0.1,200,5,0.04,0.5206
-0.1,200,5,0.05,0.7397
-0.1,200,5,0.060000000000000005,0.8806
-0.1,200,5,0.06999999999999999,0.9539
-0.1,200,5,0.08,0.9827
-0.1,200,5,0.09,0.9947
-0.1,200,5,0.09999999999999999,0.9992
-0.1,200,5,0.11,0.9997
-0.1,200,5,0.12,0.9999
-0.1,200,5,0.13,1.0
-0.1,200,5,0.14,1.0
-0.1,200,6,0.01,0.0001
-0.1,200,6,0.02,0.0176
-0.1,200,6,0.03,0.1224
-0.1,200,6,0.04,0.3381
-0.1,200,6,0.05,0.5751
-0.1,200,6,0.060000000000000005,0.7795
-0.1,200,6,0.06999999999999999,0.8984
-0.1,200,6,0.08,0.9575
-0.1,200,6,0.09,0.9861
-0.1,200,6,0.09999999999999999,0.9946
-0.1,200,6,0.11,0.9985
-0.1,200,6,0.12,0.9996
-0.1,200,6,0.13,0.9999
-0.1,200,6,0.14,1.0
-0.1,200,7,0.01,0.0
-0.1,200,7,0.02,0.0037
-0.1,200,7,0.03,0.0511
-0.1,200,7,0.04,0.1932
-0.1,200,7,0.05,0.4053
-0.1,200,7,0.060000000000000005,0.6439
-0.1,200,7,0.06999999999999999,0.8127
-0.1,200,7,0.08,0.9094
-0.1,200,7,0.09,0.9621
-0.1,200,7,0.09999999999999999,0.9854
-0.1,200,7,0.11,0.9961
-0.1,200,7,0.12,0.9989
-0.1,200,7,0.13,0.9998
-0.1,200,7,0.14,0.9998
-0.1,200,8,0.01,0.0
-0.1,200,8,0.02,0.0004
-0.1,200,8,0.03,0.0159
-0.1,200,8,0.04,0.0953
-0.1,200,8,0.05,0.2559
-0.1,200,8,0.060000000000000005,0.4878
-0.1,200,8,0.06999999999999999,0.7012
-0.1,200,8,0.08,0.8398
-0.1,200,8,0.09,0.9255
-0.1,200,8,0.09999999999999999,0.9673
-0.1,200,8,0.11,0.9887
-0.1,200,8,0.12,0.9965
-0.1,200,8,0.13,0.9991
-0.1,200,8,0.14,0.9996
-0.1,250,3,0.01,0.1246
-0.1,250,3,0.02,0.5326
-0.1,250,3,0.03,0.8216
-0.1,250,3,0.04,0.9494
-0.1,250,3,0.05,0.9866
-0.1,250,3,0.060000000000000005,0.9973
-0.1,250,3,0.06999999999999999,0.9997
-0.1,250,3,0.08,1.0
-0.1,250,3,0.09,1.0
-0.1,250,3,0.09999999999999999,1.0
-0.1,250,3,0.11,1.0
-0.1,250,3,0.12,1.0
-0.1,250,3,0.13,1.0
-0.1,250,3,0.14,1.0
-0.1,250,4,0.01,0.0313
-0.1,250,4,0.02,0.3044
-0.1,250,4,0.03,0.6424
-0.1,250,4,0.04,0.8682
-0.1,250,4,0.05,0.9588
-0.1,250,4,0.060000000000000005,0.9893
-0.1,250,4,0.06999999999999999,0.9972
-0.1,250,4,0.08,0.9998
-0.1,250,4,0.09,1.0
-0.1,250,4,0.09999999999999999,1.0
-0.1,250,4,0.11,1.0
-0.1,250,4,0.12,1.0
-0.1,250,4,0.13,1.0
-0.1,250,4,0.14,1.0
-0.1,250,5,0.01,0.0061
-0.1,250,5,0.02,0.1417
-0.1,250,5,0.03,0.4473
-0.1,250,5,0.04,0.7427
-0.1,250,5,0.05,0.8974
-0.1,250,5,0.060000000000000005,0.9673
-0.1,250,5,0.06999999999999999,0.9919
-0.1,250,5,0.08,0.9985
-0.1,250,5,0.09,0.9997
-0.1,250,5,0.09999999999999999,0.9999
-0.1,250,5,0.11,1.0
-0.1,250,5,0.12,1.0
-0.1,250,5,0.13,1.0
-0.1,250,5,0.14,1.0
-0.1,250,6,0.01,0.0006
-0.1,250,6,0.02,0.0538
-0.1,250,6,0.03,0.2726
-0.1,250,6,0.04,0.5804
-0.1,250,6,0.05,0.8075
-0.1,250,6,0.060000000000000005,0.9286
-0.1,250,6,0.06999999999999999,0.98
-0.1,250,6,0.08,0.995
-0.1,250,6,0.09,0.9987
-0.1,250,6,0.09999999999999999,0.9999
-0.1,250,6,0.11,1.0
-0.1,250,6,0.12,1.0
-0.1,250,6,0.13,1.0
-0.1,250,6,0.14,1.0
-0.1,250,7,0.01,0.0
-0.1,250,7,0.02,0.0166
-0.1,250,7,0.03,0.1435
-0.1,250,7,0.04,0.4124
-0.1,250,7,0.05,0.6723
-0.1,250,7,0.060000000000000005,0.8615
-0.1,250,7,0.06999999999999999,0.9513
-0.1,250,7,0.08,0.9835
-0.1,250,7,0.09,0.9965
-0.1,250,7,0.09999999999999999,0.9993
-0.1,250,7,0.11,1.0
-0.1,250,7,0.12,1.0
-0.1,250,7,0.13,1.0
-0.1,250,7,0.14,1.0
-0.1,250,8,0.01,0.0
-0.1,250,8,0.02,0.0044
-0.1,250,8,0.03,0.0628
-0.1,250,8,0.04,0.261
-0.1,250,8,0.05,0.5228
-0.1,250,8,0.060000000000000005,0.7649
-0.1,250,8,0.06999999999999999,0.9036
-0.1,250,8,0.08,0.9657
-0.1,250,8,0.09,0.9908
-0.1,250,8,0.09999999999999999,0.9973
-0.1,250,8,0.11,0.9994
-0.1,250,8,0.12,0.9999
-0.1,250,8,0.13,1.0
-0.1,250,8,0.14,1.0
-0.1,300,3,0.01,0.1955
-0.1,300,3,0.02,0.6821
-0.1,300,3,0.03,0.9141
-0.1,300,3,0.04,0.984
-0.1,300,3,0.05,0.9977
-0.1,300,3,0.060000000000000005,0.9998
-0.1,300,3,0.06999999999999999,1.0
-0.1,300,3,0.08,1.0
-0.1,300,3,0.09,1.0
-0.1,300,3,0.09999999999999999,1.0
-0.1,300,3,0.11,1.0
-0.1,300,3,0.12,1.0
-0.1,300,3,0.13,1.0
-0.1,300,3,0.14,1.0
-0.1,300,4,0.01,0.061
-0.1,300,4,0.02,0.4605
-0.1,300,4,0.03,0.7947
-0.1,300,4,0.04,0.9519
-0.1,300,4,0.05,0.9896
-0.1,300,4,0.060000000000000005,0.9982
-0.1,300,4,0.06999999999999999,0.9997
-0.1,300,4,0.08,0.9999
-0.1,300,4,0.09,1.0
-0.1,300,4,0.09999999999999999,1.0
-0.1,300,4,0.11,1.0
-0.1,300,4,0.12,1.0
-0.1,300,4,0.13,1.0
-0.1,300,4,0.14,1.0
-0.1,300,5,0.01,0.015
-0.1,300,5,0.02,0.2588
-0.1,300,5,0.03,0.6377
-0.1,300,5,0.04,0.8824
-0.1,300,5,0.05,0.9705
-0.1,300,5,0.060000000000000005,0.9951
-0.1,300,5,0.06999999999999999,0.9993
-0.1,300,5,0.08,0.9999
-0.1,300,5,0.09,1.0
-0.1,300,5,0.09999999999999999,1.0
-0.1,300,5,0.11,1.0
-0.1,300,5,0.12,1.0
-0.1,300,5,0.13,1.0
-0.1,300,5,0.14,1.0
-0.1,300,6,0.01,0.0031
-0.1,300,6,0.02,0.1218
-0.1,300,6,0.03,0.4591
-0.1,300,6,0.04,0.7792
-0.1,300,6,0.05,0.9266
-0.1,300,6,0.060000000000000005,0.9822
-0.1,300,6,0.06999999999999999,0.9968
-0.1,300,6,0.08,0.9998
-0.1,300,6,0.09,1.0
-0.1,300,6,0.09999999999999999,1.0
-0.1,300,6,0.11,1.0
-0.1,300,6,0.12,1.0
-0.1,300,6,0.13,1.0
-0.1,300,6,0.14,1.0
-0.1,300,7,0.01,0.0003
-0.1,300,7,0.02,0.0516
-0.1,300,7,0.03,0.2891
-0.1,300,7,0.04,0.6361
-0.1,300,7,0.05,0.8624
-0.1,300,7,0.060000000000000005,0.9616
-0.1,300,7,0.06999999999999999,0.9926
-0.1,300,7,0.08,0.999
-0.1,300,7,0.09,0.9999
-0.1,300,7,0.09999999999999999,1.0
-0.1,300,7,0.11,1.0
-0.1,300,7,0.12,1.0
-0.1,300,7,0.13,1.0
-0.1,300,7,0.14,1.0
-0.1,300,8,0.01,0.0
-0.1,300,8,0.02,0.0176
-0.1,300,8,0.03,0.1643
-0.1,300,8,0.04,0.4787
-0.1,300,8,0.05,0.7579
-0.1,300,8,0.060000000000000005,0.9184
-0.1,300,8,0.06999999999999999,0.9781
-0.1,300,8,0.08,0.9959
-0.1,300,8,0.09,0.9995
-0.1,300,8,0.09999999999999999,1.0
-0.1,300,8,0.11,1.0
-0.1,300,8,0.12,1.0
-0.1,300,8,0.13,1.0
-0.1,300,8,0.14,1.0
-0.1,350,3,0.01,0.2815
-0.1,350,3,0.02,0.7963
-0.1,350,3,0.03,0.9622
-0.1,350,3,0.04,0.9954
-0.1,350,3,0.05,0.9997
-0.1,350,3,0.060000000000000005,1.0
-0.1,350,3,0.06999999999999999,1.0
-0.1,350,3,0.08,1.0
-0.1,350,3,0.09,1.0
-0.1,350,3,0.09999999999999999,1.0
-0.1,350,3,0.11,1.0
-0.1,350,3,0.12,1.0
-0.1,350,3,0.13,1.0
-0.1,350,3,0.14,1.0
-0.1,350,4,0.01,0.1083
-0.1,350,4,0.02,0.6075
-0.1,350,4,0.03,0.8975
-0.1,350,4,0.04,0.9844
-0.1,350,4,0.05,0.998
-0.1,350,4,0.060000000000000005,1.0
-0.1,350,4,0.06999999999999999,1.0
-0.1,350,4,0.08,1.0
-0.1,350,4,0.09,1.0
-0.1,350,4,0.09999999999999999,1.0
-0.1,350,4,0.11,1.0
-0.1,350,4,0.12,1.0
-0.1,350,4,0.13,1.0
-0.1,350,4,0.14,1.0
-0.1,350,5,0.01,0.0325
-0.1,350,5,0.02,0.4006
-0.1,350,5,0.03,0.7873
-0.1,350,5,0.04,0.9555
-0.1,350,5,0.05,0.9921
-0.1,350,5,0.060000000000000005,0.999
-0.1,350,5,0.06999999999999999,0.9998
-0.1,350,5,0.08,1.0
-0.1,350,5,0.09,1.0
-0.1,350,5,0.09999999999999999,1.0
-0.1,350,5,0.11,1.0
-0.1,350,5,0.12,1.0
-0.1,350,5,0.13,1.0
-0.1,350,5,0.14,1.0
-0.1,350,6,0.01,0.0073
-0.1,350,6,0.02,0.2294
-0.1,350,6,0.03,0.6356
-0.1,350,6,0.04,0.9015
-0.1,350,6,0.05,0.9781
-0.1,350,6,0.060000000000000005,0.9972
-0.1,350,6,0.06999999999999999,0.9995
-0.1,350,6,0.08,0.9999
-0.1,350,6,0.09,1.0
-0.1,350,6,0.09999999999999999,1.0
-0.1,350,6,0.11,1.0
-0.1,350,6,0.12,1.0
-0.1,350,6,0.13,1.0
-0.1,350,6,0.14,1.0
-0.1,350,7,0.01,0.0014
-0.1,350,7,0.02,0.1113
-0.1,350,7,0.03,0.4696
-0.1,350,7,0.04,0.812
-0.1,350,7,0.05,0.9499
-0.1,350,7,0.060000000000000005,0.9918
-0.1,350,7,0.06999999999999999,0.9988
-0.1,350,7,0.08,0.9999
-0.1,350,7,0.09,1.0
-0.1,350,7,0.09999999999999999,1.0
-0.1,350,7,0.11,1.0
-0.1,350,7,0.12,1.0
-0.1,350,7,0.13,1.0
-0.1,350,7,0.14,1.0
-0.1,350,8,0.01,0.0001
-0.1,350,8,0.02,0.0456
-0.1,350,8,0.03,0.3131
-0.1,350,8,0.04,0.6873
-0.1,350,8,0.05,0.9011
-0.1,350,8,0.060000000000000005,0.9791
-0.1,350,8,0.06999999999999999,0.9969
-0.1,350,8,0.08,0.9996
-0.1,350,8,0.09,1.0
-0.1,350,8,0.09999999999999999,1.0
-0.1,350,8,0.11,1.0
-0.1,350,8,0.12,1.0
-0.1,350,8,0.13,1.0
-0.1,350,8,0.14,1.0
-0.1,400,3,0.01,0.3737
-0.1,400,3,0.02,0.8762
-0.1,400,3,0.03,0.9856
-0.1,400,3,0.04,0.9991
-0.1,400,3,0.05,1.0
-0.1,400,3,0.060000000000000005,1.0
-0.1,400,3,0.06999999999999999,1.0
-0.1,400,3,0.08,1.0
-0.1,400,3,0.09,1.0
-0.1,400,3,0.09999999999999999,1.0
-0.1,400,3,0.11,1.0
-0.1,400,3,0.12,1.0
-0.1,400,3,0.13,1.0
-0.1,400,3,0.14,1.0
-0.1,400,4,0.01,0.167
-0.1,400,4,0.02,0.7283
-0.1,400,4,0.03,0.9527
-0.1,400,4,0.04,0.9949
-0.1,400,4,0.05,0.9998
-0.1,400,4,0.060000000000000005,1.0
-0.1,400,4,0.06999999999999999,1.0
-0.1,400,4,0.08,1.0
-0.1,400,4,0.09,1.0
-0.1,400,4,0.09999999999999999,1.0
-0.1,400,4,0.11,1.0
-0.1,400,4,0.12,1.0
-0.1,400,4,0.13,1.0
-0.1,400,4,0.14,1.0
-0.1,400,5,0.01,0.0577
-0.1,400,5,0.02,0.5448
-0.1,400,5,0.03,0.8858
-0.1,400,5,0.04,0.986
-0.1,400,5,0.05,0.9986
-0.1,400,5,0.060000000000000005,1.0
-0.1,400,5,0.06999999999999999,1.0
-0.1,400,5,0.08,1.0
-0.1,400,5,0.09,1.0
-0.1,400,5,0.09999999999999999,1.0
-0.1,400,5,0.11,1.0
-0.1,400,5,0.12,1.0
-0.1,400,5,0.13,1.0
-0.1,400,5,0.14,1.0
-0.1,400,6,0.01,0.0158
-0.1,400,6,0.02,0.3549
-0.1,400,6,0.03,0.7824
-0.1,400,6,0.04,0.9606
-0.1,400,6,0.05,0.995
-0.1,400,6,0.060000000000000005,0.9999
-0.1,400,6,0.06999999999999999,1.0
-0.1,400,6,0.08,1.0
-0.1,400,6,0.09,1.0
-0.1,400,6,0.09999999999999999,1.0
-0.1,400,6,0.11,1.0
-0.1,400,6,0.12,1.0
-0.1,400,6,0.13,1.0
-0.1,400,6,0.14,1.0
-0.1,400,7,0.01,0.0037
-0.1,400,7,0.02,0.2039
-0.1,400,7,0.03,0.6418
-0.1,400,7,0.04,0.9169
-0.1,400,7,0.05,0.9857
-0.1,400,7,0.060000000000000005,0.9988
-0.1,400,7,0.06999999999999999,0.9999
-0.1,400,7,0.08,1.0
-0.1,400,7,0.09,1.0
-0.1,400,7,0.09999999999999999,1.0
-0.1,400,7,0.11,1.0
-0.1,400,7,0.12,1.0
-0.1,400,7,0.13,1.0
-0.1,400,7,0.14,1.0
-0.1,400,8,0.01,0.0008
-0.1,400,8,0.02,0.0997
-0.1,400,8,0.03,0.484
-0.1,400,8,0.04,0.8445
-0.1,400,8,0.05,0.9675
-0.1,400,8,0.060000000000000005,0.9962
-0.1,400,8,0.06999999999999999,0.9996
-0.1,400,8,0.08,0.9999
-0.1,400,8,0.09,1.0
-0.1,400,8,0.09999999999999999,1.0
-0.1,400,8,0.11,1.0
-0.1,400,8,0.12,1.0
-0.1,400,8,0.13,1.0
-0.1,400,8,0.14,1.0
-0.1,450,3,0.01,0.4717
-0.1,450,3,0.02,0.9321
-0.1,450,3,0.03,0.9955
-0.1,450,3,0.04,1.0
-0.1,450,3,0.05,1.0
-0.1,450,3,0.060000000000000005,1.0
-0.1,450,3,0.06999999999999999,1.0
-0.1,450,3,0.08,1.0
-0.1,450,3,0.09,1.0
-0.1,450,3,0.09999999999999999,1.0
-0.1,450,3,0.11,1.0
-0.1,450,3,0.12,1.0
-0.1,450,3,0.13,1.0
-0.1,450,3,0.14,1.0
-0.1,450,4,0.01,0.2418
-0.1,450,4,0.02,0.8284
-0.1,450,4,0.03,0.9818
-0.1,450,4,0.04,0.9991
-0.1,450,4,0.05,1.0
-0.1,450,4,0.060000000000000005,1.0
-0.1,450,4,0.06999999999999999,1.0
-0.1,450,4,0.08,1.0
-0.1,450,4,0.09,1.0
-0.1,450,4,0.09999999999999999,1.0
-0.1,450,4,0.11,1.0
-0.1,450,4,0.12,1.0
-0.1,450,4,0.13,1.0
-0.1,450,4,0.14,1.0
-0.1,450,5,0.01,0.0943
-0.1,450,5,0.02,0.6852
-0.1,450,5,0.03,0.9476
-0.1,450,5,0.04,0.9961
-0.1,450,5,0.05,0.9999
-0.1,450,5,0.060000000000000005,1.0
-0.1,450,5,0.06999999999999999,1.0
-0.1,450,5,0.08,1.0
-0.1,450,5,0.09,1.0
-0.1,450,5,0.09999999999999999,1.0
-0.1,450,5,0.11,1.0
-0.1,450,5,0.12,1.0
-0.1,450,5,0.13,1.0
-0.1,450,5,0.14,1.0
-0.1,450,6,0.01,0.0309
-0.1,450,6,0.02,0.4922
-0.1,450,6,0.03,0.8865
-0.1,450,6,0.04,0.9877
-0.1,450,6,0.05,0.9992
-0.1,450,6,0.060000000000000005,1.0
-0.1,450,6,0.06999999999999999,1.0
-0.1,450,6,0.08,1.0
-0.1,450,6,0.09,1.0
-0.1,450,6,0.09999999999999999,1.0
-0.1,450,6,0.11,1.0
-0.1,450,6,0.12,1.0
-0.1,450,6,0.13,1.0
-0.1,450,6,0.14,1.0
-0.1,450,7,0.01,0.0072
-0.1,450,7,0.02,0.3214
-0.1,450,7,0.03,0.7857
-0.1,450,7,0.04,0.9683
-0.1,450,7,0.05,0.9973
-0.1,450,7,0.060000000000000005,1.0
-0.1,450,7,0.06999999999999999,1.0
-0.1,450,7,0.08,1.0
-0.1,450,7,0.09,1.0
-0.1,450,7,0.09999999999999999,1.0
-0.1,450,7,0.11,1.0
-0.1,450,7,0.12,1.0
-0.1,450,7,0.13,1.0
-0.1,450,7,0.14,1.0
-0.1,450,8,0.01,0.0019
-0.1,450,8,0.02,0.184
-0.1,450,8,0.03,0.6556
-0.1,450,8,0.04,0.9314
-0.1,450,8,0.05,0.9912
-0.1,450,8,0.060000000000000005,0.9999
-0.1,450,8,0.06999999999999999,1.0
-0.1,450,8,0.08,1.0
-0.1,450,8,0.09,1.0
-0.1,450,8,0.09999999999999999,1.0
-0.1,450,8,0.11,1.0
-0.1,450,8,0.12,1.0
-0.1,450,8,0.13,1.0
-0.1,450,8,0.14,1.0
-0.1,500,3,0.01,0.5682
-0.1,500,3,0.02,0.9644
-0.1,500,3,0.03,0.9987
-0.1,500,3,0.04,1.0
-0.1,500,3,0.05,1.0
-0.1,500,3,0.060000000000000005,1.0
-0.1,500,3,0.06999999999999999,1.0
-0.1,500,3,0.08,1.0
-0.1,500,3,0.09,1.0
-0.1,500,3,0.09999999999999999,1.0
-0.1,500,3,0.11,1.0
-0.1,500,3,0.12,1.0
-0.1,500,3,0.13,1.0
-0.1,500,3,0.14,1.0
-0.1,500,4,0.01,0.3259
-0.1,500,4,0.02,0.8998
-0.1,500,4,0.03,0.9932
-0.1,500,4,0.04,1.0
-0.1,500,4,0.05,1.0
-0.1,500,4,0.060000000000000005,1.0
-0.1,500,4,0.06999999999999999,1.0
-0.1,500,4,0.08,1.0
-0.1,500,4,0.09,1.0
-0.1,500,4,0.09999999999999999,1.0
-0.1,500,4,0.11,1.0
-0.1,500,4,0.12,1.0
-0.1,500,4,0.13,1.0
-0.1,500,4,0.14,1.0
-0.1,500,5,0.01,0.1472
-0.1,500,5,0.02,0.792
-0.1,500,5,0.03,0.9787
-0.1,500,5,0.04,0.9992
-0.1,500,5,0.05,1.0
-0.1,500,5,0.060000000000000005,1.0
-0.1,500,5,0.06999999999999999,1.0
-0.1,500,5,0.08,1.0
-0.1,500,5,0.09,1.0
-0.1,500,5,0.09999999999999999,1.0
-0.1,500,5,0.11,1.0
-0.1,500,5,0.12,1.0
-0.1,500,5,0.13,1.0
-0.1,500,5,0.14,1.0
-0.1,500,6,0.01,0.0535
-0.1,500,6,0.02,0.6314
-0.1,500,6,0.03,0.9447
-0.1,500,6,0.04,0.9958
-0.1,500,6,0.05,0.9999
-0.1,500,6,0.060000000000000005,1.0
-0.1,500,6,0.06999999999999999,1.0
-0.1,500,6,0.08,1.0
-0.1,500,6,0.09,1.0
-0.1,500,6,0.09999999999999999,1.0
-0.1,500,6,0.11,1.0
-0.1,500,6,0.12,1.0
-0.1,500,6,0.13,1.0
-0.1,500,6,0.14,1.0
-0.1,500,7,0.01,0.0142
-0.1,500,7,0.02,0.4542
-0.1,500,7,0.03,0.887
-0.1,500,7,0.04,0.9889
-0.1,500,7,0.05,0.9994
-0.1,500,7,0.060000000000000005,1.0
-0.1,500,7,0.06999999999999999,1.0
-0.1,500,7,0.08,1.0
-0.1,500,7,0.09,1.0
-0.1,500,7,0.09999999999999999,1.0
-0.1,500,7,0.11,1.0
-0.1,500,7,0.12,1.0
-0.1,500,7,0.13,1.0
-0.1,500,7,0.14,1.0
-0.1,500,8,0.01,0.0037
-0.1,500,8,0.02,0.2904
-0.1,500,8,0.03,0.7945
-0.1,500,8,0.04,0.9754
-0.1,500,8,0.05,0.9975
-0.1,500,8,0.060000000000000005,1.0
-0.1,500,8,0.06999999999999999,1.0
-0.1,500,8,0.08,1.0
-0.1,500,8,0.09,1.0
-0.1,500,8,0.09999999999999999,1.0
-0.1,500,8,0.11,1.0
-0.1,500,8,0.12,1.0
-0.1,500,8,0.13,1.0
-0.1,500,8,0.14,1.0
-0.1,550,3,0.01,0.6579
-0.1,550,3,0.02,0.9842
-0.1,550,3,0.03,0.9996
-0.1,550,3,0.04,1.0
-0.1,550,3,0.05,1.0
-0.1,550,3,0.060000000000000005,1.0
-0.1,550,3,0.06999999999999999,1.0
-0.1,550,3,0.08,1.0
-0.1,550,3,0.09,1.0
-0.1,550,3,0.09999999999999999,1.0
-0.1,550,3,0.11,1.0
-0.1,550,3,0.12,1.0
-0.1,550,3,0.13,1.0
-0.1,550,3,0.14,1.0
-0.1,550,4,0.01,0.4158
-0.1,550,4,0.02,0.9433
-0.1,550,4,0.03,0.9983
-0.1,550,4,0.04,1.0
-0.1,550,4,0.05,1.0
-0.1,550,4,0.060000000000000005,1.0
-0.1,550,4,0.06999999999999999,1.0
-0.1,550,4,0.08,1.0
-0.1,550,4,0.09,1.0
-0.1,550,4,0.09999999999999999,1.0
-0.1,550,4,0.11,1.0
-0.1,550,4,0.12,1.0
-0.1,550,4,0.13,1.0
-0.1,550,4,0.14,1.0
-0.1,550,5,0.01,0.2147
-0.1,550,5,0.02,0.8699
-0.1,550,5,0.03,0.9921
-0.1,550,5,0.04,1.0
-0.1,550,5,0.05,1.0
-0.1,550,5,0.060000000000000005,1.0
-0.1,550,5,0.06999999999999999,1.0
-0.1,550,5,0.08,1.0
-0.1,550,5,0.09,1.0
-0.1,550,5,0.09999999999999999,1.0
-0.1,550,5,0.11,1.0
-0.1,550,5,0.12,1.0
-0.1,550,5,0.13,1.0
-0.1,550,5,0.14,1.0
-0.1,550,6,0.01,0.0888
-0.1,550,6,0.02,0.7489
-0.1,550,6,0.03,0.9765
-0.1,550,6,0.04,0.999
-0.1,550,6,0.05,1.0
-0.1,550,6,0.060000000000000005,1.0
-0.1,550,6,0.06999999999999999,1.0
-0.1,550,6,0.08,1.0
-0.1,550,6,0.09,1.0
-0.1,550,6,0.09999999999999999,1.0
-0.1,550,6,0.11,1.0
-0.1,550,6,0.12,1.0
-0.1,550,6,0.13,1.0
-0.1,550,6,0.14,1.0
-0.1,550,7,0.01,0.029
-0.1,550,7,0.02,0.5912
-0.1,550,7,0.03,0.9467
-0.1,550,7,0.04,0.997
-0.1,550,7,0.05,0.9999
-0.1,550,7,0.060000000000000005,1.0
-0.1,550,7,0.06999999999999999,1.0
-0.1,550,7,0.08,1.0
-0.1,550,7,0.09,1.0
-0.1,550,7,0.09999999999999999,1.0
-0.1,550,7,0.11,1.0
-0.1,550,7,0.12,1.0
-0.1,550,7,0.13,1.0
-0.1,550,7,0.14,1.0
-0.1,550,8,0.01,0.0083
-0.1,550,8,0.02,0.4216
-0.1,550,8,0.03,0.8874
-0.1,550,8,0.04,0.9929
-0.1,550,8,0.05,0.9995
-0.1,550,8,0.060000000000000005,1.0
-0.1,550,8,0.06999999999999999,1.0
-0.1,550,8,0.08,1.0
-0.1,550,8,0.09,1.0
-0.1,550,8,0.09999999999999999,1.0
-0.1,550,8,0.11,1.0
-0.1,550,8,0.12,1.0
-0.1,550,8,0.13,1.0
-0.1,550,8,0.14,1.0
-0.1,600,3,0.01,0.738
-0.1,600,3,0.02,0.9928
-0.1,600,3,0.03,0.9999
-0.1,600,3,0.04,1.0
-0.1,600,3,0.05,1.0
-0.1,600,3,0.060000000000000005,1.0
-0.1,600,3,0.06999999999999999,1.0
-0.1,600,3,0.08,1.0
-0.1,600,3,0.09,1.0
-0.1,600,3,0.09999999999999999,1.0
-0.1,600,3,0.11,1.0
-0.1,600,3,0.12,1.0
-0.1,600,3,0.13,1.0
-0.1,600,3,0.14,1.0
-0.1,600,4,0.01,0.5154
-0.1,600,4,0.02,0.9717
-0.1,600,4,0.03,0.9992
-0.1,600,4,0.04,1.0
-0.1,600,4,0.05,1.0
-0.1,600,4,0.060000000000000005,1.0
-0.1,600,4,0.06999999999999999,1.0
-0.1,600,4,0.08,1.0
-0.1,600,4,0.09,1.0
-0.1,600,4,0.09999999999999999,1.0
-0.1,600,4,0.11,1.0
-0.1,600,4,0.12,1.0
-0.1,600,4,0.13,1.0
-0.1,600,4,0.14,1.0
-0.1,600,5,0.01,0.2987
-0.1,600,5,0.02,0.9298
-0.1,600,5,0.03,0.9971
-0.1,600,5,0.04,1.0
-0.1,600,5,0.05,1.0
-0.1,600,5,0.060000000000000005,1.0
-0.1,600,5,0.06999999999999999,1.0
-0.1,600,5,0.08,1.0
-0.1,600,5,0.09,1.0
-0.1,600,5,0.09999999999999999,1.0
-0.1,600,5,0.11,1.0
-0.1,600,5,0.12,1.0
-0.1,600,5,0.13,1.0
-0.1,600,5,0.14,1.0
-0.1,600,6,0.01,0.1388
-0.1,600,6,0.02,0.8376
-0.1,600,6,0.03,0.9912
-0.1,600,6,0.04,0.9997
-0.1,600,6,0.05,1.0
-0.1,600,6,0.060000000000000005,1.0
-0.1,600,6,0.06999999999999999,1.0
-0.1,600,6,0.08,1.0
-0.1,600,6,0.09,1.0
-0.1,600,6,0.09999999999999999,1.0
-0.1,600,6,0.11,1.0
-0.1,600,6,0.12,1.0
-0.1,600,6,0.13,1.0
-0.1,600,6,0.14,1.0
-0.1,600,7,0.01,0.0518
-0.1,600,7,0.02,0.7122
-0.1,600,7,0.03,0.9761
-0.1,600,7,0.04,0.9993
-0.1,600,7,0.05,1.0
-0.1,600,7,0.060000000000000005,1.0
-0.1,600,7,0.06999999999999999,1.0
-0.1,600,7,0.08,1.0
-0.1,600,7,0.09,1.0
-0.1,600,7,0.09999999999999999,1.0
-0.1,600,7,0.11,1.0
-0.1,600,7,0.12,1.0
-0.1,600,7,0.13,1.0
-0.1,600,7,0.14,1.0
-0.1,600,8,0.01,0.017
-0.1,600,8,0.02,0.5652
-0.1,600,8,0.03,0.9465
-0.1,600,8,0.04,0.9976
-0.1,600,8,0.05,1.0
-0.1,600,8,0.060000000000000005,1.0
-0.1,600,8,0.06999999999999999,1.0
-0.1,600,8,0.08,1.0
-0.1,600,8,0.09,1.0
-0.1,600,8,0.09999999999999999,1.0
-0.1,600,8,0.11,1.0
-0.1,600,8,0.12,1.0
-0.1,600,8,0.13,1.0
-0.1,600,8,0.14,1.0
-0.1,650,3,0.01,0.8085
-0.1,650,3,0.02,0.9974
-0.1,650,3,0.03,0.9999
-0.1,650,3,0.04,1.0
-0.1,650,3,0.05,1.0
-0.1,650,3,0.060000000000000005,1.0
-0.1,650,3,0.06999999999999999,1.0
-0.1,650,3,0.08,1.0
-0.1,650,3,0.09,1.0
-0.1,650,3,0.09999999999999999,1.0
-0.1,650,3,0.11,1.0
-0.1,650,3,0.12,1.0
-0.1,650,3,0.13,1.0
-0.1,650,3,0.14,1.0
-0.1,650,4,0.01,0.6101
-0.1,650,4,0.02,0.9883
-0.1,650,4,0.03,0.9999
-0.1,650,4,0.04,1.0
-0.1,650,4,0.05,1.0
-0.1,650,4,0.060000000000000005,1.0
-0.1,650,4,0.06999999999999999,1.0
-0.1,650,4,0.08,1.0
-0.1,650,4,0.09,1.0
-0.1,650,4,0.09999999999999999,1.0
-0.1,650,4,0.11,1.0
-0.1,650,4,0.12,1.0
-0.1,650,4,0.13,1.0
-0.1,650,4,0.14,1.0
-0.1,650,5,0.01,0.3907
-0.1,650,5,0.02,0.9635
-0.1,650,5,0.03,0.9995
-0.1,650,5,0.04,1.0
-0.1,650,5,0.05,1.0
-0.1,650,5,0.060000000000000005,1.0
-0.1,650,5,0.06999999999999999,1.0
-0.1,650,5,0.08,1.0
-0.1,650,5,0.09,1.0
-0.1,650,5,0.09999999999999999,1.0
-0.1,650,5,0.11,1.0
-0.1,650,5,0.12,1.0
-0.1,650,5,0.13,1.0
-0.1,650,5,0.14,1.0
-0.1,650,6,0.01,0.2053
-0.1,650,6,0.02,0.907
-0.1,650,6,0.03,0.9967
-0.1,650,6,0.04,0.9999
-0.1,650,6,0.05,1.0
-0.1,650,6,0.060000000000000005,1.0
-0.1,650,6,0.06999999999999999,1.0
-0.1,650,6,0.08,1.0
-0.1,650,6,0.09,1.0
-0.1,650,6,0.09999999999999999,1.0
-0.1,650,6,0.11,1.0
-0.1,650,6,0.12,1.0
-0.1,650,6,0.13,1.0
-0.1,650,6,0.14,1.0
-0.1,650,7,0.01,0.0881
-0.1,650,7,0.02,0.8173
-0.1,650,7,0.03,0.9905
-0.1,650,7,0.04,0.9998
-0.1,650,7,0.05,1.0
-0.1,650,7,0.060000000000000005,1.0
-0.1,650,7,0.06999999999999999,1.0
-0.1,650,7,0.08,1.0
-0.1,650,7,0.09,1.0
-0.1,650,7,0.09999999999999999,1.0
-0.1,650,7,0.11,1.0
-0.1,650,7,0.12,1.0
-0.1,650,7,0.13,1.0
-0.1,650,7,0.14,1.0
-0.1,650,8,0.01,0.0313
-0.1,650,8,0.02,0.6898
-0.1,650,8,0.03,0.9769
-0.1,650,8,0.04,0.9993
-0.1,650,8,0.05,1.0
-0.1,650,8,0.060000000000000005,1.0
-0.1,650,8,0.06999999999999999,1.0
-0.1,650,8,0.08,1.0
-0.1,650,8,0.09,1.0
-0.1,650,8,0.09999999999999999,1.0
-0.1,650,8,0.11,1.0
-0.1,650,8,0.12,1.0
-0.1,650,8,0.13,1.0
-0.1,650,8,0.14,1.0
0.0,50,3,0.01,0.0086
0.0,50,3,0.02,0.077
0.0,50,3,0.03,0.1839
0.0,50,3,0.04,0.3139
0.0,50,3,0.05,0.4543
0.0,50,3,0.060000000000000005,0.5844
0.0,50,3,0.06999999999999999,0.6897
0.0,50,3,0.08,0.7758
0.0,50,3,0.09,0.8418
0.0,50,3,0.09999999999999999,0.8897
0.0,50,3,0.11,0.9262
0.0,50,3,0.12,0.9494
0.0,50,3,0.13,0.967
0.0,50,3,0.14,0.9779
0.0,50,4,0.01,0.0005
0.0,50,4,0.02,0.0147
0.0,50,4,0.03,0.0586
0.0,50,4,0.04,0.137
0.0,50,4,0.05,0.2278
0.0,50,4,0.060000000000000005,0.3464
0.0,50,4,0.06999999999999999,0.4688
0.0,50,4,0.08,0.5724
0.0,50,4,0.09,0.6726
0.0,50,4,0.09999999999999999,0.7511
0.0,50,4,0.11,0.8194
0.0,50,4,0.12,0.8702
0.0,50,4,0.13,0.9075
0.0,50,4,0.14,0.9356
0.0,50,5,0.01,0.0
0.0,50,5,0.02,0.0023
0.0,50,5,0.03,0.015
0.0,50,5,0.04,0.0441
0.0,50,5,0.05,0.0962
0.0,50,5,0.060000000000000005,0.1719
0.0,50,5,0.06999999999999999,0.2664
0.0,50,5,0.08,0.3645
0.0,50,5,0.09,0.4681
0.0,50,5,0.09999999999999999,0.5617
0.0,50,5,0.11,0.6617
0.0,50,5,0.12,0.7377
0.0,50,5,0.13,0.8009
0.0,50,5,0.14,0.8538
0.0,50,6,0.01,0.0
0.0,50,6,0.02,0.0003
0.0,50,6,0.03,0.0031
0.0,50,6,0.04,0.012
0.0,50,6,0.05,0.0316
0.0,50,6,0.060000000000000005,0.0723
0.0,50,6,0.06999999999999999,0.1335
0.0,50,6,0.08,0.205
0.0,50,6,0.09,0.2905
0.0,50,6,0.09999999999999999,0.3794
0.0,50,6,0.11,0.4736
0.0,50,6,0.12,0.5648
0.0,50,6,0.13,0.6472
0.0,50,6,0.14,0.7235
0.0,50,7,0.01,0.0
0.0,50,7,0.02,0.0
0.0,50,7,0.03,0.0005
0.0,50,7,0.04,0.0027
0.0,50,7,0.05,0.0093
0.0,50,7,0.060000000000000005,0.0248
0.0,50,7,0.06999999999999999,0.0547
0.0,50,7,0.08,0.0992
0.0,50,7,0.09,0.1592
0.0,50,7,0.09999999999999999,0.2291
0.0,50,7,0.11,0.3067
0.0,50,7,0.12,0.3854
0.0,50,7,0.13,0.4775
0.0,50,7,0.14,0.5631
0.0,50,8,0.01,0.0
0.0,50,8,0.02,0.0
0.0,50,8,0.03,0.0001
0.0,50,8,0.04,0.0006
0.0,50,8,0.05,0.0023
0.0,50,8,0.060000000000000005,0.0063
0.0,50,8,0.06999999999999999,0.0196
0.0,50,8,0.08,0.0381
0.0,50,8,0.09,0.0729
0.0,50,8,0.09999999999999999,0.1202
0.0,50,8,0.11,0.1762
0.0,50,8,0.12,0.2381
0.0,50,8,0.13,0.3199
0.0,50,8,0.14,0.4072
0.0,100,3,0.01,0.0641
0.0,100,3,0.02,0.3281
0.0,100,3,0.03,0.5783
0.0,100,3,0.04,0.7722
0.0,100,3,0.05,0.88
0.0,100,3,0.060000000000000005,0.9422
0.0,100,3,0.06999999999999999,0.9757
0.0,100,3,0.08,0.9893
0.0,100,3,0.09,0.9949
0.0,100,3,0.09999999999999999,0.9977
0.0,100,3,0.11,0.9993
0.0,100,3,0.12,0.9998
0.0,100,3,0.13,1.0
0.0,100,3,0.14,1.0
0.0,100,4,0.01,0.0113
0.0,100,4,0.02,0.1352
0.0,100,4,0.03,0.3455
0.0,100,4,0.04,0.5762
0.0,100,4,0.05,0.7408
0.0,100,4,0.060000000000000005,0.8559
0.0,100,4,0.06999999999999999,0.9277
0.0,100,4,0.08,0.9653
0.0,100,4,0.09,0.9828
0.0,100,4,0.09999999999999999,0.9919
0.0,100,4,0.11,0.9964
0.0,100,4,0.12,0.9983
0.0,100,4,0.13,0.9993
0.0,100,4,0.14,0.9997
0.0,100,5,0.01,0.001
0.0,100,5,0.02,0.0425
0.0,100,5,0.03,0.1703
0.0,100,5,0.04,0.366
0.0,100,5,0.05,0.56
0.0,100,5,0.060000000000000005,0.7241
0.0,100,5,0.06999999999999999,0.8391
0.0,100,5,0.08,0.9108
0.0,100,5,0.09,0.9553
0.0,100,5,0.09999999999999999,0.9776
0.0,100,5,0.11,0.9902
0.0,100,5,0.12,0.9948
0.0,100,5,0.13,0.9979
0.0,100,5,0.14,0.9989
0.0,100,6,0.01,0.0
0.0,100,6,0.02,0.0112
0.0,100,6,0.03,0.0721
0.0,100,6,0.04,0.2011
0.0,100,6,0.05,0.3732
0.0,100,6,0.060000000000000005,0.5595
0.0,100,6,0.06999999999999999,0.7074
0.0,100,6,0.08,0.8224
0.0,100,6,0.09,0.9026
0.0,100,6,0.09999999999999999,0.9454
0.0,100,6,0.11,0.9715
0.0,100,6,0.12,0.986
0.0,100,6,0.13,0.9934
0.0,100,6,0.14,0.9966
0.0,100,7,0.01,0.0
0.0,100,7,0.02,0.0027
0.0,100,7,0.03,0.0243
0.0,100,7,0.04,0.0947
0.0,100,7,0.05,0.2145
0.0,100,7,0.060000000000000005,0.385
0.0,100,7,0.06999999999999999,0.5567
0.0,100,7,0.08,0.6974
0.0,100,7,0.09,0.8106
0.0,100,7,0.09999999999999999,0.886
0.0,100,7,0.11,0.9385
0.0,100,7,0.12,0.9657
0.0,100,7,0.13,0.9817
0.0,100,7,0.14,0.9908
0.0,100,8,0.01,0.0
0.0,100,8,0.02,0.0003
0.0,100,8,0.03,0.0078
0.0,100,8,0.04,0.04
0.0,100,8,0.05,0.115
0.0,100,8,0.060000000000000005,0.2375
0.0,100,8,0.06999999999999999,0.3967
0.0,100,8,0.08,0.5498
0.0,100,8,0.09,0.6921
0.0,100,8,0.09999999999999999,0.7945
0.0,100,8,0.11,0.8784
0.0,100,8,0.12,0.9282
0.0,100,8,0.13,0.9586
0.0,100,8,0.14,0.9794
0.0,150,3,0.01,0.1698
0.0,150,3,0.02,0.5936
0.0,150,3,0.03,0.8333
0.0,150,3,0.04,0.9462
0.0,150,3,0.05,0.9823
0.0,150,3,0.060000000000000005,0.9951
0.0,150,3,0.06999999999999999,0.9987
0.0,150,3,0.08,0.9998
0.0,150,3,0.09,1.0
0.0,150,3,0.09999999999999999,1.0
0.0,150,3,0.11,1.0
0.0,150,3,0.12,1.0
0.0,150,3,0.13,1.0
0.0,150,3,0.14,1.0
0.0,150,4,0.01,0.0516
0.0,150,4,0.02,0.3563
0.0,150,4,0.03,0.6588
0.0,150,4,0.04,0.8603
0.0,150,4,0.05,0.9469
0.0,150,4,0.060000000000000005,0.9825
0.0,150,4,0.06999999999999999,0.9946
0.0,150,4,0.08,0.9986
0.0,150,4,0.09,0.9998
0.0,150,4,0.09999999999999999,1.0
0.0,150,4,0.11,1.0
0.0,150,4,0.12,1.0
0.0,150,4,0.13,1.0
0.0,150,4,0.14,1.0
0.0,150,5,0.01,0.0106
0.0,150,5,0.02,0.1754
0.0,150,5,0.03,0.4597
0.0,150,5,0.04,0.725
0.0,150,5,0.05,0.8767
0.0,150,5,0.060000000000000005,0.9528
0.0,150,5,0.06999999999999999,0.9835
0.0,150,5,0.08,0.9952
0.0,150,5,0.09,0.9984
0.0,150,5,0.09999999999999999,0.9996
0.0,150,5,0.11,1.0
0.0,150,5,0.12,1.0
0.0,150,5,0.13,1.0
0.0,150,5,0.14,1.0
0.0,150,6,0.01,0.0012
0.0,150,6,0.02,0.0698
0.0,150,6,0.03,0.2804
0.0,150,6,0.04,0.5601
0.0,150,6,0.05,0.7648
0.0,150,6,0.060000000000000005,0.8938
0.0,150,6,0.06999999999999999,0.9573
0.0,150,6,0.08,0.9834
0.0,150,6,0.09,0.9955
0.0,150,6,0.09999999999999999,0.9987
0.0,150,6,0.11,0.9995
0.0,150,6,0.12,0.9998
0.0,150,6,0.13,1.0
0.0,150,6,0.14,1.0
0.0,150,7,0.01,0.0004
0.0,150,7,0.02,0.0247
0.0,150,7,0.03,0.1526
0.0,150,7,0.04,0.3901
0.0,150,7,0.05,0.6251
0.0,150,7,0.060000000000000005,0.8046
0.0,150,7,0.06999999999999999,0.911
0.0,150,7,0.08,0.9631
0.0,150,7,0.09,0.9862
0.0,150,7,0.09999999999999999,0.9952
0.0,150,7,0.11,0.9987
0.0,150,7,0.12,0.9996
0.0,150,7,0.13,0.9998
0.0,150,7,0.14,0.9999
0.0,150,8,0.01,0.0
0.0,150,8,0.02,0.0084
0.0,150,8,0.03,0.0689
0.0,150,8,0.04,0.2407
0.0,150,8,0.05,0.4687
0.0,150,8,0.060000000000000005,0.6888
0.0,150,8,0.06999999999999999,0.837
0.0,150,8,0.08,0.9212
0.0,150,8,0.09,0.9679
0.0,150,8,0.09999999999999999,0.9868
0.0,150,8,0.11,0.9959
0.0,150,8,0.12,0.9989
0.0,150,8,0.13,0.9995
0.0,150,8,0.14,0.9999
0.0,200,3,0.01,0.3063
0.0,200,3,0.02,0.7774
0.0,200,3,0.03,0.9473
0.0,200,3,0.04,0.9893
0.0,200,3,0.05,0.9984
0.0,200,3,0.060000000000000005,0.9998
0.0,200,3,0.06999999999999999,1.0
0.0,200,3,0.08,1.0
0.0,200,3,0.09,1.0
0.0,200,3,0.09999999999999999,1.0
0.0,200,3,0.11,1.0
0.0,200,3,0.12,1.0
0.0,200,3,0.13,1.0
0.0,200,3,0.14,1.0
0.0,200,4,0.01,0.1208
0.0,200,4,0.02,0.5806
0.0,200,4,0.03,0.8596
0.0,200,4,0.04,0.9658
0.0,200,4,0.05,0.9928
0.0,200,4,0.060000000000000005,0.9995
0.0,200,4,0.06999999999999999,0.9999
0.0,200,4,0.08,0.9999
0.0,200,4,0.09,1.0
0.0,200,4,0.09999999999999999,1.0
0.0,200,4,0.11,1.0
0.0,200,4,0.12,1.0
0.0,200,4,0.13,1.0
0.0,200,4,0.14,1.0
0.0,200,5,0.01,0.0353
0.0,200,5,0.02,0.3787
0.0,200,5,0.03,0.7236
0.0,200,5,0.04,0.9135
0.0,200,5,0.05,0.9756
0.0,200,5,0.060000000000000005,0.9952
0.0,200,5,0.06999999999999999,0.9994
0.0,200,5,0.08,0.9999
0.0,200,5,0.09,1.0
0.0,200,5,0.09999999999999999,1.0
0.0,200,5,0.11,1.0
0.0,200,5,0.12,1.0
0.0,200,5,0.13,1.0
0.0,200,5,0.14,1.0
0.0,200,6,0.01,0.0072
0.0,200,6,0.02,0.2056
0.0,200,6,0.03,0.5568
0.0,200,6,0.04,0.8275
0.0,200,6,0.05,0.9425
0.0,200,6,0.060000000000000005,0.9848
0.0,200,6,0.06999999999999999,0.9967
0.0,200,6,0.08,0.9994
0.0,200,6,0.09,0.9999
0.0,200,6,0.09999999999999999,1.0
0.0,200,6,0.11,1.0
0.0,200,6,0.12,1.0
0.0,200,6,0.13,1.0
0.0,200,6,0.14,1.0
0.0,200,7,0.01,0.0013
0.0,200,7,0.02,0.0973
0.0,200,7,0.03,0.3822
0.0,200,7,0.04,0.7072
0.0,200,7,0.05,0.8838
0.0,200,7,0.060000000000000005,0.9624
0.0,200,7,0.06999999999999999,0.9895
0.0,200,7,0.08,0.9982
0.0,200,7,0.09,0.9996
0.0,200,7,0.09999999999999999,1.0
0.0,200,7,0.11,1.0
0.0,200,7,0.12,1.0
0.0,200,7,0.13,1.0
0.0,200,7,0.14,1.0
0.0,200,8,0.01,0.0001
0.0,200,8,0.02,0.0404
0.0,200,8,0.03,0.2329
0.0,200,8,0.04,0.5625
0.0,200,8,0.05,0.7955
0.0,200,8,0.060000000000000005,0.9265
0.0,200,8,0.06999999999999999,0.9753
0.0,200,8,0.08,0.9935
0.0,200,8,0.09,0.999
0.0,200,8,0.09999999999999999,0.9997
0.0,200,8,0.11,1.0
0.0,200,8,0.12,1.0
0.0,200,8,0.13,1.0
0.0,200,8,0.14,1.0
0.0,250,3,0.01,0.4459
0.0,250,3,0.02,0.8938
0.0,250,3,0.03,0.9852
0.0,250,3,0.04,0.9984
0.0,250,3,0.05,1.0
0.0,250,3,0.060000000000000005,1.0
0.0,250,3,0.06999999999999999,1.0
0.0,250,3,0.08,1.0
0.0,250,3,0.09,1.0
0.0,250,3,0.09999999999999999,1.0
0.0,250,3,0.11,1.0
0.0,250,3,0.12,1.0
0.0,250,3,0.13,1.0
0.0,250,3,0.14,1.0
0.0,250,4,0.01,0.2139
0.0,250,4,0.02,0.7551
0.0,250,4,0.03,0.9502
0.0,250,4,0.04,0.9918
0.0,250,4,0.05,0.9992
0.0,250,4,0.060000000000000005,1.0
0.0,250,4,0.06999999999999999,1.0
0.0,250,4,0.08,1.0
0.0,250,4,0.09,1.0
0.0,250,4,0.09999999999999999,1.0
0.0,250,4,0.11,1.0
0.0,250,4,0.12,1.0
0.0,250,4,0.13,1.0
0.0,250,4,0.14,1.0
0.0,250,5,0.01,0.08
0.0,250,5,0.02,0.5775
0.0,250,5,0.03,0.8801
0.0,250,5,0.04,0.9773
0.0,250,5,0.05,0.9968
0.0,250,5,0.060000000000000005,0.9998
0.0,250,5,0.06999999999999999,1.0
0.0,250,5,0.08,1.0
0.0,250,5,0.09,1.0
0.0,250,5,0.09999999999999999,1.0
0.0,250,5,0.11,1.0
0.0,250,5,0.12,1.0
0.0,250,5,0.13,1.0
0.0,250,5,0.14,1.0
0.0,250,6,0.01,0.0231
0.0,250,6,0.02,0.3857
0.0,250,6,0.03,0.7701
0.0,250,6,0.04,0.9451
0.0,250,6,0.05,0.9904
0.0,250,6,0.060000000000000005,0.999
0.0,250,6,0.06999999999999999,0.9999
0.0,250,6,0.08,1.0
0.0,250,6,0.09,1.0
0.0,250,6,0.09999999999999999,1.0
0.0,250,6,0.11,1.0
0.0,250,6,0.12,1.0
0.0,250,6,0.13,1.0
0.0,250,6,0.14,1.0
0.0,250,7,0.01,0.0053
0.0,250,7,0.02,0.2287
0.0,250,7,0.03,0.6252
0.0,250,7,0.04,0.891
0.0,250,7,0.05,0.9717
0.0,250,7,0.060000000000000005,0.996
0.0,250,7,0.06999999999999999,0.9993
0.0,250,7,0.08,1.0
0.0,250,7,0.09,1.0
0.0,250,7,0.09999999999999999,1.0
0.0,250,7,0.11,1.0
0.0,250,7,0.12,1.0
0.0,250,7,0.13,1.0
0.0,250,7,0.14,1.0
0.0,250,8,0.01,0.0007
0.0,250,8,0.02,0.1132
0.0,250,8,0.03,0.4669
0.0,250,8,0.04,0.8019
0.0,250,8,0.05,0.9432
0.0,250,8,0.060000000000000005,0.9878
0.0,250,8,0.06999999999999999,0.9978
0.0,250,8,0.08,0.9998
0.0,250,8,0.09,1.0
0.0,250,8,0.09999999999999999,1.0
0.0,250,8,0.11,1.0
0.0,250,8,0.12,1.0
0.0,250,8,0.13,1.0
0.0,250,8,0.14,1.0
0.0,300,3,0.01,0.5758
0.0,300,3,0.02,0.9513
0.0,300,3,0.03,0.9961
0.0,300,3,0.04,0.9998
0.0,300,3,0.05,1.0
0.0,300,3,0.060000000000000005,1.0
0.0,300,3,0.06999999999999999,1.0
0.0,300,3,0.08,1.0
0.0,300,3,0.09,1.0
0.0,300,3,0.09999999999999999,1.0
0.0,300,3,0.11,1.0
0.0,300,3,0.12,1.0
0.0,300,3,0.13,1.0
0.0,300,3,0.14,1.0
0.0,300,4,0.01,0.3287
0.0,300,4,0.02,0.8705
0.0,300,4,0.03,0.9857
0.0,300,4,0.04,0.9986
0.0,300,4,0.05,0.9998
0.0,300,4,0.060000000000000005,1.0
0.0,300,4,0.06999999999999999,1.0
0.0,300,4,0.08,1.0
0.0,300,4,0.09,1.0
0.0,300,4,0.09999999999999999,1.0
0.0,300,4,0.11,1.0
0.0,300,4,0.12,1.0
0.0,300,4,0.13,1.0
0.0,300,4,0.14,1.0
0.0,300,5,0.01,0.1481
0.0,300,5,0.02,0.7431
0.0,300,5,0.03,0.958
0.0,300,5,0.04,0.9949
0.0,300,5,0.05,0.9996
0.0,300,5,0.060000000000000005,1.0
0.0,300,5,0.06999999999999999,1.0
0.0,300,5,0.08,1.0
0.0,300,5,0.09,1.0
0.0,300,5,0.09999999999999999,1.0
0.0,300,5,0.11,1.0
0.0,300,5,0.12,1.0
0.0,300,5,0.13,1.0
0.0,300,5,0.14,1.0
0.0,300,6,0.01,0.0531
0.0,300,6,0.02,0.5788
0.0,300,6,0.03,0.8993
0.0,300,6,0.04,0.9867
0.0,300,6,0.05,0.9988
0.0,300,6,0.060000000000000005,1.0
0.0,300,6,0.06999999999999999,1.0
0.0,300,6,0.08,1.0
0.0,300,6,0.09,1.0
0.0,300,6,0.09999999999999999,1.0
0.0,300,6,0.11,1.0
0.0,300,6,0.12,1.0
0.0,300,6,0.13,1.0
0.0,300,6,0.14,1.0
0.0,300,7,0.01,0.0159
0.0,300,7,0.02,0.3951
0.0,300,7,0.03,0.8105
0.0,300,7,0.04,0.9679
0.0,300,7,0.05,0.9961
0.0,300,7,0.060000000000000005,0.9997
0.0,300,7,0.06999999999999999,1.0
0.0,300,7,0.08,1.0
0.0,300,7,0.09,1.0
0.0,300,7,0.09999999999999999,1.0
0.0,300,7,0.11,1.0
0.0,300,7,0.12,1.0
0.0,300,7,0.13,1.0
0.0,300,7,0.14,1.0
0.0,300,8,0.01,0.0036
0.0,300,8,0.02,0.2402
0.0,300,8,0.03,0.6899
0.0,300,8,0.04,0.9306
0.0,300,8,0.05,0.9877
0.0,300,8,0.060000000000000005,0.9987
0.0,300,8,0.06999999999999999,1.0
0.0,300,8,0.08,1.0
0.0,300,8,0.09,1.0
0.0,300,8,0.09999999999999999,1.0
0.0,300,8,0.11,1.0
0.0,300,8,0.12,1.0
0.0,300,8,0.13,1.0
0.0,300,8,0.14,1.0
0.0,350,3,0.01,0.6875
0.0,350,3,0.02,0.9796
0.0,350,3,0.03,0.999
0.0,350,3,0.04,1.0
0.0,350,3,0.05,1.0
0.0,350,3,0.060000000000000005,1.0
0.0,350,3,0.06999999999999999,1.0
0.0,350,3,0.08,1.0
0.0,350,3,0.09,1.0
0.0,350,3,0.09999999999999999,1.0
0.0,350,3,0.11,1.0
0.0,350,3,0.12,1.0
0.0,350,3,0.13,1.0
0.0,350,3,0.14,1.0
0.0,350,4,0.01,0.4458
0.0,350,4,0.02,0.9376
0.0,350,4,0.03,0.9966
0.0,350,4,0.04,0.9998
0.0,350,4,0.05,1.0
0.0,350,4,0.060000000000000005,1.0
0.0,350,4,0.06999999999999999,1.0
0.0,350,4,0.08,1.0
0.0,350,4,0.09,1.0
0.0,350,4,0.09999999999999999,1.0
0.0,350,4,0.11,1.0
0.0,350,4,0.12,1.0
0.0,350,4,0.13,1.0
0.0,350,4,0.14,1.0
0.0,350,5,0.01,0.236
0.0,350,5,0.02,0.859
0.0,350,5,0.03,0.9879
0.0,350,5,0.04,0.999
0.0,350,5,0.05,1.0
0.0,350,5,0.060000000000000005,1.0
0.0,350,5,0.06999999999999999,1.0
0.0,350,5,0.08,1.0
0.0,350,5,0.09,1.0
0.0,350,5,0.09999999999999999,1.0
0.0,350,5,0.11,1.0
0.0,350,5,0.12,1.0
0.0,350,5,0.13,1.0
0.0,350,5,0.14,1.0
0.0,350,6,0.01,0.1055
0.0,350,6,0.02,0.7329
0.0,350,6,0.03,0.9624
0.0,350,6,0.04,0.9968
0.0,350,6,0.05,0.9998
0.0,350,6,0.060000000000000005,1.0
0.0,350,6,0.06999999999999999,1.0
0.0,350,6,0.08,1.0
0.0,350,6,0.09,1.0
0.0,350,6,0.09999999999999999,1.0
0.0,350,6,0.11,1.0
0.0,350,6,0.12,1.0
0.0,350,6,0.13,1.0
0.0,350,6,0.14,1.0
0.0,350,7,0.01,0.036
0.0,350,7,0.02,0.5684
0.0,350,7,0.03,0.9175
0.0,350,7,0.04,0.9922
0.0,350,7,0.05,0.9993
0.0,350,7,0.060000000000000005,1.0
0.0,350,7,0.06999999999999999,1.0
0.0,350,7,0.08,1.0
0.0,350,7,0.09,1.0
0.0,350,7,0.09999999999999999,1.0
0.0,350,7,0.11,1.0
0.0,350,7,0.12,1.0
0.0,350,7,0.13,1.0
0.0,350,7,0.14,1.0
0.0,350,8,0.01,0.0101
0.0,350,8,0.02,0.4026
0.0,350,8,0.03,0.8428
0.0,350,8,0.04,0.9811
0.0,350,8,0.05,0.9979
0.0,350,8,0.060000000000000005,0.9999
0.0,350,8,0.06999999999999999,1.0
0.0,350,8,0.08,1.0
0.0,350,8,0.09,1.0
0.0,350,8,0.09999999999999999,1.0
0.0,350,8,0.11,1.0
0.0,350,8,0.12,1.0
0.0,350,8,0.13,1.0
0.0,350,8,0.14,1.0
0.0,400,3,0.01,0.7742
0.0,400,3,0.02,0.9923
0.0,400,3,0.03,1.0
0.0,400,3,0.04,1.0
0.0,400,3,0.05,1.0
0.0,400,3,0.060000000000000005,1.0
0.0,400,3,0.06999999999999999,1.0
0.0,400,3,0.08,1.0
0.0,400,3,0.09,1.0
0.0,400,3,0.09999999999999999,1.0
0.0,400,3,0.11,1.0
0.0,400,3,0.12,1.0
0.0,400,3,0.13,1.0
0.0,400,3,0.14,1.0
0.0,400,4,0.01,0.5611
0.0,400,4,0.02,0.9713
0.0,400,4,0.03,0.9989
0.0,400,4,0.04,1.0
0.0,400,4,0.05,1.0
0.0,400,4,0.060000000000000005,1.0
0.0,400,4,0.06999999999999999,1.0
0.0,400,4,0.08,1.0
0.0,400,4,0.09,1.0
0.0,400,4,0.09999999999999999,1.0
0.0,400,4,0.11,1.0
0.0,400,4,0.12,1.0
0.0,400,4,0.13,1.0
0.0,400,4,0.14,1.0
0.0,400,5,0.01,0.3397
0.0,400,5,0.02,0.9259
0.0,400,5,0.03,0.9967
0.0,400,5,0.04,0.9999
0.0,400,5,0.05,1.0
0.0,400,5,0.060000000000000005,1.0
0.0,400,5,0.06999999999999999,1.0
0.0,400,5,0.08,1.0
0.0,400,5,0.09,1.0
0.0,400,5,0.09999999999999999,1.0
0.0,400,5,0.11,1.0
0.0,400,5,0.12,1.0
0.0,400,5,0.13,1.0
0.0,400,5,0.14,1.0
0.0,400,6,0.01,0.1697
0.0,400,6,0.02,0.8433
0.0,400,6,0.03,0.9881
0.0,400,6,0.04,0.9994
0.0,400,6,0.05,1.0
0.0,400,6,0.060000000000000005,1.0
0.0,400,6,0.06999999999999999,1.0
0.0,400,6,0.08,1.0
0.0,400,6,0.09,1.0
0.0,400,6,0.09999999999999999,1.0
0.0,400,6,0.11,1.0
0.0,400,6,0.12,1.0
0.0,400,6,0.13,1.0
0.0,400,6,0.14,1.0
0.0,400,7,0.01,0.0701
0.0,400,7,0.02,0.723
0.0,400,7,0.03,0.9685
0.0,400,7,0.04,0.9982
0.0,400,7,0.05,1.0
0.0,400,7,0.060000000000000005,1.0
0.0,400,7,0.06999999999999999,1.0
0.0,400,7,0.08,1.0
0.0,400,7,0.09,1.0
0.0,400,7,0.09999999999999999,1.0
0.0,400,7,0.11,1.0
0.0,400,7,0.12,1.0
0.0,400,7,0.13,1.0
0.0,400,7,0.14,1.0
0.0,400,8,0.01,0.0212
0.0,400,8,0.02,0.5671
0.0,400,8,0.03,0.9319
0.0,400,8,0.04,0.9955
0.0,400,8,0.05,0.9998
0.0,400,8,0.060000000000000005,1.0
0.0,400,8,0.06999999999999999,1.0
0.0,400,8,0.08,1.0
0.0,400,8,0.09,1.0
0.0,400,8,0.09999999999999999,1.0
0.0,400,8,0.11,1.0
0.0,400,8,0.12,1.0
0.0,400,8,0.13,1.0
0.0,400,8,0.14,1.0
0.0,450,3,0.01,0.8465
0.0,450,3,0.02,0.9979
0.0,450,3,0.03,1.0
0.0,450,3,0.04,1.0
0.0,450,3,0.05,1.0
0.0,450,3,0.060000000000000005,1.0
0.0,450,3,0.06999999999999999,1.0
0.0,450,3,0.08,1.0
0.0,450,3,0.09,1.0
0.0,450,3,0.09999999999999999,1.0
0.0,450,3,0.11,1.0
0.0,450,3,0.12,1.0
0.0,450,3,0.13,1.0
0.0,450,3,0.14,1.0
0.0,450,4,0.01,0.6681
0.0,450,4,0.02,0.9885
0.0,450,4,0.03,0.9999
0.0,450,4,0.04,1.0
0.0,450,4,0.05,1.0
0.0,450,4,0.060000000000000005,1.0
0.0,450,4,0.06999999999999999,1.0
0.0,450,4,0.08,1.0
0.0,450,4,0.09,1.0
0.0,450,4,0.09999999999999999,1.0
0.0,450,4,0.11,1.0
0.0,450,4,0.12,1.0
0.0,450,4,0.13,1.0
0.0,450,4,0.14,1.0
0.0,450,5,0.01,0.4454
0.0,450,5,0.02,0.9638
0.0,450,5,0.03,0.9992
0.0,450,5,0.04,1.0
0.0,450,5,0.05,1.0
0.0,450,5,0.060000000000000005,1.0
0.0,450,5,0.06999999999999999,1.0
0.0,450,5,0.08,1.0
0.0,450,5,0.09,1.0
0.0,450,5,0.09999999999999999,1.0
0.0,450,5,0.11,1.0
0.0,450,5,0.12,1.0
0.0,450,5,0.13,1.0
0.0,450,5,0.14,1.0
0.0,450,6,0.01,0.2521
0.0,450,6,0.02,0.9174
0.0,450,6,0.03,0.9966
0.0,450,6,0.04,1.0
0.0,450,6,0.05,1.0
0.0,450,6,0.060000000000000005,1.0
0.0,450,6,0.06999999999999999,1.0
0.0,450,6,0.08,1.0
0.0,450,6,0.09,1.0
0.0,450,6,0.09999999999999999,1.0
0.0,450,6,0.11,1.0
0.0,450,6,0.12,1.0
0.0,450,6,0.13,1.0
0.0,450,6,0.14,1.0
0.0,450,7,0.01,0.1178
0.0,450,7,0.02,0.8355
0.0,450,7,0.03,0.9898
0.0,450,7,0.04,0.9997
0.0,450,7,0.05,1.0
0.0,450,7,0.060000000000000005,1.0
0.0,450,7,0.06999999999999999,1.0
0.0,450,7,0.08,1.0
0.0,450,7,0.09,1.0
0.0,450,7,0.09999999999999999,1.0
0.0,450,7,0.11,1.0
0.0,450,7,0.12,1.0
0.0,450,7,0.13,1.0
0.0,450,7,0.14,1.0
0.0,450,8,0.01,0.0439
0.0,450,8,0.02,0.7154
0.0,450,8,0.03,0.9747
0.0,450,8,0.04,0.9992
0.0,450,8,0.05,1.0
0.0,450,8,0.060000000000000005,1.0
0.0,450,8,0.06999999999999999,1.0
0.0,450,8,0.08,1.0
0.0,450,8,0.09,1.0
0.0,450,8,0.09999999999999999,1.0
0.0,450,8,0.11,1.0
0.0,450,8,0.12,1.0
0.0,450,8,0.13,1.0
0.0,450,8,0.14,1.0
0.0,500,3,0.01,0.8998
0.0,500,3,0.02,0.9995
0.0,500,3,0.03,1.0
0.0,500,3,0.04,1.0
0.0,500,3,0.05,1.0
0.0,500,3,0.060000000000000005,1.0
0.0,500,3,0.06999999999999999,1.0
0.0,500,3,0.08,1.0
0.0,500,3,0.09,1.0
0.0,500,3,0.09999999999999999,1.0
0.0,500,3,0.11,1.0
0.0,500,3,0.12,1.0
0.0,500,3,0.13,1.0
0.0,500,3,0.14,1.0
0.0,500,4,0.01,0.755
0.0,500,4,0.02,0.9959
0.0,500,4,0.03,1.0
0.0,500,4,0.04,1.0
0.0,500,4,0.05,1.0
0.0,500,4,0.060000000000000005,1.0
0.0,500,4,0.06999999999999999,1.0
0.0,500,4,0.08,1.0
0.0,500,4,0.09,1.0
0.0,500,4,0.09999999999999999,1.0
0.0,500,4,0.11,1.0
0.0,500,4,0.12,1.0
0.0,500,4,0.13,1.0
0.0,500,4,0.14,1.0
0.0,500,5,0.01,0.5554
0.0,500,5,0.02,0.9846
0.0,500,5,0.03,0.9997
0.0,500,5,0.04,1.0
0.0,500,5,0.05,1.0
0.0,500,5,0.060000000000000005,1.0
0.0,500,5,0.06999999999999999,1.0
0.0,500,5,0.08,1.0
0.0,500,5,0.09,1.0
0.0,500,5,0.09999999999999999,1.0
0.0,500,5,0.11,1.0
0.0,500,5,0.12,1.0
0.0,500,5,0.13,1.0
0.0,500,5,0.14,1.0
0.0,500,6,0.01,0.348
0.0,500,6,0.02,0.9597
0.0,500,6,0.03,0.9991
0.0,500,6,0.04,1.0
0.0,500,6,0.05,1.0
0.0,500,6,0.060000000000000005,1.0
0.0,500,6,0.06999999999999999,1.0
0.0,500,6,0.08,1.0
0.0,500,6,0.09,1.0
0.0,500,6,0.09999999999999999,1.0
0.0,500,6,0.11,1.0
0.0,500,6,0.12,1.0
0.0,500,6,0.13,1.0
0.0,500,6,0.14,1.0
0.0,500,7,0.01,0.1806
0.0,500,7,0.02,0.9086
0.0,500,7,0.03,0.9967
0.0,500,7,0.04,1.0
0.0,500,7,0.05,1.0
0.0,500,7,0.060000000000000005,1.0
0.0,500,7,0.06999999999999999,1.0
0.0,500,7,0.08,1.0
0.0,500,7,0.09,1.0
0.0,500,7,0.09999999999999999,1.0
0.0,500,7,0.11,1.0
0.0,500,7,0.12,1.0
0.0,500,7,0.13,1.0
0.0,500,7,0.14,1.0
0.0,500,8,0.01,0.0762
0.0,500,8,0.02,0.8281
0.0,500,8,0.03,0.9916
0.0,500,8,0.04,0.9996
0.0,500,8,0.05,1.0
0.0,500,8,0.060000000000000005,1.0
0.0,500,8,0.06999999999999999,1.0
0.0,500,8,0.08,1.0
0.0,500,8,0.09,1.0
0.0,500,8,0.09999999999999999,1.0
0.0,500,8,0.11,1.0
0.0,500,8,0.12,1.0
0.0,500,8,0.13,1.0
0.0,500,8,0.14,1.0
0.0,550,3,0.01,0.9388
0.0,550,3,0.02,0.9999
0.0,550,3,0.03,1.0
0.0,550,3,0.04,1.0
0.0,550,3,0.05,1.0
0.0,550,3,0.060000000000000005,1.0
0.0,550,3,0.06999999999999999,1.0
0.0,550,3,0.08,1.0
0.0,550,3,0.09,1.0
0.0,550,3,0.09999999999999999,1.0
0.0,550,3,0.11,1.0
0.0,550,3,0.12,1.0
0.0,550,3,0.13,1.0
0.0,550,3,0.14,1.0
0.0,550,4,0.01,0.8263
0.0,550,4,0.02,0.9983
0.0,550,4,0.03,1.0
0.0,550,4,0.04,1.0
0.0,550,4,0.05,1.0
0.0,550,4,0.060000000000000005,1.0
0.0,550,4,0.06999999999999999,1.0
0.0,550,4,0.08,1.0
0.0,550,4,0.09,1.0
0.0,550,4,0.09999999999999999,1.0
0.0,550,4,0.11,1.0
0.0,550,4,0.12,1.0
0.0,550,4,0.13,1.0
0.0,550,4,0.14,1.0
0.0,550,5,0.01,0.648
0.0,550,5,0.02,0.9939
0.0,550,5,0.03,1.0
0.0,550,5,0.04,1.0
0.0,550,5,0.05,1.0
0.0,550,5,0.060000000000000005,1.0
0.0,550,5,0.06999999999999999,1.0
0.0,550,5,0.08,1.0
0.0,550,5,0.09,1.0
0.0,550,5,0.09999999999999999,1.0
0.0,550,5,0.11,1.0
0.0,550,5,0.12,1.0
0.0,550,5,0.13,1.0
0.0,550,5,0.14,1.0
0.0,550,6,0.01,0.4469
0.0,550,6,0.02,0.981
0.0,550,6,0.03,0.9998
0.0,550,6,0.04,1.0
0.0,550,6,0.05,1.0
0.0,550,6,0.060000000000000005,1.0
0.0,550,6,0.06999999999999999,1.0
0.0,550,6,0.08,1.0
0.0,550,6,0.09,1.0
0.0,550,6,0.09999999999999999,1.0
0.0,550,6,0.11,1.0
0.0,550,6,0.12,1.0
0.0,550,6,0.13,1.0
0.0,550,6,0.14,1.0
0.0,550,7,0.01,0.2594
0.0,550,7,0.02,0.9547
0.0,550,7,0.03,0.9995
0.0,550,7,0.04,1.0
0.0,550,7,0.05,1.0
0.0,550,7,0.060000000000000005,1.0
0.0,550,7,0.06999999999999999,1.0
0.0,550,7,0.08,1.0
0.0,550,7,0.09,1.0
0.0,550,7,0.09999999999999999,1.0
0.0,550,7,0.11,1.0
0.0,550,7,0.12,1.0
0.0,550,7,0.13,1.0
0.0,550,7,0.14,1.0
0.0,550,8,0.01,0.1245
0.0,550,8,0.02,0.9018
0.0,550,8,0.03,0.9976
0.0,550,8,0.04,1.0
0.0,550,8,0.05,1.0
0.0,550,8,0.060000000000000005,1.0
0.0,550,8,0.06999999999999999,1.0
0.0,550,8,0.08,1.0
0.0,550,8,0.09,1.0
0.0,550,8,0.09999999999999999,1.0
0.0,550,8,0.11,1.0
0.0,550,8,0.12,1.0
0.0,550,8,0.13,1.0
0.0,550,8,0.14,1.0
0.0,600,3,0.01,0.9619
0.0,600,3,0.02,1.0
0.0,600,3,0.03,1.0
0.0,600,3,0.04,1.0
0.0,600,3,0.05,1.0
0.0,600,3,0.060000000000000005,1.0
0.0,600,3,0.06999999999999999,1.0
0.0,600,3,0.08,1.0
0.0,600,3,0.09,1.0
0.0,600,3,0.09999999999999999,1.0
0.0,600,3,0.11,1.0
0.0,600,3,0.12,1.0
0.0,600,3,0.13,1.0
0.0,600,3,0.14,1.0
0.0,600,4,0.01,0.8812
0.0,600,4,0.02,0.9994
0.0,600,4,0.03,1.0
0.0,600,4,0.04,1.0
0.0,600,4,0.05,1.0
0.0,600,4,0.060000000000000005,1.0
0.0,600,4,0.06999999999999999,1.0
0.0,600,4,0.08,1.0
0.0,600,4,0.09,1.0
0.0,600,4,0.09999999999999999,1.0
0.0,600,4,0.11,1.0
0.0,600,4,0.12,1.0
0.0,600,4,0.13,1.0
0.0,600,4,0.14,1.0
0.0,600,5,0.01,0.7377
0.0,600,5,0.02,0.9976
0.0,600,5,0.03,1.0
0.0,600,5,0.04,1.0
0.0,600,5,0.05,1.0
0.0,600,5,0.060000000000000005,1.0
0.0,600,5,0.06999999999999999,1.0
0.0,600,5,0.08,1.0
0.0,600,5,0.09,1.0
0.0,600,5,0.09999999999999999,1.0
0.0,600,5,0.11,1.0
0.0,600,5,0.12,1.0
0.0,600,5,0.13,1.0
0.0,600,5,0.14,1.0
0.0,600,6,0.01,0.5491
0.0,600,6,0.02,0.9917
0.0,600,6,0.03,0.9999
0.0,600,6,0.04,1.0
0.0,600,6,0.05,1.0
0.0,600,6,0.060000000000000005,1.0
0.0,600,6,0.06999999999999999,1.0
0.0,600,6,0.08,1.0
0.0,600,6,0.09,1.0
0.0,600,6,0.09999999999999999,1.0
0.0,600,6,0.11,1.0
0.0,600,6,0.12,1.0
0.0,600,6,0.13,1.0
0.0,600,6,0.14,1.0
0.0,600,7,0.01,0.3502
0.0,600,7,0.02,0.9779
0.0,600,7,0.03,0.9997
0.0,600,7,0.04,1.0
0.0,600,7,0.05,1.0
0.0,600,7,0.060000000000000005,1.0
0.0,600,7,0.06999999999999999,1.0
0.0,600,7,0.08,1.0
0.0,600,7,0.09,1.0
0.0,600,7,0.09999999999999999,1.0
0.0,600,7,0.11,1.0
0.0,600,7,0.12,1.0
0.0,600,7,0.13,1.0
0.0,600,7,0.14,1.0
0.0,600,8,0.01,0.188
0.0,600,8,0.02,0.9493
0.0,600,8,0.03,0.9993
0.0,600,8,0.04,1.0
0.0,600,8,0.05,1.0
0.0,600,8,0.060000000000000005,1.0
0.0,600,8,0.06999999999999999,1.0
0.0,600,8,0.08,1.0
0.0,600,8,0.09,1.0
0.0,600,8,0.09999999999999999,1.0
0.0,600,8,0.11,1.0
0.0,600,8,0.12,1.0
0.0,600,8,0.13,1.0
0.0,600,8,0.14,1.0
0.0,650,3,0.01,0.9772
0.0,650,3,0.02,1.0
0.0,650,3,0.03,1.0
0.0,650,3,0.04,1.0
0.0,650,3,0.05,1.0
0.0,650,3,0.060000000000000005,1.0
0.0,650,3,0.06999999999999999,1.0
0.0,650,3,0.08,1.0
0.0,650,3,0.09,1.0
0.0,650,3,0.09999999999999999,1.0
0.0,650,3,0.11,1.0
0.0,650,3,0.12,1.0
0.0,650,3,0.13,1.0
0.0,650,3,0.14,1.0
0.0,650,4,0.01,0.9256
0.0,650,4,0.02,0.9997
0.0,650,4,0.03,1.0
0.0,650,4,0.04,1.0
0.0,650,4,0.05,1.0
0.0,650,4,0.060000000000000005,1.0
0.0,650,4,0.06999999999999999,1.0
0.0,650,4,0.08,1.0
0.0,650,4,0.09,1.0
0.0,650,4,0.09999999999999999,1.0
0.0,650,4,0.11,1.0
0.0,650,4,0.12,1.0
0.0,650,4,0.13,1.0
0.0,650,4,0.14,1.0
0.0,650,5,0.01,0.8098
0.0,650,5,0.02,0.9996
0.0,650,5,0.03,1.0
0.0,650,5,0.04,1.0
0.0,650,5,0.05,1.0
0.0,650,5,0.060000000000000005,1.0
0.0,650,5,0.06999999999999999,1.0
0.0,650,5,0.08,1.0
0.0,650,5,0.09,1.0
0.0,650,5,0.09999999999999999,1.0
0.0,650,5,0.11,1.0
0.0,650,5,0.12,1.0
0.0,650,5,0.13,1.0
0.0,650,5,0.14,1.0
0.0,650,6,0.01,0.6421
0.0,650,6,0.02,0.9971
0.0,650,6,0.03,0.9999
0.0,650,6,0.04,1.0
0.0,650,6,0.05,1.0
0.0,650,6,0.060000000000000005,1.0
0.0,650,6,0.06999999999999999,1.0
0.0,650,6,0.08,1.0
0.0,650,6,0.09,1.0
0.0,650,6,0.09999999999999999,1.0
0.0,650,6,0.11,1.0
0.0,650,6,0.12,1.0
0.0,650,6,0.13,1.0
0.0,650,6,0.14,1.0
0.0,650,7,0.01,0.446
0.0,650,7,0.02,0.9908
0.0,650,7,0.03,0.9999
0.0,650,7,0.04,1.0
0.0,650,7,0.05,1.0
0.0,650,7,0.060000000000000005,1.0
0.0,650,7,0.06999999999999999,1.0
0.0,650,7,0.08,1.0
0.0,650,7,0.09,1.0
0.0,650,7,0.09999999999999999,1.0
0.0,650,7,0.11,1.0
0.0,650,7,0.12,1.0
0.0,650,7,0.13,1.0
0.0,650,7,0.14,1.0
0.0,650,8,0.01,0.2623
0.0,650,8,0.02,0.9742
0.0,650,8,0.03,0.9998
0.0,650,8,0.04,1.0
0.0,650,8,0.05,1.0
0.0,650,8,0.060000000000000005,1.0
0.0,650,8,0.06999999999999999,1.0
0.0,650,8,0.08,1.0
0.0,650,8,0.09,1.0
0.0,650,8,0.09999999999999999,1.0
0.0,650,8,0.11,1.0
0.0,650,8,0.12,1.0
0.0,650,8,0.13,1.0
0.0,650,8,0.14,1.0
0.1,50,3,0.01,0.0704
0.1,50,3,0.02,0.2789
0.1,50,3,0.03,0.4923
0.1,50,3,0.04,0.6744
0.1,50,3,0.05,0.7931
0.1,50,3,0.060000000000000005,0.8726
0.1,50,3,0.06999999999999999,0.9244
0.1,50,3,0.08,0.9558
0.1,50,3,0.09,0.9746
0.1,50,3,0.09999999999999999,0.9852
0.1,50,3,0.11,0.9923
0.1,50,3,0.12,0.9953
0.1,50,3,0.13,0.997
0.1,50,3,0.14,0.9984
0.1,50,4,0.01,0.0125
0.1,50,4,0.02,0.1106
0.1,50,4,0.03,0.2594
0.1,50,4,0.04,0.4444
0.1,50,4,0.05,0.5966
0.1,50,4,0.060000000000000005,0.7236
0.1,50,4,0.06999999999999999,0.8217
0.1,50,4,0.08,0.8805
0.1,50,4,0.09,0.9237
0.1,50,4,0.09999999999999999,0.9523
0.1,50,4,0.11,0.9697
0.1,50,4,0.12,0.9806
0.1,50,4,0.13,0.9887
0.1,50,4,0.14,0.9931
0.1,50,5,0.01,0.0018
0.1,50,5,0.02,0.0323
0.1,50,5,0.03,0.1155
0.1,50,5,0.04,0.2425
0.1,50,5,0.05,0.3898
0.1,50,5,0.060000000000000005,0.5316
0.1,50,5,0.06999999999999999,0.6629
0.1,50,5,0.08,0.7579
0.1,50,5,0.09,0.8344
0.1,50,5,0.09999999999999999,0.8855
0.1,50,5,0.11,0.9232
0.1,50,5,0.12,0.9476
0.1,50,5,0.13,0.967
0.1,50,5,0.14,0.9786
0.1,50,6,0.01,0.0002
0.1,50,6,0.02,0.0088
0.1,50,6,0.03,0.0403
0.1,50,6,0.04,0.1171
0.1,50,6,0.05,0.2203
0.1,50,6,0.060000000000000005,0.3464
0.1,50,6,0.06999999999999999,0.4728
0.1,50,6,0.08,0.5902
0.1,50,6,0.09,0.6923
0.1,50,6,0.09999999999999999,0.7726
0.1,50,6,0.11,0.8361
0.1,50,6,0.12,0.8814
0.1,50,6,0.13,0.9169
0.1,50,6,0.14,0.9432
0.1,50,7,0.01,0.0
0.1,50,7,0.02,0.0014
0.1,50,7,0.03,0.0123
0.1,50,7,0.04,0.047
0.1,50,7,0.05,0.1091
0.1,50,7,0.060000000000000005,0.1995
0.1,50,7,0.06999999999999999,0.3033
0.1,50,7,0.08,0.4104
0.1,50,7,0.09,0.5253
0.1,50,7,0.09999999999999999,0.6231
0.1,50,7,0.11,0.7123
0.1,50,7,0.12,0.7798
0.1,50,7,0.13,0.8354
0.1,50,7,0.14,0.8803
0.1,50,8,0.01,0.0
0.1,50,8,0.02,0.0001
0.1,50,8,0.03,0.0035
0.1,50,8,0.04,0.0154
0.1,50,8,0.05,0.0426
0.1,50,8,0.060000000000000005,0.1003
0.1,50,8,0.06999999999999999,0.174
0.1,50,8,0.08,0.2592
0.1,50,8,0.09,0.3649
0.1,50,8,0.09999999999999999,0.4653
0.1,50,8,0.11,0.5624
0.1,50,8,0.12,0.6453
0.1,50,8,0.13,0.7218
0.1,50,8,0.14,0.7865
0.1,100,3,0.01,0.2778
0.1,100,3,0.02,0.7005
0.1,100,3,0.03,0.8883
0.1,100,3,0.04,0.9641
0.1,100,3,0.05,0.9879
0.1,100,3,0.060000000000000005,0.9962
0.1,100,3,0.06999999999999999,0.9988
0.1,100,3,0.08,0.9997
0.1,100,3,0.09,1.0
0.1,100,3,0.09999999999999999,1.0
0.1,100,3,0.11,1.0
0.1,100,3,0.12,1.0
0.1,100,3,0.13,1.0
0.1,100,3,0.14,1.0
0.1,100,4,0.01,0.1033
0.1,100,4,0.02,0.4732
0.1,100,4,0.03,0.7482
0.1,100,4,0.04,0.9016
0.1,100,4,0.05,0.9619
0.1,100,4,0.060000000000000005,0.9861
0.1,100,4,0.06999999999999999,0.9944
0.1,100,4,0.08,0.9977
0.1,100,4,0.09,0.9993
0.1,100,4,0.09999999999999999,0.9999
0.1,100,4,0.11,1.0
0.1,100,4,0.12,1.0
0.1,100,4,0.13,1.0
0.1,100,4,0.14,1.0
0.1,100,5,0.01,0.0256
0.1,100,5,0.02,0.2682
0.1,100,5,0.03,0.5646
0.1,100,5,0.04,0.787
0.1,100,5,0.05,0.9048
0.1,100,5,0.060000000000000005,0.9631
0.1,100,5,0.06999999999999999,0.9856
0.1,100,5,0.08,0.9939
0.1,100,5,0.09,0.9979
0.1,100,5,0.09999999999999999,0.9992
0.1,100,5,0.11,0.9998
0.1,100,5,0.12,1.0
0.1,100,5,0.13,1.0
0.1,100,5,0.14,1.0
0.1,100,6,0.01,0.0042
0.1,100,6,0.02,0.1274
0.1,100,6,0.03,0.3774
0.1,100,6,0.04,0.6379
0.1,100,6,0.05,0.8123
0.1,100,6,0.060000000000000005,0.9179
0.1,100,6,0.06999999999999999,0.9627
0.1,100,6,0.08,0.9845
0.1,100,6,0.09,0.993
0.1,100,6,0.09999999999999999,0.9972
0.1,100,6,0.11,0.9992
0.1,100,6,0.12,0.9998
0.1,100,6,0.13,1.0
0.1,100,6,0.14,1.0
0.1,100,7,0.01,0.0009
0.1,100,7,0.02,0.0512
0.1,100,7,0.03,0.22
0.1,100,7,0.04,0.4717
0.1,100,7,0.05,0.6823
0.1,100,7,0.060000000000000005,0.8317
0.1,100,7,0.06999999999999999,0.9212
0.1,100,7,0.08,0.9644
0.1,100,7,0.09,0.9836
0.1,100,7,0.09999999999999999,0.9924
0.1,100,7,0.11,0.9971
0.1,100,7,0.12,0.9987
0.1,100,7,0.13,0.9995
0.1,100,7,0.14,0.9999
0.1,100,8,0.01,0.0001
0.1,100,8,0.02,0.0175
0.1,100,8,0.03,0.1127
0.1,100,8,0.04,0.3105
0.1,100,8,0.05,0.527
0.1,100,8,0.060000000000000005,0.7202
0.1,100,8,0.06999999999999999,0.8499
0.1,100,8,0.08,0.9212
0.1,100,8,0.09,0.9615
0.1,100,8,0.09999999999999999,0.9814
0.1,100,8,0.11,0.9917
0.1,100,8,0.12,0.9962
0.1,100,8,0.13,0.9981
0.1,100,8,0.14,0.9993
0.1,150,3,0.01,0.509
0.1,150,3,0.02,0.901
0.1,150,3,0.03,0.9815
0.1,150,3,0.04,0.9976
0.1,150,3,0.05,0.9997
0.1,150,3,0.060000000000000005,1.0
0.1,150,3,0.06999999999999999,1.0
0.1,150,3,0.08,1.0
0.1,150,3,0.09,1.0
0.1,150,3,0.09999999999999999,1.0
0.1,150,3,0.11,1.0
0.1,150,3,0.12,1.0
0.1,150,3,0.13,1.0
0.1,150,3,0.14,1.0
0.1,150,4,0.01,0.2643
0.1,150,4,0.02,0.7661
0.1,150,4,0.03,0.9435
0.1,150,4,0.04,0.9881
0.1,150,4,0.05,0.9978
0.1,150,4,0.060000000000000005,0.9999
0.1,150,4,0.06999999999999999,1.0
0.1,150,4,0.08,1.0
0.1,150,4,0.09,1.0
0.1,150,4,0.09999999999999999,1.0
0.1,150,4,0.11,1.0
0.1,150,4,0.12,1.0
0.1,150,4,0.13,1.0
0.1,150,4,0.14,1.0
0.1,150,5,0.01,0.1072
0.1,150,5,0.02,0.5855
0.1,150,5,0.03,0.8665
0.1,150,5,0.04,0.9689
0.1,150,5,0.05,0.9928
0.1,150,5,0.060000000000000005,0.9989
0.1,150,5,0.06999999999999999,0.9999
0.1,150,5,0.08,1.0
0.1,150,5,0.09,1.0
0.1,150,5,0.09999999999999999,1.0
0.1,150,5,0.11,1.0
0.1,150,5,0.12,1.0
0.1,150,5,0.13,1.0
0.1,150,5,0.14,1.0
0.1,150,6,0.01,0.0336
0.1,150,6,0.02,0.3964
0.1,150,6,0.03,0.7489
0.1,150,6,0.04,0.9229
0.1,150,6,0.05,0.9781
0.1,150,6,0.060000000000000005,0.9953
0.1,150,6,0.06999999999999999,0.9992
0.1,150,6,0.08,0.9997
0.1,150,6,0.09,1.0
0.1,150,6,0.09999999999999999,1.0
0.1,150,6,0.11,1.0
0.1,150,6,0.12,1.0
0.1,150,6,0.13,1.0
0.1,150,6,0.14,1.0
0.1,150,7,0.01,0.0084
0.1,150,7,0.02,0.2258
0.1,150,7,0.03,0.5969
0.1,150,7,0.04,0.8451
0.1,150,7,0.05,0.9496
0.1,150,7,0.060000000000000005,0.9875
0.1,150,7,0.06999999999999999,0.9972
0.1,150,7,0.08,0.9996
0.1,150,7,0.09,0.9999
0.1,150,7,0.09999999999999999,0.9999
0.1,150,7,0.11,1.0
0.1,150,7,0.12,1.0
0.1,150,7,0.13,1.0
0.1,150,7,0.14,1.0
0.1,150,8,0.01,0.0017
0.1,150,8,0.02,0.116
0.1,150,8,0.03,0.4311
0.1,150,8,0.04,0.7397
0.1,150,8,0.05,0.8971
0.1,150,8,0.060000000000000005,0.9701
0.1,150,8,0.06999999999999999,0.9913
0.1,150,8,0.08,0.9983
0.1,150,8,0.09,0.9995
0.1,150,8,0.09999999999999999,0.9999
0.1,150,8,0.11,1.0
0.1,150,8,0.12,1.0
0.1,150,8,0.13,1.0
0.1,150,8,0.14,1.0
0.1,200,3,0.01,0.6895
0.1,200,3,0.02,0.9716
0.1,200,3,0.03,0.997
0.1,200,3,0.04,0.9999
0.1,200,3,0.05,1.0
0.1,200,3,0.060000000000000005,1.0
0.1,200,3,0.06999999999999999,1.0
0.1,200,3,0.08,1.0
0.1,200,3,0.09,1.0
0.1,200,3,0.09999999999999999,1.0
0.1,200,3,0.11,1.0
0.1,200,3,0.12,1.0
0.1,200,3,0.13,1.0
0.1,200,3,0.14,1.0
0.1,200,4,0.01,0.4573
0.1,200,4,0.02,0.9164
0.1,200,4,0.03,0.9889
0.1,200,4,0.04,0.9996
0.1,200,4,0.05,0.9999
0.1,200,4,0.060000000000000005,1.0
0.1,200,4,0.06999999999999999,1.0
0.1,200,4,0.08,1.0
0.1,200,4,0.09,1.0
0.1,200,4,0.09999999999999999,1.0
0.1,200,4,0.11,1.0
0.1,200,4,0.12,1.0
0.1,200,4,0.13,1.0
0.1,200,4,0.14,1.0
0.1,200,5,0.01,0.2434
0.1,200,5,0.02,0.8105
0.1,200,5,0.03,0.9689
0.1,200,5,0.04,0.9972
0.1,200,5,0.05,0.9998
0.1,200,5,0.060000000000000005,1.0
0.1,200,5,0.06999999999999999,1.0
0.1,200,5,0.08,1.0
0.1,200,5,0.09,1.0
0.1,200,5,0.09999999999999999,1.0
0.1,200,5,0.11,1.0
0.1,200,5,0.12,1.0
0.1,200,5,0.13,1.0
0.1,200,5,0.14,1.0
0.1,200,6,0.01,0.1033
0.1,200,6,0.02,0.6673
0.1,200,6,0.03,0.9259
0.1,200,6,0.04,0.9895
0.1,200,6,0.05,0.9991
0.1,200,6,0.060000000000000005,1.0
0.1,200,6,0.06999999999999999,1.0
0.1,200,6,0.08,1.0
0.1,200,6,0.09,1.0
0.1,200,6,0.09999999999999999,1.0
0.1,200,6,0.11,1.0
0.1,200,6,0.12,1.0
0.1,200,6,0.13,1.0
0.1,200,6,0.14,1.0
0.1,200,7,0.01,0.0344
0.1,200,7,0.02,0.495
0.1,200,7,0.03,0.8564
0.1,200,7,0.04,0.973
0.1,200,7,0.05,0.9962
0.1,200,7,0.060000000000000005,0.9994
0.1,200,7,0.06999999999999999,1.0
0.1,200,7,0.08,1.0
0.1,200,7,0.09,1.0
0.1,200,7,0.09999999999999999,1.0
0.1,200,7,0.11,1.0
0.1,200,7,0.12,1.0
0.1,200,7,0.13,1.0
0.1,200,7,0.14,1.0
0.1,200,8,0.01,0.0076
0.1,200,8,0.02,0.3251
0.1,200,8,0.03,0.7489
0.1,200,8,0.04,0.9406
0.1,200,8,0.05,0.9876
0.1,200,8,0.060000000000000005,0.9984
0.1,200,8,0.06999999999999999,0.9998
0.1,200,8,0.08,1.0
0.1,200,8,0.09,1.0
0.1,200,8,0.09999999999999999,1.0
0.1,200,8,0.11,1.0
0.1,200,8,0.12,1.0
0.1,200,8,0.13,1.0
0.1,200,8,0.14,1.0
0.1,250,3,0.01,0.8149
0.1,250,3,0.02,0.9925
0.1,250,3,0.03,0.9999
0.1,250,3,0.04,1.0
0.1,250,3,0.05,1.0
0.1,250,3,0.060000000000000005,1.0
0.1,250,3,0.06999999999999999,1.0
0.1,250,3,0.08,1.0
0.1,250,3,0.09,1.0
0.1,250,3,0.09999999999999999,1.0
0.1,250,3,0.11,1.0
0.1,250,3,0.12,1.0
0.1,250,3,0.13,1.0
0.1,250,3,0.14,1.0
0.1,250,4,0.01,0.6223
0.1,250,4,0.02,0.9708
0.1,250,4,0.03,0.9987
0.1,250,4,0.04,1.0
0.1,250,4,0.05,1.0
0.1,250,4,0.060000000000000005,1.0
0.1,250,4,0.06999999999999999,1.0
0.1,250,4,0.08,1.0
0.1,250,4,0.09,1.0
0.1,250,4,0.09999999999999999,1.0
0.1,250,4,0.11,1.0
0.1,250,4,0.12,1.0
0.1,250,4,0.13,1.0
0.1,250,4,0.14,1.0
0.1,250,5,0.01,0.4011
0.1,250,5,0.02,0.9266
0.1,250,5,0.03,0.9938
0.1,250,5,0.04,1.0
0.1,250,5,0.05,1.0
0.1,250,5,0.060000000000000005,1.0
0.1,250,5,0.06999999999999999,1.0
0.1,250,5,0.08,1.0
0.1,250,5,0.09,1.0
0.1,250,5,0.09999999999999999,1.0
0.1,250,5,0.11,1.0
0.1,250,5,0.12,1.0
0.1,250,5,0.13,1.0
0.1,250,5,0.14,1.0
0.1,250,6,0.01,0.2156
0.1,250,6,0.02,0.8401
0.1,250,6,0.03,0.9808
0.1,250,6,0.04,0.9992
0.1,250,6,0.05,1.0
0.1,250,6,0.060000000000000005,1.0
0.1,250,6,0.06999999999999999,1.0
0.1,250,6,0.08,1.0
0.1,250,6,0.09,1.0
0.1,250,6,0.09999999999999999,1.0
0.1,250,6,0.11,1.0
0.1,250,6,0.12,1.0
0.1,250,6,0.13,1.0
0.1,250,6,0.14,1.0
0.1,250,7,0.01,0.0878
0.1,250,7,0.02,0.7163
0.1,250,7,0.03,0.9562
0.1,250,7,0.04,0.997
0.1,250,7,0.05,1.0
0.1,250,7,0.060000000000000005,1.0
0.1,250,7,0.06999999999999999,1.0
0.1,250,7,0.08,1.0
0.1,250,7,0.09,1.0
0.1,250,7,0.09999999999999999,1.0
0.1,250,7,0.11,1.0
0.1,250,7,0.12,1.0
0.1,250,7,0.13,1.0
0.1,250,7,0.14,1.0
0.1,250,8,0.01,0.0279
0.1,250,8,0.02,0.5637
0.1,250,8,0.03,0.9107
0.1,250,8,0.04,0.9902
0.1,250,8,0.05,0.9994
0.1,250,8,0.060000000000000005,1.0
0.1,250,8,0.06999999999999999,1.0
0.1,250,8,0.08,1.0
0.1,250,8,0.09,1.0
0.1,250,8,0.09999999999999999,1.0
0.1,250,8,0.11,1.0
0.1,250,8,0.12,1.0
0.1,250,8,0.13,1.0
0.1,250,8,0.14,1.0
0.1,300,3,0.01,0.8956
0.1,300,3,0.02,0.9982
0.1,300,3,0.03,0.9999
0.1,300,3,0.04,1.0
0.1,300,3,0.05,1.0
0.1,300,3,0.060000000000000005,1.0
0.1,300,3,0.06999999999999999,1.0
0.1,300,3,0.08,1.0
0.1,300,3,0.09,1.0
0.1,300,3,0.09999999999999999,1.0
0.1,300,3,0.11,1.0
0.1,300,3,0.12,1.0
0.1,300,3,0.13,1.0
0.1,300,3,0.14,1.0
0.1,300,4,0.01,0.7536
0.1,300,4,0.02,0.9913
0.1,300,4,0.03,0.9998
0.1,300,4,0.04,1.0
0.1,300,4,0.05,1.0
0.1,300,4,0.060000000000000005,1.0
0.1,300,4,0.06999999999999999,1.0
0.1,300,4,0.08,1.0
0.1,300,4,0.09,1.0
0.1,300,4,0.09999999999999999,1.0
0.1,300,4,0.11,1.0
0.1,300,4,0.12,1.0
0.1,300,4,0.13,1.0
0.1,300,4,0.14,1.0
0.1,300,5,0.01,0.5552
0.1,300,5,0.02,0.9742
0.1,300,5,0.03,0.9989
0.1,300,5,0.04,1.0
0.1,300,5,0.05,1.0
0.1,300,5,0.060000000000000005,1.0
0.1,300,5,0.06999999999999999,1.0
0.1,300,5,0.08,1.0
0.1,300,5,0.09,1.0
0.1,300,5,0.09999999999999999,1.0
0.1,300,5,0.11,1.0
0.1,300,5,0.12,1.0
0.1,300,5,0.13,1.0
0.1,300,5,0.14,1.0
0.1,300,6,0.01,0.3471
0.1,300,6,0.02,0.9341
0.1,300,6,0.03,0.9966
0.1,300,6,0.04,0.9999
0.1,300,6,0.05,1.0
0.1,300,6,0.060000000000000005,1.0
0.1,300,6,0.06999999999999999,1.0
0.1,300,6,0.08,1.0
0.1,300,6,0.09,1.0
0.1,300,6,0.09999999999999999,1.0
0.1,300,6,0.11,1.0
0.1,300,6,0.12,1.0
0.1,300,6,0.13,1.0
0.1,300,6,0.14,1.0
0.1,300,7,0.01,0.1789
0.1,300,7,0.02,0.8633
0.1,300,7,0.03,0.9899
0.1,300,7,0.04,0.9998
0.1,300,7,0.05,1.0
0.1,300,7,0.060000000000000005,1.0
0.1,300,7,0.06999999999999999,1.0
0.1,300,7,0.08,1.0
0.1,300,7,0.09,1.0
0.1,300,7,0.09999999999999999,1.0
0.1,300,7,0.11,1.0
0.1,300,7,0.12,1.0
0.1,300,7,0.13,1.0
0.1,300,7,0.14,1.0
0.1,300,8,0.01,0.071
0.1,300,8,0.02,0.757
0.1,300,8,0.03,0.9725
0.1,300,8,0.04,0.9989
0.1,300,8,0.05,1.0
0.1,300,8,0.060000000000000005,1.0
0.1,300,8,0.06999999999999999,1.0
0.1,300,8,0.08,1.0
0.1,300,8,0.09,1.0
0.1,300,8,0.09999999999999999,1.0
0.1,300,8,0.11,1.0
0.1,300,8,0.12,1.0
0.1,300,8,0.13,1.0
0.1,300,8,0.14,1.0
0.1,350,3,0.01,0.9439
0.1,350,3,0.02,0.9995
0.1,350,3,0.03,1.0
0.1,350,3,0.04,1.0
0.1,350,3,0.05,1.0
0.1,350,3,0.060000000000000005,1.0
0.1,350,3,0.06999999999999999,1.0
0.1,350,3,0.08,1.0
0.1,350,3,0.09,1.0
0.1,350,3,0.09999999999999999,1.0
0.1,350,3,0.11,1.0
0.1,350,3,0.12,1.0
0.1,350,3,0.13,1.0
0.1,350,3,0.14,1.0
0.1,350,4,0.01,0.8478
0.1,350,4,0.02,0.9977
0.1,350,4,0.03,0.9999
0.1,350,4,0.04,1.0
0.1,350,4,0.05,1.0
0.1,350,4,0.060000000000000005,1.0
0.1,350,4,0.06999999999999999,1.0
0.1,350,4,0.08,1.0
0.1,350,4,0.09,1.0
0.1,350,4,0.09999999999999999,1.0
0.1,350,4,0.11,1.0
0.1,350,4,0.12,1.0
0.1,350,4,0.13,1.0
0.1,350,4,0.14,1.0
0.1,350,5,0.01,0.6895
0.1,350,5,0.02,0.9929
0.1,350,5,0.03,0.9998
0.1,350,5,0.04,1.0
0.1,350,5,0.05,1.0
0.1,350,5,0.060000000000000005,1.0
0.1,350,5,0.06999999999999999,1.0
0.1,350,5,0.08,1.0
0.1,350,5,0.09,1.0
0.1,350,5,0.09999999999999999,1.0
0.1,350,5,0.11,1.0
0.1,350,5,0.12,1.0
0.1,350,5,0.13,1.0
0.1,350,5,0.14,1.0
0.1,350,6,0.01,0.4846
0.1,350,6,0.02,0.976
0.1,350,6,0.03,0.9991
0.1,350,6,0.04,1.0
0.1,350,6,0.05,1.0
0.1,350,6,0.060000000000000005,1.0
0.1,350,6,0.06999999999999999,1.0
0.1,350,6,0.08,1.0
0.1,350,6,0.09,1.0
0.1,350,6,0.09999999999999999,1.0
0.1,350,6,0.11,1.0
0.1,350,6,0.12,1.0
0.1,350,6,0.13,1.0
0.1,350,6,0.14,1.0
0.1,350,7,0.01,0.293
0.1,350,7,0.02,0.941
0.1,350,7,0.03,0.9976
0.1,350,7,0.04,1.0
0.1,350,7,0.05,1.0
0.1,350,7,0.060000000000000005,1.0
0.1,350,7,0.06999999999999999,1.0
0.1,350,7,0.08,1.0
0.1,350,7,0.09,1.0
0.1,350,7,0.09999999999999999,1.0
0.1,350,7,0.11,1.0
0.1,350,7,0.12,1.0
0.1,350,7,0.13,1.0
0.1,350,7,0.14,1.0
0.1,350,8,0.01,0.1423
0.1,350,8,0.02,0.8785
0.1,350,8,0.03,0.9937
0.1,350,8,0.04,0.9998
0.1,350,8,0.05,1.0
0.1,350,8,0.060000000000000005,1.0
0.1,350,8,0.06999999999999999,1.0
0.1,350,8,0.08,1.0
0.1,350,8,0.09,1.0
0.1,350,8,0.09999999999999999,1.0
0.1,350,8,0.11,1.0
0.1,350,8,0.12,1.0
0.1,350,8,0.13,1.0
0.1,350,8,0.14,1.0
0.1,400,3,0.01,0.9699
0.1,400,3,0.02,1.0
0.1,400,3,0.03,1.0
0.1,400,3,0.04,1.0
0.1,400,3,0.05,1.0
0.1,400,3,0.060000000000000005,1.0
0.1,400,3,0.06999999999999999,1.0
0.1,400,3,0.08,1.0
0.1,400,3,0.09,1.0
0.1,400,3,0.09999999999999999,1.0
0.1,400,3,0.11,1.0
0.1,400,3,0.12,1.0
0.1,400,3,0.13,1.0
0.1,400,3,0.14,1.0
0.1,400,4,0.01,0.9086
0.1,400,4,0.02,0.9997
0.1,400,4,0.03,1.0
0.1,400,4,0.04,1.0
0.1,400,4,0.05,1.0
0.1,400,4,0.060000000000000005,1.0
0.1,400,4,0.06999999999999999,1.0
0.1,400,4,0.08,1.0
0.1,400,4,0.09,1.0
0.1,400,4,0.09999999999999999,1.0
0.1,400,4,0.11,1.0
0.1,400,4,0.12,1.0
0.1,400,4,0.13,1.0
0.1,400,4,0.14,1.0
0.1,400,5,0.01,0.7888
0.1,400,5,0.02,0.9979
0.1,400,5,0.03,0.9999
0.1,400,5,0.04,1.0
0.1,400,5,0.05,1.0
0.1,400,5,0.060000000000000005,1.0
0.1,400,5,0.06999999999999999,1.0
0.1,400,5,0.08,1.0
0.1,400,5,0.09,1.0
0.1,400,5,0.09999999999999999,1.0
0.1,400,5,0.11,1.0
0.1,400,5,0.12,1.0
0.1,400,5,0.13,1.0
0.1,400,5,0.14,1.0
0.1,400,6,0.01,0.613
0.1,400,6,0.02,0.9928
0.1,400,6,0.03,0.9997
0.1,400,6,0.04,1.0
0.1,400,6,0.05,1.0
0.1,400,6,0.060000000000000005,1.0
0.1,400,6,0.06999999999999999,1.0
0.1,400,6,0.08,1.0
0.1,400,6,0.09,1.0
0.1,400,6,0.09999999999999999,1.0
0.1,400,6,0.11,1.0
0.1,400,6,0.12,1.0
0.1,400,6,0.13,1.0
0.1,400,6,0.14,1.0
0.1,400,7,0.01,0.4195
0.1,400,7,0.02,0.9764
0.1,400,7,0.03,0.9996
0.1,400,7,0.04,1.0
0.1,400,7,0.05,1.0
0.1,400,7,0.060000000000000005,1.0
0.1,400,7,0.06999999999999999,1.0
0.1,400,7,0.08,1.0
0.1,400,7,0.09,1.0
0.1,400,7,0.09999999999999999,1.0
0.1,400,7,0.11,1.0
0.1,400,7,0.12,1.0
0.1,400,7,0.13,1.0
0.1,400,7,0.14,1.0
0.1,400,8,0.01,0.2353
0.1,400,8,0.02,0.9463
0.1,400,8,0.03,0.999
0.1,400,8,0.04,1.0
0.1,400,8,0.05,1.0
0.1,400,8,0.060000000000000005,1.0
0.1,400,8,0.06999999999999999,1.0
0.1,400,8,0.08,1.0
0.1,400,8,0.09,1.0
0.1,400,8,0.09999999999999999,1.0
0.1,400,8,0.11,1.0
0.1,400,8,0.12,1.0
0.1,400,8,0.13,1.0
0.1,400,8,0.14,1.0
0.1,450,3,0.01,0.9862
0.1,450,3,0.02,1.0
0.1,450,3,0.03,1.0
0.1,450,3,0.04,1.0
0.1,450,3,0.05,1.0
0.1,450,3,0.060000000000000005,1.0
0.1,450,3,0.06999999999999999,1.0
0.1,450,3,0.08,1.0
0.1,450,3,0.09,1.0
0.1,450,3,0.09999999999999999,1.0
0.1,450,3,0.11,1.0
0.1,450,3,0.12,1.0
0.1,450,3,0.13,1.0
0.1,450,3,0.14,1.0
0.1,450,4,0.01,0.9497
0.1,450,4,0.02,1.0
0.1,450,4,0.03,1.0
0.1,450,4,0.04,1.0
0.1,450,4,0.05,1.0
0.1,450,4,0.060000000000000005,1.0
0.1,450,4,0.06999999999999999,1.0
0.1,450,4,0.08,1.0
0.1,450,4,0.09,1.0
0.1,450,4,0.09999999999999999,1.0
0.1,450,4,0.11,1.0
0.1,450,4,0.12,1.0
0.1,450,4,0.13,1.0
0.1,450,4,0.14,1.0
0.1,450,5,0.01,0.8657
0.1,450,5,0.02,0.9996
0.1,450,5,0.03,1.0
0.1,450,5,0.04,1.0
0.1,450,5,0.05,1.0
0.1,450,5,0.060000000000000005,1.0
0.1,450,5,0.06999999999999999,1.0
0.1,450,5,0.08,1.0
0.1,450,5,0.09,1.0
0.1,450,5,0.09999999999999999,1.0
0.1,450,5,0.11,1.0
0.1,450,5,0.12,1.0
0.1,450,5,0.13,1.0
0.1,450,5,0.14,1.0
0.1,450,6,0.01,0.7267
0.1,450,6,0.02,0.9982
0.1,450,6,0.03,1.0
0.1,450,6,0.04,1.0
0.1,450,6,0.05,1.0
0.1,450,6,0.060000000000000005,1.0
0.1,450,6,0.06999999999999999,1.0
0.1,450,6,0.08,1.0
0.1,450,6,0.09,1.0
0.1,450,6,0.09999999999999999,1.0
0.1,450,6,0.11,1.0
0.1,450,6,0.12,1.0
0.1,450,6,0.13,1.0
0.1,450,6,0.14,1.0
0.1,450,7,0.01,0.5421
0.1,450,7,0.02,0.9926
0.1,450,7,0.03,0.9999
0.1,450,7,0.04,1.0
0.1,450,7,0.05,1.0
0.1,450,7,0.060000000000000005,1.0
0.1,450,7,0.06999999999999999,1.0
0.1,450,7,0.08,1.0
0.1,450,7,0.09,1.0
0.1,450,7,0.09999999999999999,1.0
0.1,450,7,0.11,1.0
0.1,450,7,0.12,1.0
0.1,450,7,0.13,1.0
0.1,450,7,0.14,1.0
0.1,450,8,0.01,0.3425
0.1,450,8,0.02,0.9785
0.1,450,8,0.03,0.9996
0.1,450,8,0.04,1.0
0.1,450,8,0.05,1.0
0.1,450,8,0.060000000000000005,1.0
0.1,450,8,0.06999999999999999,1.0
0.1,450,8,0.08,1.0
0.1,450,8,0.09,1.0
0.1,450,8,0.09999999999999999,1.0
0.1,450,8,0.11,1.0
0.1,450,8,0.12,1.0
0.1,450,8,0.13,1.0
0.1,450,8,0.14,1.0
0.1,500,3,0.01,0.9937
0.1,500,3,0.02,1.0
0.1,500,3,0.03,1.0
0.1,500,3,0.04,1.0
0.1,500,3,0.05,1.0
0.1,500,3,0.060000000000000005,1.0
0.1,500,3,0.06999999999999999,1.0
0.1,500,3,0.08,1.0
0.1,500,3,0.09,1.0
0.1,500,3,0.09999999999999999,1.0
0.1,500,3,0.11,1.0
0.1,500,3,0.12,1.0
0.1,500,3,0.13,1.0
0.1,500,3,0.14,1.0
0.1,500,4,0.01,0.973
0.1,500,4,0.02,1.0
0.1,500,4,0.03,1.0
0.1,500,4,0.04,1.0
0.1,500,4,0.05,1.0
0.1,500,4,0.060000000000000005,1.0
0.1,500,4,0.06999999999999999,1.0
0.1,500,4,0.08,1.0
0.1,500,4,0.09,1.0
0.1,500,4,0.09999999999999999,1.0
0.1,500,4,0.11,1.0
0.1,500,4,0.12,1.0
0.1,500,4,0.13,1.0
0.1,500,4,0.14,1.0
0.1,500,5,0.01,0.9176
0.1,500,5,0.02,0.9999
0.1,500,5,0.03,1.0
0.1,500,5,0.04,1.0
0.1,500,5,0.05,1.0
0.1,500,5,0.060000000000000005,1.0
0.1,500,5,0.06999999999999999,1.0
0.1,500,5,0.08,1.0
0.1,500,5,0.09,1.0
0.1,500,5,0.09999999999999999,1.0
0.1,500,5,0.11,1.0
0.1,500,5,0.12,1.0
0.1,500,5,0.13,1.0
0.1,500,5,0.14,1.0
0.1,500,6,0.01,0.8179
0.1,500,6,0.02,0.9995
0.1,500,6,0.03,1.0
0.1,500,6,0.04,1.0
0.1,500,6,0.05,1.0
0.1,500,6,0.060000000000000005,1.0
0.1,500,6,0.06999999999999999,1.0
0.1,500,6,0.08,1.0
0.1,500,6,0.09,1.0
0.1,500,6,0.09999999999999999,1.0
0.1,500,6,0.11,1.0
0.1,500,6,0.12,1.0
0.1,500,6,0.13,1.0
0.1,500,6,0.14,1.0
0.1,500,7,0.01,0.6558
0.1,500,7,0.02,0.9978
0.1,500,7,0.03,1.0
0.1,500,7,0.04,1.0
0.1,500,7,0.05,1.0
0.1,500,7,0.060000000000000005,1.0
0.1,500,7,0.06999999999999999,1.0
0.1,500,7,0.08,1.0
0.1,500,7,0.09,1.0
0.1,500,7,0.09999999999999999,1.0
0.1,500,7,0.11,1.0
0.1,500,7,0.12,1.0
0.1,500,7,0.13,1.0
0.1,500,7,0.14,1.0
0.1,500,8,0.01,0.4562
0.1,500,8,0.02,0.9937
0.1,500,8,0.03,0.9999
0.1,500,8,0.04,1.0
0.1,500,8,0.05,1.0
0.1,500,8,0.060000000000000005,1.0
0.1,500,8,0.06999999999999999,1.0
0.1,500,8,0.08,1.0
0.1,500,8,0.09,1.0
0.1,500,8,0.09999999999999999,1.0
0.1,500,8,0.11,1.0
0.1,500,8,0.12,1.0
0.1,500,8,0.13,1.0
0.1,500,8,0.14,1.0
0.1,550,3,0.01,0.9969
0.1,550,3,0.02,1.0
0.1,550,3,0.03,1.0
0.1,550,3,0.04,1.0
0.1,550,3,0.05,1.0
0.1,550,3,0.060000000000000005,1.0
0.1,550,3,0.06999999999999999,1.0
0.1,550,3,0.08,1.0
0.1,550,3,0.09,1.0
0.1,550,3,0.09999999999999999,1.0
0.1,550,3,0.11,1.0
0.1,550,3,0.12,1.0
0.1,550,3,0.13,1.0
0.1,550,3,0.14,1.0
0.1,550,4,0.01,0.9853
0.1,550,4,0.02,1.0
0.1,550,4,0.03,1.0
0.1,550,4,0.04,1.0
0.1,550,4,0.05,1.0
0.1,550,4,0.060000000000000005,1.0
0.1,550,4,0.06999999999999999,1.0
0.1,550,4,0.08,1.0
0.1,550,4,0.09,1.0
0.1,550,4,0.09999999999999999,1.0
0.1,550,4,0.11,1.0
0.1,550,4,0.12,1.0
0.1,550,4,0.13,1.0
0.1,550,4,0.14,1.0
0.1,550,5,0.01,0.9519
0.1,550,5,0.02,1.0
0.1,550,5,0.03,1.0
0.1,550,5,0.04,1.0
0.1,550,5,0.05,1.0
0.1,550,5,0.060000000000000005,1.0
0.1,550,5,0.06999999999999999,1.0
0.1,550,5,0.08,1.0
0.1,550,5,0.09,1.0
0.1,550,5,0.09999999999999999,1.0
0.1,550,5,0.11,1.0
0.1,550,5,0.12,1.0
0.1,550,5,0.13,1.0
0.1,550,5,0.14,1.0
0.1,550,6,0.01,0.8793
0.1,550,6,0.02,0.9999
0.1,550,6,0.03,1.0
0.1,550,6,0.04,1.0
0.1,550,6,0.05,1.0
0.1,550,6,0.060000000000000005,1.0
0.1,550,6,0.06999999999999999,1.0
0.1,550,6,0.08,1.0
0.1,550,6,0.09,1.0
0.1,550,6,0.09999999999999999,1.0
0.1,550,6,0.11,1.0
0.1,550,6,0.12,1.0
0.1,550,6,0.13,1.0
0.1,550,6,0.14,1.0
0.1,550,7,0.01,0.7491
0.1,550,7,0.02,0.9994
0.1,550,7,0.03,1.0
0.1,550,7,0.04,1.0
0.1,550,7,0.05,1.0
0.1,550,7,0.060000000000000005,1.0
0.1,550,7,0.06999999999999999,1.0
0.1,550,7,0.08,1.0
0.1,550,7,0.09,1.0
0.1,550,7,0.09999999999999999,1.0
0.1,550,7,0.11,1.0
0.1,550,7,0.12,1.0
0.1,550,7,0.13,1.0
0.1,550,7,0.14,1.0
0.1,550,8,0.01,0.568
0.1,550,8,0.02,0.9983
0.1,550,8,0.03,1.0
0.1,550,8,0.04,1.0
0.1,550,8,0.05,1.0
0.1,550,8,0.060000000000000005,1.0
0.1,550,8,0.06999999999999999,1.0
0.1,550,8,0.08,1.0
0.1,550,8,0.09,1.0
0.1,550,8,0.09999999999999999,1.0
0.1,550,8,0.11,1.0
0.1,550,8,0.12,1.0
0.1,550,8,0.13,1.0
0.1,550,8,0.14,1.0
0.1,600,3,0.01,0.9985
0.1,600,3,0.02,1.0
0.1,600,3,0.03,1.0
0.1,600,3,0.04,1.0
0.1,600,3,0.05,1.0
0.1,600,3,0.060000000000000005,1.0
0.1,600,3,0.06999999999999999,1.0
0.1,600,3,0.08,1.0
0.1,600,3,0.09,1.0
0.1,600,3,0.09999999999999999,1.0
0.1,600,3,0.11,1.0
0.1,600,3,0.12,1.0
0.1,600,3,0.13,1.0
0.1,600,3,0.14,1.0
0.1,600,4,0.01,0.9924
0.1,600,4,0.02,1.0
0.1,600,4,0.03,1.0
0.1,600,4,0.04,1.0
0.1,600,4,0.05,1.0
0.1,600,4,0.060000000000000005,1.0
0.1,600,4,0.06999999999999999,1.0
0.1,600,4,0.08,1.0
0.1,600,4,0.09,1.0
0.1,600,4,0.09999999999999999,1.0
0.1,600,4,0.11,1.0
0.1,600,4,0.12,1.0
0.1,600,4,0.13,1.0
0.1,600,4,0.14,1.0
0.1,600,5,0.01,0.9731
0.1,600,5,0.02,1.0
0.1,600,5,0.03,1.0
0.1,600,5,0.04,1.0
0.1,600,5,0.05,1.0
0.1,600,5,0.060000000000000005,1.0
0.1,600,5,0.06999999999999999,1.0
0.1,600,5,0.08,1.0
0.1,600,5,0.09,1.0
0.1,600,5,0.09999999999999999,1.0
0.1,600,5,0.11,1.0
0.1,600,5,0.12,1.0
0.1,600,5,0.13,1.0
0.1,600,5,0.14,1.0
0.1,600,6,0.01,0.9261
0.1,600,6,0.02,1.0
0.1,600,6,0.03,1.0
0.1,600,6,0.04,1.0
0.1,600,6,0.05,1.0
0.1,600,6,0.060000000000000005,1.0
0.1,600,6,0.06999999999999999,1.0
0.1,600,6,0.08,1.0
0.1,600,6,0.09,1.0
0.1,600,6,0.09999999999999999,1.0
0.1,600,6,0.11,1.0
0.1,600,6,0.12,1.0
0.1,600,6,0.13,1.0
0.1,600,6,0.14,1.0
0.1,600,7,0.01,0.8231
0.1,600,7,0.02,0.9996
0.1,600,7,0.03,1.0
0.1,600,7,0.04,1.0
0.1,600,7,0.05,1.0
0.1,600,7,0.060000000000000005,1.0
0.1,600,7,0.06999999999999999,1.0
0.1,600,7,0.08,1.0
0.1,600,7,0.09,1.0
0.1,600,7,0.09999999999999999,1.0
0.1,600,7,0.11,1.0
0.1,600,7,0.12,1.0
0.1,600,7,0.13,1.0
0.1,600,7,0.14,1.0
0.1,600,8,0.01,0.672
0.1,600,8,0.02,0.9991
0.1,600,8,0.03,1.0
0.1,600,8,0.04,1.0
0.1,600,8,0.05,1.0
0.1,600,8,0.060000000000000005,1.0
0.1,600,8,0.06999999999999999,1.0
0.1,600,8,0.08,1.0
0.1,600,8,0.09,1.0
0.1,600,8,0.09999999999999999,1.0
0.1,600,8,0.11,1.0
0.1,600,8,0.12,1.0
0.1,600,8,0.13,1.0
0.1,600,8,0.14,1.0
0.1,650,3,0.01,0.9992
0.1,650,3,0.02,1.0
0.1,650,3,0.03,1.0
0.1,650,3,0.04,1.0
0.1,650,3,0.05,1.0
0.1,650,3,0.060000000000000005,1.0
0.1,650,3,0.06999999999999999,1.0
0.1,650,3,0.08,1.0
0.1,650,3,0.09,1.0
0.1,650,3,0.09999999999999999,1.0
0.1,650,3,0.11,1.0
0.1,650,3,0.12,1.0
0.1,650,3,0.13,1.0
0.1,650,3,0.14,1.0
0.1,650,4,0.01,0.9964
0.1,650,4,0.02,1.0
0.1,650,4,0.03,1.0
0.1,650,4,0.04,1.0
0.1,650,4,0.05,1.0
0.1,650,4,0.060000000000000005,1.0
0.1,650,4,0.06999999999999999,1.0
0.1,650,4,0.08,1.0
0.1,650,4,0.09,1.0
0.1,650,4,0.09999999999999999,1.0
0.1,650,4,0.11,1.0
0.1,650,4,0.12,1.0
0.1,650,4,0.13,1.0
0.1,650,4,0.14,1.0
0.1,650,5,0.01,0.9853
0.1,650,5,0.02,1.0
0.1,650,5,0.03,1.0
0.1,650,5,0.04,1.0
0.1,650,5,0.05,1.0
0.1,650,5,0.060000000000000005,1.0
0.1,650,5,0.06999999999999999,1.0
0.1,650,5,0.08,1.0
0.1,650,5,0.09,1.0
0.1,650,5,0.09999999999999999,1.0
0.1,650,5,0.11,1.0
0.1,650,5,0.12,1.0
0.1,650,5,0.13,1.0
0.1,650,5,0.14,1.0
0.1,650,6,0.01,0.9536
0.1,650,6,0.02,1.0
0.1,650,6,0.03,1.0
0.1,650,6,0.04,1.0
0.1,650,6,0.05,1.0
0.1,650,6,0.060000000000000005,1.0
0.1,650,6,0.06999999999999999,1.0
0.1,650,6,0.08,1.0
0.1,650,6,0.09,1.0
0.1,650,6,0.09999999999999999,1.0
0.1,650,6,0.11,1.0
0.1,650,6,0.12,1.0
0.1,650,6,0.13,1.0
0.1,650,6,0.14,1.0
0.1,650,7,0.01,0.8804
0.1,650,7,0.02,0.9999
0.1,650,7,0.03,1.0
0.1,650,7,0.04,1.0
0.1,650,7,0.05,1.0
0.1,650,7,0.060000000000000005,1.0
0.1,650,7,0.06999999999999999,1.0
0.1,650,7,0.08,1.0
0.1,650,7,0.09,1.0
0.1,650,7,0.09999999999999999,1.0
0.1,650,7,0.11,1.0
0.1,650,7,0.12,1.0
0.1,650,7,0.13,1.0
0.1,650,7,0.14,1.0
0.1,650,8,0.01,0.7536
0.1,650,8,0.02,0.9996
0.1,650,8,0.03,1.0
0.1,650,8,0.04,1.0
0.1,650,8,0.05,1.0
0.1,650,8,0.060000000000000005,1.0
0.1,650,8,0.06999999999999999,1.0
0.1,650,8,0.08,1.0
0.1,650,8,0.09,1.0
0.1,650,8,0.09999999999999999,1.0
0.1,650,8,0.11,1.0
0.1,650,8,0.12,1.0
0.1,650,8,0.13,1.0
0.1,650,8,0.14,1.0
0.20000000000000004,50,3,0.01,0.2376
0.20000000000000004,50,3,0.02,0.604
0.20000000000000004,50,3,0.03,0.8055
0.20000000000000004,50,3,0.04,0.9126
0.20000000000000004,50,3,0.05,0.9563
0.20000000000000004,50,3,0.060000000000000005,0.9812
0.20000000000000004,50,3,0.06999999999999999,0.9922
0.20000000000000004,50,3,0.08,0.9956
0.20000000000000004,50,3,0.09,0.9979
0.20000000000000004,50,3,0.09999999999999999,0.9991
0.20000000000000004,50,3,0.11,0.9995
0.20000000000000004,50,3,0.12,0.9999
0.20000000000000004,50,3,0.13,1.0
0.20000000000000004,50,3,0.14,1.0
0.20000000000000004,50,4,0.01,0.0818
0.20000000000000004,50,4,0.02,0.3609
0.20000000000000004,50,4,0.03,0.6116
0.20000000000000004,50,4,0.04,0.7921
0.20000000000000004,50,4,0.05,0.8836
0.20000000000000004,50,4,0.060000000000000005,0.9393
0.20000000000000004,50,4,0.06999999999999999,0.9686
0.20000000000000004,50,4,0.08,0.9824
0.20000000000000004,50,4,0.09,0.9907
0.20000000000000004,50,4,0.09999999999999999,0.9943
0.20000000000000004,50,4,0.11,0.997
0.20000000000000004,50,4,0.12,0.9985
0.20000000000000004,50,4,0.13,0.9995
0.20000000000000004,50,4,0.14,0.9998
0.20000000000000004,50,5,0.01,0.0212
0.20000000000000004,50,5,0.02,0.1789
0.20000000000000004,50,5,0.03,0.4019
0.20000000000000004,50,5,0.04,0.6152
0.20000000000000004,50,5,0.05,0.7597
0.20000000000000004,50,5,0.060000000000000005,0.8592
0.20000000000000004,50,5,0.06999999999999999,0.9173
0.20000000000000004,50,5,0.08,0.9536
0.20000000000000004,50,5,0.09,0.9723
0.20000000000000004,50,5,0.09999999999999999,0.9826
0.20000000000000004,50,5,0.11,0.9898
0.20000000000000004,50,5,0.12,0.994
0.20000000000000004,50,5,0.13,0.996
0.20000000000000004,50,5,0.14,0.9976
0.20000000000000004,50,6,0.01,0.0037
0.20000000000000004,50,6,0.02,0.0734
0.20000000000000004,50,6,0.03,0.2296
0.20000000000000004,50,6,0.04,0.4218
0.20000000000000004,50,6,0.05,0.594
0.20000000000000004,50,6,0.060000000000000005,0.7355
0.20000000000000004,50,6,0.06999999999999999,0.8271
0.20000000000000004,50,6,0.08,0.8884
0.20000000000000004,50,6,0.09,0.9302
0.20000000000000004,50,6,0.09999999999999999,0.956
0.20000000000000004,50,6,0.11,0.9734
0.20000000000000004,50,6,0.12,0.9821
0.20000000000000004,50,6,0.13,0.9887
0.20000000000000004,50,6,0.14,0.9932
0.20000000000000004,50,7,0.01,0.0006
0.20000000000000004,50,7,0.02,0.0244
0.20000000000000004,50,7,0.03,0.1127
0.20000000000000004,50,7,0.04,0.2574
0.20000000000000004,50,7,0.05,0.4123
0.20000000000000004,50,7,0.060000000000000005,0.5692
0.20000000000000004,50,7,0.06999999999999999,0.7017
0.20000000000000004,50,7,0.08,0.788
0.20000000000000004,50,7,0.09,0.8567
0.20000000000000004,50,7,0.09999999999999999,0.9021
0.20000000000000004,50,7,0.11,0.9358
0.20000000000000004,50,7,0.12,0.9562
0.20000000000000004,50,7,0.13,0.9717
0.20000000000000004,50,7,0.14,0.9813
0.20000000000000004,50,8,0.01,0.0001
0.20000000000000004,50,8,0.02,0.0063
0.20000000000000004,50,8,0.03,0.0466
0.20000000000000004,50,8,0.04,0.1382
0.20000000000000004,50,8,0.05,0.2577
0.20000000000000004,50,8,0.060000000000000005,0.4072
0.20000000000000004,50,8,0.06999999999999999,0.544
0.20000000000000004,50,8,0.08,0.6557
0.20000000000000004,50,8,0.09,0.7519
0.20000000000000004,50,8,0.09999999999999999,0.8188
0.20000000000000004,50,8,0.11,0.8737
0.20000000000000004,50,8,0.12,0.91
0.20000000000000004,50,8,0.13,0.9378
0.20000000000000004,50,8,0.14,0.9569
0.20000000000000004,100,3,0.01,0.6081
0.20000000000000004,100,3,0.02,0.9312
0.20000000000000004,100,3,0.03,0.9882
0.20000000000000004,100,3,0.04,0.9968
0.20000000000000004,100,3,0.05,0.9998
0.20000000000000004,100,3,0.060000000000000005,1.0
0.20000000000000004,100,3,0.06999999999999999,1.0
0.20000000000000004,100,3,0.08,1.0
0.20000000000000004,100,3,0.09,1.0
0.20000000000000004,100,3,0.09999999999999999,1.0
0.20000000000000004,100,3,0.11,1.0
0.20000000000000004,100,3,0.12,1.0
0.20000000000000004,100,3,0.13,1.0
0.20000000000000004,100,3,0.14,1.0
0.20000000000000004,100,4,0.01,0.3566
0.20000000000000004,100,4,0.02,0.8269
0.20000000000000004,100,4,0.03,0.9581
0.20000000000000004,100,4,0.04,0.9904
0.20000000000000004,100,4,0.05,0.9966
0.20000000000000004,100,4,0.060000000000000005,0.9995
0.20000000000000004,100,4,0.06999999999999999,1.0
0.20000000000000004,100,4,0.08,1.0
0.20000000000000004,100,4,0.09,1.0
0.20000000000000004,100,4,0.09999999999999999,1.0
0.20000000000000004,100,4,0.11,1.0
0.20000000000000004,100,4,0.12,1.0
0.20000000000000004,100,4,0.13,1.0
0.20000000000000004,100,4,0.14,1.0
0.20000000000000004,100,5,0.01,0.1697
0.20000000000000004,100,5,0.02,0.6655
0.20000000000000004,100,5,0.03,0.8982
0.20000000000000004,100,5,0.04,0.974
0.20000000000000004,100,5,0.05,0.9924
0.20000000000000004,100,5,0.060000000000000005,0.998
0.20000000000000004,100,5,0.06999999999999999,0.9996
0.20000000000000004,100,5,0.08,1.0
0.20000000000000004,100,5,0.09,1.0
0.20000000000000004,100,5,0.09999999999999999,1.0
0.20000000000000004,100,5,0.11,1.0
0.20000000000000004,100,5,0.12,1.0
0.20000000000000004,100,5,0.13,1.0
0.20000000000000004,100,5,0.14,1.0
0.20000000000000004,100,6,0.01,0.0647
0.20000000000000004,100,6,0.02,0.4795
0.20000000000000004,100,6,0.03,0.7926
0.20000000000000004,100,6,0.04,0.9388
0.20000000000000004,100,6,0.05,0.9793
0.20000000000000004,100,6,0.060000000000000005,0.9945
0.20000000000000004,100,6,0.06999999999999999,0.9988
0.20000000000000004,100,6,0.08,0.9998
0.20000000000000004,100,6,0.09,1.0
0.20000000000000004,100,6,0.09999999999999999,1.0
0.20000000000000004,100,6,0.11,1.0
0.20000000000000004,100,6,0.12,1.0
0.20000000000000004,100,6,0.13,1.0
0.20000000000000004,100,6,0.14,1.0
0.20000000000000004,100,7,0.01,0.0201
0.20000000000000004,100,7,0.02,0.3035
0.20000000000000004,100,7,0.03,0.6533
0.20000000000000004,100,7,0.04,0.8738
0.20000000000000004,100,7,0.05,0.9543
0.20000000000000004,100,7,0.060000000000000005,0.9843
0.20000000000000004,100,7,0.06999999999999999,0.9956
0.20000000000000004,100,7,0.08,0.9984
0.20000000000000004,100,7,0.09,0.9994
0.20000000000000004,100,7,0.09999999999999999,0.9999
0.20000000000000004,100,7,0.11,1.0
0.20000000000000004,100,7,0.12,1.0
0.20000000000000004,100,7,0.13,1.0
0.20000000000000004,100,7,0.14,1.0
0.20000000000000004,100,8,0.01,0.0034
0.20000000000000004,100,8,0.02,0.164
0.20000000000000004,100,8,0.03,0.4923
0.20000000000000004,100,8,0.04,0.7687
0.20000000000000004,100,8,0.05,0.9068
0.20000000000000004,100,8,0.060000000000000005,0.9651
0.20000000000000004,100,8,0.06999999999999999,0.986
0.20000000000000004,100,8,0.08,0.9953
0.20000000000000004,100,8,0.09,0.9982
0.20000000000000004,100,8,0.09999999999999999,0.9994
0.20000000000000004,100,8,0.11,0.9998
0.20000000000000004,100,8,0.12,1.0
0.20000000000000004,100,8,0.13,1.0
0.20000000000000004,100,8,0.14,1.0
0.20000000000000004,150,3,0.01,0.8278
0.20000000000000004,150,3,0.02,0.9911
0.20000000000000004,150,3,0.03,0.9994
0.20000000000000004,150,3,0.04,1.0
0.20000000000000004,150,3,0.05,1.0
0.20000000000000004,150,3,0.060000000000000005,1.0
0.20000000000000004,150,3,0.06999999999999999,1.0
0.20000000000000004,150,3,0.08,1.0
0.20000000000000004,150,3,0.09,1.0
0.20000000000000004,150,3,0.09999999999999999,1.0
0.20000000000000004,150,3,0.11,1.0
0.20000000000000004,150,3,0.12,1.0
0.20000000000000004,150,3,0.13,1.0
0.20000000000000004,150,3,0.14,1.0
0.20000000000000004,150,4,0.01,0.6335
0.20000000000000004,150,4,0.02,0.9671
0.20000000000000004,150,4,0.03,0.9965
0.20000000000000004,150,4,0.04,1.0
0.20000000000000004,150,4,0.05,1.0
0.20000000000000004,150,4,0.060000000000000005,1.0
0.20000000000000004,150,4,0.06999999999999999,1.0
0.20000000000000004,150,4,0.08,1.0
0.20000000000000004,150,4,0.09,1.0
0.20000000000000004,150,4,0.09999999999999999,1.0
0.20000000000000004,150,4,0.11,1.0
0.20000000000000004,150,4,0.12,1.0
0.20000000000000004,150,4,0.13,1.0
0.20000000000000004,150,4,0.14,1.0
0.20000000000000004,150,5,0.01,0.4131
0.20000000000000004,150,5,0.02,0.911
0.20000000000000004,150,5,0.03,0.9896
0.20000000000000004,150,5,0.04,0.9992
0.20000000000000004,150,5,0.05,0.9999
0.20000000000000004,150,5,0.060000000000000005,1.0
0.20000000000000004,150,5,0.06999999999999999,1.0
0.20000000000000004,150,5,0.08,1.0
0.20000000000000004,150,5,0.09,1.0
0.20000000000000004,150,5,0.09999999999999999,1.0
0.20000000000000004,150,5,0.11,1.0
0.20000000000000004,150,5,0.12,1.0
0.20000000000000004,150,5,0.13,1.0
0.20000000000000004,150,5,0.14,1.0
0.20000000000000004,150,6,0.01,0.2191
0.20000000000000004,150,6,0.02,0.8184
0.20000000000000004,150,6,0.03,0.9714
0.20000000000000004,150,6,0.04,0.9968
0.20000000000000004,150,6,0.05,0.9995
0.20000000000000004,150,6,0.060000000000000005,0.9999
0.20000000000000004,150,6,0.06999999999999999,1.0
0.20000000000000004,150,6,0.08,1.0
0.20000000000000004,150,6,0.09,1.0
0.20000000000000004,150,6,0.09999999999999999,1.0
0.20000000000000004,150,6,0.11,1.0
0.20000000000000004,150,6,0.12,1.0
0.20000000000000004,150,6,0.13,1.0
0.20000000000000004,150,6,0.14,1.0
0.20000000000000004,150,7,0.01,0.0994
0.20000000000000004,150,7,0.02,0.6803
0.20000000000000004,150,7,0.03,0.932
0.20000000000000004,150,7,0.04,0.9896
0.20000000000000004,150,7,0.05,0.9988
0.20000000000000004,150,7,0.060000000000000005,0.9998
0.20000000000000004,150,7,0.06999999999999999,0.9999
0.20000000000000004,150,7,0.08,1.0
0.20000000000000004,150,7,0.09,1.0
0.20000000000000004,150,7,0.09999999999999999,1.0
0.20000000000000004,150,7,0.11,1.0
0.20000000000000004,150,7,0.12,1.0
0.20000000000000004,150,7,0.13,1.0
0.20000000000000004,150,7,0.14,1.0
0.20000000000000004,150,8,0.01,0.0377
0.20000000000000004,150,8,0.02,0.5154
0.20000000000000004,150,8,0.03,0.8666
0.20000000000000004,150,8,0.04,0.9773
0.20000000000000004,150,8,0.05,0.9959
0.20000000000000004,150,8,0.060000000000000005,0.9997
0.20000000000000004,150,8,0.06999999999999999,0.9999
0.20000000000000004,150,8,0.08,1.0
0.20000000000000004,150,8,0.09,1.0
0.20000000000000004,150,8,0.09999999999999999,1.0
0.20000000000000004,150,8,0.11,1.0
0.20000000000000004,150,8,0.12,1.0
0.20000000000000004,150,8,0.13,1.0
0.20000000000000004,150,8,0.14,1.0
0.20000000000000004,200,3,0.01,0.9291
0.20000000000000004,200,3,0.02,0.9987
0.20000000000000004,200,3,0.03,1.0
0.20000000000000004,200,3,0.04,1.0
0.20000000000000004,200,3,0.05,1.0
0.20000000000000004,200,3,0.060000000000000005,1.0
0.20000000000000004,200,3,0.06999999999999999,1.0
0.20000000000000004,200,3,0.08,1.0
0.20000000000000004,200,3,0.09,1.0
0.20000000000000004,200,3,0.09999999999999999,1.0
0.20000000000000004,200,3,0.11,1.0
0.20000000000000004,200,3,0.12,1.0
0.20000000000000004,200,3,0.13,1.0
0.20000000000000004,200,3,0.14,1.0
0.20000000000000004,200,4,0.01,0.814
0.20000000000000004,200,4,0.02,0.9945
0.20000000000000004,200,4,0.03,1.0
0.20000000000000004,200,4,0.04,1.0
0.20000000000000004,200,4,0.05,1.0
0.20000000000000004,200,4,0.060000000000000005,1.0
0.20000000000000004,200,4,0.06999999999999999,1.0
0.20000000000000004,200,4,0.08,1.0
0.20000000000000004,200,4,0.09,1.0
0.20000000000000004,200,4,0.09999999999999999,1.0
0.20000000000000004,200,4,0.11,1.0
0.20000000000000004,200,4,0.12,1.0
0.20000000000000004,200,4,0.13,1.0
0.20000000000000004,200,4,0.14,1.0
0.20000000000000004,200,5,0.01,0.6423
0.20000000000000004,200,5,0.02,0.9822
0.20000000000000004,200,5,0.03,0.9993
0.20000000000000004,200,5,0.04,1.0
0.20000000000000004,200,5,0.05,1.0
0.20000000000000004,200,5,0.060000000000000005,1.0
0.20000000000000004,200,5,0.06999999999999999,1.0
0.20000000000000004,200,5,0.08,1.0
0.20000000000000004,200,5,0.09,1.0
0.20000000000000004,200,5,0.09999999999999999,1.0
0.20000000000000004,200,5,0.11,1.0
0.20000000000000004,200,5,0.12,1.0
0.20000000000000004,200,5,0.13,1.0
0.20000000000000004,200,5,0.14,1.0
0.20000000000000004,200,6,0.01,0.4398
0.20000000000000004,200,6,0.02,0.9513
0.20000000000000004,200,6,0.03,0.9977
0.20000000000000004,200,6,0.04,1.0
0.20000000000000004,200,6,0.05,1.0
0.20000000000000004,200,6,0.060000000000000005,1.0
0.20000000000000004,200,6,0.06999999999999999,1.0
0.20000000000000004,200,6,0.08,1.0
0.20000000000000004,200,6,0.09,1.0
0.20000000000000004,200,6,0.09999999999999999,1.0
0.20000000000000004,200,6,0.11,1.0
0.20000000000000004,200,6,0.12,1.0
0.20000000000000004,200,6,0.13,1.0
0.20000000000000004,200,6,0.14,1.0
0.20000000000000004,200,7,0.01,0.2482
0.20000000000000004,200,7,0.02,0.8953
0.20000000000000004,200,7,0.03,0.9924
0.20000000000000004,200,7,0.04,0.9998
0.20000000000000004,200,7,0.05,1.0
0.20000000000000004,200,7,0.060000000000000005,1.0
0.20000000000000004,200,7,0.06999999999999999,1.0
0.20000000000000004,200,7,0.08,1.0
0.20000000000000004,200,7,0.09,1.0
0.20000000000000004,200,7,0.09999999999999999,1.0
0.20000000000000004,200,7,0.11,1.0
0.20000000000000004,200,7,0.12,1.0
0.20000000000000004,200,7,0.13,1.0
0.20000000000000004,200,7,0.14,1.0
0.20000000000000004,200,8,0.01,0.1199
0.20000000000000004,200,8,0.02,0.806
0.20000000000000004,200,8,0.03,0.9775
0.20000000000000004,200,8,0.04,0.9983
0.20000000000000004,200,8,0.05,0.9999
0.20000000000000004,200,8,0.060000000000000005,1.0
0.20000000000000004,200,8,0.06999999999999999,1.0
0.20000000000000004,200,8,0.08,1.0
0.20000000000000004,200,8,0.09,1.0
0.20000000000000004,200,8,0.09999999999999999,1.0
0.20000000000000004,200,8,0.11,1.0
0.20000000000000004,200,8,0.12,1.0
0.20000000000000004,200,8,0.13,1.0
0.20000000000000004,200,8,0.14,1.0
0.20000000000000004,250,3,0.01,0.9726
0.20000000000000004,250,3,0.02,1.0
0.20000000000000004,250,3,0.03,1.0
0.20000000000000004,250,3,0.04,1.0
0.20000000000000004,250,3,0.05,1.0
0.20000000000000004,250,3,0.060000000000000005,1.0
0.20000000000000004,250,3,0.06999999999999999,1.0
0.20000000000000004,250,3,0.08,1.0
0.20000000000000004,250,3,0.09,1.0
0.20000000000000004,250,3,0.09999999999999999,1.0
0.20000000000000004,250,3,0.11,1.0
0.20000000000000004,250,3,0.12,1.0
0.20000000000000004,250,3,0.13,1.0
0.20000000000000004,250,3,0.14,1.0
0.20000000000000004,250,4,0.01,0.9153
0.20000000000000004,250,4,0.02,0.9993
0.20000000000000004,250,4,0.03,1.0
0.20000000000000004,250,4,0.04,1.0
0.20000000000000004,250,4,0.05,1.0
0.20000000000000004,250,4,0.060000000000000005,1.0
0.20000000000000004,250,4,0.06999999999999999,1.0
0.20000000000000004,250,4,0.08,1.0
0.20000000000000004,250,4,0.09,1.0
0.20000000000000004,250,4,0.09999999999999999,1.0
0.20000000000000004,250,4,0.11,1.0
0.20000000000000004,250,4,0.12,1.0
0.20000000000000004,250,4,0.13,1.0
0.20000000000000004,250,4,0.14,1.0
0.20000000000000004,250,5,0.01,0.7961
0.20000000000000004,250,5,0.02,0.9972
0.20000000000000004,250,5,0.03,1.0
0.20000000000000004,250,5,0.04,1.0
0.20000000000000004,250,5,0.05,1.0
0.20000000000000004,250,5,0.060000000000000005,1.0
0.20000000000000004,250,5,0.06999999999999999,1.0
0.20000000000000004,250,5,0.08,1.0
0.20000000000000004,250,5,0.09,1.0
0.20000000000000004,250,5,0.09999999999999999,1.0
0.20000000000000004,250,5,0.11,1.0
0.20000000000000004,250,5,0.12,1.0
0.20000000000000004,250,5,0.13,1.0
0.20000000000000004,250,5,0.14,1.0
0.20000000000000004,250,6,0.01,0.6325
0.20000000000000004,250,6,0.02,0.9883
0.20000000000000004,250,6,0.03,0.9999
0.20000000000000004,250,6,0.04,1.0
0.20000000000000004,250,6,0.05,1.0
0.20000000000000004,250,6,0.060000000000000005,1.0
0.20000000000000004,250,6,0.06999999999999999,1.0
0.20000000000000004,250,6,0.08,1.0
0.20000000000000004,250,6,0.09,1.0
0.20000000000000004,250,6,0.09999999999999999,1.0
0.20000000000000004,250,6,0.11,1.0
0.20000000000000004,250,6,0.12,1.0
0.20000000000000004,250,6,0.13,1.0
0.20000000000000004,250,6,0.14,1.0
0.20000000000000004,250,7,0.01,0.4375
0.20000000000000004,250,7,0.02,0.9719
0.20000000000000004,250,7,0.03,0.9996
0.20000000000000004,250,7,0.04,1.0
0.20000000000000004,250,7,0.05,1.0
0.20000000000000004,250,7,0.060000000000000005,1.0
0.20000000000000004,250,7,0.06999999999999999,1.0
0.20000000000000004,250,7,0.08,1.0
0.20000000000000004,250,7,0.09,1.0
0.20000000000000004,250,7,0.09999999999999999,1.0
0.20000000000000004,250,7,0.11,1.0
0.20000000000000004,250,7,0.12,1.0
0.20000000000000004,250,7,0.13,1.0
0.20000000000000004,250,7,0.14,1.0
0.20000000000000004,250,8,0.01,0.2562
0.20000000000000004,250,8,0.02,0.9359
0.20000000000000004,250,8,0.03,0.9974
0.20000000000000004,250,8,0.04,1.0
0.20000000000000004,250,8,0.05,1.0
0.20000000000000004,250,8,0.060000000000000005,1.0
0.20000000000000004,250,8,0.06999999999999999,1.0
0.20000000000000004,250,8,0.08,1.0
0.20000000000000004,250,8,0.09,1.0
0.20000000000000004,250,8,0.09999999999999999,1.0
0.20000000000000004,250,8,0.11,1.0
0.20000000000000004,250,8,0.12,1.0
0.20000000000000004,250,8,0.13,1.0
0.20000000000000004,250,8,0.14,1.0
0.20000000000000004,300,3,0.01,0.9908
0.20000000000000004,300,3,0.02,1.0
0.20000000000000004,300,3,0.03,1.0
0.20000000000000004,300,3,0.04,1.0
0.20000000000000004,300,3,0.05,1.0
0.20000000000000004,300,3,0.060000000000000005,1.0
0.20000000000000004,300,3,0.06999999999999999,1.0
0.20000000000000004,300,3,0.08,1.0
0.20000000000000004,300,3,0.09,1.0
0.20000000000000004,300,3,0.09999999999999999,1.0
0.20000000000000004,300,3,0.11,1.0
0.20000000000000004,300,3,0.12,1.0
0.20000000000000004,300,3,0.13,1.0
0.20000000000000004,300,3,0.14,1.0
0.20000000000000004,300,4,0.01,0.9646
0.20000000000000004,300,4,0.02,0.9999
0.20000000000000004,300,4,0.03,1.0
0.20000000000000004,300,4,0.04,1.0
0.20000000000000004,300,4,0.05,1.0
0.20000000000000004,300,4,0.060000000000000005,1.0
0.20000000000000004,300,4,0.06999999999999999,1.0
0.20000000000000004,300,4,0.08,1.0
0.20000000000000004,300,4,0.09,1.0
0.20000000000000004,300,4,0.09999999999999999,1.0
0.20000000000000004,300,4,0.11,1.0
0.20000000000000004,300,4,0.12,1.0
0.20000000000000004,300,4,0.13,1.0
0.20000000000000004,300,4,0.14,1.0
0.20000000000000004,300,5,0.01,0.897
0.20000000000000004,300,5,0.02,0.9996
0.20000000000000004,300,5,0.03,1.0
0.20000000000000004,300,5,0.04,1.0
0.20000000000000004,300,5,0.05,1.0
0.20000000000000004,300,5,0.060000000000000005,1.0
0.20000000000000004,300,5,0.06999999999999999,1.0
0.20000000000000004,300,5,0.08,1.0
0.20000000000000004,300,5,0.09,1.0
0.20000000000000004,300,5,0.09999999999999999,1.0
0.20000000000000004,300,5,0.11,1.0
0.20000000000000004,300,5,0.12,1.0
0.20000000000000004,300,5,0.13,1.0
0.20000000000000004,300,5,0.14,1.0
0.20000000000000004,300,6,0.01,0.7783
0.20000000000000004,300,6,0.02,0.9983
0.20000000000000004,300,6,0.03,0.9999
0.20000000000000004,300,6,0.04,1.0
0.20000000000000004,300,6,0.05,1.0
0.20000000000000004,300,6,0.060000000000000005,1.0
0.20000000000000004,300,6,0.06999999999999999,1.0
0.20000000000000004,300,6,0.08,1.0
0.20000000000000004,300,6,0.09,1.0
0.20000000000000004,300,6,0.09999999999999999,1.0
0.20000000000000004,300,6,0.11,1.0
0.20000000000000004,300,6,0.12,1.0
0.20000000000000004,300,6,0.13,1.0
0.20000000000000004,300,6,0.14,1.0
0.20000000000000004,300,7,0.01,0.6115
0.20000000000000004,300,7,0.02,0.9939
0.20000000000000004,300,7,0.03,0.9999
0.20000000000000004,300,7,0.04,1.0
0.20000000000000004,300,7,0.05,1.0
0.20000000000000004,300,7,0.060000000000000005,1.0
0.20000000000000004,300,7,0.06999999999999999,1.0
0.20000000000000004,300,7,0.08,1.0
0.20000000000000004,300,7,0.09,1.0
0.20000000000000004,300,7,0.09999999999999999,1.0
0.20000000000000004,300,7,0.11,1.0
0.20000000000000004,300,7,0.12,1.0
0.20000000000000004,300,7,0.13,1.0
0.20000000000000004,300,7,0.14,1.0
0.20000000000000004,300,8,0.01,0.4204
0.20000000000000004,300,8,0.02,0.9823
0.20000000000000004,300,8,0.03,0.9999
0.20000000000000004,300,8,0.04,1.0
0.20000000000000004,300,8,0.05,1.0
0.20000000000000004,300,8,0.060000000000000005,1.0
0.20000000000000004,300,8,0.06999999999999999,1.0
0.20000000000000004,300,8,0.08,1.0
0.20000000000000004,300,8,0.09,1.0
0.20000000000000004,300,8,0.09999999999999999,1.0
0.20000000000000004,300,8,0.11,1.0
0.20000000000000004,300,8,0.12,1.0
0.20000000000000004,300,8,0.13,1.0
0.20000000000000004,300,8,0.14,1.0
0.20000000000000004,350,3,0.01,0.9966
0.20000000000000004,350,3,0.02,1.0
0.20000000000000004,350,3,0.03,1.0
0.20000000000000004,350,3,0.04,1.0
0.20000000000000004,350,3,0.05,1.0
0.20000000000000004,350,3,0.060000000000000005,1.0
0.20000000000000004,350,3,0.06999999999999999,1.0
0.20000000000000004,350,3,0.08,1.0
0.20000000000000004,350,3,0.09,1.0
0.20000000000000004,350,3,0.09999999999999999,1.0
0.20000000000000004,350,3,0.11,1.0
0.20000000000000004,350,3,0.12,1.0
0.20000000000000004,350,3,0.13,1.0
0.20000000000000004,350,3,0.14,1.0
0.20000000000000004,350,4,0.01,0.9854
0.20000000000000004,350,4,0.02,1.0
0.20000000000000004,350,4,0.03,1.0
0.20000000000000004,350,4,0.04,1.0
0.20000000000000004,350,4,0.05,1.0
0.20000000000000004,350,4,0.060000000000000005,1.0
0.20000000000000004,350,4,0.06999999999999999,1.0
0.20000000000000004,350,4,0.08,1.0
0.20000000000000004,350,4,0.09,1.0
0.20000000000000004,350,4,0.09999999999999999,1.0
0.20000000000000004,350,4,0.11,1.0
0.20000000000000004,350,4,0.12,1.0
0.20000000000000004,350,4,0.13,1.0
0.20000000000000004,350,4,0.14,1.0
0.20000000000000004,350,5,0.01,0.9511
0.20000000000000004,350,5,0.02,1.0
0.20000000000000004,350,5,0.03,1.0
0.20000000000000004,350,5,0.04,1.0
0.20000000000000004,350,5,0.05,1.0
0.20000000000000004,350,5,0.060000000000000005,1.0
0.20000000000000004,350,5,0.06999999999999999,1.0
0.20000000000000004,350,5,0.08,1.0
0.20000000000000004,350,5,0.09,1.0
0.20000000000000004,350,5,0.09999999999999999,1.0
0.20000000000000004,350,5,0.11,1.0
0.20000000000000004,350,5,0.12,1.0
0.20000000000000004,350,5,0.13,1.0
0.20000000000000004,350,5,0.14,1.0
0.20000000000000004,350,6,0.01,0.8784
0.20000000000000004,350,6,0.02,0.9999
0.20000000000000004,350,6,0.03,1.0
0.20000000000000004,350,6,0.04,1.0
0.20000000000000004,350,6,0.05,1.0
0.20000000000000004,350,6,0.060000000000000005,1.0
0.20000000000000004,350,6,0.06999999999999999,1.0
0.20000000000000004,350,6,0.08,1.0
0.20000000000000004,350,6,0.09,1.0
0.20000000000000004,350,6,0.09999999999999999,1.0
0.20000000000000004,350,6,0.11,1.0
0.20000000000000004,350,6,0.12,1.0
0.20000000000000004,350,6,0.13,1.0
0.20000000000000004,350,6,0.14,1.0
0.20000000000000004,350,7,0.01,0.7546
0.20000000000000004,350,7,0.02,0.9992
0.20000000000000004,350,7,0.03,0.9999
0.20000000000000004,350,7,0.04,1.0
0.20000000000000004,350,7,0.05,1.0
0.20000000000000004,350,7,0.060000000000000005,1.0
0.20000000000000004,350,7,0.06999999999999999,1.0
0.20000000000000004,350,7,0.08,1.0
0.20000000000000004,350,7,0.09,1.0
0.20000000000000004,350,7,0.09999999999999999,1.0
0.20000000000000004,350,7,0.11,1.0
0.20000000000000004,350,7,0.12,1.0
0.20000000000000004,350,7,0.13,1.0
0.20000000000000004,350,7,0.14,1.0
0.20000000000000004,350,8,0.01,0.5787
0.20000000000000004,350,8,0.02,0.9957
0.20000000000000004,350,8,0.03,0.9999
0.20000000000000004,350,8,0.04,1.0
0.20000000000000004,350,8,0.05,1.0
0.20000000000000004,350,8,0.060000000000000005,1.0
0.20000000000000004,350,8,0.06999999999999999,1.0
0.20000000000000004,350,8,0.08,1.0
0.20000000000000004,350,8,0.09,1.0
0.20000000000000004,350,8,0.09999999999999999,1.0
0.20000000000000004,350,8,0.11,1.0
0.20000000000000004,350,8,0.12,1.0
0.20000000000000004,350,8,0.13,1.0
0.20000000000000004,350,8,0.14,1.0
0.20000000000000004,400,3,0.01,0.9987
0.20000000000000004,400,3,0.02,1.0
0.20000000000000004,400,3,0.03,1.0
0.20000000000000004,400,3,0.04,1.0
0.20000000000000004,400,3,0.05,1.0
0.20000000000000004,400,3,0.060000000000000005,1.0
0.20000000000000004,400,3,0.06999999999999999,1.0
0.20000000000000004,400,3,0.08,1.0
0.20000000000000004,400,3,0.09,1.0
0.20000000000000004,400,3,0.09999999999999999,1.0
0.20000000000000004,400,3,0.11,1.0
0.20000000000000004,400,3,0.12,1.0
0.20000000000000004,400,3,0.13,1.0
0.20000000000000004,400,3,0.14,1.0
0.20000000000000004,400,4,0.01,0.9945
0.20000000000000004,400,4,0.02,1.0
0.20000000000000004,400,4,0.03,1.0
0.20000000000000004,400,4,0.04,1.0
0.20000000000000004,400,4,0.05,1.0
0.20000000000000004,400,4,0.060000000000000005,1.0
0.20000000000000004,400,4,0.06999999999999999,1.0
0.20000000000000004,400,4,0.08,1.0
0.20000000000000004,400,4,0.09,1.0
0.20000000000000004,400,4,0.09999999999999999,1.0
0.20000000000000004,400,4,0.11,1.0
0.20000000000000004,400,4,0.12,1.0
0.20000000000000004,400,4,0.13,1.0
0.20000000000000004,400,4,0.14,1.0
0.20000000000000004,400,5,0.01,0.9775
0.20000000000000004,400,5,0.02,1.0
0.20000000000000004,400,5,0.03,1.0
0.20000000000000004,400,5,0.04,1.0
0.20000000000000004,400,5,0.05,1.0
0.20000000000000004,400,5,0.060000000000000005,1.0
0.20000000000000004,400,5,0.06999999999999999,1.0
0.20000000000000004,400,5,0.08,1.0
0.20000000000000004,400,5,0.09,1.0
0.20000000000000004,400,5,0.09999999999999999,1.0
0.20000000000000004,400,5,0.11,1.0
0.20000000000000004,400,5,0.12,1.0
0.20000000000000004,400,5,0.13,1.0
0.20000000000000004,400,5,0.14,1.0
0.20000000000000004,400,6,0.01,0.937
0.20000000000000004,400,6,0.02,1.0
0.20000000000000004,400,6,0.03,1.0
0.20000000000000004,400,6,0.04,1.0
0.20000000000000004,400,6,0.05,1.0
0.20000000000000004,400,6,0.060000000000000005,1.0
0.20000000000000004,400,6,0.06999999999999999,1.0
0.20000000000000004,400,6,0.08,1.0
0.20000000000000004,400,6,0.09,1.0
0.20000000000000004,400,6,0.09999999999999999,1.0
0.20000000000000004,400,6,0.11,1.0
0.20000000000000004,400,6,0.12,1.0
0.20000000000000004,400,6,0.13,1.0
0.20000000000000004,400,6,0.14,1.0
0.20000000000000004,400,7,0.01,0.8503
0.20000000000000004,400,7,0.02,0.9999
0.20000000000000004,400,7,0.03,1.0
0.20000000000000004,400,7,0.04,1.0
0.20000000000000004,400,7,0.05,1.0
0.20000000000000004,400,7,0.060000000000000005,1.0
0.20000000000000004,400,7,0.06999999999999999,1.0
0.20000000000000004,400,7,0.08,1.0
0.20000000000000004,400,7,0.09,1.0
0.20000000000000004,400,7,0.09999999999999999,1.0
0.20000000000000004,400,7,0.11,1.0
0.20000000000000004,400,7,0.12,1.0
0.20000000000000004,400,7,0.13,1.0
0.20000000000000004,400,7,0.14,1.0
0.20000000000000004,400,8,0.01,0.7172
0.20000000000000004,400,8,0.02,0.9995
0.20000000000000004,400,8,0.03,1.0
0.20000000000000004,400,8,0.04,1.0
0.20000000000000004,400,8,0.05,1.0
0.20000000000000004,400,8,0.060000000000000005,1.0
0.20000000000000004,400,8,0.06999999999999999,1.0
0.20000000000000004,400,8,0.08,1.0
0.20000000000000004,400,8,0.09,1.0
0.20000000000000004,400,8,0.09999999999999999,1.0
0.20000000000000004,400,8,0.11,1.0
0.20000000000000004,400,8,0.12,1.0
0.20000000000000004,400,8,0.13,1.0
0.20000000000000004,400,8,0.14,1.0
0.20000000000000004,450,3,0.01,0.9998
0.20000000000000004,450,3,0.02,1.0
0.20000000000000004,450,3,0.03,1.0
0.20000000000000004,450,3,0.04,1.0
0.20000000000000004,450,3,0.05,1.0
0.20000000000000004,450,3,0.060000000000000005,1.0
0.20000000000000004,450,3,0.06999999999999999,1.0
0.20000000000000004,450,3,0.08,1.0
0.20000000000000004,450,3,0.09,1.0
0.20000000000000004,450,3,0.09999999999999999,1.0
0.20000000000000004,450,3,0.11,1.0
0.20000000000000004,450,3,0.12,1.0
0.20000000000000004,450,3,0.13,1.0
0.20000000000000004,450,3,0.14,1.0
0.20000000000000004,450,4,0.01,0.9975
0.20000000000000004,450,4,0.02,1.0
0.20000000000000004,450,4,0.03,1.0
0.20000000000000004,450,4,0.04,1.0
0.20000000000000004,450,4,0.05,1.0
0.20000000000000004,450,4,0.060000000000000005,1.0
0.20000000000000004,450,4,0.06999999999999999,1.0
0.20000000000000004,450,4,0.08,1.0
0.20000000000000004,450,4,0.09,1.0
0.20000000000000004,450,4,0.09999999999999999,1.0
0.20000000000000004,450,4,0.11,1.0
0.20000000000000004,450,4,0.12,1.0
0.20000000000000004,450,4,0.13,1.0
0.20000000000000004,450,4,0.14,1.0
0.20000000000000004,450,5,0.01,0.9901
0.20000000000000004,450,5,0.02,1.0
0.20000000000000004,450,5,0.03,1.0
0.20000000000000004,450,5,0.04,1.0
0.20000000000000004,450,5,0.05,1.0
0.20000000000000004,450,5,0.060000000000000005,1.0
0.20000000000000004,450,5,0.06999999999999999,1.0
0.20000000000000004,450,5,0.08,1.0
0.20000000000000004,450,5,0.09,1.0
0.20000000000000004,450,5,0.09999999999999999,1.0
0.20000000000000004,450,5,0.11,1.0
0.20000000000000004,450,5,0.12,1.0
0.20000000000000004,450,5,0.13,1.0
0.20000000000000004,450,5,0.14,1.0
0.20000000000000004,450,6,0.01,0.9673
0.20000000000000004,450,6,0.02,1.0
0.20000000000000004,450,6,0.03,1.0
0.20000000000000004,450,6,0.04,1.0
0.20000000000000004,450,6,0.05,1.0
0.20000000000000004,450,6,0.060000000000000005,1.0
0.20000000000000004,450,6,0.06999999999999999,1.0
0.20000000000000004,450,6,0.08,1.0
0.20000000000000004,450,6,0.09,1.0
0.20000000000000004,450,6,0.09999999999999999,1.0
0.20000000000000004,450,6,0.11,1.0
0.20000000000000004,450,6,0.12,1.0
0.20000000000000004,450,6,0.13,1.0
0.20000000000000004,450,6,0.14,1.0
0.20000000000000004,450,7,0.01,0.9168
0.20000000000000004,450,7,0.02,1.0
0.20000000000000004,450,7,0.03,1.0
0.20000000000000004,450,7,0.04,1.0
0.20000000000000004,450,7,0.05,1.0
0.20000000000000004,450,7,0.060000000000000005,1.0
0.20000000000000004,450,7,0.06999999999999999,1.0
0.20000000000000004,450,7,0.08,1.0
0.20000000000000004,450,7,0.09,1.0
0.20000000000000004,450,7,0.09999999999999999,1.0
0.20000000000000004,450,7,0.11,1.0
0.20000000000000004,450,7,0.12,1.0
0.20000000000000004,450,7,0.13,1.0
0.20000000000000004,450,7,0.14,1.0
0.20000000000000004,450,8,0.01,0.8207
0.20000000000000004,450,8,0.02,1.0
0.20000000000000004,450,8,0.03,1.0
0.20000000000000004,450,8,0.04,1.0
0.20000000000000004,450,8,0.05,1.0
0.20000000000000004,450,8,0.060000000000000005,1.0
0.20000000000000004,450,8,0.06999999999999999,1.0
0.20000000000000004,450,8,0.08,1.0
0.20000000000000004,450,8,0.09,1.0
0.20000000000000004,450,8,0.09999999999999999,1.0
0.20000000000000004,450,8,0.11,1.0
0.20000000000000004,450,8,0.12,1.0
0.20000000000000004,450,8,0.13,1.0
0.20000000000000004,450,8,0.14,1.0
0.20000000000000004,500,3,0.01,0.9998
0.20000000000000004,500,3,0.02,1.0
0.20000000000000004,500,3,0.03,1.0
0.20000000000000004,500,3,0.04,1.0
0.20000000000000004,500,3,0.05,1.0
0.20000000000000004,500,3,0.060000000000000005,1.0
0.20000000000000004,500,3,0.06999999999999999,1.0
0.20000000000000004,500,3,0.08,1.0
0.20000000000000004,500,3,0.09,1.0
0.20000000000000004,500,3,0.09999999999999999,1.0
0.20000000000000004,500,3,0.11,1.0
0.20000000000000004,500,3,0.12,1.0
0.20000000000000004,500,3,0.13,1.0
0.20000000000000004,500,3,0.14,1.0
0.20000000000000004,500,4,0.01,0.999
0.20000000000000004,500,4,0.02,1.0
0.20000000000000004,500,4,0.03,1.0
0.20000000000000004,500,4,0.04,1.0
0.20000000000000004,500,4,0.05,1.0
0.20000000000000004,500,4,0.060000000000000005,1.0
0.20000000000000004,500,4,0.06999999999999999,1.0
0.20000000000000004,500,4,0.08,1.0
0.20000000000000004,500,4,0.09,1.0
0.20000000000000004,500,4,0.09999999999999999,1.0
0.20000000000000004,500,4,0.11,1.0
0.20000000000000004,500,4,0.12,1.0
0.20000000000000004,500,4,0.13,1.0
0.20000000000000004,500,4,0.14,1.0
0.20000000000000004,500,5,0.01,0.996
0.20000000000000004,500,5,0.02,1.0
0.20000000000000004,500,5,0.03,1.0
0.20000000000000004,500,5,0.04,1.0
0.20000000000000004,500,5,0.05,1.0
0.20000000000000004,500,5,0.060000000000000005,1.0
0.20000000000000004,500,5,0.06999999999999999,1.0
0.20000000000000004,500,5,0.08,1.0
0.20000000000000004,500,5,0.09,1.0
0.20000000000000004,500,5,0.09999999999999999,1.0
0.20000000000000004,500,5,0.11,1.0
0.20000000000000004,500,5,0.12,1.0
0.20000000000000004,500,5,0.13,1.0
0.20000000000000004,500,5,0.14,1.0
0.20000000000000004,500,6,0.01,0.9841
0.20000000000000004,500,6,0.02,1.0
0.20000000000000004,500,6,0.03,1.0
0.20000000000000004,500,6,0.04,1.0
0.20000000000000004,500,6,0.05,1.0
0.20000000000000004,500,6,0.060000000000000005,1.0
0.20000000000000004,500,6,0.06999999999999999,1.0
0.20000000000000004,500,6,0.08,1.0
0.20000000000000004,500,6,0.09,1.0
0.20000000000000004,500,6,0.09999999999999999,1.0
0.20000000000000004,500,6,0.11,1.0
0.20000000000000004,500,6,0.12,1.0
0.20000000000000004,500,6,0.13,1.0
0.20000000000000004,500,6,0.14,1.0
0.20000000000000004,500,7,0.01,0.9552
0.20000000000000004,500,7,0.02,1.0
0.20000000000000004,500,7,0.03,1.0
0.20000000000000004,500,7,0.04,1.0
0.20000000000000004,500,7,0.05,1.0
0.20000000000000004,500,7,0.060000000000000005,1.0
0.20000000000000004,500,7,0.06999999999999999,1.0
0.20000000000000004,500,7,0.08,1.0
0.20000000000000004,500,7,0.09,1.0
0.20000000000000004,500,7,0.09999999999999999,1.0
0.20000000000000004,500,7,0.11,1.0
0.20000000000000004,500,7,0.12,1.0
0.20000000000000004,500,7,0.13,1.0
0.20000000000000004,500,7,0.14,1.0
0.20000000000000004,500,8,0.01,0.893
0.20000000000000004,500,8,0.02,1.0
0.20000000000000004,500,8,0.03,1.0
0.20000000000000004,500,8,0.04,1.0
0.20000000000000004,500,8,0.05,1.0
0.20000000000000004,500,8,0.060000000000000005,1.0
0.20000000000000004,500,8,0.06999999999999999,1.0
0.20000000000000004,500,8,0.08,1.0
0.20000000000000004,500,8,0.09,1.0
0.20000000000000004,500,8,0.09999999999999999,1.0
0.20000000000000004,500,8,0.11,1.0
0.20000000000000004,500,8,0.12,1.0
0.20000000000000004,500,8,0.13,1.0
0.20000000000000004,500,8,0.14,1.0
0.20000000000000004,550,3,0.01,1.0
0.20000000000000004,550,3,0.02,1.0
0.20000000000000004,550,3,0.03,1.0
0.20000000000000004,550,3,0.04,1.0
0.20000000000000004,550,3,0.05,1.0
0.20000000000000004,550,3,0.060000000000000005,1.0
0.20000000000000004,550,3,0.06999999999999999,1.0
0.20000000000000004,550,3,0.08,1.0
0.20000000000000004,550,3,0.09,1.0
0.20000000000000004,550,3,0.09999999999999999,1.0
0.20000000000000004,550,3,0.11,1.0
0.20000000000000004,550,3,0.12,1.0
0.20000000000000004,550,3,0.13,1.0
0.20000000000000004,550,3,0.14,1.0
0.20000000000000004,550,4,0.01,0.9997
0.20000000000000004,550,4,0.02,1.0
0.20000000000000004,550,4,0.03,1.0
0.20000000000000004,550,4,0.04,1.0
0.20000000000000004,550,4,0.05,1.0
0.20000000000000004,550,4,0.060000000000000005,1.0
0.20000000000000004,550,4,0.06999999999999999,1.0
0.20000000000000004,550,4,0.08,1.0
0.20000000000000004,550,4,0.09,1.0
0.20000000000000004,550,4,0.09999999999999999,1.0
0.20000000000000004,550,4,0.11,1.0
0.20000000000000004,550,4,0.12,1.0
0.20000000000000004,550,4,0.13,1.0
0.20000000000000004,550,4,0.14,1.0
0.20000000000000004,550,5,0.01,0.9983
0.20000000000000004,550,5,0.02,1.0
0.20000000000000004,550,5,0.03,1.0
0.20000000000000004,550,5,0.04,1.0
0.20000000000000004,550,5,0.05,1.0
0.20000000000000004,550,5,0.060000000000000005,1.0
0.20000000000000004,550,5,0.06999999999999999,1.0
0.20000000000000004,550,5,0.08,1.0
0.20000000000000004,550,5,0.09,1.0
0.20000000000000004,550,5,0.09999999999999999,1.0
0.20000000000000004,550,5,0.11,1.0
0.20000000000000004,550,5,0.12,1.0
0.20000000000000004,550,5,0.13,1.0
0.20000000000000004,550,5,0.14,1.0
0.20000000000000004,550,6,0.01,0.993
0.20000000000000004,550,6,0.02,1.0
0.20000000000000004,550,6,0.03,1.0
0.20000000000000004,550,6,0.04,1.0
0.20000000000000004,550,6,0.05,1.0
0.20000000000000004,550,6,0.060000000000000005,1.0
0.20000000000000004,550,6,0.06999999999999999,1.0
0.20000000000000004,550,6,0.08,1.0
0.20000000000000004,550,6,0.09,1.0
0.20000000000000004,550,6,0.09999999999999999,1.0
0.20000000000000004,550,6,0.11,1.0
0.20000000000000004,550,6,0.12,1.0
0.20000000000000004,550,6,0.13,1.0
0.20000000000000004,550,6,0.14,1.0
0.20000000000000004,550,7,0.01,0.978
0.20000000000000004,550,7,0.02,1.0
0.20000000000000004,550,7,0.03,1.0
0.20000000000000004,550,7,0.04,1.0
0.20000000000000004,550,7,0.05,1.0
0.20000000000000004,550,7,0.060000000000000005,1.0
0.20000000000000004,550,7,0.06999999999999999,1.0
0.20000000000000004,550,7,0.08,1.0
0.20000000000000004,550,7,0.09,1.0
0.20000000000000004,550,7,0.09999999999999999,1.0
0.20000000000000004,550,7,0.11,1.0
0.20000000000000004,550,7,0.12,1.0
0.20000000000000004,550,7,0.13,1.0
0.20000000000000004,550,7,0.14,1.0
0.20000000000000004,550,8,0.01,0.9376
0.20000000000000004,550,8,0.02,1.0
0.20000000000000004,550,8,0.03,1.0
0.20000000000000004,550,8,0.04,1.0
0.20000000000000004,550,8,0.05,1.0
0.20000000000000004,550,8,0.060000000000000005,1.0
0.20000000000000004,550,8,0.06999999999999999,1.0
0.20000000000000004,550,8,0.08,1.0
0.20000000000000004,550,8,0.09,1.0
0.20000000000000004,550,8,0.09999999999999999,1.0
0.20000000000000004,550,8,0.11,1.0
0.20000000000000004,550,8,0.12,1.0
0.20000000000000004,550,8,0.13,1.0
0.20000000000000004,550,8,0.14,1.0
0.20000000000000004,600,3,0.01,1.0
0.20000000000000004,600,3,0.02,1.0
0.20000000000000004,600,3,0.03,1.0
0.20000000000000004,600,3,0.04,1.0
0.20000000000000004,600,3,0.05,1.0
0.20000000000000004,600,3,0.060000000000000005,1.0
0.20000000000000004,600,3,0.06999999999999999,1.0
0.20000000000000004,600,3,0.08,1.0
0.20000000000000004,600,3,0.09,1.0
0.20000000000000004,600,3,0.09999999999999999,1.0
0.20000000000000004,600,3,0.11,1.0
0.20000000000000004,600,3,0.12,1.0
0.20000000000000004,600,3,0.13,1.0
0.20000000000000004,600,3,0.14,1.0
0.20000000000000004,600,4,0.01,0.9998
0.20000000000000004,600,4,0.02,1.0
0.20000000000000004,600,4,0.03,1.0
0.20000000000000004,600,4,0.04,1.0
0.20000000000000004,600,4,0.05,1.0
0.20000000000000004,600,4,0.060000000000000005,1.0
0.20000000000000004,600,4,0.06999999999999999,1.0
0.20000000000000004,600,4,0.08,1.0
0.20000000000000004,600,4,0.09,1.0
0.20000000000000004,600,4,0.09999999999999999,1.0
0.20000000000000004,600,4,0.11,1.0
0.20000000000000004,600,4,0.12,1.0
0.20000000000000004,600,4,0.13,1.0
0.20000000000000004,600,4,0.14,1.0
0.20000000000000004,600,5,0.01,0.999
0.20000000000000004,600,5,0.02,1.0
0.20000000000000004,600,5,0.03,1.0
0.20000000000000004,600,5,0.04,1.0
0.20000000000000004,600,5,0.05,1.0
0.20000000000000004,600,5,0.060000000000000005,1.0
0.20000000000000004,600,5,0.06999999999999999,1.0
0.20000000000000004,600,5,0.08,1.0
0.20000000000000004,600,5,0.09,1.0
0.20000000000000004,600,5,0.09999999999999999,1.0
0.20000000000000004,600,5,0.11,1.0
0.20000000000000004,600,5,0.12,1.0
0.20000000000000004,600,5,0.13,1.0
0.20000000000000004,600,5,0.14,1.0
0.20000000000000004,600,6,0.01,0.9961
0.20000000000000004,600,6,0.02,1.0
0.20000000000000004,600,6,0.03,1.0
0.20000000000000004,600,6,0.04,1.0
0.20000000000000004,600,6,0.05,1.0
0.20000000000000004,600,6,0.060000000000000005,1.0
0.20000000000000004,600,6,0.06999999999999999,1.0
0.20000000000000004,600,6,0.08,1.0
0.20000000000000004,600,6,0.09,1.0
0.20000000000000004,600,6,0.09999999999999999,1.0
0.20000000000000004,600,6,0.11,1.0
0.20000000000000004,600,6,0.12,1.0
0.20000000000000004,600,6,0.13,1.0
0.20000000000000004,600,6,0.14,1.0
0.20000000000000004,600,7,0.01,0.9887
0.20000000000000004,600,7,0.02,1.0
0.20000000000000004,600,7,0.03,1.0
0.20000000000000004,600,7,0.04,1.0
0.20000000000000004,600,7,0.05,1.0
0.20000000000000004,600,7,0.060000000000000005,1.0
0.20000000000000004,600,7,0.06999999999999999,1.0
0.20000000000000004,600,7,0.08,1.0
0.20000000000000004,600,7,0.09,1.0
0.20000000000000004,600,7,0.09999999999999999,1.0
0.20000000000000004,600,7,0.11,1.0
0.20000000000000004,600,7,0.12,1.0
0.20000000000000004,600,7,0.13,1.0
0.20000000000000004,600,7,0.14,1.0
0.20000000000000004,600,8,0.01,0.9669
0.20000000000000004,600,8,0.02,1.0
0.20000000000000004,600,8,0.03,1.0
0.20000000000000004,600,8,0.04,1.0
0.20000000000000004,600,8,0.05,1.0
0.20000000000000004,600,8,0.060000000000000005,1.0
0.20000000000000004,600,8,0.06999999999999999,1.0
0.20000000000000004,600,8,0.08,1.0
0.20000000000000004,600,8,0.09,1.0
0.20000000000000004,600,8,0.09999999999999999,1.0
0.20000000000000004,600,8,0.11,1.0
0.20000000000000004,600,8,0.12,1.0
0.20000000000000004,600,8,0.13,1.0
0.20000000000000004,600,8,0.14,1.0
0.20000000000000004,650,3,0.01,1.0
0.20000000000000004,650,3,0.02,1.0
0.20000000000000004,650,3,0.03,1.0
0.20000000000000004,650,3,0.04,1.0
0.20000000000000004,650,3,0.05,1.0
0.20000000000000004,650,3,0.060000000000000005,1.0
0.20000000000000004,650,3,0.06999999999999999,1.0
0.20000000000000004,650,3,0.08,1.0
0.20000000000000004,650,3,0.09,1.0
0.20000000000000004,650,3,0.09999999999999999,1.0
0.20000000000000004,650,3,0.11,1.0
0.20000000000000004,650,3,0.12,1.0
0.20000000000000004,650,3,0.13,1.0
0.20000000000000004,650,3,0.14,1.0
0.20000000000000004,650,4,0.01,0.9998
0.20000000000000004,650,4,0.02,1.0
0.20000000000000004,650,4,0.03,1.0
0.20000000000000004,650,4,0.04,1.0
0.20000000000000004,650,4,0.05,1.0
0.20000000000000004,650,4,0.060000000000000005,1.0
0.20000000000000004,650,4,0.06999999999999999,1.0
0.20000000000000004,650,4,0.08,1.0
0.20000000000000004,650,4,0.09,1.0
0.20000000000000004,650,4,0.09999999999999999,1.0
0.20000000000000004,650,4,0.11,1.0
0.20000000000000004,650,4,0.12,1.0
0.20000000000000004,650,4,0.13,1.0
0.20000000000000004,650,4,0.14,1.0
0.20000000000000004,650,5,0.01,0.9995
0.20000000000000004,650,5,0.02,1.0
0.20000000000000004,650,5,0.03,1.0
0.20000000000000004,650,5,0.04,1.0
0.20000000000000004,650,5,0.05,1.0
0.20000000000000004,650,5,0.060000000000000005,1.0
0.20000000000000004,650,5,0.06999999999999999,1.0
0.20000000000000004,650,5,0.08,1.0
0.20000000000000004,650,5,0.09,1.0
0.20000000000000004,650,5,0.09999999999999999,1.0
0.20000000000000004,650,5,0.11,1.0
0.20000000000000004,650,5,0.12,1.0
0.20000000000000004,650,5,0.13,1.0
0.20000000000000004,650,5,0.14,1.0
0.20000000000000004,650,6,0.01,0.9981
0.20000000000000004,650,6,0.02,1.0
0.20000000000000004,650,6,0.03,1.0
0.20000000000000004,650,6,0.04,1.0
0.20000000000000004,650,6,0.05,1.0
0.20000000000000004,650,6,0.060000000000000005,1.0
0.20000000000000004,650,6,0.06999999999999999,1.0
0.20000000000000004,650,6,0.08,1.0
0.20000000000000004,650,6,0.09,1.0
0.20000000000000004,650,6,0.09999999999999999,1.0
0.20000000000000004,650,6,0.11,1.0
0.20000000000000004,650,6,0.12,1.0
0.20000000000000004,650,6,0.13,1.0
0.20000000000000004,650,6,0.14,1.0
0.20000000000000004,650,7,0.01,0.9941
0.20000000000000004,650,7,0.02,1.0
0.20000000000000004,650,7,0.03,1.0
0.20000000000000004,650,7,0.04,1.0
0.20000000000000004,650,7,0.05,1.0
0.20000000000000004,650,7,0.060000000000000005,1.0
0.20000000000000004,650,7,0.06999999999999999,1.0
0.20000000000000004,650,7,0.08,1.0
0.20000000000000004,650,7,0.09,1.0
0.20000000000000004,650,7,0.09999999999999999,1.0
0.20000000000000004,650,7,0.11,1.0
0.20000000000000004,650,7,0.12,1.0
0.20000000000000004,650,7,0.13,1.0
0.20000000000000004,650,7,0.14,1.0
0.20000000000000004,650,8,0.01,0.9814
0.20000000000000004,650,8,0.02,1.0
0.20000000000000004,650,8,0.03,1.0
0.20000000000000004,650,8,0.04,1.0
0.20000000000000004,650,8,0.05,1.0
0.20000000000000004,650,8,0.060000000000000005,1.0
0.20000000000000004,650,8,0.06999999999999999,1.0
0.20000000000000004,650,8,0.08,1.0
0.20000000000000004,650,8,0.09,1.0
0.20000000000000004,650,8,0.09999999999999999,1.0
0.20000000000000004,650,8,0.11,1.0
0.20000000000000004,650,8,0.12,1.0
0.20000000000000004,650,8,0.13,1.0
0.20000000000000004,650,8,0.14,1.0
0.30000000000000004,50,3,0.01,0.5042
0.30000000000000004,50,3,0.02,0.8589
0.30000000000000004,50,3,0.03,0.9556
0.30000000000000004,50,3,0.04,0.9871
0.30000000000000004,50,3,0.05,0.9958
0.30000000000000004,50,3,0.060000000000000005,0.9987
0.30000000000000004,50,3,0.06999999999999999,0.9995
0.30000000000000004,50,3,0.08,0.9998
0.30000000000000004,50,3,0.09,1.0
0.30000000000000004,50,3,0.09999999999999999,1.0
0.30000000000000004,50,3,0.11,1.0
0.30000000000000004,50,3,0.12,1.0
0.30000000000000004,50,3,0.13,1.0
0.30000000000000004,50,3,0.14,1.0
0.30000000000000004,50,4,0.01,0.2627
0.30000000000000004,50,4,0.02,0.6924
0.30000000000000004,50,4,0.03,0.8786
0.30000000000000004,50,4,0.04,0.9539
0.30000000000000004,50,4,0.05,0.9819
0.30000000000000004,50,4,0.060000000000000005,0.9916
0.30000000000000004,50,4,0.06999999999999999,0.9968
0.30000000000000004,50,4,0.08,0.9983
0.30000000000000004,50,4,0.09,0.9998
0.30000000000000004,50,4,0.09999999999999999,0.9999
0.30000000000000004,50,4,0.11,1.0
0.30000000000000004,50,4,0.12,1.0
0.30000000000000004,50,4,0.13,1.0
0.30000000000000004,50,4,0.14,1.0
0.30000000000000004,50,5,0.01,0.1083
0.30000000000000004,50,5,0.02,0.4837
0.30000000000000004,50,5,0.03,0.7537
0.30000000000000004,50,5,0.04,0.8899
0.30000000000000004,50,5,0.05,0.9485
0.30000000000000004,50,5,0.060000000000000005,0.9762
0.30000000000000004,50,5,0.06999999999999999,0.988
0.30000000000000004,50,5,0.08,0.9937
0.30000000000000004,50,5,0.09,0.9969
0.30000000000000004,50,5,0.09999999999999999,0.9982
0.30000000000000004,50,5,0.11,0.9992
0.30000000000000004,50,5,0.12,0.9997
0.30000000000000004,50,5,0.13,0.9997
0.30000000000000004,50,5,0.14,1.0
0.30000000000000004,50,6,0.01,0.033
0.30000000000000004,50,6,0.02,0.2902
0.30000000000000004,50,6,0.03,0.5758
0.30000000000000004,50,6,0.04,0.783
0.30000000000000004,50,6,0.05,0.8828
0.30000000000000004,50,6,0.060000000000000005,0.9387
0.30000000000000004,50,6,0.06999999999999999,0.9689
0.30000000000000004,50,6,0.08,0.9831
0.30000000000000004,50,6,0.09,0.9905
0.30000000000000004,50,6,0.09999999999999999,0.9949
0.30000000000000004,50,6,0.11,0.997
0.30000000000000004,50,6,0.12,0.9983
0.30000000000000004,50,6,0.13,0.9991
0.30000000000000004,50,6,0.14,0.9996
0.30000000000000004,50,7,0.01,0.0084
0.30000000000000004,50,7,0.02,0.1566
0.30000000000000004,50,7,0.03,0.3928
0.30000000000000004,50,7,0.04,0.6315
0.30000000000000004,50,7,0.05,0.7758
0.30000000000000004,50,7,0.060000000000000005,0.8712
0.30000000000000004,50,7,0.06999999999999999,0.929
0.30000000000000004,50,7,0.08,0.9558
0.30000000000000004,50,7,0.09,0.9749
0.30000000000000004,50,7,0.09999999999999999,0.9848
0.30000000000000004,50,7,0.11,0.9926
0.30000000000000004,50,7,0.12,0.9956
0.30000000000000004,50,7,0.13,0.9977
0.30000000000000004,50,7,0.14,0.9988
0.30000000000000004,50,8,0.01,0.0014
0.30000000000000004,50,8,0.02,0.0676
0.30000000000000004,50,8,0.03,0.2392
0.30000000000000004,50,8,0.04,0.4605
0.30000000000000004,50,8,0.05,0.6391
0.30000000000000004,50,8,0.060000000000000005,0.7727
0.30000000000000004,50,8,0.06999999999999999,0.8597
0.30000000000000004,50,8,0.08,0.9104
0.30000000000000004,50,8,0.09,0.9458
0.30000000000000004,50,8,0.09999999999999999,0.9652
0.30000000000000004,50,8,0.11,0.9785
0.30000000000000004,50,8,0.12,0.9863
0.30000000000000004,50,8,0.13,0.992
0.30000000000000004,50,8,0.14,0.9949
0.30000000000000004,100,3,0.01,0.8636
0.30000000000000004,100,3,0.02,0.9923
0.30000000000000004,100,3,0.03,0.9992
0.30000000000000004,100,3,0.04,1.0
0.30000000000000004,100,3,0.05,1.0
0.30000000000000004,100,3,0.060000000000000005,1.0
0.30000000000000004,100,3,0.06999999999999999,1.0
0.30000000000000004,100,3,0.08,1.0
0.30000000000000004,100,3,0.09,1.0
0.30000000000000004,100,3,0.09999999999999999,1.0
0.30000000000000004,100,3,0.11,1.0
0.30000000000000004,100,3,0.12,1.0
0.30000000000000004,100,3,0.13,1.0
0.30000000000000004,100,3,0.14,1.0
0.30000000000000004,100,4,0.01,0.6902
0.30000000000000004,100,4,0.02,0.9729
0.30000000000000004,100,4,0.03,0.9956
0.30000000000000004,100,4,0.04,0.9995
0.30000000000000004,100,4,0.05,1.0
0.30000000000000004,100,4,0.060000000000000005,1.0
0.30000000000000004,100,4,0.06999999999999999,1.0
0.30000000000000004,100,4,0.08,1.0
0.30000000000000004,100,4,0.09,1.0
0.30000000000000004,100,4,0.09999999999999999,1.0
0.30000000000000004,100,4,0.11,1.0
0.30000000000000004,100,4,0.12,1.0
0.30000000000000004,100,4,0.13,1.0
0.30000000000000004,100,4,0.14,1.0
0.30000000000000004,100,5,0.01,0.4774
0.30000000000000004,100,5,0.02,0.9251
0.30000000000000004,100,5,0.03,0.9892
0.30000000000000004,100,5,0.04,0.9987
0.30000000000000004,100,5,0.05,1.0
0.30000000000000004,100,5,0.060000000000000005,1.0
0.30000000000000004,100,5,0.06999999999999999,1.0
0.30000000000000004,100,5,0.08,1.0
0.30000000000000004,100,5,0.09,1.0
0.30000000000000004,100,5,0.09999999999999999,1.0
0.30000000000000004,100,5,0.11,1.0
0.30000000000000004,100,5,0.12,1.0
0.30000000000000004,100,5,0.13,1.0
0.30000000000000004,100,5,0.14,1.0
0.30000000000000004,100,6,0.01,0.2732
0.30000000000000004,100,6,0.02,0.8399
0.30000000000000004,100,6,0.03,0.9727
0.30000000000000004,100,6,0.04,0.9961
0.30000000000000004,100,6,0.05,0.9995
0.30000000000000004,100,6,0.060000000000000005,1.0
0.30000000000000004,100,6,0.06999999999999999,1.0
0.30000000000000004,100,6,0.08,1.0
0.30000000000000004,100,6,0.09,1.0
0.30000000000000004,100,6,0.09999999999999999,1.0
0.30000000000000004,100,6,0.11,1.0
0.30000000000000004,100,6,0.12,1.0
0.30000000000000004,100,6,0.13,1.0
0.30000000000000004,100,6,0.14,1.0
0.30000000000000004,100,7,0.01,0.129
0.30000000000000004,100,7,0.02,0.7109
0.30000000000000004,100,7,0.03,0.9368
0.30000000000000004,100,7,0.04,0.9886
0.30000000000000004,100,7,0.05,0.9976
0.30000000000000004,100,7,0.060000000000000005,0.9994
0.30000000000000004,100,7,0.06999999999999999,0.9999
0.30000000000000004,100,7,0.08,1.0
0.30000000000000004,100,7,0.09,1.0
0.30000000000000004,100,7,0.09999999999999999,1.0
0.30000000000000004,100,7,0.11,1.0
0.30000000000000004,100,7,0.12,1.0
0.30000000000000004,100,7,0.13,1.0
0.30000000000000004,100,7,0.14,1.0
0.30000000000000004,100,8,0.01,0.0494
0.30000000000000004,100,8,0.02,0.5495
0.30000000000000004,100,8,0.03,0.8732
0.30000000000000004,100,8,0.04,0.9687
0.30000000000000004,100,8,0.05,0.993
0.30000000000000004,100,8,0.060000000000000005,0.9981
0.30000000000000004,100,8,0.06999999999999999,0.9994
0.30000000000000004,100,8,0.08,1.0
0.30000000000000004,100,8,0.09,1.0
0.30000000000000004,100,8,0.09999999999999999,1.0
0.30000000000000004,100,8,0.11,1.0
0.30000000000000004,100,8,0.12,1.0
0.30000000000000004,100,8,0.13,1.0
0.30000000000000004,100,8,0.14,1.0
0.30000000000000004,150,3,0.01,0.9679
0.30000000000000004,150,3,0.02,0.9994
0.30000000000000004,150,3,0.03,1.0
0.30000000000000004,150,3,0.04,1.0
0.30000000000000004,150,3,0.05,1.0
0.30000000000000004,150,3,0.060000000000000005,1.0
0.30000000000000004,150,3,0.06999999999999999,1.0
0.30000000000000004,150,3,0.08,1.0
0.30000000000000004,150,3,0.09,1.0
0.30000000000000004,150,3,0.09999999999999999,1.0
0.30000000000000004,150,3,0.11,1.0
0.30000000000000004,150,3,0.12,1.0
0.30000000000000004,150,3,0.13,1.0
0.30000000000000004,150,3,0.14,1.0
0.30000000000000004,150,4,0.01,0.9024
0.30000000000000004,150,4,0.02,0.9975
0.30000000000000004,150,4,0.03,1.0
0.30000000000000004,150,4,0.04,1.0
0.30000000000000004,150,4,0.05,1.0
0.30000000000000004,150,4,0.060000000000000005,1.0
0.30000000000000004,150,4,0.06999999999999999,1.0
0.30000000000000004,150,4,0.08,1.0
0.30000000000000004,150,4,0.09,1.0
0.30000000000000004,150,4,0.09999999999999999,1.0
0.30000000000000004,150,4,0.11,1.0
0.30000000000000004,150,4,0.12,1.0
0.30000000000000004,150,4,0.13,1.0
0.30000000000000004,150,4,0.14,1.0
0.30000000000000004,150,5,0.01,0.7707
0.30000000000000004,150,5,0.02,0.9933
0.30000000000000004,150,5,0.03,0.9997
0.30000000000000004,150,5,0.04,1.0
0.30000000000000004,150,5,0.05,1.0
0.30000000000000004,150,5,0.060000000000000005,1.0
0.30000000000000004,150,5,0.06999999999999999,1.0
0.30000000000000004,150,5,0.08,1.0
0.30000000000000004,150,5,0.09,1.0
0.30000000000000004,150,5,0.09999999999999999,1.0
0.30000000000000004,150,5,0.11,1.0
0.30000000000000004,150,5,0.12,1.0
0.30000000000000004,150,5,0.13,1.0
0.30000000000000004,150,5,0.14,1.0
0.30000000000000004,150,6,0.01,0.5882
0.30000000000000004,150,6,0.02,0.9795
0.30000000000000004,150,6,0.03,0.999
0.30000000000000004,150,6,0.04,1.0
0.30000000000000004,150,6,0.05,1.0
0.30000000000000004,150,6,0.060000000000000005,1.0
0.30000000000000004,150,6,0.06999999999999999,1.0
0.30000000000000004,150,6,0.08,1.0
0.30000000000000004,150,6,0.09,1.0
0.30000000000000004,150,6,0.09999999999999999,1.0
0.30000000000000004,150,6,0.11,1.0
0.30000000000000004,150,6,0.12,1.0
0.30000000000000004,150,6,0.13,1.0
0.30000000000000004,150,6,0.14,1.0
0.30000000000000004,150,7,0.01,0.3874
0.30000000000000004,150,7,0.02,0.9483
0.30000000000000004,150,7,0.03,0.9972
0.30000000000000004,150,7,0.04,0.9998
0.30000000000000004,150,7,0.05,1.0
0.30000000000000004,150,7,0.060000000000000005,1.0
0.30000000000000004,150,7,0.06999999999999999,1.0
0.30000000000000004,150,7,0.08,1.0
0.30000000000000004,150,7,0.09,1.0
0.30000000000000004,150,7,0.09999999999999999,1.0
0.30000000000000004,150,7,0.11,1.0
0.30000000000000004,150,7,0.12,1.0
0.30000000000000004,150,7,0.13,1.0
0.30000000000000004,150,7,0.14,1.0
0.30000000000000004,150,8,0.01,0.2168
0.30000000000000004,150,8,0.02,0.8912
0.30000000000000004,150,8,0.03,0.9911
0.30000000000000004,150,8,0.04,0.9996
0.30000000000000004,150,8,0.05,0.9999
0.30000000000000004,150,8,0.060000000000000005,1.0
0.30000000000000004,150,8,0.06999999999999999,1.0
0.30000000000000004,150,8,0.08,1.0
0.30000000000000004,150,8,0.09,1.0
0.30000000000000004,150,8,0.09999999999999999,1.0
0.30000000000000004,150,8,0.11,1.0
0.30000000000000004,150,8,0.12,1.0
0.30000000000000004,150,8,0.13,1.0
0.30000000000000004,150,8,0.14,1.0
0.30000000000000004,200,3,0.01,0.9928
0.30000000000000004,200,3,0.02,1.0
0.30000000000000004,200,3,0.03,1.0
0.30000000000000004,200,3,0.04,1.0
0.30000000000000004,200,3,0.05,1.0
0.30000000000000004,200,3,0.060000000000000005,1.0
0.30000000000000004,200,3,0.06999999999999999,1.0
0.30000000000000004,200,3,0.08,1.0
0.30000000000000004,200,3,0.09,1.0
0.30000000000000004,200,3,0.09999999999999999,1.0
0.30000000000000004,200,3,0.11,1.0
0.30000000000000004,200,3,0.12,1.0
0.30000000000000004,200,3,0.13,1.0
0.30000000000000004,200,3,0.14,1.0
0.30000000000000004,200,4,0.01,0.9719
0.30000000000000004,200,4,0.02,0.9999
0.30000000000000004,200,4,0.03,1.0
0.30000000000000004,200,4,0.04,1.0
0.30000000000000004,200,4,0.05,1.0
0.30000000000000004,200,4,0.060000000000000005,1.0
0.30000000000000004,200,4,0.06999999999999999,1.0
0.30000000000000004,200,4,0.08,1.0
0.30000000000000004,200,4,0.09,1.0
0.30000000000000004,200,4,0.09999999999999999,1.0
0.30000000000000004,200,4,0.11,1.0
0.30000000000000004,200,4,0.12,1.0
0.30000000000000004,200,4,0.13,1.0
0.30000000000000004,200,4,0.14,1.0
0.30000000000000004,200,5,0.01,0.916
0.30000000000000004,200,5,0.02,0.9996
0.30000000000000004,200,5,0.03,1.0
0.30000000000000004,200,5,0.04,1.0
0.30000000000000004,200,5,0.05,1.0
0.30000000000000004,200,5,0.060000000000000005,1.0
0.30000000000000004,200,5,0.06999999999999999,1.0
0.30000000000000004,200,5,0.08,1.0
0.30000000000000004,200,5,0.09,1.0
0.30000000000000004,200,5,0.09999999999999999,1.0
0.30000000000000004,200,5,0.11,1.0
0.30000000000000004,200,5,0.12,1.0
0.30000000000000004,200,5,0.13,1.0
0.30000000000000004,200,5,0.14,1.0
0.30000000000000004,200,6,0.01,0.8141
0.30000000000000004,200,6,0.02,0.9977
0.30000000000000004,200,6,0.03,1.0
0.30000000000000004,200,6,0.04,1.0
0.30000000000000004,200,6,0.05,1.0
0.30000000000000004,200,6,0.060000000000000005,1.0
0.30000000000000004,200,6,0.06999999999999999,1.0
0.30000000000000004,200,6,0.08,1.0
0.30000000000000004,200,6,0.09,1.0
0.30000000000000004,200,6,0.09999999999999999,1.0
0.30000000000000004,200,6,0.11,1.0
0.30000000000000004,200,6,0.12,1.0
0.30000000000000004,200,6,0.13,1.0
0.30000000000000004,200,6,0.14,1.0
0.30000000000000004,200,7,0.01,0.653
0.30000000000000004,200,7,0.02,0.9936
0.30000000000000004,200,7,0.03,0.9999
0.30000000000000004,200,7,0.04,1.0
0.30000000000000004,200,7,0.05,1.0
0.30000000000000004,200,7,0.060000000000000005,1.0
0.30000000000000004,200,7,0.06999999999999999,1.0
0.30000000000000004,200,7,0.08,1.0
0.30000000000000004,200,7,0.09,1.0
0.30000000000000004,200,7,0.09999999999999999,1.0
0.30000000000000004,200,7,0.11,1.0
0.30000000000000004,200,7,0.12,1.0
0.30000000000000004,200,7,0.13,1.0
0.30000000000000004,200,7,0.14,1.0
0.30000000000000004,200,8,0.01,0.4569
0.30000000000000004,200,8,0.02,0.9829
0.30000000000000004,200,8,0.03,0.9994
0.30000000000000004,200,8,0.04,1.0
0.30000000000000004,200,8,0.05,1.0
0.30000000000000004,200,8,0.060000000000000005,1.0
0.30000000000000004,200,8,0.06999999999999999,1.0
0.30000000000000004,200,8,0.08,1.0
0.30000000000000004,200,8,0.09,1.0
0.30000000000000004,200,8,0.09999999999999999,1.0
0.30000000000000004,200,8,0.11,1.0
0.30000000000000004,200,8,0.12,1.0
0.30000000000000004,200,8,0.13,1.0
0.30000000000000004,200,8,0.14,1.0
0.30000000000000004,250,3,0.01,0.9984
0.30000000000000004,250,3,0.02,1.0
0.30000000000000004,250,3,0.03,1.0
0.30000000000000004,250,3,0.04,1.0
0.30000000000000004,250,3,0.05,1.0
0.30000000000000004,250,3,0.060000000000000005,1.0
0.30000000000000004,250,3,0.06999999999999999,1.0
0.30000000000000004,250,3,0.08,1.0
0.30000000000000004,250,3,0.09,1.0
0.30000000000000004,250,3,0.09999999999999999,1.0
0.30000000000000004,250,3,0.11,1.0
0.30000000000000004,250,3,0.12,1.0
0.30000000000000004,250,3,0.13,1.0
0.30000000000000004,250,3,0.14,1.0
0.30000000000000004,250,4,0.01,0.9922
0.30000000000000004,250,4,0.02,1.0
0.30000000000000004,250,4,0.03,1.0
0.30000000000000004,250,4,0.04,1.0
0.30000000000000004,250,4,0.05,1.0
0.30000000000000004,250,4,0.060000000000000005,1.0
0.30000000000000004,250,4,0.06999999999999999,1.0
0.30000000000000004,250,4,0.08,1.0
0.30000000000000004,250,4,0.09,1.0
0.30000000000000004,250,4,0.09999999999999999,1.0
0.30000000000000004,250,4,0.11,1.0
0.30000000000000004,250,4,0.12,1.0
0.30000000000000004,250,4,0.13,1.0
0.30000000000000004,250,4,0.14,1.0
0.30000000000000004,250,5,0.01,0.972
0.30000000000000004,250,5,0.02,1.0
0.30000000000000004,250,5,0.03,1.0
0.30000000000000004,250,5,0.04,1.0
0.30000000000000004,250,5,0.05,1.0
0.30000000000000004,250,5,0.060000000000000005,1.0
0.30000000000000004,250,5,0.06999999999999999,1.0
0.30000000000000004,250,5,0.08,1.0
0.30000000000000004,250,5,0.09,1.0
0.30000000000000004,250,5,0.09999999999999999,1.0
0.30000000000000004,250,5,0.11,1.0
0.30000000000000004,250,5,0.12,1.0
0.30000000000000004,250,5,0.13,1.0
0.30000000000000004,250,5,0.14,1.0
0.30000000000000004,250,6,0.01,0.9247
0.30000000000000004,250,6,0.02,0.9998
0.30000000000000004,250,6,0.03,1.0
0.30000000000000004,250,6,0.04,1.0
0.30000000000000004,250,6,0.05,1.0
0.30000000000000004,250,6,0.060000000000000005,1.0
0.30000000000000004,250,6,0.06999999999999999,1.0
0.30000000000000004,250,6,0.08,1.0
0.30000000000000004,250,6,0.09,1.0
0.30000000000000004,250,6,0.09999999999999999,1.0
0.30000000000000004,250,6,0.11,1.0
0.30000000000000004,250,6,0.12,1.0
0.30000000000000004,250,6,0.13,1.0
0.30000000000000004,250,6,0.14,1.0
0.30000000000000004,250,7,0.01,0.8284
0.30000000000000004,250,7,0.02,0.9993
0.30000000000000004,250,7,0.03,1.0
0.30000000000000004,250,7,0.04,1.0
0.30000000000000004,250,7,0.05,1.0
0.30000000000000004,250,7,0.060000000000000005,1.0
0.30000000000000004,250,7,0.06999999999999999,1.0
0.30000000000000004,250,7,0.08,1.0
0.30000000000000004,250,7,0.09,1.0
0.30000000000000004,250,7,0.09999999999999999,1.0
0.30000000000000004,250,7,0.11,1.0
0.30000000000000004,250,7,0.12,1.0
0.30000000000000004,250,7,0.13,1.0
0.30000000000000004,250,7,0.14,1.0
0.30000000000000004,250,8,0.01,0.6791
0.30000000000000004,250,8,0.02,0.997
0.30000000000000004,250,8,0.03,1.0
0.30000000000000004,250,8,0.04,1.0
0.30000000000000004,250,8,0.05,1.0
0.30000000000000004,250,8,0.060000000000000005,1.0
0.30000000000000004,250,8,0.06999999999999999,1.0
0.30000000000000004,250,8,0.08,1.0
0.30000000000000004,250,8,0.09,1.0
0.30000000000000004,250,8,0.09999999999999999,1.0
0.30000000000000004,250,8,0.11,1.0
0.30000000000000004,250,8,0.12,1.0
0.30000000000000004,250,8,0.13,1.0
0.30000000000000004,250,8,0.14,1.0
0.30000000000000004,300,3,0.01,0.9997
0.30000000000000004,300,3,0.02,1.0
0.30000000000000004,300,3,0.03,1.0
0.30000000000000004,300,3,0.04,1.0
0.30000000000000004,300,3,0.05,1.0
0.30000000000000004,300,3,0.060000000000000005,1.0
0.30000000000000004,300,3,0.06999999999999999,1.0
0.30000000000000004,300,3,0.08,1.0
0.30000000000000004,300,3,0.09,1.0
0.30000000000000004,300,3,0.09999999999999999,1.0
0.30000000000000004,300,3,0.11,1.0
0.30000000000000004,300,3,0.12,1.0
0.30000000000000004,300,3,0.13,1.0
0.30000000000000004,300,3,0.14,1.0
0.30000000000000004,300,4,0.01,0.9984
0.30000000000000004,300,4,0.02,1.0
0.30000000000000004,300,4,0.03,1.0
0.30000000000000004,300,4,0.04,1.0
0.30000000000000004,300,4,0.05,1.0
0.30000000000000004,300,4,0.060000000000000005,1.0
0.30000000000000004,300,4,0.06999999999999999,1.0
0.30000000000000004,300,4,0.08,1.0
0.30000000000000004,300,4,0.09,1.0
0.30000000000000004,300,4,0.09999999999999999,1.0
0.30000000000000004,300,4,0.11,1.0
0.30000000000000004,300,4,0.12,1.0
0.30000000000000004,300,4,0.13,1.0
0.30000000000000004,300,4,0.14,1.0
0.30000000000000004,300,5,0.01,0.9911
0.30000000000000004,300,5,0.02,1.0
0.30000000000000004,300,5,0.03,1.0
0.30000000000000004,300,5,0.04,1.0
0.30000000000000004,300,5,0.05,1.0
0.30000000000000004,300,5,0.060000000000000005,1.0
0.30000000000000004,300,5,0.06999999999999999,1.0
0.30000000000000004,300,5,0.08,1.0
0.30000000000000004,300,5,0.09,1.0
0.30000000000000004,300,5,0.09999999999999999,1.0
0.30000000000000004,300,5,0.11,1.0
0.30000000000000004,300,5,0.12,1.0
0.30000000000000004,300,5,0.13,1.0
0.30000000000000004,300,5,0.14,1.0
0.30000000000000004,300,6,0.01,0.9725
0.30000000000000004,300,6,0.02,1.0
0.30000000000000004,300,6,0.03,1.0
0.30000000000000004,300,6,0.04,1.0
0.30000000000000004,300,6,0.05,1.0
0.30000000000000004,300,6,0.060000000000000005,1.0
0.30000000000000004,300,6,0.06999999999999999,1.0
0.30000000000000004,300,6,0.08,1.0
0.30000000000000004,300,6,0.09,1.0
0.30000000000000004,300,6,0.09999999999999999,1.0
0.30000000000000004,300,6,0.11,1.0
0.30000000000000004,300,6,0.12,1.0
0.30000000000000004,300,6,0.13,1.0
0.30000000000000004,300,6,0.14,1.0
0.30000000000000004,300,7,0.01,0.9242
0.30000000000000004,300,7,0.02,0.9998
0.30000000000000004,300,7,0.03,1.0
0.30000000000000004,300,7,0.04,1.0
0.30000000000000004,300,7,0.05,1.0
0.30000000000000004,300,7,0.060000000000000005,1.0
0.30000000000000004,300,7,0.06999999999999999,1.0
0.30000000000000004,300,7,0.08,1.0
0.30000000000000004,300,7,0.09,1.0
0.30000000000000004,300,7,0.09999999999999999,1.0
0.30000000000000004,300,7,0.11,1.0
0.30000000000000004,300,7,0.12,1.0
0.30000000000000004,300,7,0.13,1.0
0.30000000000000004,300,7,0.14,1.0
0.30000000000000004,300,8,0.01,0.8328
0.30000000000000004,300,8,0.02,0.9995
0.30000000000000004,300,8,0.03,1.0
0.30000000000000004,300,8,0.04,1.0
0.30000000000000004,300,8,0.05,1.0
0.30000000000000004,300,8,0.060000000000000005,1.0
0.30000000000000004,300,8,0.06999999999999999,1.0
0.30000000000000004,300,8,0.08,1.0
0.30000000000000004,300,8,0.09,1.0
0.30000000000000004,300,8,0.09999999999999999,1.0
0.30000000000000004,300,8,0.11,1.0
0.30000000000000004,300,8,0.12,1.0
0.30000000000000004,300,8,0.13,1.0
0.30000000000000004,300,8,0.14,1.0
0.30000000000000004,350,3,0.01,0.9999
0.30000000000000004,350,3,0.02,1.0
0.30000000000000004,350,3,0.03,1.0
0.30000000000000004,350,3,0.04,1.0
0.30000000000000004,350,3,0.05,1.0
0.30000000000000004,350,3,0.060000000000000005,1.0
0.30000000000000004,350,3,0.06999999999999999,1.0
0.30000000000000004,350,3,0.08,1.0
0.30000000000000004,350,3,0.09,1.0
0.30000000000000004,350,3,0.09999999999999999,1.0
0.30000000000000004,350,3,0.11,1.0
0.30000000000000004,350,3,0.12,1.0
0.30000000000000004,350,3,0.13,1.0
0.30000000000000004,350,3,0.14,1.0
0.30000000000000004,350,4,0.01,0.9995
0.30000000000000004,350,4,0.02,1.0
0.30000000000000004,350,4,0.03,1.0
0.30000000000000004,350,4,0.04,1.0
0.30000000000000004,350,4,0.05,1.0
0.30000000000000004,350,4,0.060000000000000005,1.0
0.30000000000000004,350,4,0.06999999999999999,1.0
0.30000000000000004,350,4,0.08,1.0
0.30000000000000004,350,4,0.09,1.0
0.30000000000000004,350,4,0.09999999999999999,1.0
0.30000000000000004,350,4,0.11,1.0
0.30000000000000004,350,4,0.12,1.0
0.30000000000000004,350,4,0.13,1.0
0.30000000000000004,350,4,0.14,1.0
0.30000000000000004,350,5,0.01,0.9976
0.30000000000000004,350,5,0.02,1.0
0.30000000000000004,350,5,0.03,1.0
0.30000000000000004,350,5,0.04,1.0
0.30000000000000004,350,5,0.05,1.0
0.30000000000000004,350,5,0.060000000000000005,1.0
0.30000000000000004,350,5,0.06999999999999999,1.0
0.30000000000000004,350,5,0.08,1.0
0.30000000000000004,350,5,0.09,1.0
0.30000000000000004,350,5,0.09999999999999999,1.0
0.30000000000000004,350,5,0.11,1.0
0.30000000000000004,350,5,0.12,1.0
0.30000000000000004,350,5,0.13,1.0
0.30000000000000004,350,5,0.14,1.0
0.30000000000000004,350,6,0.01,0.9906
0.30000000000000004,350,6,0.02,1.0
0.30000000000000004,350,6,0.03,1.0
0.30000000000000004,350,6,0.04,1.0
0.30000000000000004,350,6,0.05,1.0
0.30000000000000004,350,6,0.060000000000000005,1.0
0.30000000000000004,350,6,0.06999999999999999,1.0
0.30000000000000004,350,6,0.08,1.0
0.30000000000000004,350,6,0.09,1.0
0.30000000000000004,350,6,0.09999999999999999,1.0
0.30000000000000004,350,6,0.11,1.0
0.30000000000000004,350,6,0.12,1.0
0.30000000000000004,350,6,0.13,1.0
0.30000000000000004,350,6,0.14,1.0
0.30000000000000004,350,7,0.01,0.969
0.30000000000000004,350,7,0.02,1.0
0.30000000000000004,350,7,0.03,1.0
0.30000000000000004,350,7,0.04,1.0
0.30000000000000004,350,7,0.05,1.0
0.30000000000000004,350,7,0.060000000000000005,1.0
0.30000000000000004,350,7,0.06999999999999999,1.0
0.30000000000000004,350,7,0.08,1.0
0.30000000000000004,350,7,0.09,1.0
0.30000000000000004,350,7,0.09999999999999999,1.0
0.30000000000000004,350,7,0.11,1.0
0.30000000000000004,350,7,0.12,1.0
0.30000000000000004,350,7,0.13,1.0
0.30000000000000004,350,7,0.14,1.0
0.30000000000000004,350,8,0.01,0.9203
0.30000000000000004,350,8,0.02,0.9999
0.30000000000000004,350,8,0.03,1.0
0.30000000000000004,350,8,0.04,1.0
0.30000000000000004,350,8,0.05,1.0
0.30000000000000004,350,8,0.060000000000000005,1.0
0.30000000000000004,350,8,0.06999999999999999,1.0
0.30000000000000004,350,8,0.08,1.0
0.30000000000000004,350,8,0.09,1.0
0.30000000000000004,350,8,0.09999999999999999,1.0
0.30000000000000004,350,8,0.11,1.0
0.30000000000000004,350,8,0.12,1.0
0.30000000000000004,350,8,0.13,1.0
0.30000000000000004,350,8,0.14,1.0
0.30000000000000004,400,3,0.01,1.0
0.30000000000000004,400,3,0.02,1.0
0.30000000000000004,400,3,0.03,1.0
0.30000000000000004,400,3,0.04,1.0
0.30000000000000004,400,3,0.05,1.0
0.30000000000000004,400,3,0.060000000000000005,1.0
0.30000000000000004,400,3,0.06999999999999999,1.0
0.30000000000000004,400,3,0.08,1.0
0.30000000000000004,400,3,0.09,1.0
0.30000000000000004,400,3,0.09999999999999999,1.0
0.30000000000000004,400,3,0.11,1.0
0.30000000000000004,400,3,0.12,1.0
0.30000000000000004,400,3,0.13,1.0
0.30000000000000004,400,3,0.14,1.0
0.30000000000000004,400,4,0.01,1.0
0.30000000000000004,400,4,0.02,1.0
0.30000000000000004,400,4,0.03,1.0
0.30000000000000004,400,4,0.04,1.0
0.30000000000000004,400,4,0.05,1.0
0.30000000000000004,400,4,0.060000000000000005,1.0
0.30000000000000004,400,4,0.06999999999999999,1.0
0.30000000000000004,400,4,0.08,1.0
0.30000000000000004,400,4,0.09,1.0
0.30000000000000004,400,4,0.09999999999999999,1.0
0.30000000000000004,400,4,0.11,1.0
0.30000000000000004,400,4,0.12,1.0
0.30000000000000004,400,4,0.13,1.0
0.30000000000000004,400,4,0.14,1.0
0.30000000000000004,400,5,0.01,0.9992
0.30000000000000004,400,5,0.02,1.0
0.30000000000000004,400,5,0.03,1.0
0.30000000000000004,400,5,0.04,1.0
0.30000000000000004,400,5,0.05,1.0
0.30000000000000004,400,5,0.060000000000000005,1.0
0.30000000000000004,400,5,0.06999999999999999,1.0
0.30000000000000004,400,5,0.08,1.0
0.30000000000000004,400,5,0.09,1.0
0.30000000000000004,400,5,0.09999999999999999,1.0
0.30000000000000004,400,5,0.11,1.0
0.30000000000000004,400,5,0.12,1.0
0.30000000000000004,400,5,0.13,1.0
0.30000000000000004,400,5,0.14,1.0
0.30000000000000004,400,6,0.01,0.9969
0.30000000000000004,400,6,0.02,1.0
0.30000000000000004,400,6,0.03,1.0
0.30000000000000004,400,6,0.04,1.0
0.30000000000000004,400,6,0.05,1.0
0.30000000000000004,400,6,0.060000000000000005,1.0
0.30000000000000004,400,6,0.06999999999999999,1.0
0.30000000000000004,400,6,0.08,1.0
0.30000000000000004,400,6,0.09,1.0
0.30000000000000004,400,6,0.09999999999999999,1.0
0.30000000000000004,400,6,0.11,1.0
0.30000000000000004,400,6,0.12,1.0
0.30000000000000004,400,6,0.13,1.0
0.30000000000000004,400,6,0.14,1.0
0.30000000000000004,400,7,0.01,0.9891
0.30000000000000004,400,7,0.02,1.0
0.30000000000000004,400,7,0.03,1.0
0.30000000000000004,400,7,0.04,1.0
0.30000000000000004,400,7,0.05,1.0
0.30000000000000004,400,7,0.060000000000000005,1.0
0.30000000000000004,400,7,0.06999999999999999,1.0
0.30000000000000004,400,7,0.08,1.0
0.30000000000000004,400,7,0.09,1.0
0.30000000000000004,400,7,0.09999999999999999,1.0
0.30000000000000004,400,7,0.11,1.0
0.30000000000000004,400,7,0.12,1.0
0.30000000000000004,400,7,0.13,1.0
0.30000000000000004,400,7,0.14,1.0
0.30000000000000004,400,8,0.01,0.9666
0.30000000000000004,400,8,0.02,1.0
0.30000000000000004,400,8,0.03,1.0
0.30000000000000004,400,8,0.04,1.0
0.30000000000000004,400,8,0.05,1.0
0.30000000000000004,400,8,0.060000000000000005,1.0
0.30000000000000004,400,8,0.06999999999999999,1.0
0.30000000000000004,400,8,0.08,1.0
0.30000000000000004,400,8,0.09,1.0
0.30000000000000004,400,8,0.09999999999999999,1.0
0.30000000000000004,400,8,0.11,1.0
0.30000000000000004,400,8,0.12,1.0
0.30000000000000004,400,8,0.13,1.0
0.30000000000000004,400,8,0.14,1.0
0.30000000000000004,450,3,0.01,1.0
0.30000000000000004,450,3,0.02,1.0
0.30000000000000004,450,3,0.03,1.0
0.30000000000000004,450,3,0.04,1.0
0.30000000000000004,450,3,0.05,1.0
0.30000000000000004,450,3,0.060000000000000005,1.0
0.30000000000000004,450,3,0.06999999999999999,1.0
0.30000000000000004,450,3,0.08,1.0
0.30000000000000004,450,3,0.09,1.0
0.30000000000000004,450,3,0.09999999999999999,1.0
0.30000000000000004,450,3,0.11,1.0
0.30000000000000004,450,3,0.12,1.0
0.30000000000000004,450,3,0.13,1.0
0.30000000000000004,450,3,0.14,1.0
0.30000000000000004,450,4,0.01,1.0
0.30000000000000004,450,4,0.02,1.0
0.30000000000000004,450,4,0.03,1.0
0.30000000000000004,450,4,0.04,1.0
0.30000000000000004,450,4,0.05,1.0
0.30000000000000004,450,4,0.060000000000000005,1.0
0.30000000000000004,450,4,0.06999999999999999,1.0
0.30000000000000004,450,4,0.08,1.0
0.30000000000000004,450,4,0.09,1.0
0.30000000000000004,450,4,0.09999999999999999,1.0
0.30000000000000004,450,4,0.11,1.0
0.30000000000000004,450,4,0.12,1.0
0.30000000000000004,450,4,0.13,1.0
0.30000000000000004,450,4,0.14,1.0
0.30000000000000004,450,5,0.01,0.9998
0.30000000000000004,450,5,0.02,1.0
0.30000000000000004,450,5,0.03,1.0
0.30000000000000004,450,5,0.04,1.0
0.30000000000000004,450,5,0.05,1.0
0.30000000000000004,450,5,0.060000000000000005,1.0
0.30000000000000004,450,5,0.06999999999999999,1.0
0.30000000000000004,450,5,0.08,1.0
0.30000000000000004,450,5,0.09,1.0
0.30000000000000004,450,5,0.09999999999999999,1.0
0.30000000000000004,450,5,0.11,1.0
0.30000000000000004,450,5,0.12,1.0
0.30000000000000004,450,5,0.13,1.0
0.30000000000000004,450,5,0.14,1.0
0.30000000000000004,450,6,0.01,0.999
0.30000000000000004,450,6,0.02,1.0
0.30000000000000004,450,6,0.03,1.0
0.30000000000000004,450,6,0.04,1.0
0.30000000000000004,450,6,0.05,1.0
0.30000000000000004,450,6,0.060000000000000005,1.0
0.30000000000000004,450,6,0.06999999999999999,1.0
0.30000000000000004,450,6,0.08,1.0
0.30000000000000004,450,6,0.09,1.0
0.30000000000000004,450,6,0.09999999999999999,1.0
0.30000000000000004,450,6,0.11,1.0
0.30000000000000004,450,6,0.12,1.0
0.30000000000000004,450,6,0.13,1.0
0.30000000000000004,450,6,0.14,1.0
0.30000000000000004,450,7,0.01,0.9959
0.30000000000000004,450,7,0.02,1.0
0.30000000000000004,450,7,0.03,1.0
0.30000000000000004,450,7,0.04,1.0
0.30000000000000004,450,7,0.05,1.0
0.30000000000000004,450,7,0.060000000000000005,1.0
0.30000000000000004,450,7,0.06999999999999999,1.0
0.30000000000000004,450,7,0.08,1.0
0.30000000000000004,450,7,0.09,1.0
0.30000000000000004,450,7,0.09999999999999999,1.0
0.30000000000000004,450,7,0.11,1.0
0.30000000000000004,450,7,0.12,1.0
0.30000000000000004,450,7,0.13,1.0
0.30000000000000004,450,7,0.14,1.0
0.30000000000000004,450,8,0.01,0.9864
0.30000000000000004,450,8,0.02,1.0
0.30000000000000004,450,8,0.03,1.0
0.30000000000000004,450,8,0.04,1.0
0.30000000000000004,450,8,0.05,1.0
0.30000000000000004,450,8,0.060000000000000005,1.0
0.30000000000000004,450,8,0.06999999999999999,1.0
0.30000000000000004,450,8,0.08,1.0
0.30000000000000004,450,8,0.09,1.0
0.30000000000000004,450,8,0.09999999999999999,1.0
0.30000000000000004,450,8,0.11,1.0
0.30000000000000004,450,8,0.12,1.0
0.30000000000000004,450,8,0.13,1.0
0.30000000000000004,450,8,0.14,1.0
0.30000000000000004,500,3,0.01,1.0
0.30000000000000004,500,3,0.02,1.0
0.30000000000000004,500,3,0.03,1.0
0.30000000000000004,500,3,0.04,1.0
0.30000000000000004,500,3,0.05,1.0
0.30000000000000004,500,3,0.060000000000000005,1.0
0.30000000000000004,500,3,0.06999999999999999,1.0
0.30000000000000004,500,3,0.08,1.0
0.30000000000000004,500,3,0.09,1.0
0.30000000000000004,500,3,0.09999999999999999,1.0
0.30000000000000004,500,3,0.11,1.0
0.30000000000000004,500,3,0.12,1.0
0.30000000000000004,500,3,0.13,1.0
0.30000000000000004,500,3,0.14,1.0
0.30000000000000004,500,4,0.01,1.0
0.30000000000000004,500,4,0.02,1.0
0.30000000000000004,500,4,0.03,1.0
0.30000000000000004,500,4,0.04,1.0
0.30000000000000004,500,4,0.05,1.0
0.30000000000000004,500,4,0.060000000000000005,1.0
0.30000000000000004,500,4,0.06999999999999999,1.0
0.30000000000000004,500,4,0.08,1.0
0.30000000000000004,500,4,0.09,1.0
0.30000000000000004,500,4,0.09999999999999999,1.0
0.30000000000000004,500,4,0.11,1.0
0.30000000000000004,500,4,0.12,1.0
0.30000000000000004,500,4,0.13,1.0
0.30000000000000004,500,4,0.14,1.0
0.30000000000000004,500,5,0.01,1.0
0.30000000000000004,500,5,0.02,1.0
0.30000000000000004,500,5,0.03,1.0
0.30000000000000004,500,5,0.04,1.0
0.30000000000000004,500,5,0.05,1.0
0.30000000000000004,500,5,0.060000000000000005,1.0
0.30000000000000004,500,5,0.06999999999999999,1.0
0.30000000000000004,500,5,0.08,1.0
0.30000000000000004,500,5,0.09,1.0
0.30000000000000004,500,5,0.09999999999999999,1.0
0.30000000000000004,500,5,0.11,1.0
0.30000000000000004,500,5,0.12,1.0
0.30000000000000004,500,5,0.13,1.0
0.30000000000000004,500,5,0.14,1.0
0.30000000000000004,500,6,0.01,0.9998
0.30000000000000004,500,6,0.02,1.0
0.30000000000000004,500,6,0.03,1.0
0.30000000000000004,500,6,0.04,1.0
0.30000000000000004,500,6,0.05,1.0
0.30000000000000004,500,6,0.060000000000000005,1.0
0.30000000000000004,500,6,0.06999999999999999,1.0
0.30000000000000004,500,6,0.08,1.0
0.30000000000000004,500,6,0.09,1.0
0.30000000000000004,500,6,0.09999999999999999,1.0
0.30000000000000004,500,6,0.11,1.0
0.30000000000000004,500,6,0.12,1.0
0.30000000000000004,500,6,0.13,1.0
0.30000000000000004,500,6,0.14,1.0
0.30000000000000004,500,7,0.01,0.9989
0.30000000000000004,500,7,0.02,1.0
0.30000000000000004,500,7,0.03,1.0
0.30000000000000004,500,7,0.04,1.0
0.30000000000000004,500,7,0.05,1.0
0.30000000000000004,500,7,0.060000000000000005,1.0
0.30000000000000004,500,7,0.06999999999999999,1.0
0.30000000000000004,500,7,0.08,1.0
0.30000000000000004,500,7,0.09,1.0
0.30000000000000004,500,7,0.09999999999999999,1.0
0.30000000000000004,500,7,0.11,1.0
0.30000000000000004,500,7,0.12,1.0
0.30000000000000004,500,7,0.13,1.0
0.30000000000000004,500,7,0.14,1.0
0.30000000000000004,500,8,0.01,0.9947
0.30000000000000004,500,8,0.02,1.0
0.30000000000000004,500,8,0.03,1.0
0.30000000000000004,500,8,0.04,1.0
0.30000000000000004,500,8,0.05,1.0
0.30000000000000004,500,8,0.060000000000000005,1.0
0.30000000000000004,500,8,0.06999999999999999,1.0
0.30000000000000004,500,8,0.08,1.0
0.30000000000000004,500,8,0.09,1.0
0.30000000000000004,500,8,0.09999999999999999,1.0
0.30000000000000004,500,8,0.11,1.0
0.30000000000000004,500,8,0.12,1.0
0.30000000000000004,500,8,0.13,1.0
0.30000000000000004,500,8,0.14,1.0
0.30000000000000004,550,3,0.01,1.0
0.30000000000000004,550,3,0.02,1.0
0.30000000000000004,550,3,0.03,1.0
0.30000000000000004,550,3,0.04,1.0
0.30000000000000004,550,3,0.05,1.0
0.30000000000000004,550,3,0.060000000000000005,1.0
0.30000000000000004,550,3,0.06999999999999999,1.0
0.30000000000000004,550,3,0.08,1.0
0.30000000000000004,550,3,0.09,1.0
0.30000000000000004,550,3,0.09999999999999999,1.0
0.30000000000000004,550,3,0.11,1.0
0.30000000000000004,550,3,0.12,1.0
0.30000000000000004,550,3,0.13,1.0
0.30000000000000004,550,3,0.14,1.0
0.30000000000000004,550,4,0.01,1.0
0.30000000000000004,550,4,0.02,1.0
0.30000000000000004,550,4,0.03,1.0
0.30000000000000004,550,4,0.04,1.0
0.30000000000000004,550,4,0.05,1.0
0.30000000000000004,550,4,0.060000000000000005,1.0
0.30000000000000004,550,4,0.06999999999999999,1.0
0.30000000000000004,550,4,0.08,1.0
0.30000000000000004,550,4,0.09,1.0
0.30000000000000004,550,4,0.09999999999999999,1.0
0.30000000000000004,550,4,0.11,1.0
0.30000000000000004,550,4,0.12,1.0
0.30000000000000004,550,4,0.13,1.0
0.30000000000000004,550,4,0.14,1.0
0.30000000000000004,550,5,0.01,1.0
0.30000000000000004,550,5,0.02,1.0
0.30000000000000004,550,5,0.03,1.0
0.30000000000000004,550,5,0.04,1.0
0.30000000000000004,550,5,0.05,1.0
0.30000000000000004,550,5,0.060000000000000005,1.0
0.30000000000000004,550,5,0.06999999999999999,1.0
0.30000000000000004,550,5,0.08,1.0
0.30000000000000004,550,5,0.09,1.0
0.30000000000000004,550,5,0.09999999999999999,1.0
0.30000000000000004,550,5,0.11,1.0
0.30000000000000004,550,5,0.12,1.0
0.30000000000000004,550,5,0.13,1.0
0.30000000000000004,550,5,0.14,1.0
0.30000000000000004,550,6,0.01,0.9998
0.30000000000000004,550,6,0.02,1.0
0.30000000000000004,550,6,0.03,1.0
0.30000000000000004,550,6,0.04,1.0
0.30000000000000004,550,6,0.05,1.0
0.30000000000000004,550,6,0.060000000000000005,1.0
0.30000000000000004,550,6,0.06999999999999999,1.0
0.30000000000000004,550,6,0.08,1.0
0.30000000000000004,550,6,0.09,1.0
0.30000000000000004,550,6,0.09999999999999999,1.0
0.30000000000000004,550,6,0.11,1.0
0.30000000000000004,550,6,0.12,1.0
0.30000000000000004,550,6,0.13,1.0
0.30000000000000004,550,6,0.14,1.0
0.30000000000000004,550,7,0.01,0.9997
0.30000000000000004,550,7,0.02,1.0
0.30000000000000004,550,7,0.03,1.0
0.30000000000000004,550,7,0.04,1.0
0.30000000000000004,550,7,0.05,1.0
0.30000000000000004,550,7,0.060000000000000005,1.0
0.30000000000000004,550,7,0.06999999999999999,1.0
0.30000000000000004,550,7,0.08,1.0
0.30000000000000004,550,7,0.09,1.0
0.30000000000000004,550,7,0.09999999999999999,1.0
0.30000000000000004,550,7,0.11,1.0
0.30000000000000004,550,7,0.12,1.0
0.30000000000000004,550,7,0.13,1.0
0.30000000000000004,550,7,0.14,1.0
0.30000000000000004,550,8,0.01,0.9984
0.30000000000000004,550,8,0.02,1.0
0.30000000000000004,550,8,0.03,1.0
0.30000000000000004,550,8,0.04,1.0
0.30000000000000004,550,8,0.05,1.0
0.30000000000000004,550,8,0.060000000000000005,1.0
0.30000000000000004,550,8,0.06999999999999999,1.0
0.30000000000000004,550,8,0.08,1.0
0.30000000000000004,550,8,0.09,1.0
0.30000000000000004,550,8,0.09999999999999999,1.0
0.30000000000000004,550,8,0.11,1.0
0.30000000000000004,550,8,0.12,1.0
0.30000000000000004,550,8,0.13,1.0
0.30000000000000004,550,8,0.14,1.0
0.30000000000000004,600,3,0.01,1.0
0.30000000000000004,600,3,0.02,1.0
0.30000000000000004,600,3,0.03,1.0
0.30000000000000004,600,3,0.04,1.0
0.30000000000000004,600,3,0.05,1.0
0.30000000000000004,600,3,0.060000000000000005,1.0
0.30000000000000004,600,3,0.06999999999999999,1.0
0.30000000000000004,600,3,0.08,1.0
0.30000000000000004,600,3,0.09,1.0
0.30000000000000004,600,3,0.09999999999999999,1.0
0.30000000000000004,600,3,0.11,1.0
0.30000000000000004,600,3,0.12,1.0
0.30000000000000004,600,3,0.13,1.0
0.30000000000000004,600,3,0.14,1.0
0.30000000000000004,600,4,0.01,1.0
0.30000000000000004,600,4,0.02,1.0
0.30000000000000004,600,4,0.03,1.0
0.30000000000000004,600,4,0.04,1.0
0.30000000000000004,600,4,0.05,1.0
0.30000000000000004,600,4,0.060000000000000005,1.0
0.30000000000000004,600,4,0.06999999999999999,1.0
0.30000000000000004,600,4,0.08,1.0
0.30000000000000004,600,4,0.09,1.0
0.30000000000000004,600,4,0.09999999999999999,1.0
0.30000000000000004,600,4,0.11,1.0
0.30000000000000004,600,4,0.12,1.0
0.30000000000000004,600,4,0.13,1.0
0.30000000000000004,600,4,0.14,1.0
0.30000000000000004,600,5,0.01,1.0
0.30000000000000004,600,5,0.02,1.0
0.30000000000000004,600,5,0.03,1.0
0.30000000000000004,600,5,0.04,1.0
0.30000000000000004,600,5,0.05,1.0
0.30000000000000004,600,5,0.060000000000000005,1.0
0.30000000000000004,600,5,0.06999999999999999,1.0
0.30000000000000004,600,5,0.08,1.0
0.30000000000000004,600,5,0.09,1.0
0.30000000000000004,600,5,0.09999999999999999,1.0
0.30000000000000004,600,5,0.11,1.0
0.30000000000000004,600,5,0.12,1.0
0.30000000000000004,600,5,0.13,1.0
0.30000000000000004,600,5,0.14,1.0
0.30000000000000004,600,6,0.01,0.9999
0.30000000000000004,600,6,0.02,1.0
0.30000000000000004,600,6,0.03,1.0
0.30000000000000004,600,6,0.04,1.0
0.30000000000000004,600,6,0.05,1.0
0.30000000000000004,600,6,0.060000000000000005,1.0
0.30000000000000004,600,6,0.06999999999999999,1.0
0.30000000000000004,600,6,0.08,1.0
0.30000000000000004,600,6,0.09,1.0
0.30000000000000004,600,6,0.09999999999999999,1.0
0.30000000000000004,600,6,0.11,1.0
0.30000000000000004,600,6,0.12,1.0
0.30000000000000004,600,6,0.13,1.0
0.30000000000000004,600,6,0.14,1.0
0.30000000000000004,600,7,0.01,0.9998
0.30000000000000004,600,7,0.02,1.0
0.30000000000000004,600,7,0.03,1.0
0.30000000000000004,600,7,0.04,1.0
0.30000000000000004,600,7,0.05,1.0
0.30000000000000004,600,7,0.060000000000000005,1.0
0.30000000000000004,600,7,0.06999999999999999,1.0
0.30000000000000004,600,7,0.08,1.0
0.30000000000000004,600,7,0.09,1.0
0.30000000000000004,600,7,0.09999999999999999,1.0
0.30000000000000004,600,7,0.11,1.0
0.30000000000000004,600,7,0.12,1.0
0.30000000000000004,600,7,0.13,1.0
0.30000000000000004,600,7,0.14,1.0
0.30000000000000004,600,8,0.01,0.9992
0.30000000000000004,600,8,0.02,1.0
0.30000000000000004,600,8,0.03,1.0
0.30000000000000004,600,8,0.04,1.0
0.30000000000000004,600,8,0.05,1.0
0.30000000000000004,600,8,0.060000000000000005,1.0
0.30000000000000004,600,8,0.06999999999999999,1.0
0.30000000000000004,600,8,0.08,1.0
0.30000000000000004,600,8,0.09,1.0
0.30000000000000004,600,8,0.09999999999999999,1.0
0.30000000000000004,600,8,0.11,1.0
0.30000000000000004,600,8,0.12,1.0
0.30000000000000004,600,8,0.13,1.0
0.30000000000000004,600,8,0.14,1.0
0.30000000000000004,650,3,0.01,1.0
0.30000000000000004,650,3,0.02,1.0
0.30000000000000004,650,3,0.03,1.0
0.30000000000000004,650,3,0.04,1.0
0.30000000000000004,650,3,0.05,1.0
0.30000000000000004,650,3,0.060000000000000005,1.0
0.30000000000000004,650,3,0.06999999999999999,1.0
0.30000000000000004,650,3,0.08,1.0
0.30000000000000004,650,3,0.09,1.0
0.30000000000000004,650,3,0.09999999999999999,1.0
0.30000000000000004,650,3,0.11,1.0
0.30000000000000004,650,3,0.12,1.0
0.30000000000000004,650,3,0.13,1.0
0.30000000000000004,650,3,0.14,1.0
0.30000000000000004,650,4,0.01,1.0
0.30000000000000004,650,4,0.02,1.0
0.30000000000000004,650,4,0.03,1.0
0.30000000000000004,650,4,0.04,1.0
0.30000000000000004,650,4,0.05,1.0
0.30000000000000004,650,4,0.060000000000000005,1.0
0.30000000000000004,650,4,0.06999999999999999,1.0
0.30000000000000004,650,4,0.08,1.0
0.30000000000000004,650,4,0.09,1.0
0.30000000000000004,650,4,0.09999999999999999,1.0
0.30000000000000004,650,4,0.11,1.0
0.30000000000000004,650,4,0.12,1.0
0.30000000000000004,650,4,0.13,1.0
0.30000000000000004,650,4,0.14,1.0
0.30000000000000004,650,5,0.01,1.0
0.30000000000000004,650,5,0.02,1.0
0.30000000000000004,650,5,0.03,1.0
0.30000000000000004,650,5,0.04,1.0
0.30000000000000004,650,5,0.05,1.0
0.30000000000000004,650,5,0.060000000000000005,1.0
0.30000000000000004,650,5,0.06999999999999999,1.0
0.30000000000000004,650,5,0.08,1.0
0.30000000000000004,650,5,0.09,1.0
0.30000000000000004,650,5,0.09999999999999999,1.0
0.30000000000000004,650,5,0.11,1.0
0.30000000000000004,650,5,0.12,1.0
0.30000000000000004,650,5,0.13,1.0
0.30000000000000004,650,5,0.14,1.0
0.30000000000000004,650,6,0.01,0.9999
0.30000000000000004,650,6,0.02,1.0
0.30000000000000004,650,6,0.03,1.0
0.30000000000000004,650,6,0.04,1.0
0.30000000000000004,650,6,0.05,1.0
0.30000000000000004,650,6,0.060000000000000005,1.0
0.30000000000000004,650,6,0.06999999999999999,1.0
0.30000000000000004,650,6,0.08,1.0
0.30000000000000004,650,6,0.09,1.0
0.30000000000000004,650,6,0.09999999999999999,1.0
0.30000000000000004,650,6,0.11,1.0
0.30000000000000004,650,6,0.12,1.0
0.30000000000000004,650,6,0.13,1.0
0.30000000000000004,650,6,0.14,1.0
0.30000000000000004,650,7,0.01,0.9999
0.30000000000000004,650,7,0.02,1.0
0.30000000000000004,650,7,0.03,1.0
0.30000000000000004,650,7,0.04,1.0
0.30000000000000004,650,7,0.05,1.0
0.30000000000000004,650,7,0.060000000000000005,1.0
0.30000000000000004,650,7,0.06999999999999999,1.0
0.30000000000000004,650,7,0.08,1.0
0.30000000000000004,650,7,0.09,1.0
0.30000000000000004,650,7,0.09999999999999999,1.0
0.30000000000000004,650,7,0.11,1.0
0.30000000000000004,650,7,0.12,1.0
0.30000000000000004,650,7,0.13,1.0
0.30000000000000004,650,7,0.14,1.0
0.30000000000000004,650,8,0.01,0.9995
0.30000000000000004,650,8,0.02,1.0
0.30000000000000004,650,8,0.03,1.0
0.30000000000000004,650,8,0.04,1.0
0.30000000000000004,650,8,0.05,1.0
0.30000000000000004,650,8,0.060000000000000005,1.0
0.30000000000000004,650,8,0.06999999999999999,1.0
0.30000000000000004,650,8,0.08,1.0
0.30000000000000004,650,8,0.09,1.0
0.30000000000000004,650,8,0.09999999999999999,1.0
0.30000000000000004,650,8,0.11,1.0
0.30000000000000004,650,8,0.12,1.0
0.30000000000000004,650,8,0.13,1.0
0.30000000000000004,650,8,0.14,1.0
0.4,50,3,0.01,0.7575
0.4,50,3,0.02,0.965
0.4,50,3,0.03,0.9946
0.4,50,3,0.04,0.9989
0.4,50,3,0.05,0.9997
0.4,50,3,0.060000000000000005,1.0
0.4,50,3,0.06999999999999999,1.0
0.4,50,3,0.08,1.0
0.4,50,3,0.09,1.0
0.4,50,3,0.09999999999999999,1.0
0.4,50,3,0.11,1.0
0.4,50,3,0.12,1.0
0.4,50,3,0.13,1.0
0.4,50,3,0.14,1.0
0.4,50,4,0.01,0.5289
0.4,50,4,0.02,0.9038
0.4,50,4,0.03,0.9758
0.4,50,4,0.04,0.9936
0.4,50,4,0.05,0.9985
0.4,50,4,0.060000000000000005,0.9998
0.4,50,4,0.06999999999999999,0.9999
0.4,50,4,0.08,1.0
0.4,50,4,0.09,1.0
0.4,50,4,0.09999999999999999,1.0
0.4,50,4,0.11,1.0
0.4,50,4,0.12,1.0
0.4,50,4,0.13,1.0
0.4,50,4,0.14,1.0
0.4,50,5,0.01,0.3085
0.4,50,5,0.02,0.7852
0.4,50,5,0.03,0.9357
0.4,50,5,0.04,0.9806
0.4,50,5,0.05,0.9928
0.4,50,5,0.060000000000000005,0.9969
0.4,50,5,0.06999999999999999,0.9992
0.4,50,5,0.08,0.9996
0.4,50,5,0.09,0.9998
0.4,50,5,0.09999999999999999,1.0
0.4,50,5,0.11,1.0
0.4,50,5,0.12,1.0
0.4,50,5,0.13,1.0
0.4,50,5,0.14,1.0
0.4,50,6,0.01,0.1435
0.4,50,6,0.02,0.6183
0.4,50,6,0.03,0.8597
0.4,50,6,0.04,0.9496
0.4,50,6,0.05,0.9792
0.4,50,6,0.060000000000000005,0.9912
0.4,50,6,0.06999999999999999,0.9966
0.4,50,6,0.08,0.9985
0.4,50,6,0.09,0.9994
0.4,50,6,0.09999999999999999,0.9997
0.4,50,6,0.11,0.9999
0.4,50,6,0.12,1.0
0.4,50,6,0.13,1.0
0.4,50,6,0.14,1.0
0.4,50,7,0.01,0.056
0.4,50,7,0.02,0.4322
0.4,50,7,0.03,0.7379
0.4,50,7,0.04,0.8874
0.4,50,7,0.05,0.9499
0.4,50,7,0.060000000000000005,0.9774
0.4,50,7,0.06999999999999999,0.9903
0.4,50,7,0.08,0.9954
0.4,50,7,0.09,0.9981
0.4,50,7,0.09999999999999999,0.9991
0.4,50,7,0.11,0.9996
0.4,50,7,0.12,0.9999
0.4,50,7,0.13,1.0
0.4,50,7,0.14,1.0
0.4,50,8,0.01,0.0165
0.4,50,8,0.02,0.2665
0.4,50,8,0.03,0.5749
0.4,50,8,0.04,0.7917
0.4,50,8,0.05,0.8949
0.4,50,8,0.060000000000000005,0.9483
0.4,50,8,0.06999999999999999,0.9745
0.4,50,8,0.08,0.9875
0.4,50,8,0.09,0.993
0.4,50,8,0.09999999999999999,0.9966
0.4,50,8,0.11,0.9984
0.4,50,8,0.12,0.9993
0.4,50,8,0.13,0.9997
0.4,50,8,0.14,0.9997
0.4,100,3,0.01,0.9692
0.4,100,3,0.02,0.9998
0.4,100,3,0.03,1.0
0.4,100,3,0.04,1.0
0.4,100,3,0.05,1.0
0.4,100,3,0.060000000000000005,1.0
0.4,100,3,0.06999999999999999,1.0
0.4,100,3,0.08,1.0
0.4,100,3,0.09,1.0
0.4,100,3,0.09999999999999999,1.0
0.4,100,3,0.11,1.0
0.4,100,3,0.12,1.0
0.4,100,3,0.13,1.0
0.4,100,3,0.14,1.0
0.4,100,4,0.01,0.9058
0.4,100,4,0.02,0.9976
0.4,100,4,0.03,0.9999
0.4,100,4,0.04,1.0
0.4,100,4,0.05,1.0
0.4,100,4,0.060000000000000005,1.0
0.4,100,4,0.06999999999999999,1.0
0.4,100,4,0.08,1.0
0.4,100,4,0.09,1.0
0.4,100,4,0.09999999999999999,1.0
0.4,100,4,0.11,1.0
0.4,100,4,0.12,1.0
0.4,100,4,0.13,1.0
0.4,100,4,0.14,1.0
0.4,100,5,0.01,0.7832
0.4,100,5,0.02,0.991
0.4,100,5,0.03,0.9998
0.4,100,5,0.04,1.0
0.4,100,5,0.05,1.0
0.4,100,5,0.060000000000000005,1.0
0.4,100,5,0.06999999999999999,1.0
0.4,100,5,0.08,1.0
0.4,100,5,0.09,1.0
0.4,100,5,0.09999999999999999,1.0
0.4,100,5,0.11,1.0
0.4,100,5,0.12,1.0
0.4,100,5,0.13,1.0
0.4,100,5,0.14,1.0
0.4,100,6,0.01,0.5986
0.4,100,6,0.02,0.9756
0.4,100,6,0.03,0.9991
0.4,100,6,0.04,1.0
0.4,100,6,0.05,1.0
0.4,100,6,0.060000000000000005,1.0
0.4,100,6,0.06999999999999999,1.0
0.4,100,6,0.08,1.0
0.4,100,6,0.09,1.0
0.4,100,6,0.09999999999999999,1.0
0.4,100,6,0.11,1.0
0.4,100,6,0.12,1.0
0.4,100,6,0.13,1.0
0.4,100,6,0.14,1.0
0.4,100,7,0.01,0.4035
0.4,100,7,0.02,0.9398
0.4,100,7,0.03,0.9941
0.4,100,7,0.04,0.9996
0.4,100,7,0.05,0.9999
0.4,100,7,0.060000000000000005,1.0
0.4,100,7,0.06999999999999999,1.0
0.4,100,7,0.08,1.0
0.4,100,7,0.09,1.0
0.4,100,7,0.09999999999999999,1.0
0.4,100,7,0.11,1.0
0.4,100,7,0.12,1.0
0.4,100,7,0.13,1.0
0.4,100,7,0.14,1.0
0.4,100,8,0.01,0.2212
0.4,100,8,0.02,0.8784
0.4,100,8,0.03,0.9841
0.4,100,8,0.04,0.9986
0.4,100,8,0.05,0.9997
0.4,100,8,0.060000000000000005,1.0
0.4,100,8,0.06999999999999999,1.0
0.4,100,8,0.08,1.0
0.4,100,8,0.09,1.0
0.4,100,8,0.09999999999999999,1.0
0.4,100,8,0.11,1.0
0.4,100,8,0.12,1.0
0.4,100,8,0.13,1.0
0.4,100,8,0.14,1.0
0.4,150,3,0.01,0.9966
0.4,150,3,0.02,1.0
0.4,150,3,0.03,1.0
0.4,150,3,0.04,1.0
0.4,150,3,0.05,1.0
0.4,150,3,0.060000000000000005,1.0
0.4,150,3,0.06999999999999999,1.0
0.4,150,3,0.08,1.0
0.4,150,3,0.09,1.0
0.4,150,3,0.09999999999999999,1.0
0.4,150,3,0.11,1.0
0.4,150,3,0.12,1.0
0.4,150,3,0.13,1.0
0.4,150,3,0.14,1.0
0.4,150,4,0.01,0.9853
0.4,150,4,0.02,1.0
0.4,150,4,0.03,1.0
0.4,150,4,0.04,1.0
0.4,150,4,0.05,1.0
0.4,150,4,0.060000000000000005,1.0
0.4,150,4,0.06999999999999999,1.0
0.4,150,4,0.08,1.0
0.4,150,4,0.09,1.0
0.4,150,4,0.09999999999999999,1.0
0.4,150,4,0.11,1.0
0.4,150,4,0.12,1.0
0.4,150,4,0.13,1.0
0.4,150,4,0.14,1.0
0.4,150,5,0.01,0.9553
0.4,150,5,0.02,0.9997
0.4,150,5,0.03,1.0
0.4,150,5,0.04,1.0
0.4,150,5,0.05,1.0
0.4,150,5,0.060000000000000005,1.0
0.4,150,5,0.06999999999999999,1.0
0.4,150,5,0.08,1.0
0.4,150,5,0.09,1.0
0.4,150,5,0.09999999999999999,1.0
0.4,150,5,0.11,1.0
0.4,150,5,0.12,1.0
0.4,150,5,0.13,1.0
0.4,150,5,0.14,1.0
0.4,150,6,0.01,0.8744
0.4,150,6,0.02,0.9993
0.4,150,6,0.03,1.0
0.4,150,6,0.04,1.0
0.4,150,6,0.05,1.0
0.4,150,6,0.060000000000000005,1.0
0.4,150,6,0.06999999999999999,1.0
0.4,150,6,0.08,1.0
0.4,150,6,0.09,1.0
0.4,150,6,0.09999999999999999,1.0
0.4,150,6,0.11,1.0
0.4,150,6,0.12,1.0
0.4,150,6,0.13,1.0
0.4,150,6,0.14,1.0
0.4,150,7,0.01,0.7459
0.4,150,7,0.02,0.9977
0.4,150,7,0.03,0.9999
0.4,150,7,0.04,1.0
0.4,150,7,0.05,1.0
0.4,150,7,0.060000000000000005,1.0
0.4,150,7,0.06999999999999999,1.0
0.4,150,7,0.08,1.0
0.4,150,7,0.09,1.0
0.4,150,7,0.09999999999999999,1.0
0.4,150,7,0.11,1.0
0.4,150,7,0.12,1.0
0.4,150,7,0.13,1.0
0.4,150,7,0.14,1.0
0.4,150,8,0.01,0.5698
0.4,150,8,0.02,0.9913
0.4,150,8,0.03,0.9999
0.4,150,8,0.04,1.0
0.4,150,8,0.05,1.0
0.4,150,8,0.060000000000000005,1.0
0.4,150,8,0.06999999999999999,1.0
0.4,150,8,0.08,1.0
0.4,150,8,0.09,1.0
0.4,150,8,0.09999999999999999,1.0
0.4,150,8,0.11,1.0
0.4,150,8,0.12,1.0
0.4,150,8,0.13,1.0
0.4,150,8,0.14,1.0
0.4,200,3,0.01,0.9995
0.4,200,3,0.02,1.0
0.4,200,3,0.03,1.0
0.4,200,3,0.04,1.0
0.4,200,3,0.05,1.0
0.4,200,3,0.060000000000000005,1.0
0.4,200,3,0.06999999999999999,1.0
0.4,200,3,0.08,1.0
0.4,200,3,0.09,1.0
0.4,200,3,0.09999999999999999,1.0
0.4,200,3,0.11,1.0
0.4,200,3,0.12,1.0
0.4,200,3,0.13,1.0
0.4,200,3,0.14,1.0
0.4,200,4,0.01,0.9978
0.4,200,4,0.02,1.0
0.4,200,4,0.03,1.0
0.4,200,4,0.04,1.0
0.4,200,4,0.05,1.0
0.4,200,4,0.060000000000000005,1.0
0.4,200,4,0.06999999999999999,1.0
0.4,200,4,0.08,1.0
0.4,200,4,0.09,1.0
0.4,200,4,0.09999999999999999,1.0
0.4,200,4,0.11,1.0
0.4,200,4,0.12,1.0
0.4,200,4,0.13,1.0
0.4,200,4,0.14,1.0
0.4,200,5,0.01,0.9918
0.4,200,5,0.02,1.0
0.4,200,5,0.03,1.0
0.4,200,5,0.04,1.0
0.4,200,5,0.05,1.0
0.4,200,5,0.060000000000000005,1.0
0.4,200,5,0.06999999999999999,1.0
0.4,200,5,0.08,1.0
0.4,200,5,0.09,1.0
0.4,200,5,0.09999999999999999,1.0
0.4,200,5,0.11,1.0
0.4,200,5,0.12,1.0
0.4,200,5,0.13,1.0
0.4,200,5,0.14,1.0
0.4,200,6,0.01,0.9713
0.4,200,6,0.02,1.0
0.4,200,6,0.03,1.0
0.4,200,6,0.04,1.0
0.4,200,6,0.05,1.0
0.4,200,6,0.060000000000000005,1.0
0.4,200,6,0.06999999999999999,1.0
0.4,200,6,0.08,1.0
0.4,200,6,0.09,1.0
0.4,200,6,0.09999999999999999,1.0
0.4,200,6,0.11,1.0
0.4,200,6,0.12,1.0
0.4,200,6,0.13,1.0
0.4,200,6,0.14,1.0
0.4,200,7,0.01,0.922
0.4,200,7,0.02,0.9998
0.4,200,7,0.03,1.0
0.4,200,7,0.04,1.0
0.4,200,7,0.05,1.0
0.4,200,7,0.060000000000000005,1.0
0.4,200,7,0.06999999999999999,1.0
0.4,200,7,0.08,1.0
0.4,200,7,0.09,1.0
0.4,200,7,0.09999999999999999,1.0
0.4,200,7,0.11,1.0
0.4,200,7,0.12,1.0
0.4,200,7,0.13,1.0
0.4,200,7,0.14,1.0
0.4,200,8,0.01,0.8225
0.4,200,8,0.02,0.9994
0.4,200,8,0.03,1.0
0.4,200,8,0.04,1.0
0.4,200,8,0.05,1.0
0.4,200,8,0.060000000000000005,1.0
0.4,200,8,0.06999999999999999,1.0
0.4,200,8,0.08,1.0
0.4,200,8,0.09,1.0
0.4,200,8,0.09999999999999999,1.0
0.4,200,8,0.11,1.0
0.4,200,8,0.12,1.0
0.4,200,8,0.13,1.0
0.4,200,8,0.14,1.0
0.4,250,3,0.01,0.9998
0.4,250,3,0.02,1.0
0.4,250,3,0.03,1.0
0.4,250,3,0.04,1.0
0.4,250,3,0.05,1.0
0.4,250,3,0.060000000000000005,1.0
0.4,250,3,0.06999999999999999,1.0
0.4,250,3,0.08,1.0
0.4,250,3,0.09,1.0
0.4,250,3,0.09999999999999999,1.0
0.4,250,3,0.11,1.0
0.4,250,3,0.12,1.0
0.4,250,3,0.13,1.0
0.4,250,3,0.14,1.0
0.4,250,4,0.01,0.9995
0.4,250,4,0.02,1.0
0.4,250,4,0.03,1.0
0.4,250,4,0.04,1.0
0.4,250,4,0.05,1.0
0.4,250,4,0.060000000000000005,1.0
0.4,250,4,0.06999999999999999,1.0
0.4,250,4,0.08,1.0
0.4,250,4,0.09,1.0
0.4,250,4,0.09999999999999999,1.0
0.4,250,4,0.11,1.0
0.4,250,4,0.12,1.0
0.4,250,4,0.13,1.0
0.4,250,4,0.14,1.0
0.4,250,5,0.01,0.9983
0.4,250,5,0.02,1.0
0.4,250,5,0.03,1.0
0.4,250,5,0.04,1.0
0.4,250,5,0.05,1.0
0.4,250,5,0.060000000000000005,1.0
0.4,250,5,0.06999999999999999,1.0
0.4,250,5,0.08,1.0
0.4,250,5,0.09,1.0
0.4,250,5,0.09999999999999999,1.0
0.4,250,5,0.11,1.0
0.4,250,5,0.12,1.0
0.4,250,5,0.13,1.0
0.4,250,5,0.14,1.0
0.4,250,6,0.01,0.9931
0.4,250,6,0.02,1.0
0.4,250,6,0.03,1.0
0.4,250,6,0.04,1.0
0.4,250,6,0.05,1.0
0.4,250,6,0.060000000000000005,1.0
0.4,250,6,0.06999999999999999,1.0
0.4,250,6,0.08,1.0
0.4,250,6,0.09,1.0
0.4,250,6,0.09999999999999999,1.0
0.4,250,6,0.11,1.0
0.4,250,6,0.12,1.0
0.4,250,6,0.13,1.0
0.4,250,6,0.14,1.0
0.4,250,7,0.01,0.9771
0.4,250,7,0.02,1.0
0.4,250,7,0.03,1.0
0.4,250,7,0.04,1.0
0.4,250,7,0.05,1.0
0.4,250,7,0.060000000000000005,1.0
0.4,250,7,0.06999999999999999,1.0
0.4,250,7,0.08,1.0
0.4,250,7,0.09,1.0
0.4,250,7,0.09999999999999999,1.0
0.4,250,7,0.11,1.0
0.4,250,7,0.12,1.0
0.4,250,7,0.13,1.0
0.4,250,7,0.14,1.0
0.4,250,8,0.01,0.9392
0.4,250,8,0.02,1.0
0.4,250,8,0.03,1.0
0.4,250,8,0.04,1.0
0.4,250,8,0.05,1.0
0.4,250,8,0.060000000000000005,1.0
0.4,250,8,0.06999999999999999,1.0
0.4,250,8,0.08,1.0
0.4,250,8,0.09,1.0
0.4,250,8,0.09999999999999999,1.0
0.4,250,8,0.11,1.0
0.4,250,8,0.12,1.0
0.4,250,8,0.13,1.0
0.4,250,8,0.14,1.0
0.4,300,3,0.01,1.0
0.4,300,3,0.02,1.0
0.4,300,3,0.03,1.0
0.4,300,3,0.04,1.0
0.4,300,3,0.05,1.0
0.4,300,3,0.060000000000000005,1.0
0.4,300,3,0.06999999999999999,1.0
0.4,300,3,0.08,1.0
0.4,300,3,0.09,1.0
0.4,300,3,0.09999999999999999,1.0
0.4,300,3,0.11,1.0
0.4,300,3,0.12,1.0
0.4,300,3,0.13,1.0
0.4,300,3,0.14,1.0
0.4,300,4,0.01,1.0
0.4,300,4,0.02,1.0
0.4,300,4,0.03,1.0
0.4,300,4,0.04,1.0
0.4,300,4,0.05,1.0
0.4,300,4,0.060000000000000005,1.0
0.4,300,4,0.06999999999999999,1.0
0.4,300,4,0.08,1.0
0.4,300,4,0.09,1.0
0.4,300,4,0.09999999999999999,1.0
0.4,300,4,0.11,1.0
0.4,300,4,0.12,1.0
0.4,300,4,0.13,1.0
0.4,300,4,0.14,1.0
0.4,300,5,0.01,0.9997
0.4,300,5,0.02,1.0
0.4,300,5,0.03,1.0
0.4,300,5,0.04,1.0
0.4,300,5,0.05,1.0
0.4,300,5,0.060000000000000005,1.0
0.4,300,5,0.06999999999999999,1.0
0.4,300,5,0.08,1.0
0.4,300,5,0.09,1.0
0.4,300,5,0.09999999999999999,1.0
0.4,300,5,0.11,1.0
0.4,300,5,0.12,1.0
0.4,300,5,0.13,1.0
0.4,300,5,0.14,1.0
0.4,300,6,0.01,0.9984
0.4,300,6,0.02,1.0
0.4,300,6,0.03,1.0
0.4,300,6,0.04,1.0
0.4,300,6,0.05,1.0
0.4,300,6,0.060000000000000005,1.0
0.4,300,6,0.06999999999999999,1.0
0.4,300,6,0.08,1.0
0.4,300,6,0.09,1.0
0.4,300,6,0.09999999999999999,1.0
0.4,300,6,0.11,1.0
0.4,300,6,0.12,1.0
0.4,300,6,0.13,1.0
0.4,300,6,0.14,1.0
0.4,300,7,0.01,0.9941
0.4,300,7,0.02,1.0
0.4,300,7,0.03,1.0
0.4,300,7,0.04,1.0
0.4,300,7,0.05,1.0
0.4,300,7,0.060000000000000005,1.0
0.4,300,7,0.06999999999999999,1.0
0.4,300,7,0.08,1.0
0.4,300,7,0.09,1.0
0.4,300,7,0.09999999999999999,1.0
0.4,300,7,0.11,1.0
0.4,300,7,0.12,1.0
0.4,300,7,0.13,1.0
0.4,300,7,0.14,1.0
0.4,300,8,0.01,0.9817
0.4,300,8,0.02,1.0
0.4,300,8,0.03,1.0
0.4,300,8,0.04,1.0
0.4,300,8,0.05,1.0
0.4,300,8,0.060000000000000005,1.0
0.4,300,8,0.06999999999999999,1.0
0.4,300,8,0.08,1.0
0.4,300,8,0.09,1.0
0.4,300,8,0.09999999999999999,1.0
0.4,300,8,0.11,1.0
0.4,300,8,0.12,1.0
0.4,300,8,0.13,1.0
0.4,300,8,0.14,1.0
0.4,350,3,0.01,1.0
0.4,350,3,0.02,1.0
0.4,350,3,0.03,1.0
0.4,350,3,0.04,1.0
0.4,350,3,0.05,1.0
0.4,350,3,0.060000000000000005,1.0
0.4,350,3,0.06999999999999999,1.0
0.4,350,3,0.08,1.0
0.4,350,3,0.09,1.0
0.4,350,3,0.09999999999999999,1.0
0.4,350,3,0.11,1.0
0.4,350,3,0.12,1.0
0.4,350,3,0.13,1.0
0.4,350,3,0.14,1.0
0.4,350,4,0.01,1.0
0.4,350,4,0.02,1.0
0.4,350,4,0.03,1.0
0.4,350,4,0.04,1.0
0.4,350,4,0.05,1.0
0.4,350,4,0.060000000000000005,1.0
0.4,350,4,0.06999999999999999,1.0
0.4,350,4,0.08,1.0
0.4,350,4,0.09,1.0
0.4,350,4,0.09999999999999999,1.0
0.4,350,4,0.11,1.0
0.4,350,4,0.12,1.0
0.4,350,4,0.13,1.0
0.4,350,4,0.14,1.0
0.4,350,5,0.01,1.0
0.4,350,5,0.02,1.0
0.4,350,5,0.03,1.0
0.4,350,5,0.04,1.0
0.4,350,5,0.05,1.0
0.4,350,5,0.060000000000000005,1.0
0.4,350,5,0.06999999999999999,1.0
0.4,350,5,0.08,1.0
0.4,350,5,0.09,1.0
0.4,350,5,0.09999999999999999,1.0
0.4,350,5,0.11,1.0
0.4,350,5,0.12,1.0
0.4,350,5,0.13,1.0
0.4,350,5,0.14,1.0
0.4,350,6,0.01,1.0
0.4,350,6,0.02,1.0
0.4,350,6,0.03,1.0
0.4,350,6,0.04,1.0
0.4,350,6,0.05,1.0
0.4,350,6,0.060000000000000005,1.0
0.4,350,6,0.06999999999999999,1.0
0.4,350,6,0.08,1.0
0.4,350,6,0.09,1.0
0.4,350,6,0.09999999999999999,1.0
0.4,350,6,0.11,1.0
0.4,350,6,0.12,1.0
0.4,350,6,0.13,1.0
0.4,350,6,0.14,1.0
0.4,350,7,0.01,0.9991
0.4,350,7,0.02,1.0
0.4,350,7,0.03,1.0
0.4,350,7,0.04,1.0
0.4,350,7,0.05,1.0
0.4,350,7,0.060000000000000005,1.0
0.4,350,7,0.06999999999999999,1.0
0.4,350,7,0.08,1.0
0.4,350,7,0.09,1.0
0.4,350,7,0.09999999999999999,1.0
0.4,350,7,0.11,1.0
0.4,350,7,0.12,1.0
0.4,350,7,0.13,1.0
0.4,350,7,0.14,1.0
0.4,350,8,0.01,0.9948
0.4,350,8,0.02,1.0
0.4,350,8,0.03,1.0
0.4,350,8,0.04,1.0
0.4,350,8,0.05,1.0
0.4,350,8,0.060000000000000005,1.0
0.4,350,8,0.06999999999999999,1.0
0.4,350,8,0.08,1.0
0.4,350,8,0.09,1.0
0.4,350,8,0.09999999999999999,1.0
0.4,350,8,0.11,1.0
0.4,350,8,0.12,1.0
0.4,350,8,0.13,1.0
0.4,350,8,0.14,1.0
0.4,400,3,0.01,1.0
0.4,400,3,0.02,1.0
0.4,400,3,0.03,1.0
0.4,400,3,0.04,1.0
0.4,400,3,0.05,1.0
0.4,400,3,0.060000000000000005,1.0
0.4,400,3,0.06999999999999999,1.0
0.4,400,3,0.08,1.0
0.4,400,3,0.09,1.0
0.4,400,3,0.09999999999999999,1.0
0.4,400,3,0.11,1.0
0.4,400,3,0.12,1.0
0.4,400,3,0.13,1.0
0.4,400,3,0.14,1.0
0.4,400,4,0.01,1.0
0.4,400,4,0.02,1.0
0.4,400,4,0.03,1.0
0.4,400,4,0.04,1.0
0.4,400,4,0.05,1.0
0.4,400,4,0.060000000000000005,1.0
0.4,400,4,0.06999999999999999,1.0
0.4,400,4,0.08,1.0
0.4,400,4,0.09,1.0
0.4,400,4,0.09999999999999999,1.0
0.4,400,4,0.11,1.0
0.4,400,4,0.12,1.0
0.4,400,4,0.13,1.0
0.4,400,4,0.14,1.0
0.4,400,5,0.01,1.0
0.4,400,5,0.02,1.0
0.4,400,5,0.03,1.0
0.4,400,5,0.04,1.0
0.4,400,5,0.05,1.0
0.4,400,5,0.060000000000000005,1.0
0.4,400,5,0.06999999999999999,1.0
0.4,400,5,0.08,1.0
0.4,400,5,0.09,1.0
0.4,400,5,0.09999999999999999,1.0
0.4,400,5,0.11,1.0
0.4,400,5,0.12,1.0
0.4,400,5,0.13,1.0
0.4,400,5,0.14,1.0
0.4,400,6,0.01,1.0
0.4,400,6,0.02,1.0
0.4,400,6,0.03,1.0
0.4,400,6,0.04,1.0
0.4,400,6,0.05,1.0
0.4,400,6,0.060000000000000005,1.0
0.4,400,6,0.06999999999999999,1.0
0.4,400,6,0.08,1.0
0.4,400,6,0.09,1.0
0.4,400,6,0.09999999999999999,1.0
0.4,400,6,0.11,1.0
0.4,400,6,0.12,1.0
0.4,400,6,0.13,1.0
0.4,400,6,0.14,1.0
0.4,400,7,0.01,1.0
0.4,400,7,0.02,1.0
0.4,400,7,0.03,1.0
0.4,400,7,0.04,1.0
0.4,400,7,0.05,1.0
0.4,400,7,0.060000000000000005,1.0
0.4,400,7,0.06999999999999999,1.0
0.4,400,7,0.08,1.0
0.4,400,7,0.09,1.0
0.4,400,7,0.09999999999999999,1.0
0.4,400,7,0.11,1.0
0.4,400,7,0.12,1.0
0.4,400,7,0.13,1.0
0.4,400,7,0.14,1.0
0.4,400,8,0.01,0.9987
0.4,400,8,0.02,1.0
0.4,400,8,0.03,1.0
0.4,400,8,0.04,1.0
0.4,400,8,0.05,1.0
0.4,400,8,0.060000000000000005,1.0
0.4,400,8,0.06999999999999999,1.0
0.4,400,8,0.08,1.0
0.4,400,8,0.09,1.0
0.4,400,8,0.09999999999999999,1.0
0.4,400,8,0.11,1.0
0.4,400,8,0.12,1.0
0.4,400,8,0.13,1.0
0.4,400,8,0.14,1.0
0.4,450,3,0.01,1.0
0.4,450,3,0.02,1.0
0.4,450,3,0.03,1.0
0.4,450,3,0.04,1.0
0.4,450,3,0.05,1.0
0.4,450,3,0.060000000000000005,1.0
0.4,450,3,0.06999999999999999,1.0
0.4,450,3,0.08,1.0
0.4,450,3,0.09,1.0
0.4,450,3,0.09999999999999999,1.0
0.4,450,3,0.11,1.0
0.4,450,3,0.12,1.0
0.4,450,3,0.13,1.0
0.4,450,3,0.14,1.0
0.4,450,4,0.01,1.0
0.4,450,4,0.02,1.0
0.4,450,4,0.03,1.0
0.4,450,4,0.04,1.0
0.4,450,4,0.05,1.0
0.4,450,4,0.060000000000000005,1.0
0.4,450,4,0.06999999999999999,1.0
0.4,450,4,0.08,1.0
0.4,450,4,0.09,1.0
0.4,450,4,0.09999999999999999,1.0
0.4,450,4,0.11,1.0
0.4,450,4,0.12,1.0
0.4,450,4,0.13,1.0
0.4,450,4,0.14,1.0
0.4,450,5,0.01,1.0
0.4,450,5,0.02,1.0
0.4,450,5,0.03,1.0
0.4,450,5,0.04,1.0
0.4,450,5,0.05,1.0
0.4,450,5,0.060000000000000005,1.0
0.4,450,5,0.06999999999999999,1.0
0.4,450,5,0.08,1.0
0.4,450,5,0.09,1.0
0.4,450,5,0.09999999999999999,1.0
0.4,450,5,0.11,1.0
0.4,450,5,0.12,1.0
0.4,450,5,0.13,1.0
0.4,450,5,0.14,1.0
0.4,450,6,0.01,1.0
0.4,450,6,0.02,1.0
0.4,450,6,0.03,1.0
0.4,450,6,0.04,1.0
0.4,450,6,0.05,1.0
0.4,450,6,0.060000000000000005,1.0
0.4,450,6,0.06999999999999999,1.0
0.4,450,6,0.08,1.0
0.4,450,6,0.09,1.0
0.4,450,6,0.09999999999999999,1.0
0.4,450,6,0.11,1.0
0.4,450,6,0.12,1.0
0.4,450,6,0.13,1.0
0.4,450,6,0.14,1.0
0.4,450,7,0.01,1.0
0.4,450,7,0.02,1.0
0.4,450,7,0.03,1.0
0.4,450,7,0.04,1.0
0.4,450,7,0.05,1.0
0.4,450,7,0.060000000000000005,1.0
0.4,450,7,0.06999999999999999,1.0
0.4,450,7,0.08,1.0
0.4,450,7,0.09,1.0
0.4,450,7,0.09999999999999999,1.0
0.4,450,7,0.11,1.0
0.4,450,7,0.12,1.0
0.4,450,7,0.13,1.0
0.4,450,7,0.14,1.0
0.4,450,8,0.01,0.9997
0.4,450,8,0.02,1.0
0.4,450,8,0.03,1.0
0.4,450,8,0.04,1.0
0.4,450,8,0.05,1.0
0.4,450,8,0.060000000000000005,1.0
0.4,450,8,0.06999999999999999,1.0
0.4,450,8,0.08,1.0
0.4,450,8,0.09,1.0
0.4,450,8,0.09999999999999999,1.0
0.4,450,8,0.11,1.0
0.4,450,8,0.12,1.0
0.4,450,8,0.13,1.0
0.4,450,8,0.14,1.0
0.4,500,3,0.01,1.0
0.4,500,3,0.02,1.0
0.4,500,3,0.03,1.0
0.4,500,3,0.04,1.0
0.4,500,3,0.05,1.0
0.4,500,3,0.060000000000000005,1.0
0.4,500,3,0.06999999999999999,1.0
0.4,500,3,0.08,1.0
0.4,500,3,0.09,1.0
0.4,500,3,0.09999999999999999,1.0
0.4,500,3,0.11,1.0
0.4,500,3,0.12,1.0
0.4,500,3,0.13,1.0
0.4,500,3,0.14,1.0
0.4,500,4,0.01,1.0
0.4,500,4,0.02,1.0
0.4,500,4,0.03,1.0
0.4,500,4,0.04,1.0
0.4,500,4,0.05,1.0
0.4,500,4,0.060000000000000005,1.0
0.4,500,4,0.06999999999999999,1.0
0.4,500,4,0.08,1.0
0.4,500,4,0.09,1.0
0.4,500,4,0.09999999999999999,1.0
0.4,500,4,0.11,1.0
0.4,500,4,0.12,1.0
0.4,500,4,0.13,1.0
0.4,500,4,0.14,1.0
0.4,500,5,0.01,1.0
0.4,500,5,0.02,1.0
0.4,500,5,0.03,1.0
0.4,500,5,0.04,1.0
0.4,500,5,0.05,1.0
0.4,500,5,0.060000000000000005,1.0
0.4,500,5,0.06999999999999999,1.0
0.4,500,5,0.08,1.0
0.4,500,5,0.09,1.0
0.4,500,5,0.09999999999999999,1.0
0.4,500,5,0.11,1.0
0.4,500,5,0.12,1.0
0.4,500,5,0.13,1.0
0.4,500,5,0.14,1.0
0.4,500,6,0.01,1.0
0.4,500,6,0.02,1.0
0.4,500,6,0.03,1.0
0.4,500,6,0.04,1.0
0.4,500,6,0.05,1.0
0.4,500,6,0.060000000000000005,1.0
0.4,500,6,0.06999999999999999,1.0
0.4,500,6,0.08,1.0
0.4,500,6,0.09,1.0
0.4,500,6,0.09999999999999999,1.0
0.4,500,6,0.11,1.0
0.4,500,6,0.12,1.0
0.4,500,6,0.13,1.0
0.4,500,6,0.14,1.0
0.4,500,7,0.01,1.0
0.4,500,7,0.02,1.0
0.4,500,7,0.03,1.0
0.4,500,7,0.04,1.0
0.4,500,7,0.05,1.0
0.4,500,7,0.060000000000000005,1.0
0.4,500,7,0.06999999999999999,1.0
0.4,500,7,0.08,1.0
0.4,500,7,0.09,1.0
0.4,500,7,0.09999999999999999,1.0
0.4,500,7,0.11,1.0
0.4,500,7,0.12,1.0
0.4,500,7,0.13,1.0
0.4,500,7,0.14,1.0
0.4,500,8,0.01,1.0
0.4,500,8,0.02,1.0
0.4,500,8,0.03,1.0
0.4,500,8,0.04,1.0
0.4,500,8,0.05,1.0
0.4,500,8,0.060000000000000005,1.0
0.4,500,8,0.06999999999999999,1.0
0.4,500,8,0.08,1.0
0.4,500,8,0.09,1.0
0.4,500,8,0.09999999999999999,1.0
0.4,500,8,0.11,1.0
0.4,500,8,0.12,1.0
0.4,500,8,0.13,1.0
0.4,500,8,0.14,1.0
0.4,550,3,0.01,1.0
0.4,550,3,0.02,1.0
0.4,550,3,0.03,1.0
0.4,550,3,0.04,1.0
0.4,550,3,0.05,1.0
0.4,550,3,0.060000000000000005,1.0
0.4,550,3,0.06999999999999999,1.0
0.4,550,3,0.08,1.0
0.4,550,3,0.09,1.0
0.4,550,3,0.09999999999999999,1.0
0.4,550,3,0.11,1.0
0.4,550,3,0.12,1.0
0.4,550,3,0.13,1.0
0.4,550,3,0.14,1.0
0.4,550,4,0.01,1.0
0.4,550,4,0.02,1.0
0.4,550,4,0.03,1.0
0.4,550,4,0.04,1.0
0.4,550,4,0.05,1.0
0.4,550,4,0.060000000000000005,1.0
0.4,550,4,0.06999999999999999,1.0
0.4,550,4,0.08,1.0
0.4,550,4,0.09,1.0
0.4,550,4,0.09999999999999999,1.0
0.4,550,4,0.11,1.0
0.4,550,4,0.12,1.0
0.4,550,4,0.13,1.0
0.4,550,4,0.14,1.0
0.4,550,5,0.01,1.0
0.4,550,5,0.02,1.0
0.4,550,5,0.03,1.0
0.4,550,5,0.04,1.0
0.4,550,5,0.05,1.0
0.4,550,5,0.060000000000000005,1.0
0.4,550,5,0.06999999999999999,1.0
0.4,550,5,0.08,1.0
0.4,550,5,0.09,1.0
0.4,550,5,0.09999999999999999,1.0
0.4,550,5,0.11,1.0
0.4,550,5,0.12,1.0
0.4,550,5,0.13,1.0
0.4,550,5,0.14,1.0
0.4,550,6,0.01,1.0
0.4,550,6,0.02,1.0
0.4,550,6,0.03,1.0
0.4,550,6,0.04,1.0
0.4,550,6,0.05,1.0
0.4,550,6,0.060000000000000005,1.0
0.4,550,6,0.06999999999999999,1.0
0.4,550,6,0.08,1.0
0.4,550,6,0.09,1.0
0.4,550,6,0.09999999999999999,1.0
0.4,550,6,0.11,1.0
0.4,550,6,0.12,1.0
0.4,550,6,0.13,1.0
0.4,550,6,0.14,1.0
0.4,550,7,0.01,1.0
0.4,550,7,0.02,1.0
0.4,550,7,0.03,1.0
0.4,550,7,0.04,1.0
0.4,550,7,0.05,1.0
0.4,550,7,0.060000000000000005,1.0
0.4,550,7,0.06999999999999999,1.0
0.4,550,7,0.08,1.0
0.4,550,7,0.09,1.0
0.4,550,7,0.09999999999999999,1.0
0.4,550,7,0.11,1.0
0.4,550,7,0.12,1.0
0.4,550,7,0.13,1.0
0.4,550,7,0.14,1.0
0.4,550,8,0.01,1.0
0.4,550,8,0.02,1.0
0.4,550,8,0.03,1.0
0.4,550,8,0.04,1.0
0.4,550,8,0.05,1.0
0.4,550,8,0.060000000000000005,1.0
0.4,550,8,0.06999999999999999,1.0
0.4,550,8,0.08,1.0
0.4,550,8,0.09,1.0
0.4,550,8,0.09999999999999999,1.0
0.4,550,8,0.11,1.0
0.4,550,8,0.12,1.0
0.4,550,8,0.13,1.0
0.4,550,8,0.14,1.0
0.4,600,3,0.01,1.0
0.4,600,3,0.02,1.0
0.4,600,3,0.03,1.0
0.4,600,3,0.04,1.0
0.4,600,3,0.05,1.0
0.4,600,3,0.060000000000000005,1.0
0.4,600,3,0.06999999999999999,1.0
0.4,600,3,0.08,1.0
0.4,600,3,0.09,1.0
0.4,600,3,0.09999999999999999,1.0
0.4,600,3,0.11,1.0
0.4,600,3,0.12,1.0
0.4,600,3,0.13,1.0
0.4,600,3,0.14,1.0
0.4,600,4,0.01,1.0
0.4,600,4,0.02,1.0
0.4,600,4,0.03,1.0
0.4,600,4,0.04,1.0
0.4,600,4,0.05,1.0
0.4,600,4,0.060000000000000005,1.0
0.4,600,4,0.06999999999999999,1.0
0.4,600,4,0.08,1.0
0.4,600,4,0.09,1.0
0.4,600,4,0.09999999999999999,1.0
0.4,600,4,0.11,1.0
0.4,600,4,0.12,1.0
0.4,600,4,0.13,1.0
0.4,600,4,0.14,1.0
0.4,600,5,0.01,1.0
0.4,600,5,0.02,1.0
0.4,600,5,0.03,1.0
0.4,600,5,0.04,1.0
0.4,600,5,0.05,1.0
0.4,600,5,0.060000000000000005,1.0
0.4,600,5,0.06999999999999999,1.0
0.4,600,5,0.08,1.0
0.4,600,5,0.09,1.0
0.4,600,5,0.09999999999999999,1.0
0.4,600,5,0.11,1.0
0.4,600,5,0.12,1.0
0.4,600,5,0.13,1.0
0.4,600,5,0.14,1.0
0.4,600,6,0.01,1.0
0.4,600,6,0.02,1.0
0.4,600,6,0.03,1.0
0.4,600,6,0.04,1.0
0.4,600,6,0.05,1.0
0.4,600,6,0.060000000000000005,1.0
0.4,600,6,0.06999999999999999,1.0
0.4,600,6,0.08,1.0
0.4,600,6,0.09,1.0
0.4,600,6,0.09999999999999999,1.0
0.4,600,6,0.11,1.0
0.4,600,6,0.12,1.0
0.4,600,6,0.13,1.0
0.4,600,6,0.14,1.0
0.4,600,7,0.01,1.0
0.4,600,7,0.02,1.0
0.4,600,7,0.03,1.0
0.4,600,7,0.04,1.0
0.4,600,7,0.05,1.0
0.4,600,7,0.060000000000000005,1.0
0.4,600,7,0.06999999999999999,1.0
0.4,600,7,0.08,1.0
0.4,600,7,0.09,1.0
0.4,600,7,0.09999999999999999,1.0
0.4,600,7,0.11,1.0
0.4,600,7,0.12,1.0
0.4,600,7,0.13,1.0
0.4,600,7,0.14,1.0
0.4,600,8,0.01,1.0
0.4,600,8,0.02,1.0
0.4,600,8,0.03,1.0
0.4,600,8,0.04,1.0
0.4,600,8,0.05,1.0
0.4,600,8,0.060000000000000005,1.0
0.4,600,8,0.06999999999999999,1.0
0.4,600,8,0.08,1.0
0.4,600,8,0.09,1.0
0.4,600,8,0.09999999999999999,1.0
0.4,600,8,0.11,1.0
0.4,600,8,0.12,1.0
0.4,600,8,0.13,1.0
0.4,600,8,0.14,1.0
0.4,650,3,0.01,1.0
0.4,650,3,0.02,1.0
0.4,650,3,0.03,1.0
0.4,650,3,0.04,1.0
0.4,650,3,0.05,1.0
0.4,650,3,0.060000000000000005,1.0
0.4,650,3,0.06999999999999999,1.0
0.4,650,3,0.08,1.0
0.4,650,3,0.09,1.0
0.4,650,3,0.09999999999999999,1.0
0.4,650,3,0.11,1.0
0.4,650,3,0.12,1.0
0.4,650,3,0.13,1.0
0.4,650,3,0.14,1.0
0.4,650,4,0.01,1.0
0.4,650,4,0.02,1.0
0.4,650,4,0.03,1.0
0.4,650,4,0.04,1.0
0.4,650,4,0.05,1.0
0.4,650,4,0.060000000000000005,1.0
0.4,650,4,0.06999999999999999,1.0
0.4,650,4,0.08,1.0
0.4,650,4,0.09,1.0
0.4,650,4,0.09999999999999999,1.0
0.4,650,4,0.11,1.0
0.4,650,4,0.12,1.0
0.4,650,4,0.13,1.0
0.4,650,4,0.14,1.0
0.4,650,5,0.01,1.0
0.4,650,5,0.02,1.0
0.4,650,5,0.03,1.0
0.4,650,5,0.04,1.0
0.4,650,5,0.05,1.0
0.4,650,5,0.060000000000000005,1.0
0.4,650,5,0.06999999999999999,1.0
0.4,650,5,0.08,1.0
0.4,650,5,0.09,1.0
0.4,650,5,0.09999999999999999,1.0
0.4,650,5,0.11,1.0
0.4,650,5,0.12,1.0
0.4,650,5,0.13,1.0
0.4,650,5,0.14,1.0
0.4,650,6,0.01,1.0
0.4,650,6,0.02,1.0
0.4,650,6,0.03,1.0
0.4,650,6,0.04,1.0
0.4,650,6,0.05,1.0
0.4,650,6,0.060000000000000005,1.0
0.4,650,6,0.06999999999999999,1.0
0.4,650,6,0.08,1.0
0.4,650,6,0.09,1.0
0.4,650,6,0.09999999999999999,1.0
0.4,650,6,0.11,1.0
0.4,650,6,0.12,1.0
0.4,650,6,0.13,1.0
0.4,650,6,0.14,1.0
0.4,650,7,0.01,1.0
0.4,650,7,0.02,1.0
0.4,650,7,0.03,1.0
0.4,650,7,0.04,1.0
0.4,650,7,0.05,1.0
0.4,650,7,0.060000000000000005,1.0
0.4,650,7,0.06999999999999999,1.0
0.4,650,7,0.08,1.0
0.4,650,7,0.09,1.0
0.4,650,7,0.09999999999999999,1.0
0.4,650,7,0.11,1.0
0.4,650,7,0.12,1.0
0.4,650,7,0.13,1.0
0.4,650,7,0.14,1.0
0.4,650,8,0.01,1.0
0.4,650,8,0.02,1.0
0.4,650,8,0.03,1.0
0.4,650,8,0.04,1.0
0.4,650,8,0.05,1.0
0.4,650,8,0.060000000000000005,1.0
0.4,650,8,0.06999999999999999,1.0
0.4,650,8,0.08,1.0
0.4,650,8,0.09,1.0
0.4,650,8,0.09999999999999999,1.0
0.4,650,8,0.11,1.0
0.4,650,8,0.12,1.0
0.4,650,8,0.13,1.0
0.4,650,8,0.14,1.0
0.5000000000000001,50,3,0.01,0.9129
0.5000000000000001,50,3,0.02,0.995
0.5000000000000001,50,3,0.03,0.9994
0.5000000000000001,50,3,0.04,1.0
0.5000000000000001,50,3,0.05,1.0
0.5000000000000001,50,3,0.060000000000000005,1.0
0.5000000000000001,50,3,0.06999999999999999,1.0
0.5000000000000001,50,3,0.08,1.0
0.5000000000000001,50,3,0.09,1.0
0.5000000000000001,50,3,0.09999999999999999,1.0
0.5000000000000001,50,3,0.11,1.0
0.5000000000000001,50,3,0.12,1.0
0.5000000000000001,50,3,0.13,1.0
0.5000000000000001,50,3,0.14,1.0
0.5000000000000001,50,4,0.01,0.7757
0.5000000000000001,50,4,0.02,0.978
0.5000000000000001,50,4,0.03,0.9973
0.5000000000000001,50,4,0.04,0.9997
0.5000000000000001,50,4,0.05,1.0
0.5000000000000001,50,4,0.060000000000000005,1.0
0.5000000000000001,50,4,0.06999999999999999,1.0
0.5000000000000001,50,4,0.08,1.0
0.5000000000000001,50,4,0.09,1.0
0.5000000000000001,50,4,0.09999999999999999,1.0
0.5000000000000001,50,4,0.11,1.0
0.5000000000000001,50,4,0.12,1.0
0.5000000000000001,50,4,0.13,1.0
0.5000000000000001,50,4,0.14,1.0
0.5000000000000001,50,5,0.01,0.5719
0.5000000000000001,50,5,0.02,0.9408
0.5000000000000001,50,5,0.03,0.9873
0.5000000000000001,50,5,0.04,0.9982
0.5000000000000001,50,5,0.05,0.9997
0.5000000000000001,50,5,0.060000000000000005,1.0
0.5000000000000001,50,5,0.06999999999999999,1.0
0.5000000000000001,50,5,0.08,1.0
0.5000000000000001,50,5,0.09,1.0
0.5000000000000001,50,5,0.09999999999999999,1.0
0.5000000000000001,50,5,0.11,1.0
0.5000000000000001,50,5,0.12,1.0
0.5000000000000001,50,5,0.13,1.0
0.5000000000000001,50,5,0.14,1.0
0.5000000000000001,50,6,0.01,0.3567
0.5000000000000001,50,6,0.02,0.8628
0.5000000000000001,50,6,0.03,0.9683
0.5000000000000001,50,6,0.04,0.9923
0.5000000000000001,50,6,0.05,0.9981
0.5000000000000001,50,6,0.060000000000000005,0.9996
0.5000000000000001,50,6,0.06999999999999999,1.0
0.5000000000000001,50,6,0.08,1.0
0.5000000000000001,50,6,0.09,1.0
0.5000000000000001,50,6,0.09999999999999999,1.0
0.5000000000000001,50,6,0.11,1.0
0.5000000000000001,50,6,0.12,1.0
0.5000000000000001,50,6,0.13,1.0
0.5000000000000001,50,6,0.14,1.0
0.5000000000000001,50,7,0.01,0.1839
0.5000000000000001,50,7,0.02,0.7356
0.5000000000000001,50,7,0.03,0.9244
0.5000000000000001,50,7,0.04,0.9792
0.5000000000000001,50,7,0.05,0.9938
0.5000000000000001,50,7,0.060000000000000005,0.9988
0.5000000000000001,50,7,0.06999999999999999,0.9999
0.5000000000000001,50,7,0.08,1.0
0.5000000000000001,50,7,0.09,1.0
0.5000000000000001,50,7,0.09999999999999999,1.0
0.5000000000000001,50,7,0.11,1.0
0.5000000000000001,50,7,0.12,1.0
0.5000000000000001,50,7,0.13,1.0
0.5000000000000001,50,7,0.14,1.0
0.5000000000000001,50,8,0.01,0.0782
0.5000000000000001,50,8,0.02,0.5754
0.5000000000000001,50,8,0.03,0.8479
0.5000000000000001,50,8,0.04,0.9514
0.5000000000000001,50,8,0.05,0.9834
0.5000000000000001,50,8,0.060000000000000005,0.9957
0.5000000000000001,50,8,0.06999999999999999,0.9989
0.5000000000000001,50,8,0.08,0.9998
0.5000000000000001,50,8,0.09,1.0
0.5000000000000001,50,8,0.09999999999999999,1.0
0.5000000000000001,50,8,0.11,1.0
0.5000000000000001,50,8,0.12,1.0
0.5000000000000001,50,8,0.13,1.0
0.5000000000000001,50,8,0.14,1.0
0.5000000000000001,100,3,0.01,0.9962
0.5000000000000001,100,3,0.02,1.0
0.5000000000000001,100,3,0.03,1.0
0.5000000000000001,100,3,0.04,1.0
0.5000000000000001,100,3,0.05,1.0
0.5000000000000001,100,3,0.060000000000000005,1.0
0.5000000000000001,100,3,0.06999999999999999,1.0
0.5000000000000001,100,3,0.08,1.0
0.5000000000000001,100,3,0.09,1.0
0.5000000000000001,100,3,0.09999999999999999,1.0
0.5000000000000001,100,3,0.11,1.0
0.5000000000000001,100,3,0.12,1.0
0.5000000000000001,100,3,0.13,1.0
0.5000000000000001,100,3,0.14,1.0
0.5000000000000001,100,4,0.01,0.9814
0.5000000000000001,100,4,0.02,1.0
0.5000000000000001,100,4,0.03,1.0
0.5000000000000001,100,4,0.04,1.0
0.5000000000000001,100,4,0.05,1.0
0.5000000000000001,100,4,0.060000000000000005,1.0
0.5000000000000001,100,4,0.06999999999999999,1.0
0.5000000000000001,100,4,0.08,1.0
0.5000000000000001,100,4,0.09,1.0
0.5000000000000001,100,4,0.09999999999999999,1.0
0.5000000000000001,100,4,0.11,1.0
0.5000000000000001,100,4,0.12,1.0
0.5000000000000001,100,4,0.13,1.0
0.5000000000000001,100,4,0.14,1.0
0.5000000000000001,100,5,0.01,0.9419
0.5000000000000001,100,5,0.02,0.9998
0.5000000000000001,100,5,0.03,1.0
0.5000000000000001,100,5,0.04,1.0
0.5000000000000001,100,5,0.05,1.0
0.5000000000000001,100,5,0.060000000000000005,1.0
0.5000000000000001,100,5,0.06999999999999999,1.0
0.5000000000000001,100,5,0.08,1.0
0.5000000000000001,100,5,0.09,1.0
0.5000000000000001,100,5,0.09999999999999999,1.0
0.5000000000000001,100,5,0.11,1.0
0.5000000000000001,100,5,0.12,1.0
0.5000000000000001,100,5,0.13,1.0
0.5000000000000001,100,5,0.14,1.0
0.5000000000000001,100,6,0.01,0.8539
0.5000000000000001,100,6,0.02,0.9984
0.5000000000000001,100,6,0.03,1.0
0.5000000000000001,100,6,0.04,1.0
0.5000000000000001,100,6,0.05,1.0
0.5000000000000001,100,6,0.060000000000000005,1.0
0.5000000000000001,100,6,0.06999999999999999,1.0
0.5000000000000001,100,6,0.08,1.0
0.5000000000000001,100,6,0.09,1.0
0.5000000000000001,100,6,0.09999999999999999,1.0
0.5000000000000001,100,6,0.11,1.0
0.5000000000000001,100,6,0.12,1.0
0.5000000000000001,100,6,0.13,1.0
0.5000000000000001,100,6,0.14,1.0
0.5000000000000001,100,7,0.01,0.7158
0.5000000000000001,100,7,0.02,0.9936
0.5000000000000001,100,7,0.03,1.0
0.5000000000000001,100,7,0.04,1.0
0.5000000000000001,100,7,0.05,1.0
0.5000000000000001,100,7,0.060000000000000005,1.0
0.5000000000000001,100,7,0.06999999999999999,1.0
0.5000000000000001,100,7,0.08,1.0
0.5000000000000001,100,7,0.09,1.0
0.5000000000000001,100,7,0.09999999999999999,1.0
0.5000000000000001,100,7,0.11,1.0
0.5000000000000001,100,7,0.12,1.0
0.5000000000000001,100,7,0.13,1.0
0.5000000000000001,100,7,0.14,1.0
0.5000000000000001,100,8,0.01,0.5293
0.5000000000000001,100,8,0.02,0.9803
0.5000000000000001,100,8,0.03,0.9993
0.5000000000000001,100,8,0.04,1.0
0.5000000000000001,100,8,0.05,1.0
0.5000000000000001,100,8,0.060000000000000005,1.0
0.5000000000000001,100,8,0.06999999999999999,1.0
0.5000000000000001,100,8,0.08,1.0
0.5000000000000001,100,8,0.09,1.0
0.5000000000000001,100,8,0.09999999999999999,1.0
0.5000000000000001,100,8,0.11,1.0
0.5000000000000001,100,8,0.12,1.0
0.5000000000000001,100,8,0.13,1.0
0.5000000000000001,100,8,0.14,1.0
0.5000000000000001,150,3,0.01,1.0
0.5000000000000001,150,3,0.02,1.0
0.5000000000000001,150,3,0.03,1.0
0.5000000000000001,150,3,0.04,1.0
0.5000000000000001,150,3,0.05,1.0
0.5000000000000001,150,3,0.060000000000000005,1.0
0.5000000000000001,150,3,0.06999999999999999,1.0
0.5000000000000001,150,3,0.08,1.0
0.5000000000000001,150,3,0.09,1.0
0.5000000000000001,150,3,0.09999999999999999,1.0
0.5000000000000001,150,3,0.11,1.0
0.5000000000000001,150,3,0.12,1.0
0.5000000000000001,150,3,0.13,1.0
0.5000000000000001,150,3,0.14,1.0
0.5000000000000001,150,4,0.01,0.9985
0.5000000000000001,150,4,0.02,1.0
0.5000000000000001,150,4,0.03,1.0
0.5000000000000001,150,4,0.04,1.0
0.5000000000000001,150,4,0.05,1.0
0.5000000000000001,150,4,0.060000000000000005,1.0
0.5000000000000001,150,4,0.06999999999999999,1.0
0.5000000000000001,150,4,0.08,1.0
0.5000000000000001,150,4,0.09,1.0
0.5000000000000001,150,4,0.09999999999999999,1.0
0.5000000000000001,150,4,0.11,1.0
0.5000000000000001,150,4,0.12,1.0
0.5000000000000001,150,4,0.13,1.0
0.5000000000000001,150,4,0.14,1.0
0.5000000000000001,150,5,0.01,0.9939
0.5000000000000001,150,5,0.02,1.0
0.5000000000000001,150,5,0.03,1.0
0.5000000000000001,150,5,0.04,1.0
0.5000000000000001,150,5,0.05,1.0
0.5000000000000001,150,5,0.060000000000000005,1.0
0.5000000000000001,150,5,0.06999999999999999,1.0
0.5000000000000001,150,5,0.08,1.0
0.5000000000000001,150,5,0.09,1.0
0.5000000000000001,150,5,0.09999999999999999,1.0
0.5000000000000001,150,5,0.11,1.0
0.5000000000000001,150,5,0.12,1.0
0.5000000000000001,150,5,0.13,1.0
0.5000000000000001,150,5,0.14,1.0
0.5000000000000001,150,6,0.01,0.9777
0.5000000000000001,150,6,0.02,1.0
0.5000000000000001,150,6,0.03,1.0
0.5000000000000001,150,6,0.04,1.0
0.5000000000000001,150,6,0.05,1.0
0.5000000000000001,150,6,0.060000000000000005,1.0
0.5000000000000001,150,6,0.06999999999999999,1.0
0.5000000000000001,150,6,0.08,1.0
0.5000000000000001,150,6,0.09,1.0
0.5000000000000001,150,6,0.09999999999999999,1.0
0.5000000000000001,150,6,0.11,1.0
0.5000000000000001,150,6,0.12,1.0
0.5000000000000001,150,6,0.13,1.0
0.5000000000000001,150,6,0.14,1.0
0.5000000000000001,150,7,0.01,0.9406
0.5000000000000001,150,7,0.02,0.9999
0.5000000000000001,150,7,0.03,1.0
0.5000000000000001,150,7,0.04,1.0
0.5000000000000001,150,7,0.05,1.0
0.5000000000000001,150,7,0.060000000000000005,1.0
0.5000000000000001,150,7,0.06999999999999999,1.0
0.5000000000000001,150,7,0.08,1.0
0.5000000000000001,150,7,0.09,1.0
0.5000000000000001,150,7,0.09999999999999999,1.0
0.5000000000000001,150,7,0.11,1.0
0.5000000000000001,150,7,0.12,1.0
0.5000000000000001,150,7,0.13,1.0
0.5000000000000001,150,7,0.14,1.0
0.5000000000000001,150,8,0.01,0.8568
0.5000000000000001,150,8,0.02,0.9997
0.5000000000000001,150,8,0.03,1.0
0.5000000000000001,150,8,0.04,1.0
0.5000000000000001,150,8,0.05,1.0
0.5000000000000001,150,8,0.060000000000000005,1.0
0.5000000000000001,150,8,0.06999999999999999,1.0
0.5000000000000001,150,8,0.08,1.0
0.5000000000000001,150,8,0.09,1.0
0.5000000000000001,150,8,0.09999999999999999,1.0
0.5000000000000001,150,8,0.11,1.0
0.5000000000000001,150,8,0.12,1.0
0.5000000000000001,150,8,0.13,1.0
0.5000000000000001,150,8,0.14,1.0
0.5000000000000001,200,3,0.01,1.0
0.5000000000000001,200,3,0.02,1.0
0.5000000000000001,200,3,0.03,1.0
0.5000000000000001,200,3,0.04,1.0
0.5000000000000001,200,3,0.05,1.0
0.5000000000000001,200,3,0.060000000000000005,1.0
0.5000000000000001,200,3,0.06999999999999999,1.0
0.5000000000000001,200,3,0.08,1.0
0.5000000000000001,200,3,0.09,1.0
0.5000000000000001,200,3,0.09999999999999999,1.0
0.5000000000000001,200,3,0.11,1.0
0.5000000000000001,200,3,0.12,1.0
0.5000000000000001,200,3,0.13,1.0
0.5000000000000001,200,3,0.14,1.0
0.5000000000000001,200,4,0.01,1.0
0.5000000000000001,200,4,0.02,1.0
0.5000000000000001,200,4,0.03,1.0
0.5000000000000001,200,4,0.04,1.0
0.5000000000000001,200,4,0.05,1.0
0.5000000000000001,200,4,0.060000000000000005,1.0
0.5000000000000001,200,4,0.06999999999999999,1.0
0.5000000000000001,200,4,0.08,1.0
0.5000000000000001,200,4,0.09,1.0
0.5000000000000001,200,4,0.09999999999999999,1.0
0.5000000000000001,200,4,0.11,1.0
0.5000000000000001,200,4,0.12,1.0
0.5000000000000001,200,4,0.13,1.0
0.5000000000000001,200,4,0.14,1.0
0.5000000000000001,200,5,0.01,0.9998
0.5000000000000001,200,5,0.02,1.0
0.5000000000000001,200,5,0.03,1.0
0.5000000000000001,200,5,0.04,1.0
0.5000000000000001,200,5,0.05,1.0
0.5000000000000001,200,5,0.060000000000000005,1.0
0.5000000000000001,200,5,0.06999999999999999,1.0
0.5000000000000001,200,5,0.08,1.0
0.5000000000000001,200,5,0.09,1.0
0.5000000000000001,200,5,0.09999999999999999,1.0
0.5000000000000001,200,5,0.11,1.0
0.5000000000000001,200,5,0.12,1.0
0.5000000000000001,200,5,0.13,1.0
0.5000000000000001,200,5,0.14,1.0
0.5000000000000001,200,6,0.01,0.9984
0.5000000000000001,200,6,0.02,1.0
0.5000000000000001,200,6,0.03,1.0
0.5000000000000001,200,6,0.04,1.0
0.5000000000000001,200,6,0.05,1.0
0.5000000000000001,200,6,0.060000000000000005,1.0
0.5000000000000001,200,6,0.06999999999999999,1.0
0.5000000000000001,200,6,0.08,1.0
0.5000000000000001,200,6,0.09,1.0
0.5000000000000001,200,6,0.09999999999999999,1.0
0.5000000000000001,200,6,0.11,1.0
0.5000000000000001,200,6,0.12,1.0
0.5000000000000001,200,6,0.13,1.0
0.5000000000000001,200,6,0.14,1.0
0.5000000000000001,200,7,0.01,0.9911
0.5000000000000001,200,7,0.02,1.0
0.5000000000000001,200,7,0.03,1.0
0.5000000000000001,200,7,0.04,1.0
0.5000000000000001,200,7,0.05,1.0
0.5000000000000001,200,7,0.060000000000000005,1.0
0.5000000000000001,200,7,0.06999999999999999,1.0
0.5000000000000001,200,7,0.08,1.0
0.5000000000000001,200,7,0.09,1.0
0.5000000000000001,200,7,0.09999999999999999,1.0
0.5000000000000001,200,7,0.11,1.0
0.5000000000000001,200,7,0.12,1.0
0.5000000000000001,200,7,0.13,1.0
0.5000000000000001,200,7,0.14,1.0
0.5000000000000001,200,8,0.01,0.9697
0.5000000000000001,200,8,0.02,1.0
0.5000000000000001,200,8,0.03,1.0
0.5000000000000001,200,8,0.04,1.0
0.5000000000000001,200,8,0.05,1.0
0.5000000000000001,200,8,0.060000000000000005,1.0
0.5000000000000001,200,8,0.06999999999999999,1.0
0.5000000000000001,200,8,0.08,1.0
0.5000000000000001,200,8,0.09,1.0
0.5000000000000001,200,8,0.09999999999999999,1.0
0.5000000000000001,200,8,0.11,1.0
0.5000000000000001,200,8,0.12,1.0
0.5000000000000001,200,8,0.13,1.0
0.5000000000000001,200,8,0.14,1.0
0.5000000000000001,250,3,0.01,1.0
0.5000000000000001,250,3,0.02,1.0
0.5000000000000001,250,3,0.03,1.0
0.5000000000000001,250,3,0.04,1.0
0.5000000000000001,250,3,0.05,1.0
0.5000000000000001,250,3,0.060000000000000005,1.0
0.5000000000000001,250,3,0.06999999999999999,1.0
0.5000000000000001,250,3,0.08,1.0
0.5000000000000001,250,3,0.09,1.0
0.5000000000000001,250,3,0.09999999999999999,1.0
0.5000000000000001,250,3,0.11,1.0
0.5000000000000001,250,3,0.12,1.0
0.5000000000000001,250,3,0.13,1.0
0.5000000000000001,250,3,0.14,1.0
0.5000000000000001,250,4,0.01,1.0
0.5000000000000001,250,4,0.02,1.0
0.5000000000000001,250,4,0.03,1.0
0.5000000000000001,250,4,0.04,1.0
0.5000000000000001,250,4,0.05,1.0
0.5000000000000001,250,4,0.060000000000000005,1.0
0.5000000000000001,250,4,0.06999999999999999,1.0
0.5000000000000001,250,4,0.08,1.0
0.5000000000000001,250,4,0.09,1.0
0.5000000000000001,250,4,0.09999999999999999,1.0
0.5000000000000001,250,4,0.11,1.0
0.5000000000000001,250,4,0.12,1.0
0.5000000000000001,250,4,0.13,1.0
0.5000000000000001,250,4,0.14,1.0
0.5000000000000001,250,5,0.01,1.0
0.5000000000000001,250,5,0.02,1.0
0.5000000000000001,250,5,0.03,1.0
0.5000000000000001,250,5,0.04,1.0
0.5000000000000001,250,5,0.05,1.0
0.5000000000000001,250,5,0.060000000000000005,1.0
0.5000000000000001,250,5,0.06999999999999999,1.0
0.5000000000000001,250,5,0.08,1.0
0.5000000000000001,250,5,0.09,1.0
0.5000000000000001,250,5,0.09999999999999999,1.0
0.5000000000000001,250,5,0.11,1.0
0.5000000000000001,250,5,0.12,1.0
0.5000000000000001,250,5,0.13,1.0
0.5000000000000001,250,5,0.14,1.0
0.5000000000000001,250,6,0.01,0.9998
0.5000000000000001,250,6,0.02,1.0
0.5000000000000001,250,6,0.03,1.0
0.5000000000000001,250,6,0.04,1.0
0.5000000000000001,250,6,0.05,1.0
0.5000000000000001,250,6,0.060000000000000005,1.0
0.5000000000000001,250,6,0.06999999999999999,1.0
0.5000000000000001,250,6,0.08,1.0
0.5000000000000001,250,6,0.09,1.0
0.5000000000000001,250,6,0.09999999999999999,1.0
0.5000000000000001,250,6,0.11,1.0
0.5000000000000001,250,6,0.12,1.0
0.5000000000000001,250,6,0.13,1.0
0.5000000000000001,250,6,0.14,1.0
0.5000000000000001,250,7,0.01,0.9991
0.5000000000000001,250,7,0.02,1.0
0.5000000000000001,250,7,0.03,1.0
0.5000000000000001,250,7,0.04,1.0
0.5000000000000001,250,7,0.05,1.0
0.5000000000000001,250,7,0.060000000000000005,1.0
0.5000000000000001,250,7,0.06999999999999999,1.0
0.5000000000000001,250,7,0.08,1.0
0.5000000000000001,250,7,0.09,1.0
0.5000000000000001,250,7,0.09999999999999999,1.0
0.5000000000000001,250,7,0.11,1.0
0.5000000000000001,250,7,0.12,1.0
0.5000000000000001,250,7,0.13,1.0
0.5000000000000001,250,7,0.14,1.0
0.5000000000000001,250,8,0.01,0.9941
0.5000000000000001,250,8,0.02,1.0
0.5000000000000001,250,8,0.03,1.0
0.5000000000000001,250,8,0.04,1.0
0.5000000000000001,250,8,0.05,1.0
0.5000000000000001,250,8,0.060000000000000005,1.0
0.5000000000000001,250,8,0.06999999999999999,1.0
0.5000000000000001,250,8,0.08,1.0
0.5000000000000001,250,8,0.09,1.0
0.5000000000000001,250,8,0.09999999999999999,1.0
0.5000000000000001,250,8,0.11,1.0
0.5000000000000001,250,8,0.12,1.0
0.5000000000000001,250,8,0.13,1.0
0.5000000000000001,250,8,0.14,1.0
0.5000000000000001,300,3,0.01,1.0
0.5000000000000001,300,3,0.02,1.0
0.5000000000000001,300,3,0.03,1.0
0.5000000000000001,300,3,0.04,1.0
0.5000000000000001,300,3,0.05,1.0
0.5000000000000001,300,3,0.060000000000000005,1.0
0.5000000000000001,300,3,0.06999999999999999,1.0
0.5000000000000001,300,3,0.08,1.0
0.5000000000000001,300,3,0.09,1.0
0.5000000000000001,300,3,0.09999999999999999,1.0
0.5000000000000001,300,3,0.11,1.0
0.5000000000000001,300,3,0.12,1.0
0.5000000000000001,300,3,0.13,1.0
0.5000000000000001,300,3,0.14,1.0
0.5000000000000001,300,4,0.01,1.0
0.5000000000000001,300,4,0.02,1.0
0.5000000000000001,300,4,0.03,1.0
0.5000000000000001,300,4,0.04,1.0
0.5000000000000001,300,4,0.05,1.0
0.5000000000000001,300,4,0.060000000000000005,1.0
0.5000000000000001,300,4,0.06999999999999999,1.0
0.5000000000000001,300,4,0.08,1.0
0.5000000000000001,300,4,0.09,1.0
0.5000000000000001,300,4,0.09999999999999999,1.0
0.5000000000000001,300,4,0.11,1.0
0.5000000000000001,300,4,0.12,1.0
0.5000000000000001,300,4,0.13,1.0
0.5000000000000001,300,4,0.14,1.0
0.5000000000000001,300,5,0.01,1.0
0.5000000000000001,300,5,0.02,1.0
0.5000000000000001,300,5,0.03,1.0
0.5000000000000001,300,5,0.04,1.0
0.5000000000000001,300,5,0.05,1.0
0.5000000000000001,300,5,0.060000000000000005,1.0
0.5000000000000001,300,5,0.06999999999999999,1.0
0.5000000000000001,300,5,0.08,1.0
0.5000000000000001,300,5,0.09,1.0
0.5000000000000001,300,5,0.09999999999999999,1.0
0.5000000000000001,300,5,0.11,1.0
0.5000000000000001,300,5,0.12,1.0
0.5000000000000001,300,5,0.13,1.0
0.5000000000000001,300,5,0.14,1.0
0.5000000000000001,300,6,0.01,1.0
0.5000000000000001,300,6,0.02,1.0
0.5000000000000001,300,6,0.03,1.0
0.5000000000000001,300,6,0.04,1.0
0.5000000000000001,300,6,0.05,1.0
0.5000000000000001,300,6,0.060000000000000005,1.0
0.5000000000000001,300,6,0.06999999999999999,1.0
0.5000000000000001,300,6,0.08,1.0
0.5000000000000001,300,6,0.09,1.0
0.5000000000000001,300,6,0.09999999999999999,1.0
0.5000000000000001,300,6,0.11,1.0
0.5000000000000001,300,6,0.12,1.0
0.5000000000000001,300,6,0.13,1.0
0.5000000000000001,300,6,0.14,1.0
0.5000000000000001,300,7,0.01,0.9999
0.5000000000000001,300,7,0.02,1.0
0.5000000000000001,300,7,0.03,1.0
0.5000000000000001,300,7,0.04,1.0
0.5000000000000001,300,7,0.05,1.0
0.5000000000000001,300,7,0.060000000000000005,1.0
0.5000000000000001,300,7,0.06999999999999999,1.0
0.5000000000000001,300,7,0.08,1.0
0.5000000000000001,300,7,0.09,1.0
0.5000000000000001,300,7,0.09999999999999999,1.0
0.5000000000000001,300,7,0.11,1.0
0.5000000000000001,300,7,0.12,1.0
0.5000000000000001,300,7,0.13,1.0
0.5000000000000001,300,7,0.14,1.0
0.5000000000000001,300,8,0.01,0.9993
0.5000000000000001,300,8,0.02,1.0
0.5000000000000001,300,8,0.03,1.0
0.5000000000000001,300,8,0.04,1.0
0.5000000000000001,300,8,0.05,1.0
0.5000000000000001,300,8,0.060000000000000005,1.0
0.5000000000000001,300,8,0.06999999999999999,1.0
0.5000000000000001,300,8,0.08,1.0
0.5000000000000001,300,8,0.09,1.0
0.5000000000000001,300,8,0.09999999999999999,1.0
0.5000000000000001,300,8,0.11,1.0
0.5000000000000001,300,8,0.12,1.0
0.5000000000000001,300,8,0.13,1.0
0.5000000000000001,300,8,0.14,1.0
0.5000000000000001,350,3,0.01,1.0
0.5000000000000001,350,3,0.02,1.0
0.5000000000000001,350,3,0.03,1.0
0.5000000000000001,350,3,0.04,1.0
0.5000000000000001,350,3,0.05,1.0
0.5000000000000001,350,3,0.060000000000000005,1.0
0.5000000000000001,350,3,0.06999999999999999,1.0
0.5000000000000001,350,3,0.08,1.0
0.5000000000000001,350,3,0.09,1.0
0.5000000000000001,350,3,0.09999999999999999,1.0
0.5000000000000001,350,3,0.11,1.0
0.5000000000000001,350,3,0.12,1.0
0.5000000000000001,350,3,0.13,1.0
0.5000000000000001,350,3,0.14,1.0
0.5000000000000001,350,4,0.01,1.0
0.5000000000000001,350,4,0.02,1.0
0.5000000000000001,350,4,0.03,1.0
0.5000000000000001,350,4,0.04,1.0
0.5000000000000001,350,4,0.05,1.0
0.5000000000000001,350,4,0.060000000000000005,1.0
0.5000000000000001,350,4,0.06999999999999999,1.0
0.5000000000000001,350,4,0.08,1.0
0.5000000000000001,350,4,0.09,1.0
0.5000000000000001,350,4,0.09999999999999999,1.0
0.5000000000000001,350,4,0.11,1.0
0.5000000000000001,350,4,0.12,1.0
0.5000000000000001,350,4,0.13,1.0
0.5000000000000001,350,4,0.14,1.0
0.5000000000000001,350,5,0.01,1.0
0.5000000000000001,350,5,0.02,1.0
0.5000000000000001,350,5,0.03,1.0
0.5000000000000001,350,5,0.04,1.0
0.5000000000000001,350,5,0.05,1.0
0.5000000000000001,350,5,0.060000000000000005,1.0
0.5000000000000001,350,5,0.06999999999999999,1.0
0.5000000000000001,350,5,0.08,1.0
0.5000000000000001,350,5,0.09,1.0
0.5000000000000001,350,5,0.09999999999999999,1.0
0.5000000000000001,350,5,0.11,1.0
0.5000000000000001,350,5,0.12,1.0
0.5000000000000001,350,5,0.13,1.0
0.5000000000000001,350,5,0.14,1.0
0.5000000000000001,350,6,0.01,1.0
0.5000000000000001,350,6,0.02,1.0
0.5000000000000001,350,6,0.03,1.0
0.5000000000000001,350,6,0.04,1.0
0.5000000000000001,350,6,0.05,1.0
0.5000000000000001,350,6,0.060000000000000005,1.0
0.5000000000000001,350,6,0.06999999999999999,1.0
0.5000000000000001,350,6,0.08,1.0
0.5000000000000001,350,6,0.09,1.0
0.5000000000000001,350,6,0.09999999999999999,1.0
0.5000000000000001,350,6,0.11,1.0
0.5000000000000001,350,6,0.12,1.0
0.5000000000000001,350,6,0.13,1.0
0.5000000000000001,350,6,0.14,1.0
0.5000000000000001,350,7,0.01,1.0
0.5000000000000001,350,7,0.02,1.0
0.5000000000000001,350,7,0.03,1.0
0.5000000000000001,350,7,0.04,1.0
0.5000000000000001,350,7,0.05,1.0
0.5000000000000001,350,7,0.060000000000000005,1.0
0.5000000000000001,350,7,0.06999999999999999,1.0
0.5000000000000001,350,7,0.08,1.0
0.5000000000000001,350,7,0.09,1.0
0.5000000000000001,350,7,0.09999999999999999,1.0
0.5000000000000001,350,7,0.11,1.0
0.5000000000000001,350,7,0.12,1.0
0.5000000000000001,350,7,0.13,1.0
0.5000000000000001,350,7,0.14,1.0
0.5000000000000001,350,8,0.01,1.0
0.5000000000000001,350,8,0.02,1.0
0.5000000000000001,350,8,0.03,1.0
0.5000000000000001,350,8,0.04,1.0
0.5000000000000001,350,8,0.05,1.0
0.5000000000000001,350,8,0.060000000000000005,1.0
0.5000000000000001,350,8,0.06999999999999999,1.0
0.5000000000000001,350,8,0.08,1.0
0.5000000000000001,350,8,0.09,1.0
0.5000000000000001,350,8,0.09999999999999999,1.0
0.5000000000000001,350,8,0.11,1.0
0.5000000000000001,350,8,0.12,1.0
0.5000000000000001,350,8,0.13,1.0
0.5000000000000001,350,8,0.14,1.0
0.5000000000000001,400,3,0.01,1.0
0.5000000000000001,400,3,0.02,1.0
0.5000000000000001,400,3,0.03,1.0
0.5000000000000001,400,3,0.04,1.0
0.5000000000000001,400,3,0.05,1.0
0.5000000000000001,400,3,0.060000000000000005,1.0
0.5000000000000001,400,3,0.06999999999999999,1.0
0.5000000000000001,400,3,0.08,1.0
0.5000000000000001,400,3,0.09,1.0
0.5000000000000001,400,3,0.09999999999999999,1.0
0.5000000000000001,400,3,0.11,1.0
0.5000000000000001,400,3,0.12,1.0
0.5000000000000001,400,3,0.13,1.0
0.5000000000000001,400,3,0.14,1.0
0.5000000000000001,400,4,0.01,1.0
0.5000000000000001,400,4,0.02,1.0
0.5000000000000001,400,4,0.03,1.0
0.5000000000000001,400,4,0.04,1.0
0.5000000000000001,400,4,0.05,1.0
0.5000000000000001,400,4,0.060000000000000005,1.0
0.5000000000000001,400,4,0.06999999999999999,1.0
0.5000000000000001,400,4,0.08,1.0
0.5000000000000001,400,4,0.09,1.0
0.5000000000000001,400,4,0.09999999999999999,1.0
0.5000000000000001,400,4,0.11,1.0
0.5000000000000001,400,4,0.12,1.0
0.5000000000000001,400,4,0.13,1.0
0.5000000000000001,400,4,0.14,1.0
0.5000000000000001,400,5,0.01,1.0
0.5000000000000001,400,5,0.02,1.0
0.5000000000000001,400,5,0.03,1.0
0.5000000000000001,400,5,0.04,1.0
0.5000000000000001,400,5,0.05,1.0
0.5000000000000001,400,5,0.060000000000000005,1.0
0.5000000000000001,400,5,0.06999999999999999,1.0
0.5000000000000001,400,5,0.08,1.0
0.5000000000000001,400,5,0.09,1.0
0.5000000000000001,400,5,0.09999999999999999,1.0
0.5000000000000001,400,5,0.11,1.0
0.5000000000000001,400,5,0.12,1.0
0.5000000000000001,400,5,0.13,1.0
0.5000000000000001,400,5,0.14,1.0
0.5000000000000001,400,6,0.01,1.0
0.5000000000000001,400,6,0.02,1.0
0.5000000000000001,400,6,0.03,1.0
0.5000000000000001,400,6,0.04,1.0
0.5000000000000001,400,6,0.05,1.0
0.5000000000000001,400,6,0.060000000000000005,1.0
0.5000000000000001,400,6,0.06999999999999999,1.0
0.5000000000000001,400,6,0.08,1.0
0.5000000000000001,400,6,0.09,1.0
0.5000000000000001,400,6,0.09999999999999999,1.0
0.5000000000000001,400,6,0.11,1.0
0.5000000000000001,400,6,0.12,1.0
0.5000000000000001,400,6,0.13,1.0
0.5000000000000001,400,6,0.14,1.0
0.5000000000000001,400,7,0.01,1.0
0.5000000000000001,400,7,0.02,1.0
0.5000000000000001,400,7,0.03,1.0
0.5000000000000001,400,7,0.04,1.0
0.5000000000000001,400,7,0.05,1.0
0.5000000000000001,400,7,0.060000000000000005,1.0
0.5000000000000001,400,7,0.06999999999999999,1.0
0.5000000000000001,400,7,0.08,1.0
0.5000000000000001,400,7,0.09,1.0
0.5000000000000001,400,7,0.09999999999999999,1.0
0.5000000000000001,400,7,0.11,1.0
0.5000000000000001,400,7,0.12,1.0
0.5000000000000001,400,7,0.13,1.0
0.5000000000000001,400,7,0.14,1.0
0.5000000000000001,400,8,0.01,1.0
0.5000000000000001,400,8,0.02,1.0
0.5000000000000001,400,8,0.03,1.0
0.5000000000000001,400,8,0.04,1.0
0.5000000000000001,400,8,0.05,1.0
0.5000000000000001,400,8,0.060000000000000005,1.0
0.5000000000000001,400,8,0.06999999999999999,1.0
0.5000000000000001,400,8,0.08,1.0
0.5000000000000001,400,8,0.09,1.0
0.5000000000000001,400,8,0.09999999999999999,1.0
0.5000000000000001,400,8,0.11,1.0
0.5000000000000001,400,8,0.12,1.0
0.5000000000000001,400,8,0.13,1.0
0.5000000000000001,400,8,0.14,1.0
0.5000000000000001,450,3,0.01,1.0
0.5000000000000001,450,3,0.02,1.0
0.5000000000000001,450,3,0.03,1.0
0.5000000000000001,450,3,0.04,1.0
0.5000000000000001,450,3,0.05,1.0
0.5000000000000001,450,3,0.060000000000000005,1.0
0.5000000000000001,450,3,0.06999999999999999,1.0
0.5000000000000001,450,3,0.08,1.0
0.5000000000000001,450,3,0.09,1.0
0.5000000000000001,450,3,0.09999999999999999,1.0
0.5000000000000001,450,3,0.11,1.0
0.5000000000000001,450,3,0.12,1.0
0.5000000000000001,450,3,0.13,1.0
0.5000000000000001,450,3,0.14,1.0
0.5000000000000001,450,4,0.01,1.0
0.5000000000000001,450,4,0.02,1.0
0.5000000000000001,450,4,0.03,1.0
0.5000000000000001,450,4,0.04,1.0
0.5000000000000001,450,4,0.05,1.0
0.5000000000000001,450,4,0.060000000000000005,1.0
0.5000000000000001,450,4,0.06999999999999999,1.0
0.5000000000000001,450,4,0.08,1.0
0.5000000000000001,450,4,0.09,1.0
0.5000000000000001,450,4,0.09999999999999999,1.0
0.5000000000000001,450,4,0.11,1.0
0.5000000000000001,450,4,0.12,1.0
0.5000000000000001,450,4,0.13,1.0
0.5000000000000001,450,4,0.14,1.0
0.5000000000000001,450,5,0.01,1.0
0.5000000000000001,450,5,0.02,1.0
0.5000000000000001,450,5,0.03,1.0
0.5000000000000001,450,5,0.04,1.0
0.5000000000000001,450,5,0.05,1.0
0.5000000000000001,450,5,0.060000000000000005,1.0
0.5000000000000001,450,5,0.06999999999999999,1.0
0.5000000000000001,450,5,0.08,1.0
0.5000000000000001,450,5,0.09,1.0
0.5000000000000001,450,5,0.09999999999999999,1.0
0.5000000000000001,450,5,0.11,1.0
0.5000000000000001,450,5,0.12,1.0
0.5000000000000001,450,5,0.13,1.0
0.5000000000000001,450,5,0.14,1.0
0.5000000000000001,450,6,0.01,1.0
0.5000000000000001,450,6,0.02,1.0
0.5000000000000001,450,6,0.03,1.0
0.5000000000000001,450,6,0.04,1.0
0.5000000000000001,450,6,0.05,1.0
0.5000000000000001,450,6,0.060000000000000005,1.0
0.5000000000000001,450,6,0.06999999999999999,1.0
0.5000000000000001,450,6,0.08,1.0
0.5000000000000001,450,6,0.09,1.0
0.5000000000000001,450,6,0.09999999999999999,1.0
0.5000000000000001,450,6,0.11,1.0
0.5000000000000001,450,6,0.12,1.0
0.5000000000000001,450,6,0.13,1.0
0.5000000000000001,450,6,0.14,1.0
0.5000000000000001,450,7,0.01,1.0
0.5000000000000001,450,7,0.02,1.0
0.5000000000000001,450,7,0.03,1.0
0.5000000000000001,450,7,0.04,1.0
0.5000000000000001,450,7,0.05,1.0
0.5000000000000001,450,7,0.060000000000000005,1.0
0.5000000000000001,450,7,0.06999999999999999,1.0
0.5000000000000001,450,7,0.08,1.0
0.5000000000000001,450,7,0.09,1.0
0.5000000000000001,450,7,0.09999999999999999,1.0
0.5000000000000001,450,7,0.11,1.0
0.5000000000000001,450,7,0.12,1.0
0.5000000000000001,450,7,0.13,1.0
0.5000000000000001,450,7,0.14,1.0
0.5000000000000001,450,8,0.01,1.0
0.5000000000000001,450,8,0.02,1.0
0.5000000000000001,450,8,0.03,1.0
0.5000000000000001,450,8,0.04,1.0
0.5000000000000001,450,8,0.05,1.0
0.5000000000000001,450,8,0.060000000000000005,1.0
0.5000000000000001,450,8,0.06999999999999999,1.0
0.5000000000000001,450,8,0.08,1.0
0.5000000000000001,450,8,0.09,1.0
0.5000000000000001,450,8,0.09999999999999999,1.0
0.5000000000000001,450,8,0.11,1.0
0.5000000000000001,450,8,0.12,1.0
0.5000000000000001,450,8,0.13,1.0
0.5000000000000001,450,8,0.14,1.0
0.5000000000000001,500,3,0.01,1.0
0.5000000000000001,500,3,0.02,1.0
0.5000000000000001,500,3,0.03,1.0
0.5000000000000001,500,3,0.04,1.0
0.5000000000000001,500,3,0.05,1.0
0.5000000000000001,500,3,0.060000000000000005,1.0
0.5000000000000001,500,3,0.06999999999999999,1.0
0.5000000000000001,500,3,0.08,1.0
0.5000000000000001,500,3,0.09,1.0
0.5000000000000001,500,3,0.09999999999999999,1.0
0.5000000000000001,500,3,0.11,1.0
0.5000000000000001,500,3,0.12,1.0
0.5000000000000001,500,3,0.13,1.0
0.5000000000000001,500,3,0.14,1.0
0.5000000000000001,500,4,0.01,1.0
0.5000000000000001,500,4,0.02,1.0
0.5000000000000001,500,4,0.03,1.0
0.5000000000000001,500,4,0.04,1.0
0.5000000000000001,500,4,0.05,1.0
0.5000000000000001,500,4,0.060000000000000005,1.0
0.5000000000000001,500,4,0.06999999999999999,1.0
0.5000000000000001,500,4,0.08,1.0
0.5000000000000001,500,4,0.09,1.0
0.5000000000000001,500,4,0.09999999999999999,1.0
0.5000000000000001,500,4,0.11,1.0
0.5000000000000001,500,4,0.12,1.0
0.5000000000000001,500,4,0.13,1.0
0.5000000000000001,500,4,0.14,1.0
0.5000000000000001,500,5,0.01,1.0
0.5000000000000001,500,5,0.02,1.0
0.5000000000000001,500,5,0.03,1.0
0.5000000000000001,500,5,0.04,1.0
0.5000000000000001,500,5,0.05,1.0
0.5000000000000001,500,5,0.060000000000000005,1.0
0.5000000000000001,500,5,0.06999999999999999,1.0
0.5000000000000001,500,5,0.08,1.0
0.5000000000000001,500,5,0.09,1.0
0.5000000000000001,500,5,0.09999999999999999,1.0
0.5000000000000001,500,5,0.11,1.0
0.5000000000000001,500,5,0.12,1.0
0.5000000000000001,500,5,0.13,1.0
0.5000000000000001,500,5,0.14,1.0
0.5000000000000001,500,6,0.01,1.0
0.5000000000000001,500,6,0.02,1.0
0.5000000000000001,500,6,0.03,1.0
0.5000000000000001,500,6,0.04,1.0
0.5000000000000001,500,6,0.05,1.0
0.5000000000000001,500,6,0.060000000000000005,1.0
0.5000000000000001,500,6,0.06999999999999999,1.0
0.5000000000000001,500,6,0.08,1.0
0.5000000000000001,500,6,0.09,1.0
0.5000000000000001,500,6,0.09999999999999999,1.0
0.5000000000000001,500,6,0.11,1.0
0.5000000000000001,500,6,0.12,1.0
0.5000000000000001,500,6,0.13,1.0
0.5000000000000001,500,6,0.14,1.0
0.5000000000000001,500,7,0.01,1.0
0.5000000000000001,500,7,0.02,1.0
0.5000000000000001,500,7,0.03,1.0
0.5000000000000001,500,7,0.04,1.0
0.5000000000000001,500,7,0.05,1.0
0.5000000000000001,500,7,0.060000000000000005,1.0
0.5000000000000001,500,7,0.06999999999999999,1.0
0.5000000000000001,500,7,0.08,1.0
0.5000000000000001,500,7,0.09,1.0
0.5000000000000001,500,7,0.09999999999999999,1.0
0.5000000000000001,500,7,0.11,1.0
0.5000000000000001,500,7,0.12,1.0
0.5000000000000001,500,7,0.13,1.0
0.5000000000000001,500,7,0.14,1.0
0.5000000000000001,500,8,0.01,1.0
0.5000000000000001,500,8,0.02,1.0
0.5000000000000001,500,8,0.03,1.0
0.5000000000000001,500,8,0.04,1.0
0.5000000000000001,500,8,0.05,1.0
0.5000000000000001,500,8,0.060000000000000005,1.0
0.5000000000000001,500,8,0.06999999999999999,1.0
0.5000000000000001,500,8,0.08,1.0
0.5000000000000001,500,8,0.09,1.0
0.5000000000000001,500,8,0.09999999999999999,1.0
0.5000000000000001,500,8,0.11,1.0
0.5000000000000001,500,8,0.12,1.0
0.5000000000000001,500,8,0.13,1.0
0.5000000000000001,500,8,0.14,1.0
0.5000000000000001,550,3,0.01,1.0
0.5000000000000001,550,3,0.02,1.0
0.5000000000000001,550,3,0.03,1.0
0.5000000000000001,550,3,0.04,1.0
0.5000000000000001,550,3,0.05,1.0
0.5000000000000001,550,3,0.060000000000000005,1.0
0.5000000000000001,550,3,0.06999999999999999,1.0
0.5000000000000001,550,3,0.08,1.0
0.5000000000000001,550,3,0.09,1.0
0.5000000000000001,550,3,0.09999999999999999,1.0
0.5000000000000001,550,3,0.11,1.0
0.5000000000000001,550,3,0.12,1.0
0.5000000000000001,550,3,0.13,1.0
0.5000000000000001,550,3,0.14,1.0
0.5000000000000001,550,4,0.01,1.0
0.5000000000000001,550,4,0.02,1.0
0.5000000000000001,550,4,0.03,1.0
0.5000000000000001,550,4,0.04,1.0
0.5000000000000001,550,4,0.05,1.0
0.5000000000000001,550,4,0.060000000000000005,1.0
0.5000000000000001,550,4,0.06999999999999999,1.0
0.5000000000000001,550,4,0.08,1.0
0.5000000000000001,550,4,0.09,1.0
0.5000000000000001,550,4,0.09999999999999999,1.0
0.5000000000000001,550,4,0.11,1.0
0.5000000000000001,550,4,0.12,1.0
0.5000000000000001,550,4,0.13,1.0
0.5000000000000001,550,4,0.14,1.0
0.5000000000000001,550,5,0.01,1.0
0.5000000000000001,550,5,0.02,1.0
0.5000000000000001,550,5,0.03,1.0
0.5000000000000001,550,5,0.04,1.0
0.5000000000000001,550,5,0.05,1.0
0.5000000000000001,550,5,0.060000000000000005,1.0
0.5000000000000001,550,5,0.06999999999999999,1.0
0.5000000000000001,550,5,0.08,1.0
0.5000000000000001,550,5,0.09,1.0
0.5000000000000001,550,5,0.09999999999999999,1.0
0.5000000000000001,550,5,0.11,1.0
0.5000000000000001,550,5,0.12,1.0
0.5000000000000001,550,5,0.13,1.0
0.5000000000000001,550,5,0.14,1.0
0.5000000000000001,550,6,0.01,1.0
0.5000000000000001,550,6,0.02,1.0
0.5000000000000001,550,6,0.03,1.0
0.5000000000000001,550,6,0.04,1.0
0.5000000000000001,550,6,0.05,1.0
0.5000000000000001,550,6,0.060000000000000005,1.0
0.5000000000000001,550,6,0.06999999999999999,1.0
0.5000000000000001,550,6,0.08,1.0
0.5000000000000001,550,6,0.09,1.0
0.5000000000000001,550,6,0.09999999999999999,1.0
0.5000000000000001,550,6,0.11,1.0
0.5000000000000001,550,6,0.12,1.0
0.5000000000000001,550,6,0.13,1.0
0.5000000000000001,550,6,0.14,1.0
0.5000000000000001,550,7,0.01,1.0
0.5000000000000001,550,7,0.02,1.0
0.5000000000000001,550,7,0.03,1.0
0.5000000000000001,550,7,0.04,1.0
0.5000000000000001,550,7,0.05,1.0
0.5000000000000001,550,7,0.060000000000000005,1.0
0.5000000000000001,550,7,0.06999999999999999,1.0
0.5000000000000001,550,7,0.08,1.0
0.5000000000000001,550,7,0.09,1.0
0.5000000000000001,550,7,0.09999999999999999,1.0
0.5000000000000001,550,7,0.11,1.0
0.5000000000000001,550,7,0.12,1.0
0.5000000000000001,550,7,0.13,1.0
0.5000000000000001,550,7,0.14,1.0
0.5000000000000001,550,8,0.01,1.0
0.5000000000000001,550,8,0.02,1.0
0.5000000000000001,550,8,0.03,1.0
0.5000000000000001,550,8,0.04,1.0
0.5000000000000001,550,8,0.05,1.0
0.5000000000000001,550,8,0.060000000000000005,1.0
0.5000000000000001,550,8,0.06999999999999999,1.0
0.5000000000000001,550,8,0.08,1.0
0.5000000000000001,550,8,0.09,1.0
0.5000000000000001,550,8,0.09999999999999999,1.0
0.5000000000000001,550,8,0.11,1.0
0.5000000000000001,550,8,0.12,1.0
0.5000000000000001,550,8,0.13,1.0
0.5000000000000001,550,8,0.14,1.0
0.5000000000000001,600,3,0.01,1.0
0.5000000000000001,600,3,0.02,1.0
0.5000000000000001,600,3,0.03,1.0
0.5000000000000001,600,3,0.04,1.0
0.5000000000000001,600,3,0.05,1.0
0.5000000000000001,600,3,0.060000000000000005,1.0
0.5000000000000001,600,3,0.06999999999999999,1.0
0.5000000000000001,600,3,0.08,1.0
0.5000000000000001,600,3,0.09,1.0
0.5000000000000001,600,3,0.09999999999999999,1.0
0.5000000000000001,600,3,0.11,1.0
0.5000000000000001,600,3,0.12,1.0
0.5000000000000001,600,3,0.13,1.0
0.5000000000000001,600,3,0.14,1.0
0.5000000000000001,600,4,0.01,1.0
0.5000000000000001,600,4,0.02,1.0
0.5000000000000001,600,4,0.03,1.0
0.5000000000000001,600,4,0.04,1.0
0.5000000000000001,600,4,0.05,1.0
0.5000000000000001,600,4,0.060000000000000005,1.0
0.5000000000000001,600,4,0.06999999999999999,1.0
0.5000000000000001,600,4,0.08,1.0
0.5000000000000001,600,4,0.09,1.0
0.5000000000000001,600,4,0.09999999999999999,1.0
0.5000000000000001,600,4,0.11,1.0
0.5000000000000001,600,4,0.12,1.0
0.5000000000000001,600,4,0.13,1.0
0.5000000000000001,600,4,0.14,1.0
0.5000000000000001,600,5,0.01,1.0
0.5000000000000001,600,5,0.02,1.0
0.5000000000000001,600,5,0.03,1.0
0.5000000000000001,600,5,0.04,1.0
0.5000000000000001,600,5,0.05,1.0
0.5000000000000001,600,5,0.060000000000000005,1.0
0.5000000000000001,600,5,0.06999999999999999,1.0
0.5000000000000001,600,5,0.08,1.0
0.5000000000000001,600,5,0.09,1.0
0.5000000000000001,600,5,0.09999999999999999,1.0
0.5000000000000001,600,5,0.11,1.0
0.5000000000000001,600,5,0.12,1.0
0.5000000000000001,600,5,0.13,1.0
0.5000000000000001,600,5,0.14,1.0
0.5000000000000001,600,6,0.01,1.0
0.5000000000000001,600,6,0.02,1.0
0.5000000000000001,600,6,0.03,1.0
0.5000000000000001,600,6,0.04,1.0
0.5000000000000001,600,6,0.05,1.0
0.5000000000000001,600,6,0.060000000000000005,1.0
0.5000000000000001,600,6,0.06999999999999999,1.0
0.5000000000000001,600,6,0.08,1.0
0.5000000000000001,600,6,0.09,1.0
0.5000000000000001,600,6,0.09999999999999999,1.0
0.5000000000000001,600,6,0.11,1.0
0.5000000000000001,600,6,0.12,1.0
0.5000000000000001,600,6,0.13,1.0
0.5000000000000001,600,6,0.14,1.0
0.5000000000000001,600,7,0.01,1.0
0.5000000000000001,600,7,0.02,1.0
0.5000000000000001,600,7,0.03,1.0
0.5000000000000001,600,7,0.04,1.0
0.5000000000000001,600,7,0.05,1.0
0.5000000000000001,600,7,0.060000000000000005,1.0
0.5000000000000001,600,7,0.06999999999999999,1.0
0.5000000000000001,600,7,0.08,1.0
0.5000000000000001,600,7,0.09,1.0
0.5000000000000001,600,7,0.09999999999999999,1.0
0.5000000000000001,600,7,0.11,1.0
0.5000000000000001,600,7,0.12,1.0
0.5000000000000001,600,7,0.13,1.0
0.5000000000000001,600,7,0.14,1.0
0.5000000000000001,600,8,0.01,1.0
0.5000000000000001,600,8,0.02,1.0
0.5000000000000001,600,8,0.03,1.0
0.5000000000000001,600,8,0.04,1.0
0.5000000000000001,600,8,0.05,1.0
0.5000000000000001,600,8,0.060000000000000005,1.0
0.5000000000000001,600,8,0.06999999999999999,1.0
0.5000000000000001,600,8,0.08,1.0
0.5000000000000001,600,8,0.09,1.0
0.5000000000000001,600,8,0.09999999999999999,1.0
0.5000000000000001,600,8,0.11,1.0
0.5000000000000001,600,8,0.12,1.0
0.5000000000000001,600,8,0.13,1.0
0.5000000000000001,600,8,0.14,1.0
0.5000000000000001,650,3,0.01,1.0
0.5000000000000001,650,3,0.02,1.0
0.5000000000000001,650,3,0.03,1.0
0.5000000000000001,650,3,0.04,1.0
0.5000000000000001,650,3,0.05,1.0
0.5000000000000001,650,3,0.060000000000000005,1.0
0.5000000000000001,650,3,0.06999999999999999,1.0
0.5000000000000001,650,3,0.08,1.0
0.5000000000000001,650,3,0.09,1.0
0.5000000000000001,650,3,0.09999999999999999,1.0
0.5000000000000001,650,3,0.11,1.0
0.5000000000000001,650,3,0.12,1.0
0.5000000000000001,650,3,0.13,1.0
0.5000000000000001,650,3,0.14,1.0
0.5000000000000001,650,4,0.01,1.0
0.5000000000000001,650,4,0.02,1.0
0.5000000000000001,650,4,0.03,1.0
0.5000000000000001,650,4,0.04,1.0
0.5000000000000001,650,4,0.05,1.0
0.5000000000000001,650,4,0.060000000000000005,1.0
0.5000000000000001,650,4,0.06999999999999999,1.0
0.5000000000000001,650,4,0.08,1.0
0.5000000000000001,650,4,0.09,1.0
0.5000000000000001,650,4,0.09999999999999999,1.0
0.5000000000000001,650,4,0.11,1.0
0.5000000000000001,650,4,0.12,1.0
0.5000000000000001,650,4,0.13,1.0
0.5000000000000001,650,4,0.14,1.0
0.5000000000000001,650,5,0.01,1.0
0.5000000000000001,650,5,0.02,1.0
0.5000000000000001,650,5,0.03,1.0
0.5000000000000001,650,5,0.04,1.0
0.5000000000000001,650,5,0.05,1.0
0.5000000000000001,650,5,0.060000000000000005,1.0
0.5000000000000001,650,5,0.06999999999999999,1.0
0.5000000000000001,650,5,0.08,1.0
0.5000000000000001,650,5,0.09,1.0
0.5000000000000001,650,5,0.09999999999999999,1.0
0.5000000000000001,650,5,0.11,1.0
0.5000000000000001,650,5,0.12,1.0
0.5000000000000001,650,5,0.13,1.0
0.5000000000000001,650,5,0.14,1.0
0.5000000000000001,650,6,0.01,1.0
0.5000000000000001,650,6,0.02,1.0
0.5000000000000001,650,6,0.03,1.0
0.5000000000000001,650,6,0.04,1.0
0.5000000000000001,650,6,0.05,1.0
0.5000000000000001,650,6,0.060000000000000005,1.0
0.5000000000000001,650,6,0.06999999999999999,1.0
0.5000000000000001,650,6,0.08,1.0
0.5000000000000001,650,6,0.09,1.0
0.5000000000000001,650,6,0.09999999999999999,1.0
0.5000000000000001,650,6,0.11,1.0
0.5000000000000001,650,6,0.12,1.0
0.5000000000000001,650,6,0.13,1.0
0.5000000000000001,650,6,0.14,1.0
0.5000000000000001,650,7,0.01,1.0
0.5000000000000001,650,7,0.02,1.0
0.5000000000000001,650,7,0.03,1.0
0.5000000000000001,650,7,0.04,1.0
0.5000000000000001,650,7,0.05,1.0
0.5000000000000001,650,7,0.060000000000000005,1.0
0.5000000000000001,650,7,0.06999999999999999,1.0
0.5000000000000001,650,7,0.08,1.0
0.5000000000000001,650,7,0.09,1.0
0.5000000000000001,650,7,0.09999999999999999,1.0
0.5000000000000001,650,7,0.11,1.0
0.5000000000000001,650,7,0.12,1.0
0.5000000000000001,650,7,0.13,1.0
0.5000000000000001,650,7,0.14,1.0
0.5000000000000001,650,8,0.01,1.0
0.5000000000000001,650,8,0.02,1.0
0.5000000000000001,650,8,0.03,1.0
0.5000000000000001,650,8,0.04,1.0
0.5000000000000001,650,8,0.05,1.0
0.5000000000000001,650,8,0.060000000000000005,1.0
0.5000000000000001,650,8,0.06999999999999999,1.0
0.5000000000000001,650,8,0.08,1.0
0.5000000000000001,650,8,0.09,1.0
0.5000000000000001,650,8,0.09999999999999999,1.0
0.5000000000000001,650,8,0.11,1.0
0.5000000000000001,650,8,0.12,1.0
0.5000000000000001,650,8,0.13,1.0
0.5000000000000001,650,8,0.14,1.0
0.6000000000000001,50,3,0.01,0.9767
0.6000000000000001,50,3,0.02,0.9994
0.6000000000000001,50,3,0.03,1.0
0.6000000000000001,50,3,0.04,1.0
0.6000000000000001,50,3,0.05,1.0
0.6000000000000001,50,3,0.060000000000000005,1.0
0.6000000000000001,50,3,0.06999999999999999,1.0
0.6000000000000001,50,3,0.08,1.0
0.6000000000000001,50,3,0.09,1.0
0.6000000000000001,50,3,0.09999999999999999,1.0
0.6000000000000001,50,3,0.11,1.0
0.6000000000000001,50,3,0.12,1.0
0.6000000000000001,50,3,0.13,1.0
0.6000000000000001,50,3,0.14,1.0
0.6000000000000001,50,4,0.01,0.925
0.6000000000000001,50,4,0.02,0.9978
0.6000000000000001,50,4,0.03,1.0
0.6000000000000001,50,4,0.04,1.0
0.6000000000000001,50,4,0.05,1.0
0.6000000000000001,50,4,0.060000000000000005,1.0
0.6000000000000001,50,4,0.06999999999999999,1.0
0.6000000000000001,50,4,0.08,1.0
0.6000000000000001,50,4,0.09,1.0
0.6000000000000001,50,4,0.09999999999999999,1.0
0.6000000000000001,50,4,0.11,1.0
0.6000000000000001,50,4,0.12,1.0
0.6000000000000001,50,4,0.13,1.0
0.6000000000000001,50,4,0.14,1.0
0.6000000000000001,50,5,0.01,0.8151
0.6000000000000001,50,5,0.02,0.9897
0.6000000000000001,50,5,0.03,0.9994
0.6000000000000001,50,5,0.04,1.0
0.6000000000000001,50,5,0.05,1.0
0.6000000000000001,50,5,0.060000000000000005,1.0
0.6000000000000001,50,5,0.06999999999999999,1.0
0.6000000000000001,50,5,0.08,1.0
0.6000000000000001,50,5,0.09,1.0
0.6000000000000001,50,5,0.09999999999999999,1.0
0.6000000000000001,50,5,0.11,1.0
0.6000000000000001,50,5,0.12,1.0
0.6000000000000001,50,5,0.13,1.0
0.6000000000000001,50,5,0.14,1.0
0.6000000000000001,50,6,0.01,0.6333
0.6000000000000001,50,6,0.02,0.9687
0.6000000000000001,50,6,0.03,0.9969
0.6000000000000001,50,6,0.04,0.9999
0.6000000000000001,50,6,0.05,1.0
0.6000000000000001,50,6,0.060000000000000005,1.0
0.6000000000000001,50,6,0.06999999999999999,1.0
0.6000000000000001,50,6,0.08,1.0
0.6000000000000001,50,6,0.09,1.0
0.6000000000000001,50,6,0.09999999999999999,1.0
0.6000000000000001,50,6,0.11,1.0
0.6000000000000001,50,6,0.12,1.0
0.6000000000000001,50,6,0.13,1.0
0.6000000000000001,50,6,0.14,1.0
0.6000000000000001,50,7,0.01,0.4298
0.6000000000000001,50,7,0.02,0.9249
0.6000000000000001,50,7,0.03,0.9913
0.6000000000000001,50,7,0.04,0.9994
0.6000000000000001,50,7,0.05,1.0
0.6000000000000001,50,7,0.060000000000000005,1.0
0.6000000000000001,50,7,0.06999999999999999,1.0
0.6000000000000001,50,7,0.08,1.0
0.6000000000000001,50,7,0.09,1.0
0.6000000000000001,50,7,0.09999999999999999,1.0
0.6000000000000001,50,7,0.11,1.0
0.6000000000000001,50,7,0.12,1.0
0.6000000000000001,50,7,0.13,1.0
0.6000000000000001,50,7,0.14,1.0
0.6000000000000001,50,8,0.01,0.242
0.6000000000000001,50,8,0.02,0.8484
0.6000000000000001,50,8,0.03,0.9762
0.6000000000000001,50,8,0.04,0.9985
0.6000000000000001,50,8,0.05,1.0
0.6000000000000001,50,8,0.060000000000000005,1.0
0.6000000000000001,50,8,0.06999999999999999,1.0
0.6000000000000001,50,8,0.08,1.0
0.6000000000000001,50,8,0.09,1.0
0.6000000000000001,50,8,0.09999999999999999,1.0
0.6000000000000001,50,8,0.11,1.0
0.6000000000000001,50,8,0.12,1.0
0.6000000000000001,50,8,0.13,1.0
0.6000000000000001,50,8,0.14,1.0
0.6000000000000001,100,3,0.01,0.9998
0.6000000000000001,100,3,0.02,1.0
0.6000000000000001,100,3,0.03,1.0
0.6000000000000001,100,3,0.04,1.0
0.6000000000000001,100,3,0.05,1.0
0.6000000000000001,100,3,0.060000000000000005,1.0
0.6000000000000001,100,3,0.06999999999999999,1.0
0.6000000000000001,100,3,0.08,1.0
0.6000000000000001,100,3,0.09,1.0
0.6000000000000001,100,3,0.09999999999999999,1.0
0.6000000000000001,100,3,0.11,1.0
0.6000000000000001,100,3,0.12,1.0
0.6000000000000001,100,3,0.13,1.0
0.6000000000000001,100,3,0.14,1.0
0.6000000000000001,100,4,0.01,0.9976
0.6000000000000001,100,4,0.02,1.0
0.6000000000000001,100,4,0.03,1.0
0.6000000000000001,100,4,0.04,1.0
0.6000000000000001,100,4,0.05,1.0
0.6000000000000001,100,4,0.060000000000000005,1.0
0.6000000000000001,100,4,0.06999999999999999,1.0
0.6000000000000001,100,4,0.08,1.0
0.6000000000000001,100,4,0.09,1.0
0.6000000000000001,100,4,0.09999999999999999,1.0
0.6000000000000001,100,4,0.11,1.0
0.6000000000000001,100,4,0.12,1.0
0.6000000000000001,100,4,0.13,1.0
0.6000000000000001,100,4,0.14,1.0
0.6000000000000001,100,5,0.01,0.9921
0.6000000000000001,100,5,0.02,1.0
0.6000000000000001,100,5,0.03,1.0
0.6000000000000001,100,5,0.04,1.0
0.6000000000000001,100,5,0.05,1.0
0.6000000000000001,100,5,0.060000000000000005,1.0
0.6000000000000001,100,5,0.06999999999999999,1.0
0.6000000000000001,100,5,0.08,1.0
0.6000000000000001,100,5,0.09,1.0
0.6000000000000001,100,5,0.09999999999999999,1.0
0.6000000000000001,100,5,0.11,1.0
0.6000000000000001,100,5,0.12,1.0
0.6000000000000001,100,5,0.13,1.0
0.6000000000000001,100,5,0.14,1.0
0.6000000000000001,100,6,0.01,0.9693
0.6000000000000001,100,6,0.02,0.9999
0.6000000000000001,100,6,0.03,1.0
0.6000000000000001,100,6,0.04,1.0
0.6000000000000001,100,6,0.05,1.0
0.6000000000000001,100,6,0.060000000000000005,1.0
0.6000000000000001,100,6,0.06999999999999999,1.0
0.6000000000000001,100,6,0.08,1.0
0.6000000000000001,100,6,0.09,1.0
0.6000000000000001,100,6,0.09999999999999999,1.0
0.6000000000000001,100,6,0.11,1.0
0.6000000000000001,100,6,0.12,1.0
0.6000000000000001,100,6,0.13,1.0
0.6000000000000001,100,6,0.14,1.0
0.6000000000000001,100,7,0.01,0.9167
0.6000000000000001,100,7,0.02,0.9997
0.6000000000000001,100,7,0.03,1.0
0.6000000000000001,100,7,0.04,1.0
0.6000000000000001,100,7,0.05,1.0
0.6000000000000001,100,7,0.060000000000000005,1.0
0.6000000000000001,100,7,0.06999999999999999,1.0
0.6000000000000001,100,7,0.08,1.0
0.6000000000000001,100,7,0.09,1.0
0.6000000000000001,100,7,0.09999999999999999,1.0
0.6000000000000001,100,7,0.11,1.0
0.6000000000000001,100,7,0.12,1.0
0.6000000000000001,100,7,0.13,1.0
0.6000000000000001,100,7,0.14,1.0
0.6000000000000001,100,8,0.01,0.8147
0.6000000000000001,100,8,0.02,0.999
0.6000000000000001,100,8,0.03,1.0
0.6000000000000001,100,8,0.04,1.0
0.6000000000000001,100,8,0.05,1.0
0.6000000000000001,100,8,0.060000000000000005,1.0
0.6000000000000001,100,8,0.06999999999999999,1.0
0.6000000000000001,100,8,0.08,1.0
0.6000000000000001,100,8,0.09,1.0
0.6000000000000001,100,8,0.09999999999999999,1.0
0.6000000000000001,100,8,0.11,1.0
0.6000000000000001,100,8,0.12,1.0
0.6000000000000001,100,8,0.13,1.0
0.6000000000000001,100,8,0.14,1.0
0.6000000000000001,150,3,0.01,1.0
0.6000000000000001,150,3,0.02,1.0
0.6000000000000001,150,3,0.03,1.0
0.6000000000000001,150,3,0.04,1.0
0.6000000000000001,150,3,0.05,1.0
0.6000000000000001,150,3,0.060000000000000005,1.0
0.6000000000000001,150,3,0.06999999999999999,1.0
0.6000000000000001,150,3,0.08,1.0
0.6000000000000001,150,3,0.09,1.0
0.6000000000000001,150,3,0.09999999999999999,1.0
0.6000000000000001,150,3,0.11,1.0
0.6000000000000001,150,3,0.12,1.0
0.6000000000000001,150,3,0.13,1.0
0.6000000000000001,150,3,0.14,1.0
0.6000000000000001,150,4,0.01,1.0
0.6000000000000001,150,4,0.02,1.0
0.6000000000000001,150,4,0.03,1.0
0.6000000000000001,150,4,0.04,1.0
0.6000000000000001,150,4,0.05,1.0
0.6000000000000001,150,4,0.060000000000000005,1.0
0.6000000000000001,150,4,0.06999999999999999,1.0
0.6000000000000001,150,4,0.08,1.0
0.6000000000000001,150,4,0.09,1.0
0.6000000000000001,150,4,0.09999999999999999,1.0
0.6000000000000001,150,4,0.11,1.0
0.6000000000000001,150,4,0.12,1.0
0.6000000000000001,150,4,0.13,1.0
0.6000000000000001,150,4,0.14,1.0
0.6000000000000001,150,5,0.01,0.9995
0.6000000000000001,150,5,0.02,1.0
0.6000000000000001,150,5,0.03,1.0
0.6000000000000001,150,5,0.04,1.0
0.6000000000000001,150,5,0.05,1.0
0.6000000000000001,150,5,0.060000000000000005,1.0
0.6000000000000001,150,5,0.06999999999999999,1.0
0.6000000000000001,150,5,0.08,1.0
0.6000000000000001,150,5,0.09,1.0
0.6000000000000001,150,5,0.09999999999999999,1.0
0.6000000000000001,150,5,0.11,1.0
0.6000000000000001,150,5,0.12,1.0
0.6000000000000001,150,5,0.13,1.0
0.6000000000000001,150,5,0.14,1.0
0.6000000000000001,150,6,0.01,0.9981
0.6000000000000001,150,6,0.02,1.0
0.6000000000000001,150,6,0.03,1.0
0.6000000000000001,150,6,0.04,1.0
0.6000000000000001,150,6,0.05,1.0
0.6000000000000001,150,6,0.060000000000000005,1.0
0.6000000000000001,150,6,0.06999999999999999,1.0
0.6000000000000001,150,6,0.08,1.0
0.6000000000000001,150,6,0.09,1.0
0.6000000000000001,150,6,0.09999999999999999,1.0
0.6000000000000001,150,6,0.11,1.0
0.6000000000000001,150,6,0.12,1.0
0.6000000000000001,150,6,0.13,1.0
0.6000000000000001,150,6,0.14,1.0
0.6000000000000001,150,7,0.01,0.9933
0.6000000000000001,150,7,0.02,1.0
0.6000000000000001,150,7,0.03,1.0
0.6000000000000001,150,7,0.04,1.0
0.6000000000000001,150,7,0.05,1.0
0.6000000000000001,150,7,0.060000000000000005,1.0
0.6000000000000001,150,7,0.06999999999999999,1.0
0.6000000000000001,150,7,0.08,1.0
0.6000000000000001,150,7,0.09,1.0
0.6000000000000001,150,7,0.09999999999999999,1.0
0.6000000000000001,150,7,0.11,1.0
0.6000000000000001,150,7,0.12,1.0
0.6000000000000001,150,7,0.13,1.0
0.6000000000000001,150,7,0.14,1.0
0.6000000000000001,150,8,0.01,0.9753
0.6000000000000001,150,8,0.02,1.0
0.6000000000000001,150,8,0.03,1.0
0.6000000000000001,150,8,0.04,1.0
0.6000000000000001,150,8,0.05,1.0
0.6000000000000001,150,8,0.060000000000000005,1.0
0.6000000000000001,150,8,0.06999999999999999,1.0
0.6000000000000001,150,8,0.08,1.0
0.6000000000000001,150,8,0.09,1.0
0.6000000000000001,150,8,0.09999999999999999,1.0
0.6000000000000001,150,8,0.11,1.0
0.6000000000000001,150,8,0.12,1.0
0.6000000000000001,150,8,0.13,1.0
0.6000000000000001,150,8,0.14,1.0
0.6000000000000001,200,3,0.01,1.0
0.6000000000000001,200,3,0.02,1.0
0.6000000000000001,200,3,0.03,1.0
0.6000000000000001,200,3,0.04,1.0
0.6000000000000001,200,3,0.05,1.0
0.6000000000000001,200,3,0.060000000000000005,1.0
0.6000000000000001,200,3,0.06999999999999999,1.0
0.6000000000000001,200,3,0.08,1.0
0.6000000000000001,200,3,0.09,1.0
0.6000000000000001,200,3,0.09999999999999999,1.0
0.6000000000000001,200,3,0.11,1.0
0.6000000000000001,200,3,0.12,1.0
0.6000000000000001,200,3,0.13,1.0
0.6000000000000001,200,3,0.14,1.0
0.6000000000000001,200,4,0.01,1.0
0.6000000000000001,200,4,0.02,1.0
0.6000000000000001,200,4,0.03,1.0
0.6000000000000001,200,4,0.04,1.0
0.6000000000000001,200,4,0.05,1.0
0.6000000000000001,200,4,0.060000000000000005,1.0
0.6000000000000001,200,4,0.06999999999999999,1.0
0.6000000000000001,200,4,0.08,1.0
0.6000000000000001,200,4,0.09,1.0
0.6000000000000001,200,4,0.09999999999999999,1.0
0.6000000000000001,200,4,0.11,1.0
0.6000000000000001,200,4,0.12,1.0
0.6000000000000001,200,4,0.13,1.0
0.6000000000000001,200,4,0.14,1.0
0.6000000000000001,200,5,0.01,1.0
0.6000000000000001,200,5,0.02,1.0
0.6000000000000001,200,5,0.03,1.0
0.6000000000000001,200,5,0.04,1.0
0.6000000000000001,200,5,0.05,1.0
0.6000000000000001,200,5,0.060000000000000005,1.0
0.6000000000000001,200,5,0.06999999999999999,1.0
0.6000000000000001,200,5,0.08,1.0
0.6000000000000001,200,5,0.09,1.0
0.6000000000000001,200,5,0.09999999999999999,1.0
0.6000000000000001,200,5,0.11,1.0
0.6000000000000001,200,5,0.12,1.0
0.6000000000000001,200,5,0.13,1.0
0.6000000000000001,200,5,0.14,1.0
0.6000000000000001,200,6,0.01,1.0
0.6000000000000001,200,6,0.02,1.0
0.6000000000000001,200,6,0.03,1.0
0.6000000000000001,200,6,0.04,1.0
0.6000000000000001,200,6,0.05,1.0
0.6000000000000001,200,6,0.060000000000000005,1.0
0.6000000000000001,200,6,0.06999999999999999,1.0
0.6000000000000001,200,6,0.08,1.0
0.6000000000000001,200,6,0.09,1.0
0.6000000000000001,200,6,0.09999999999999999,1.0
0.6000000000000001,200,6,0.11,1.0
0.6000000000000001,200,6,0.12,1.0
0.6000000000000001,200,6,0.13,1.0
0.6000000000000001,200,6,0.14,1.0
0.6000000000000001,200,7,0.01,0.9997
0.6000000000000001,200,7,0.02,1.0
0.6000000000000001,200,7,0.03,1.0
0.6000000000000001,200,7,0.04,1.0
0.6000000000000001,200,7,0.05,1.0
0.6000000000000001,200,7,0.060000000000000005,1.0
0.6000000000000001,200,7,0.06999999999999999,1.0
0.6000000000000001,200,7,0.08,1.0
0.6000000000000001,200,7,0.09,1.0
0.6000000000000001,200,7,0.09999999999999999,1.0
0.6000000000000001,200,7,0.11,1.0
0.6000000000000001,200,7,0.12,1.0
0.6000000000000001,200,7,0.13,1.0
0.6000000000000001,200,7,0.14,1.0
0.6000000000000001,200,8,0.01,0.9985
0.6000000000000001,200,8,0.02,1.0
0.6000000000000001,200,8,0.03,1.0
0.6000000000000001,200,8,0.04,1.0
0.6000000000000001,200,8,0.05,1.0
0.6000000000000001,200,8,0.060000000000000005,1.0
0.6000000000000001,200,8,0.06999999999999999,1.0
0.6000000000000001,200,8,0.08,1.0
0.6000000000000001,200,8,0.09,1.0
0.6000000000000001,200,8,0.09999999999999999,1.0
0.6000000000000001,200,8,0.11,1.0
0.6000000000000001,200,8,0.12,1.0
0.6000000000000001,200,8,0.13,1.0
0.6000000000000001,200,8,0.14,1.0
0.6000000000000001,250,3,0.01,1.0
0.6000000000000001,250,3,0.02,1.0
0.6000000000000001,250,3,0.03,1.0
0.6000000000000001,250,3,0.04,1.0
0.6000000000000001,250,3,0.05,1.0
0.6000000000000001,250,3,0.060000000000000005,1.0
0.6000000000000001,250,3,0.06999999999999999,1.0
0.6000000000000001,250,3,0.08,1.0
0.6000000000000001,250,3,0.09,1.0
0.6000000000000001,250,3,0.09999999999999999,1.0
0.6000000000000001,250,3,0.11,1.0
0.6000000000000001,250,3,0.12,1.0
0.6000000000000001,250,3,0.13,1.0
0.6000000000000001,250,3,0.14,1.0
0.6000000000000001,250,4,0.01,1.0
0.6000000000000001,250,4,0.02,1.0
0.6000000000000001,250,4,0.03,1.0
0.6000000000000001,250,4,0.04,1.0
0.6000000000000001,250,4,0.05,1.0
0.6000000000000001,250,4,0.060000000000000005,1.0
0.6000000000000001,250,4,0.06999999999999999,1.0
0.6000000000000001,250,4,0.08,1.0
0.6000000000000001,250,4,0.09,1.0
0.6000000000000001,250,4,0.09999999999999999,1.0
0.6000000000000001,250,4,0.11,1.0
0.6000000000000001,250,4,0.12,1.0
0.6000000000000001,250,4,0.13,1.0
0.6000000000000001,250,4,0.14,1.0
0.6000000000000001,250,5,0.01,1.0
0.6000000000000001,250,5,0.02,1.0
0.6000000000000001,250,5,0.03,1.0
0.6000000000000001,250,5,0.04,1.0
0.6000000000000001,250,5,0.05,1.0
0.6000000000000001,250,5,0.060000000000000005,1.0
0.6000000000000001,250,5,0.06999999999999999,1.0
0.6000000000000001,250,5,0.08,1.0
0.6000000000000001,250,5,0.09,1.0
0.6000000000000001,250,5,0.09999999999999999,1.0
0.6000000000000001,250,5,0.11,1.0
0.6000000000000001,250,5,0.12,1.0
0.6000000000000001,250,5,0.13,1.0
0.6000000000000001,250,5,0.14,1.0
0.6000000000000001,250,6,0.01,1.0
0.6000000000000001,250,6,0.02,1.0
0.6000000000000001,250,6,0.03,1.0
0.6000000000000001,250,6,0.04,1.0
0.6000000000000001,250,6,0.05,1.0
0.6000000000000001,250,6,0.060000000000000005,1.0
0.6000000000000001,250,6,0.06999999999999999,1.0
0.6000000000000001,250,6,0.08,1.0
0.6000000000000001,250,6,0.09,1.0
0.6000000000000001,250,6,0.09999999999999999,1.0
0.6000000000000001,250,6,0.11,1.0
0.6000000000000001,250,6,0.12,1.0
0.6000000000000001,250,6,0.13,1.0
0.6000000000000001,250,6,0.14,1.0
0.6000000000000001,250,7,0.01,1.0
0.6000000000000001,250,7,0.02,1.0
0.6000000000000001,250,7,0.03,1.0
0.6000000000000001,250,7,0.04,1.0
0.6000000000000001,250,7,0.05,1.0
0.6000000000000001,250,7,0.060000000000000005,1.0
0.6000000000000001,250,7,0.06999999999999999,1.0
0.6000000000000001,250,7,0.08,1.0
0.6000000000000001,250,7,0.09,1.0
0.6000000000000001,250,7,0.09999999999999999,1.0
0.6000000000000001,250,7,0.11,1.0
0.6000000000000001,250,7,0.12,1.0
0.6000000000000001,250,7,0.13,1.0
0.6000000000000001,250,7,0.14,1.0
0.6000000000000001,250,8,0.01,0.9999
0.6000000000000001,250,8,0.02,1.0
0.6000000000000001,250,8,0.03,1.0
0.6000000000000001,250,8,0.04,1.0
0.6000000000000001,250,8,0.05,1.0
0.6000000000000001,250,8,0.060000000000000005,1.0
0.6000000000000001,250,8,0.06999999999999999,1.0
0.6000000000000001,250,8,0.08,1.0
0.6000000000000001,250,8,0.09,1.0
0.6000000000000001,250,8,0.09999999999999999,1.0
0.6000000000000001,250,8,0.11,1.0
0.6000000000000001,250,8,0.12,1.0
0.6000000000000001,250,8,0.13,1.0
0.6000000000000001,250,8,0.14,1.0
0.6000000000000001,300,3,0.01,1.0
0.6000000000000001,300,3,0.02,1.0
0.6000000000000001,300,3,0.03,1.0
0.6000000000000001,300,3,0.04,1.0
0.6000000000000001,300,3,0.05,1.0
0.6000000000000001,300,3,0.060000000000000005,1.0
0.6000000000000001,300,3,0.06999999999999999,1.0
0.6000000000000001,300,3,0.08,1.0
0.6000000000000001,300,3,0.09,1.0
0.6000000000000001,300,3,0.09999999999999999,1.0
0.6000000000000001,300,3,0.11,1.0
0.6000000000000001,300,3,0.12,1.0
0.6000000000000001,300,3,0.13,1.0
0.6000000000000001,300,3,0.14,1.0
0.6000000000000001,300,4,0.01,1.0
0.6000000000000001,300,4,0.02,1.0
0.6000000000000001,300,4,0.03,1.0
0.6000000000000001,300,4,0.04,1.0
0.6000000000000001,300,4,0.05,1.0
0.6000000000000001,300,4,0.060000000000000005,1.0
0.6000000000000001,300,4,0.06999999999999999,1.0
0.6000000000000001,300,4,0.08,1.0
0.6000000000000001,300,4,0.09,1.0
0.6000000000000001,300,4,0.09999999999999999,1.0
0.6000000000000001,300,4,0.11,1.0
0.6000000000000001,300,4,0.12,1.0
0.6000000000000001,300,4,0.13,1.0
0.6000000000000001,300,4,0.14,1.0
0.6000000000000001,300,5,0.01,1.0
0.6000000000000001,300,5,0.02,1.0
0.6000000000000001,300,5,0.03,1.0
0.6000000000000001,300,5,0.04,1.0
0.6000000000000001,300,5,0.05,1.0
0.6000000000000001,300,5,0.060000000000000005,1.0
0.6000000000000001,300,5,0.06999999999999999,1.0
0.6000000000000001,300,5,0.08,1.0
0.6000000000000001,300,5,0.09,1.0
0.6000000000000001,300,5,0.09999999999999999,1.0
0.6000000000000001,300,5,0.11,1.0
0.6000000000000001,300,5,0.12,1.0
0.6000000000000001,300,5,0.13,1.0
0.6000000000000001,300,5,0.14,1.0
0.6000000000000001,300,6,0.01,1.0
0.6000000000000001,300,6,0.02,1.0
0.6000000000000001,300,6,0.03,1.0
0.6000000000000001,300,6,0.04,1.0
0.6000000000000001,300,6,0.05,1.0
0.6000000000000001,300,6,0.060000000000000005,1.0
0.6000000000000001,300,6,0.06999999999999999,1.0
0.6000000000000001,300,6,0.08,1.0
0.6000000000000001,300,6,0.09,1.0
0.6000000000000001,300,6,0.09999999999999999,1.0
0.6000000000000001,300,6,0.11,1.0
0.6000000000000001,300,6,0.12,1.0
0.6000000000000001,300,6,0.13,1.0
0.6000000000000001,300,6,0.14,1.0
0.6000000000000001,300,7,0.01,1.0
0.6000000000000001,300,7,0.02,1.0
0.6000000000000001,300,7,0.03,1.0
0.6000000000000001,300,7,0.04,1.0
0.6000000000000001,300,7,0.05,1.0
0.6000000000000001,300,7,0.060000000000000005,1.0
0.6000000000000001,300,7,0.06999999999999999,1.0
0.6000000000000001,300,7,0.08,1.0
0.6000000000000001,300,7,0.09,1.0
0.6000000000000001,300,7,0.09999999999999999,1.0
0.6000000000000001,300,7,0.11,1.0
0.6000000000000001,300,7,0.12,1.0
0.6000000000000001,300,7,0.13,1.0
0.6000000000000001,300,7,0.14,1.0
0.6000000000000001,300,8,0.01,1.0
0.6000000000000001,300,8,0.02,1.0
0.6000000000000001,300,8,0.03,1.0
0.6000000000000001,300,8,0.04,1.0
0.6000000000000001,300,8,0.05,1.0
0.6000000000000001,300,8,0.060000000000000005,1.0
0.6000000000000001,300,8,0.06999999999999999,1.0
0.6000000000000001,300,8,0.08,1.0
0.6000000000000001,300,8,0.09,1.0
0.6000000000000001,300,8,0.09999999999999999,1.0
0.6000000000000001,300,8,0.11,1.0
0.6000000000000001,300,8,0.12,1.0
0.6000000000000001,300,8,0.13,1.0
0.6000000000000001,300,8,0.14,1.0
0.6000000000000001,350,3,0.01,1.0
0.6000000000000001,350,3,0.02,1.0
0.6000000000000001,350,3,0.03,1.0
0.6000000000000001,350,3,0.04,1.0
0.6000000000000001,350,3,0.05,1.0
0.6000000000000001,350,3,0.060000000000000005,1.0
0.6000000000000001,350,3,0.06999999999999999,1.0
0.6000000000000001,350,3,0.08,1.0
0.6000000000000001,350,3,0.09,1.0
0.6000000000000001,350,3,0.09999999999999999,1.0
0.6000000000000001,350,3,0.11,1.0
0.6000000000000001,350,3,0.12,1.0
0.6000000000000001,350,3,0.13,1.0
0.6000000000000001,350,3,0.14,1.0
0.6000000000000001,350,4,0.01,1.0
0.6000000000000001,350,4,0.02,1.0
0.6000000000000001,350,4,0.03,1.0
0.6000000000000001,350,4,0.04,1.0
0.6000000000000001,350,4,0.05,1.0
0.6000000000000001,350,4,0.060000000000000005,1.0
0.6000000000000001,350,4,0.06999999999999999,1.0
0.6000000000000001,350,4,0.08,1.0
0.6000000000000001,350,4,0.09,1.0
0.6000000000000001,350,4,0.09999999999999999,1.0
0.6000000000000001,350,4,0.11,1.0
0.6000000000000001,350,4,0.12,1.0
0.6000000000000001,350,4,0.13,1.0
0.6000000000000001,350,4,0.14,1.0
0.6000000000000001,350,5,0.01,1.0
0.6000000000000001,350,5,0.02,1.0
0.6000000000000001,350,5,0.03,1.0
0.6000000000000001,350,5,0.04,1.0
0.6000000000000001,350,5,0.05,1.0
0.6000000000000001,350,5,0.060000000000000005,1.0
0.6000000000000001,350,5,0.06999999999999999,1.0
0.6000000000000001,350,5,0.08,1.0
0.6000000000000001,350,5,0.09,1.0
0.6000000000000001,350,5,0.09999999999999999,1.0
0.6000000000000001,350,5,0.11,1.0
0.6000000000000001,350,5,0.12,1.0
0.6000000000000001,350,5,0.13,1.0
0.6000000000000001,350,5,0.14,1.0
0.6000000000000001,350,6,0.01,1.0
0.6000000000000001,350,6,0.02,1.0
0.6000000000000001,350,6,0.03,1.0
0.6000000000000001,350,6,0.04,1.0
0.6000000000000001,350,6,0.05,1.0
0.6000000000000001,350,6,0.060000000000000005,1.0
0.6000000000000001,350,6,0.06999999999999999,1.0
0.6000000000000001,350,6,0.08,1.0
0.6000000000000001,350,6,0.09,1.0
0.6000000000000001,350,6,0.09999999999999999,1.0
0.6000000000000001,350,6,0.11,1.0
0.6000000000000001,350,6,0.12,1.0
0.6000000000000001,350,6,0.13,1.0
0.6000000000000001,350,6,0.14,1.0
0.6000000000000001,350,7,0.01,1.0
0.6000000000000001,350,7,0.02,1.0
0.6000000000000001,350,7,0.03,1.0
0.6000000000000001,350,7,0.04,1.0
0.6000000000000001,350,7,0.05,1.0
0.6000000000000001,350,7,0.060000000000000005,1.0
0.6000000000000001,350,7,0.06999999999999999,1.0
0.6000000000000001,350,7,0.08,1.0
0.6000000000000001,350,7,0.09,1.0
0.6000000000000001,350,7,0.09999999999999999,1.0
0.6000000000000001,350,7,0.11,1.0
0.6000000000000001,350,7,0.12,1.0
0.6000000000000001,350,7,0.13,1.0
0.6000000000000001,350,7,0.14,1.0
0.6000000000000001,350,8,0.01,1.0
0.6000000000000001,350,8,0.02,1.0
0.6000000000000001,350,8,0.03,1.0
0.6000000000000001,350,8,0.04,1.0
0.6000000000000001,350,8,0.05,1.0
0.6000000000000001,350,8,0.060000000000000005,1.0
0.6000000000000001,350,8,0.06999999999999999,1.0
0.6000000000000001,350,8,0.08,1.0
0.6000000000000001,350,8,0.09,1.0
0.6000000000000001,350,8,0.09999999999999999,1.0
0.6000000000000001,350,8,0.11,1.0
0.6000000000000001,350,8,0.12,1.0
0.6000000000000001,350,8,0.13,1.0
0.6000000000000001,350,8,0.14,1.0
0.6000000000000001,400,3,0.01,1.0
0.6000000000000001,400,3,0.02,1.0
0.6000000000000001,400,3,0.03,1.0
0.6000000000000001,400,3,0.04,1.0
0.6000000000000001,400,3,0.05,1.0
0.6000000000000001,400,3,0.060000000000000005,1.0
0.6000000000000001,400,3,0.06999999999999999,1.0
0.6000000000000001,400,3,0.08,1.0
0.6000000000000001,400,3,0.09,1.0
0.6000000000000001,400,3,0.09999999999999999,1.0
0.6000000000000001,400,3,0.11,1.0
0.6000000000000001,400,3,0.12,1.0
0.6000000000000001,400,3,0.13,1.0
0.6000000000000001,400,3,0.14,1.0
0.6000000000000001,400,4,0.01,1.0
0.6000000000000001,400,4,0.02,1.0
0.6000000000000001,400,4,0.03,1.0
0.6000000000000001,400,4,0.04,1.0
0.6000000000000001,400,4,0.05,1.0
0.6000000000000001,400,4,0.060000000000000005,1.0
0.6000000000000001,400,4,0.06999999999999999,1.0
0.6000000000000001,400,4,0.08,1.0
0.6000000000000001,400,4,0.09,1.0
0.6000000000000001,400,4,0.09999999999999999,1.0
0.6000000000000001,400,4,0.11,1.0
0.6000000000000001,400,4,0.12,1.0
0.6000000000000001,400,4,0.13,1.0
0.6000000000000001,400,4,0.14,1.0
0.6000000000000001,400,5,0.01,1.0
0.6000000000000001,400,5,0.02,1.0
0.6000000000000001,400,5,0.03,1.0
0.6000000000000001,400,5,0.04,1.0
0.6000000000000001,400,5,0.05,1.0
0.6000000000000001,400,5,0.060000000000000005,1.0
0.6000000000000001,400,5,0.06999999999999999,1.0
0.6000000000000001,400,5,0.08,1.0
0.6000000000000001,400,5,0.09,1.0
0.6000000000000001,400,5,0.09999999999999999,1.0
0.6000000000000001,400,5,0.11,1.0
0.6000000000000001,400,5,0.12,1.0
0.6000000000000001,400,5,0.13,1.0
0.6000000000000001,400,5,0.14,1.0
0.6000000000000001,400,6,0.01,1.0
0.6000000000000001,400,6,0.02,1.0
0.6000000000000001,400,6,0.03,1.0
0.6000000000000001,400,6,0.04,1.0
0.6000000000000001,400,6,0.05,1.0
0.6000000000000001,400,6,0.060000000000000005,1.0
0.6000000000000001,400,6,0.06999999999999999,1.0
0.6000000000000001,400,6,0.08,1.0
0.6000000000000001,400,6,0.09,1.0
0.6000000000000001,400,6,0.09999999999999999,1.0
0.6000000000000001,400,6,0.11,1.0
0.6000000000000001,400,6,0.12,1.0
0.6000000000000001,400,6,0.13,1.0
0.6000000000000001,400,6,0.14,1.0
0.6000000000000001,400,7,0.01,1.0
0.6000000000000001,400,7,0.02,1.0
0.6000000000000001,400,7,0.03,1.0
0.6000000000000001,400,7,0.04,1.0
0.6000000000000001,400,7,0.05,1.0
0.6000000000000001,400,7,0.060000000000000005,1.0
0.6000000000000001,400,7,0.06999999999999999,1.0
0.6000000000000001,400,7,0.08,1.0
0.6000000000000001,400,7,0.09,1.0
0.6000000000000001,400,7,0.09999999999999999,1.0
0.6000000000000001,400,7,0.11,1.0
0.6000000000000001,400,7,0.12,1.0
0.6000000000000001,400,7,0.13,1.0
0.6000000000000001,400,7,0.14,1.0
0.6000000000000001,400,8,0.01,1.0
0.6000000000000001,400,8,0.02,1.0
0.6000000000000001,400,8,0.03,1.0
0.6000000000000001,400,8,0.04,1.0
0.6000000000000001,400,8,0.05,1.0
0.6000000000000001,400,8,0.060000000000000005,1.0
0.6000000000000001,400,8,0.06999999999999999,1.0
0.6000000000000001,400,8,0.08,1.0
0.6000000000000001,400,8,0.09,1.0
0.6000000000000001,400,8,0.09999999999999999,1.0
0.6000000000000001,400,8,0.11,1.0
0.6000000000000001,400,8,0.12,1.0
0.6000000000000001,400,8,0.13,1.0
0.6000000000000001,400,8,0.14,1.0
0.6000000000000001,450,3,0.01,1.0
0.6000000000000001,450,3,0.02,1.0
0.6000000000000001,450,3,0.03,1.0
0.6000000000000001,450,3,0.04,1.0
0.6000000000000001,450,3,0.05,1.0
0.6000000000000001,450,3,0.060000000000000005,1.0
0.6000000000000001,450,3,0.06999999999999999,1.0
0.6000000000000001,450,3,0.08,1.0
0.6000000000000001,450,3,0.09,1.0
0.6000000000000001,450,3,0.09999999999999999,1.0
0.6000000000000001,450,3,0.11,1.0
0.6000000000000001,450,3,0.12,1.0
0.6000000000000001,450,3,0.13,1.0
0.6000000000000001,450,3,0.14,1.0
0.6000000000000001,450,4,0.01,1.0
0.6000000000000001,450,4,0.02,1.0
0.6000000000000001,450,4,0.03,1.0
0.6000000000000001,450,4,0.04,1.0
0.6000000000000001,450,4,0.05,1.0
0.6000000000000001,450,4,0.060000000000000005,1.0
0.6000000000000001,450,4,0.06999999999999999,1.0
0.6000000000000001,450,4,0.08,1.0
0.6000000000000001,450,4,0.09,1.0
0.6000000000000001,450,4,0.09999999999999999,1.0
0.6000000000000001,450,4,0.11,1.0
0.6000000000000001,450,4,0.12,1.0
0.6000000000000001,450,4,0.13,1.0
0.6000000000000001,450,4,0.14,1.0
0.6000000000000001,450,5,0.01,1.0
0.6000000000000001,450,5,0.02,1.0
0.6000000000000001,450,5,0.03,1.0
0.6000000000000001,450,5,0.04,1.0
0.6000000000000001,450,5,0.05,1.0
0.6000000000000001,450,5,0.060000000000000005,1.0
0.6000000000000001,450,5,0.06999999999999999,1.0
0.6000000000000001,450,5,0.08,1.0
0.6000000000000001,450,5,0.09,1.0
0.6000000000000001,450,5,0.09999999999999999,1.0
0.6000000000000001,450,5,0.11,1.0
0.6000000000000001,450,5,0.12,1.0
0.6000000000000001,450,5,0.13,1.0
0.6000000000000001,450,5,0.14,1.0
0.6000000000000001,450,6,0.01,1.0
0.6000000000000001,450,6,0.02,1.0
0.6000000000000001,450,6,0.03,1.0
0.6000000000000001,450,6,0.04,1.0
0.6000000000000001,450,6,0.05,1.0
0.6000000000000001,450,6,0.060000000000000005,1.0
0.6000000000000001,450,6,0.06999999999999999,1.0
0.6000000000000001,450,6,0.08,1.0
0.6000000000000001,450,6,0.09,1.0
0.6000000000000001,450,6,0.09999999999999999,1.0
0.6000000000000001,450,6,0.11,1.0
0.6000000000000001,450,6,0.12,1.0
0.6000000000000001,450,6,0.13,1.0
0.6000000000000001,450,6,0.14,1.0
0.6000000000000001,450,7,0.01,1.0
0.6000000000000001,450,7,0.02,1.0
0.6000000000000001,450,7,0.03,1.0
0.6000000000000001,450,7,0.04,1.0
0.6000000000000001,450,7,0.05,1.0
0.6000000000000001,450,7,0.060000000000000005,1.0
0.6000000000000001,450,7,0.06999999999999999,1.0
0.6000000000000001,450,7,0.08,1.0
0.6000000000000001,450,7,0.09,1.0
0.6000000000000001,450,7,0.09999999999999999,1.0
0.6000000000000001,450,7,0.11,1.0
0.6000000000000001,450,7,0.12,1.0
0.6000000000000001,450,7,0.13,1.0
0.6000000000000001,450,7,0.14,1.0
0.6000000000000001,450,8,0.01,1.0
0.6000000000000001,450,8,0.02,1.0
0.6000000000000001,450,8,0.03,1.0
0.6000000000000001,450,8,0.04,1.0
0.6000000000000001,450,8,0.05,1.0
0.6000000000000001,450,8,0.060000000000000005,1.0
0.6000000000000001,450,8,0.06999999999999999,1.0
0.6000000000000001,450,8,0.08,1.0
0.6000000000000001,450,8,0.09,1.0
0.6000000000000001,450,8,0.09999999999999999,1.0
0.6000000000000001,450,8,0.11,1.0
0.6000000000000001,450,8,0.12,1.0
0.6000000000000001,450,8,0.13,1.0
0.6000000000000001,450,8,0.14,1.0
0.6000000000000001,500,3,0.01,1.0
0.6000000000000001,500,3,0.02,1.0
0.6000000000000001,500,3,0.03,1.0
0.6000000000000001,500,3,0.04,1.0
0.6000000000000001,500,3,0.05,1.0
0.6000000000000001,500,3,0.060000000000000005,1.0
0.6000000000000001,500,3,0.06999999999999999,1.0
0.6000000000000001,500,3,0.08,1.0
0.6000000000000001,500,3,0.09,1.0
0.6000000000000001,500,3,0.09999999999999999,1.0
0.6000000000000001,500,3,0.11,1.0
0.6000000000000001,500,3,0.12,1.0
0.6000000000000001,500,3,0.13,1.0
0.6000000000000001,500,3,0.14,1.0
0.6000000000000001,500,4,0.01,1.0
0.6000000000000001,500,4,0.02,1.0
0.6000000000000001,500,4,0.03,1.0
0.6000000000000001,500,4,0.04,1.0
0.6000000000000001,500,4,0.05,1.0
0.6000000000000001,500,4,0.060000000000000005,1.0
0.6000000000000001,500,4,0.06999999999999999,1.0
0.6000000000000001,500,4,0.08,1.0
0.6000000000000001,500,4,0.09,1.0
0.6000000000000001,500,4,0.09999999999999999,1.0
0.6000000000000001,500,4,0.11,1.0
0.6000000000000001,500,4,0.12,1.0
0.6000000000000001,500,4,0.13,1.0
0.6000000000000001,500,4,0.14,1.0
0.6000000000000001,500,5,0.01,1.0
0.6000000000000001,500,5,0.02,1.0
0.6000000000000001,500,5,0.03,1.0
0.6000000000000001,500,5,0.04,1.0
0.6000000000000001,500,5,0.05,1.0
0.6000000000000001,500,5,0.060000000000000005,1.0
0.6000000000000001,500,5,0.06999999999999999,1.0
0.6000000000000001,500,5,0.08,1.0
0.6000000000000001,500,5,0.09,1.0
0.6000000000000001,500,5,0.09999999999999999,1.0
0.6000000000000001,500,5,0.11,1.0
0.6000000000000001,500,5,0.12,1.0
0.6000000000000001,500,5,0.13,1.0
0.6000000000000001,500,5,0.14,1.0
0.6000000000000001,500,6,0.01,1.0
0.6000000000000001,500,6,0.02,1.0
0.6000000000000001,500,6,0.03,1.0
0.6000000000000001,500,6,0.04,1.0
0.6000000000000001,500,6,0.05,1.0
0.6000000000000001,500,6,0.060000000000000005,1.0
0.6000000000000001,500,6,0.06999999999999999,1.0
0.6000000000000001,500,6,0.08,1.0
0.6000000000000001,500,6,0.09,1.0
0.6000000000000001,500,6,0.09999999999999999,1.0
0.6000000000000001,500,6,0.11,1.0
0.6000000000000001,500,6,0.12,1.0
0.6000000000000001,500,6,0.13,1.0
0.6000000000000001,500,6,0.14,1.0
0.6000000000000001,500,7,0.01,1.0
0.6000000000000001,500,7,0.02,1.0
0.6000000000000001,500,7,0.03,1.0
0.6000000000000001,500,7,0.04,1.0
0.6000000000000001,500,7,0.05,1.0
0.6000000000000001,500,7,0.060000000000000005,1.0
0.6000000000000001,500,7,0.06999999999999999,1.0
0.6000000000000001,500,7,0.08,1.0
0.6000000000000001,500,7,0.09,1.0
0.6000000000000001,500,7,0.09999999999999999,1.0
0.6000000000000001,500,7,0.11,1.0
0.6000000000000001,500,7,0.12,1.0
0.6000000000000001,500,7,0.13,1.0
0.6000000000000001,500,7,0.14,1.0
0.6000000000000001,500,8,0.01,1.0
0.6000000000000001,500,8,0.02,1.0
0.6000000000000001,500,8,0.03,1.0
0.6000000000000001,500,8,0.04,1.0
0.6000000000000001,500,8,0.05,1.0
0.6000000000000001,500,8,0.060000000000000005,1.0
0.6000000000000001,500,8,0.06999999999999999,1.0
0.6000000000000001,500,8,0.08,1.0
0.6000000000000001,500,8,0.09,1.0
0.6000000000000001,500,8,0.09999999999999999,1.0
0.6000000000000001,500,8,0.11,1.0
0.6000000000000001,500,8,0.12,1.0
0.6000000000000001,500,8,0.13,1.0
0.6000000000000001,500,8,0.14,1.0
0.6000000000000001,550,3,0.01,1.0
0.6000000000000001,550,3,0.02,1.0
0.6000000000000001,550,3,0.03,1.0
0.6000000000000001,550,3,0.04,1.0
0.6000000000000001,550,3,0.05,1.0
0.6000000000000001,550,3,0.060000000000000005,1.0
0.6000000000000001,550,3,0.06999999999999999,1.0
0.6000000000000001,550,3,0.08,1.0
0.6000000000000001,550,3,0.09,1.0
0.6000000000000001,550,3,0.09999999999999999,1.0
0.6000000000000001,550,3,0.11,1.0
0.6000000000000001,550,3,0.12,1.0
0.6000000000000001,550,3,0.13,1.0
0.6000000000000001,550,3,0.14,1.0
0.6000000000000001,550,4,0.01,1.0
0.6000000000000001,550,4,0.02,1.0
0.6000000000000001,550,4,0.03,1.0
0.6000000000000001,550,4,0.04,1.0
0.6000000000000001,550,4,0.05,1.0
0.6000000000000001,550,4,0.060000000000000005,1.0
0.6000000000000001,550,4,0.06999999999999999,1.0
0.6000000000000001,550,4,0.08,1.0
0.6000000000000001,550,4,0.09,1.0
0.6000000000000001,550,4,0.09999999999999999,1.0
0.6000000000000001,550,4,0.11,1.0
0.6000000000000001,550,4,0.12,1.0
0.6000000000000001,550,4,0.13,1.0
0.6000000000000001,550,4,0.14,1.0
0.6000000000000001,550,5,0.01,1.0
0.6000000000000001,550,5,0.02,1.0
0.6000000000000001,550,5,0.03,1.0
0.6000000000000001,550,5,0.04,1.0
0.6000000000000001,550,5,0.05,1.0
0.6000000000000001,550,5,0.060000000000000005,1.0
0.6000000000000001,550,5,0.06999999999999999,1.0
0.6000000000000001,550,5,0.08,1.0
0.6000000000000001,550,5,0.09,1.0
0.6000000000000001,550,5,0.09999999999999999,1.0
0.6000000000000001,550,5,0.11,1.0
0.6000000000000001,550,5,0.12,1.0
0.6000000000000001,550,5,0.13,1.0
0.6000000000000001,550,5,0.14,1.0
0.6000000000000001,550,6,0.01,1.0
0.6000000000000001,550,6,0.02,1.0
0.6000000000000001,550,6,0.03,1.0
0.6000000000000001,550,6,0.04,1.0
0.6000000000000001,550,6,0.05,1.0
0.6000000000000001,550,6,0.060000000000000005,1.0
0.6000000000000001,550,6,0.06999999999999999,1.0
0.6000000000000001,550,6,0.08,1.0
0.6000000000000001,550,6,0.09,1.0
0.6000000000000001,550,6,0.09999999999999999,1.0
0.6000000000000001,550,6,0.11,1.0
0.6000000000000001,550,6,0.12,1.0
0.6000000000000001,550,6,0.13,1.0
0.6000000000000001,550,6,0.14,1.0
0.6000000000000001,550,7,0.01,1.0
0.6000000000000001,550,7,0.02,1.0
0.6000000000000001,550,7,0.03,1.0
0.6000000000000001,550,7,0.04,1.0
0.6000000000000001,550,7,0.05,1.0
0.6000000000000001,550,7,0.060000000000000005,1.0
0.6000000000000001,550,7,0.06999999999999999,1.0
0.6000000000000001,550,7,0.08,1.0
0.6000000000000001,550,7,0.09,1.0
0.6000000000000001,550,7,0.09999999999999999,1.0
0.6000000000000001,550,7,0.11,1.0
0.6000000000000001,550,7,0.12,1.0
0.6000000000000001,550,7,0.13,1.0
0.6000000000000001,550,7,0.14,1.0
0.6000000000000001,550,8,0.01,1.0
0.6000000000000001,550,8,0.02,1.0
0.6000000000000001,550,8,0.03,1.0
0.6000000000000001,550,8,0.04,1.0
0.6000000000000001,550,8,0.05,1.0
0.6000000000000001,550,8,0.060000000000000005,1.0
0.6000000000000001,550,8,0.06999999999999999,1.0
0.6000000000000001,550,8,0.08,1.0
0.6000000000000001,550,8,0.09,1.0
0.6000000000000001,550,8,0.09999999999999999,1.0
0.6000000000000001,550,8,0.11,1.0
0.6000000000000001,550,8,0.12,1.0
0.6000000000000001,550,8,0.13,1.0
0.6000000000000001,550,8,0.14,1.0
0.6000000000000001,600,3,0.01,1.0
0.6000000000000001,600,3,0.02,1.0
0.6000000000000001,600,3,0.03,1.0
0.6000000000000001,600,3,0.04,1.0
0.6000000000000001,600,3,0.05,1.0
0.6000000000000001,600,3,0.060000000000000005,1.0
0.6000000000000001,600,3,0.06999999999999999,1.0
0.6000000000000001,600,3,0.08,1.0
0.6000000000000001,600,3,0.09,1.0
0.6000000000000001,600,3,0.09999999999999999,1.0
0.6000000000000001,600,3,0.11,1.0
0.6000000000000001,600,3,0.12,1.0
0.6000000000000001,600,3,0.13,1.0
0.6000000000000001,600,3,0.14,1.0
0.6000000000000001,600,4,0.01,1.0
0.6000000000000001,600,4,0.02,1.0
0.6000000000000001,600,4,0.03,1.0
0.6000000000000001,600,4,0.04,1.0
0.6000000000000001,600,4,0.05,1.0
0.6000000000000001,600,4,0.060000000000000005,1.0
0.6000000000000001,600,4,0.06999999999999999,1.0
0.6000000000000001,600,4,0.08,1.0
0.6000000000000001,600,4,0.09,1.0
0.6000000000000001,600,4,0.09999999999999999,1.0
0.6000000000000001,600,4,0.11,1.0
0.6000000000000001,600,4,0.12,1.0
0.6000000000000001,600,4,0.13,1.0
0.6000000000000001,600,4,0.14,1.0
0.6000000000000001,600,5,0.01,1.0
0.6000000000000001,600,5,0.02,1.0
0.6000000000000001,600,5,0.03,1.0
0.6000000000000001,600,5,0.04,1.0
0.6000000000000001,600,5,0.05,1.0
0.6000000000000001,600,5,0.060000000000000005,1.0
0.6000000000000001,600,5,0.06999999999999999,1.0
0.6000000000000001,600,5,0.08,1.0
0.6000000000000001,600,5,0.09,1.0
0.6000000000000001,600,5,0.09999999999999999,1.0
0.6000000000000001,600,5,0.11,1.0
0.6000000000000001,600,5,0.12,1.0
0.6000000000000001,600,5,0.13,1.0
0.6000000000000001,600,5,0.14,1.0
0.6000000000000001,600,6,0.01,1.0
0.6000000000000001,600,6,0.02,1.0
0.6000000000000001,600,6,0.03,1.0
0.6000000000000001,600,6,0.04,1.0
0.6000000000000001,600,6,0.05,1.0
0.6000000000000001,600,6,0.060000000000000005,1.0
0.6000000000000001,600,6,0.06999999999999999,1.0
0.6000000000000001,600,6,0.08,1.0
0.6000000000000001,600,6,0.09,1.0
0.6000000000000001,600,6,0.09999999999999999,1.0
0.6000000000000001,600,6,0.11,1.0
0.6000000000000001,600,6,0.12,1.0
0.6000000000000001,600,6,0.13,1.0
0.6000000000000001,600,6,0.14,1.0
0.6000000000000001,600,7,0.01,1.0
0.6000000000000001,600,7,0.02,1.0
0.6000000000000001,600,7,0.03,1.0
0.6000000000000001,600,7,0.04,1.0
0.6000000000000001,600,7,0.05,1.0
0.6000000000000001,600,7,0.060000000000000005,1.0
0.6000000000000001,600,7,0.06999999999999999,1.0
0.6000000000000001,600,7,0.08,1.0
0.6000000000000001,600,7,0.09,1.0
0.6000000000000001,600,7,0.09999999999999999,1.0
0.6000000000000001,600,7,0.11,1.0
0.6000000000000001,600,7,0.12,1.0
0.6000000000000001,600,7,0.13,1.0
0.6000000000000001,600,7,0.14,1.0
0.6000000000000001,600,8,0.01,1.0
0.6000000000000001,600,8,0.02,1.0
0.6000000000000001,600,8,0.03,1.0
0.6000000000000001,600,8,0.04,1.0
0.6000000000000001,600,8,0.05,1.0
0.6000000000000001,600,8,0.060000000000000005,1.0
0.6000000000000001,600,8,0.06999999999999999,1.0
0.6000000000000001,600,8,0.08,1.0
0.6000000000000001,600,8,0.09,1.0
0.6000000000000001,600,8,0.09999999999999999,1.0
0.6000000000000001,600,8,0.11,1.0
0.6000000000000001,600,8,0.12,1.0
0.6000000000000001,600,8,0.13,1.0
0.6000000000000001,600,8,0.14,1.0
0.6000000000000001,650,3,0.01,1.0
0.6000000000000001,650,3,0.02,1.0
0.6000000000000001,650,3,0.03,1.0
0.6000000000000001,650,3,0.04,1.0
0.6000000000000001,650,3,0.05,1.0
0.6000000000000001,650,3,0.060000000000000005,1.0
0.6000000000000001,650,3,0.06999999999999999,1.0
0.6000000000000001,650,3,0.08,1.0
0.6000000000000001,650,3,0.09,1.0
0.6000000000000001,650,3,0.09999999999999999,1.0
0.6000000000000001,650,3,0.11,1.0
0.6000000000000001,650,3,0.12,1.0
0.6000000000000001,650,3,0.13,1.0
0.6000000000000001,650,3,0.14,1.0
0.6000000000000001,650,4,0.01,1.0
0.6000000000000001,650,4,0.02,1.0
0.6000000000000001,650,4,0.03,1.0
0.6000000000000001,650,4,0.04,1.0
0.6000000000000001,650,4,0.05,1.0
0.6000000000000001,650,4,0.060000000000000005,1.0
0.6000000000000001,650,4,0.06999999999999999,1.0
0.6000000000000001,650,4,0.08,1.0
0.6000000000000001,650,4,0.09,1.0
0.6000000000000001,650,4,0.09999999999999999,1.0
0.6000000000000001,650,4,0.11,1.0
0.6000000000000001,650,4,0.12,1.0
0.6000000000000001,650,4,0.13,1.0
0.6000000000000001,650,4,0.14,1.0
0.6000000000000001,650,5,0.01,1.0
0.6000000000000001,650,5,0.02,1.0
0.6000000000000001,650,5,0.03,1.0
0.6000000000000001,650,5,0.04,1.0
0.6000000000000001,650,5,0.05,1.0
0.6000000000000001,650,5,0.060000000000000005,1.0
0.6000000000000001,650,5,0.06999999999999999,1.0
0.6000000000000001,650,5,0.08,1.0
0.6000000000000001,650,5,0.09,1.0
0.6000000000000001,650,5,0.09999999999999999,1.0
0.6000000000000001,650,5,0.11,1.0
0.6000000000000001,650,5,0.12,1.0
0.6000000000000001,650,5,0.13,1.0
0.6000000000000001,650,5,0.14,1.0
0.6000000000000001,650,6,0.01,1.0
0.6000000000000001,650,6,0.02,1.0
0.6000000000000001,650,6,0.03,1.0
0.6000000000000001,650,6,0.04,1.0
0.6000000000000001,650,6,0.05,1.0
0.6000000000000001,650,6,0.060000000000000005,1.0
0.6000000000000001,650,6,0.06999999999999999,1.0
0.6000000000000001,650,6,0.08,1.0
0.6000000000000001,650,6,0.09,1.0
0.6000000000000001,650,6,0.09999999999999999,1.0
0.6000000000000001,650,6,0.11,1.0
0.6000000000000001,650,6,0.12,1.0
0.6000000000000001,650,6,0.13,1.0
0.6000000000000001,650,6,0.14,1.0
0.6000000000000001,650,7,0.01,1.0
0.6000000000000001,650,7,0.02,1.0
0.6000000000000001,650,7,0.03,1.0
0.6000000000000001,650,7,0.04,1.0
0.6000000000000001,650,7,0.05,1.0
0.6000000000000001,650,7,0.060000000000000005,1.0
0.6000000000000001,650,7,0.06999999999999999,1.0
0.6000000000000001,650,7,0.08,1.0
0.6000000000000001,650,7,0.09,1.0
0.6000000000000001,650,7,0.09999999999999999,1.0
0.6000000000000001,650,7,0.11,1.0
0.6000000000000001,650,7,0.12,1.0
0.6000000000000001,650,7,0.13,1.0
0.6000000000000001,650,7,0.14,1.0
0.6000000000000001,650,8,0.01,1.0
0.6000000000000001,650,8,0.02,1.0
0.6000000000000001,650,8,0.03,1.0
0.6000000000000001,650,8,0.04,1.0
0.6000000000000001,650,8,0.05,1.0
0.6000000000000001,650,8,0.060000000000000005,1.0
0.6000000000000001,650,8,0.06999999999999999,1.0
0.6000000000000001,650,8,0.08,1.0
0.6000000000000001,650,8,0.09,1.0
0.6000000000000001,650,8,0.09999999999999999,1.0
0.6000000000000001,650,8,0.11,1.0
0.6000000000000001,650,8,0.12,1.0
0.6000000000000001,650,8,0.13,1.0
0.6000000000000001,650,8,0.14,1.0
